# Humvee RR wheel, origin at the hub
mtllib Humvee.mtl
v 6.404398 1.859538 -14.575954
v 5.543497 1.859538 -14.575977
v 5.531420 2.374820 -13.884861
v 6.416475 2.374820 -13.884830
v 6.404398 1.211639 -14.644047
v 6.953676 1.859538 -14.037258
v 6.953676 1.099618 -14.117138
v 6.516657 1.594642 -12.692715
v 6.516657 1.079198 -12.746861
v 6.953661 1.139339 -13.319141
v 6.953661 1.654800 -13.264950
v 6.416475 0.563918 -14.075153
v 5.543497 1.211639 -14.644077
v 5.531397 0.563918 -13.438030
v 5.531420 0.563918 -14.075176
v 6.416460 0.563918 -13.438015
v 5.531397 2.242358 -13.261593
v 6.416460 2.242358 -13.261578
v 5.431139 1.079198 -12.746876
v 5.431139 1.594642 -12.692738
v 6.416399 7.442538 -11.202953
v 5.531336 7.442519 -11.203030
v 5.431101 6.619418 -10.946781
v 6.516619 6.619418 -10.946751
v 6.516619 6.170581 -11.205853
v 5.431101 6.170581 -11.205891
v 5.531359 5.980960 -12.046833
v 6.416422 5.980960 -12.046795
v 6.416437 6.240119 -12.628918
v 5.531374 6.240119 -12.628933
v 5.543436 7.063220 -12.885235
v 6.404337 7.063220 -12.885220
v 6.404337 7.627418 -12.559452
v 6.953623 7.408321 -12.067333
v 6.953638 6.746600 -12.449375
v 6.953623 6.458301 -11.704212
v 6.953623 6.907142 -11.445034
v 6.416422 7.817039 -11.718456
v 5.531359 7.817039 -11.718494
v 5.543436 7.627418 -12.559467
v 6.404215 12.076438 -8.371296
v 5.543314 12.076438 -8.371311
v 5.531237 11.907619 -7.525852
v 6.416300 11.907619 -7.525837
v 6.404238 11.693519 -8.898335
v 6.953524 11.676120 -8.010777
v 6.953539 11.227019 -8.628956
v 6.516520 10.499637 -7.307980
v 6.516520 10.195022 -7.727253
v 6.953524 10.660560 -8.065487
v 6.953524 10.965179 -7.646175
v 6.416338 10.837340 -8.998997
v 5.543337 11.693519 -8.898350
v 5.531275 10.363841 -8.572651
v 5.531275 10.837340 -8.999012
v 6.416338 10.363841 -8.572636
v 5.531237 11.355819 -7.207294
v 6.416300 11.355819 -7.207279
v 5.431002 10.195022 -7.727276
v 5.431002 10.499637 -7.307995
v 6.416155 13.305598 -1.965366
v 5.531099 13.305598 -1.965397
v 5.430880 12.564399 -2.405575
v 6.516397 12.564399 -2.405560
v 6.516397 12.456638 -2.912495
v 5.430880 12.456638 -2.912510
v 5.531137 12.954700 -3.616131
v 6.416201 12.954700 -3.616093
v 6.416224 13.560680 -3.813038
v 5.531137 13.560680 -3.813053
v 5.543200 14.301898 -3.372829
v 6.404100 14.301898 -3.372814
v 6.404078 14.437339 -2.735577
v 6.953379 13.925040 -2.569111
v 6.953402 13.766177 -3.316494
v 6.953379 13.019481 -3.032146
v 6.953379 13.127238 -2.525173
v 6.416155 13.939281 -2.031956
v 5.531099 13.939281 -2.031971
v 5.543177 14.437339 -2.735592
v 6.416018 12.954700 3.616489
v 5.530954 12.954700 3.616451
v 5.430719 12.456638 2.912792
v 6.516237 12.456638 2.912807
v 6.516260 12.564399 2.405903
v 5.430742 12.564399 2.405880
v 5.531000 13.305598 1.965664
v 6.416056 13.305598 1.965687
v 6.416056 13.939281 2.032291
v 5.531000 13.939281 2.032261
v 5.543039 14.437339 2.735905
v 6.403940 14.437339 2.735928
v 6.403917 14.301898 3.373165
v 6.953218 13.766177 3.316891
v 6.953241 13.925040 2.569485
v 6.953241 13.127238 2.525547
v 6.953241 13.019481 3.032505
v 6.416018 13.560680 3.813381
v 5.530939 13.560680 3.813366
v 5.543016 14.301898 3.373150
v 6.403780 11.693519 8.898647
v 5.542879 11.693519 8.898624
v 5.530817 10.837340 8.999279
v 6.415880 10.837340 8.999310
v 6.403780 12.076438 8.371601
v 6.953074 11.227019 8.629307
v 6.953104 11.676120 8.011143
v 6.516115 10.195022 7.727604
v 6.516138 10.499637 7.308300
v 6.953104 10.965179 7.646542
v 6.953104 10.660560 8.065861
v 6.415918 11.907619 7.526188
v 5.542879 12.076438 8.371586
v 5.530855 11.355819 7.207607
v 5.530840 11.907619 7.526173
v 6.415918 11.355819 7.207623
v 5.530817 10.363841 8.572971
v 6.415880 10.363841 8.572987
v 5.430620 10.499637 7.308285
v 5.430597 10.195022 7.727589
v 6.415804 5.980960 12.047207
v 5.530741 5.980960 12.047169
v 5.430513 6.170581 11.206188
v 6.516039 6.170581 11.206211
v 6.516039 6.619418 10.947102
v 5.430513 6.619418 10.947086
v 5.530756 7.442538 11.203312
v 6.415819 7.442538 11.203327
v 6.415804 7.817039 11.718807
v 5.530741 7.817039 11.718792
v 5.542780 7.627418 12.559788
v 6.403681 7.627418 12.559803
v 6.403658 7.063220 12.885525
v 6.952974 6.746600 12.449741
v 6.952997 7.408321 12.067684
v 6.952997 6.907142 11.445408
v 6.952997 6.458301 11.704571
v 6.415773 6.240119 12.629261
v 5.530718 6.240119 12.629246
v 5.542757 7.063220 12.885502
v 6.403620 1.211639 14.644382
v 5.542719 1.211639 14.644367
v 5.530680 0.563918 14.075459
v 6.415735 0.563918 14.075489
v 6.403620 1.859538 14.576283
v 6.952936 1.099618 14.117512
v 6.952936 1.859538 14.037632
v 6.516001 1.079198 12.747204
v 6.516001 1.594642 12.693027
v 6.952959 1.654800 13.265347
v 6.952959 1.139339 13.319500
v 6.415735 2.374820 13.885181
v 5.542719 1.859538 14.576267
v 5.530703 2.242358 13.261913
v 5.530680 2.374820 13.885166
v 6.415758 2.242358 13.261929
v 5.530703 0.563918 13.438305
v 6.415758 0.563918 13.438328
v 5.430475 1.594642 12.693005
v 5.430475 1.079198 12.747181
v 6.415773 -4.950620 12.505924
v 5.530718 -4.950620 12.505901
v 5.430475 -4.198781 12.084087
v 6.516001 -4.198781 12.084103
v 6.516001 -3.705882 12.244282
v 5.430475 -3.705882 12.244267
v 5.530703 -3.345540 13.027431
v 6.415758 -3.345540 13.027447
v 6.415735 -3.478021 13.650669
v 5.530680 -3.478021 13.650646
v 5.542742 -4.229861 14.072468
v 6.403635 -4.229861 14.072483
v 6.403635 -4.849461 13.871181
v 6.952959 -4.737462 13.344273
v 6.952959 -4.010760 13.580410
v 6.952974 -3.883702 12.791569
v 6.952974 -4.376620 12.631390
v 6.415758 -5.209781 13.087986
v 5.530703 -5.209781 13.087971
v 5.542742 -4.849461 13.871166
v 6.403719 -10.072041 10.699482
v 5.542818 -10.072041 10.699467
v 5.530779 -10.082662 9.837467
v 6.415842 -10.082662 9.837482
v 6.403719 -9.587899 11.135426
v 6.953035 -9.755402 10.263699
v 6.953020 -9.187581 10.775005
v 6.516077 -8.750762 9.331570
v 6.516077 -8.365620 9.678402
v 6.953035 -8.750640 10.105999
v 6.953058 -9.135800 9.759243
v 6.415819 -8.729499 11.055889
v 5.542818 -9.587899 11.135410
v 5.530756 -8.354979 10.540379
v 5.530756 -8.729499 11.055859
v 6.415842 -8.354979 10.540409
v 5.530802 -9.609181 9.411091
v 6.415857 -9.609181 9.411129
v 5.430559 -8.365620 9.678387
v 5.430559 -8.750762 9.331539
v 6.415979 -12.606179 4.689121
v 5.530916 -12.606179 4.689106
v 5.430681 -11.789662 4.965580
v 6.516199 -11.789662 4.965603
v 6.516176 -11.578862 5.439060
v 5.430658 -11.578862 5.439045
v 5.530878 -11.919743 6.230869
v 6.415941 -11.919743 6.230892
v 6.415941 -12.471562 6.549480
v 5.530878 -12.471562 6.549465
v 5.542940 -13.288079 6.272968
v 6.403864 -13.288079 6.272984
v 6.403879 -13.553063 5.677807
v 6.953157 -13.086558 5.408527
v 6.953142 -12.775781 6.106503
v 6.953157 -12.104541 5.673145
v 6.953180 -12.315341 5.199665
v 6.415979 -13.212182 4.886005
v 5.530916 -13.212182 4.885990
v 5.542963 -13.553063 5.677784
v 6.404016 -14.690638 -0.325558
v 5.543116 -14.690638 -0.325573
v 5.531076 -14.057179 -0.910290
v 6.416140 -14.057179 -0.910275
v 6.404001 -14.690638 0.325909
v 6.953318 -14.154921 -0.381847
v 6.953302 -14.154921 0.382244
v 6.516336 -12.790000 -0.258953
v 6.516321 -12.790000 0.259304
v 6.953302 -13.365441 0.259327
v 6.953318 -13.365441 -0.258930
v 6.416079 -14.057179 0.910587
v 5.543100 -14.690638 0.325893
v 5.531023 -13.423501 0.844006
v 5.531023 -14.057179 0.910572
v 6.416079 -13.423501 0.844021
v 5.531061 -13.423501 -0.843693
v 6.416140 -13.423501 -0.843678
v 5.430796 -12.790000 0.259289
v 5.430819 -12.790000 -0.258968
v 6.416277 -11.919743 -6.230556
v 5.531221 -11.919743 -6.230572
v 5.430964 -11.578862 -5.438755
v 6.516481 -11.578862 -5.438740
v 6.516459 -11.789662 -4.965260
v 5.430941 -11.789662 -4.965275
v 5.531160 -12.606179 -4.688793
v 6.416239 -12.606179 -4.688778
v 6.416239 -13.212182 -4.885654
v 5.531176 -13.212182 -4.885693
v 5.543261 -13.553063 -5.677486
v 6.404177 -13.553063 -5.677471
v 6.404200 -13.288079 -6.272633
v 6.953455 -12.775781 -6.106159
v 6.953455 -13.086558 -5.408131
v 6.953440 -12.315341 -5.199314
v 6.953455 -12.104541 -5.672779
v 6.416277 -12.471562 -6.549137
v 5.531221 -12.471562 -6.549160
v 5.543276 -13.288079 -6.272655
v 6.404299 -9.587899 -11.135052
v 5.543398 -9.587899 -11.135075
v 5.531336 -8.729499 -11.055553
v 6.416399 -8.729499 -11.055538
v 6.404299 -10.072041 -10.699154
v 6.953600 -9.187581 -10.774609
v 6.953577 -9.755402 -10.263340
v 6.516581 -8.365620 -9.678059
v 6.516581 -8.750762 -9.331257
v 6.953562 -9.135800 -9.758892
v 6.953577 -8.750640 -10.105656
v 6.416361 -10.082662 -9.837132
v 5.543398 -10.072041 -10.699177
v 5.531298 -9.609181 -9.410809
v 5.531298 -10.082662 -9.837147
v 6.416361 -9.609181 -9.410793
v 5.531321 -8.354979 -10.540096
v 6.416376 -8.354979 -10.540073
v 5.431063 -8.750762 -9.331272
v 5.431063 -8.365620 -9.678074
v 6.416460 -3.345540 -13.027096
v 5.531374 -3.345540 -13.027111
v 5.431116 -3.705882 -12.243954
v 6.516634 -3.705882 -12.243938
v 6.516634 -4.198781 -12.083775
v 5.431116 -4.198781 -12.083797
v 5.531374 -4.950620 -12.505619
v 6.416437 -4.950620 -12.505596
v 6.416460 -5.209781 -13.087635
v 5.531397 -5.209781 -13.087673
v 5.543482 -4.849461 -13.870861
v 6.404383 -4.849461 -13.870831
v 6.404383 -4.229861 -14.072132
v 6.953661 -4.010760 -13.580013
v 6.953661 -4.737462 -13.343876
v 6.953638 -4.376620 -12.631031
v 6.953638 -3.883702 -12.791172
v 6.416460 -3.478021 -13.650333
v 5.531397 -3.478021 -13.650349
v 5.543482 -4.229861 -14.072147
v -8.797781 -6.589181 -30.999943
v -8.988043 -6.354701 -29.896702
v -8.988024 -0.000001 -30.564655
v -8.797762 -0.000001 -31.692463
v -9.653902 -6.167119 -29.014179
v -10.605185 -5.815362 -27.359440
v -10.605158 -0.000001 -27.970676
v -9.653902 -0.000001 -29.662373
v -11.080862 -5.018100 -23.608585
v -11.080900 -4.572560 -21.512562
v -11.080900 -0.000001 -21.993107
v -11.080843 -0.000001 -24.136021
v -8.988100 -12.431661 -27.922215
v -9.653959 -12.064683 -27.097965
v -10.605223 -11.376582 -25.552479
v -11.080900 -9.816901 -22.049397
v -11.080942 -8.945281 -20.091755
v -10.510302 -7.706700 -17.309834
v -10.510260 -3.939441 -18.533878
v -8.988180 -17.965299 -24.727375
v -9.654039 -17.434960 -23.997395
v -10.605303 -16.440578 -22.628773
v -11.080961 -14.186622 -19.526493
v -11.080999 -12.927062 -17.792866
v -10.510340 -11.137162 -15.329273
v -8.798040 -23.551923 -21.206455
v -8.988298 -22.713781 -20.451817
v -8.797922 -18.628240 -25.639790
v -9.654142 -22.043262 -19.848103
v -10.605402 -20.786038 -18.716114
v -11.081041 -17.936340 -16.150234
v -11.081079 -16.343861 -14.716358
v -8.798182 -27.446281 -15.846340
v -8.988420 -26.469542 -15.282429
v -9.654280 -25.688163 -14.831333
v -10.605520 -24.223062 -13.985470
v -11.081163 -20.902139 -12.068157
v -11.081182 -19.046341 -10.996693
v -8.988581 -29.068462 -9.445171
v -9.654440 -28.210341 -9.166393
v -10.605661 -26.601402 -8.643581
v -11.081282 -22.954441 -7.458660
v -11.081301 -20.916420 -6.796474
v -10.510603 -18.020302 -5.855434
v -10.510504 -16.409160 -9.474094
v -8.988745 -30.396959 -3.195095
v -9.654581 -29.499642 -3.100796
v -10.605822 -27.817141 -2.923954
v -11.081400 -24.003502 -2.523174
v -11.081419 -21.872359 -2.299175
v -10.510702 -18.843861 -1.980808
v -8.798681 -31.518623 3.312504
v -8.988920 -30.396959 3.194607
v -8.798498 -31.518623 -3.312977
v -9.654760 -29.499642 3.100285
v -10.605959 -27.817141 2.923420
v -11.081545 -24.003502 2.522564
v -11.081545 -21.872359 2.298588
v -8.798841 -30.141102 9.793209
v -8.989080 -29.068462 9.444683
v -9.654924 -28.210341 9.165867
v -10.606123 -26.601402 8.643047
v -11.081682 -22.954441 7.458050
v -11.081663 -20.916420 6.795864
v -8.989241 -26.469542 15.281963
v -9.655062 -25.688163 14.830830
v -10.606260 -24.223062 13.984913
v -11.081800 -20.902139 12.067585
v -11.081762 -19.046341 10.996105
v -10.511003 -16.409160 9.473560
v -10.510904 -18.020302 5.854862
v -8.989363 -22.713781 20.451366
v -9.655199 -22.043262 19.847584
v -10.606379 -20.786038 18.715580
v -11.081900 -17.936340 16.149662
v -11.081861 -16.343861 14.715786
v -10.511080 -14.080859 12.678188
v -8.799261 -18.628240 25.639324
v -8.989481 -17.965299 24.726887
v -8.799143 -23.551923 21.206005
v -9.655298 -17.434960 23.996906
v -10.606482 -16.440578 22.628223
v -11.081984 -14.186622 19.525928
v -11.081938 -12.927062 17.792286
v -8.799364 -12.890403 28.952068
v -8.989565 -12.431661 27.921741
v -9.655382 -12.064683 27.097462
v -10.606562 -11.376582 25.551952
v -11.082064 -9.816901 22.048809
v -11.082003 -8.945281 20.091160
v -8.989622 -6.354701 29.896282
v -9.655443 -6.167119 29.013699
v -10.606600 -5.815362 27.358883
v -11.082102 -5.018100 23.608044
v -11.082041 -4.572560 21.511967
v -10.511240 -3.939441 18.533329
v -10.511202 -7.706700 17.309307
v -8.989641 -0.000001 30.564167
v -9.655462 -0.000001 29.661884
v -10.606623 -0.000001 27.970104
v -11.082102 -0.000001 24.135426
v -11.082064 -0.000001 21.992542
v -10.511240 -0.000001 18.947399
v -8.799402 6.589179 30.999447
v -8.989622 6.354701 29.896282
v -8.799421 -0.000001 31.692005
v -9.655443 6.167098 29.013699
v -10.606600 5.815360 27.358883
v -11.082102 5.018100 23.608044
v -11.082041 4.572559 21.511967
v -8.799364 12.890380 28.952068
v -8.989565 12.431659 27.921741
v -9.655382 12.064658 27.097462
v -10.606562 11.376578 25.551952
v -11.082064 9.816878 22.048809
v -11.082003 8.945281 20.091160
v -8.989481 17.965301 24.726887
v -9.655298 17.434959 23.996906
v -10.606482 16.440559 22.628223
v -11.081984 14.186618 19.525928
v -11.081938 12.927058 17.792286
v -10.511160 11.137160 15.328724
v -10.511202 7.706699 17.309307
v -8.989363 22.713779 20.451366
v -9.655199 22.043258 19.847584
v -10.606379 20.786040 18.715580
v -11.081900 17.936339 16.149662
v -11.081861 16.343860 14.715786
v -10.511080 14.080859 12.678188
v -8.799002 27.446281 15.845860
v -8.989241 26.469539 15.281963
v -8.799143 23.551921 21.206005
v -9.655062 25.688159 14.830830
v -10.606260 24.223060 13.984913
v -11.081800 20.902141 12.067585
v -11.081762 19.046340 10.996105
v -8.798841 30.141101 9.793209
v -8.989080 29.068458 9.444683
v -9.654924 28.210338 9.165867
v -10.606123 26.601398 8.643047
v -11.081682 22.954440 7.458050
v -11.081663 20.916419 6.795864
v -8.988920 30.396960 3.194607
v -9.654760 29.499641 3.100285
v -10.605959 27.817138 2.923420
v -11.081545 24.003501 2.522564
v -11.081545 21.872340 2.298588
v -10.510801 18.843860 1.980328
v -10.510904 18.020301 5.854862
v -8.988745 30.396960 -3.195095
v -9.654581 29.499641 -3.100796
v -10.605822 27.817138 -2.923954
v -11.081400 24.003501 -2.523174
v -11.081419 21.872340 -2.299175
v -10.510702 18.843860 -1.980808
v -8.798342 30.141101 -9.793652
v -8.988581 29.068458 -9.445171
v -8.798498 31.518619 -3.312977
v -9.654440 28.210338 -9.166393
v -10.605661 26.601398 -8.643581
v -11.081282 22.954440 -7.458660
v -11.081301 20.916419 -6.796474
v -8.798182 27.446281 -15.846340
v -8.988420 26.469539 -15.282429
v -9.654280 25.688159 -14.831333
v -10.605520 24.223060 -13.985470
v -11.081163 20.902141 -12.068157
v -11.081182 19.046340 -10.996693
v -8.988298 22.713779 -20.451817
v -9.654142 22.043258 -19.848103
v -10.605402 20.786040 -18.716114
v -11.081041 17.936339 -16.150234
v -11.081079 16.343860 -14.716358
v -10.510420 14.080859 -12.678738
v -10.510504 16.409160 -9.474094
v -8.988180 17.965301 -24.727375
v -9.654039 17.434959 -23.997395
v -10.605303 16.440559 -22.628773
v -11.080961 14.186618 -19.526493
v -11.080999 12.927058 -17.792866
v -10.510340 11.137160 -15.329273
v -8.797842 12.890380 -28.952518
v -8.988100 12.431659 -27.922215
v -8.797922 18.628219 -25.639790
v -9.653959 12.064658 -27.097965
v -10.605223 11.376578 -25.552479
v -11.080900 9.816878 -22.049397
v -11.080942 8.945281 -20.091755
v -8.988043 6.354701 -29.896702
v -9.653902 6.167098 -29.014179
v -10.605185 5.815360 -27.359440
v -11.080862 5.018100 -23.608585
v -11.080900 4.572559 -21.512562
v -10.510260 3.939441 -18.533878
v -10.510302 7.706699 -17.309834
v -10.510260 -0.000001 -18.947910
v -8.797781 6.589179 -30.999943
v -8.798040 23.551921 -21.206455
v -10.510603 18.020301 -5.855434
v -8.798681 31.518619 3.312504
v -10.511003 16.409160 9.473560
v -8.799261 18.628219 25.639324
v -10.511240 3.939441 18.533329
v -8.799402 -6.589181 30.999447
v -10.511160 -11.137162 15.328724
v -8.799002 -27.446281 15.845860
v -10.510801 -18.843861 1.980328
v -8.798342 -30.141102 -9.793652
v -10.510420 -14.080859 -12.678738
v -8.797842 -12.890403 -28.952518
v 4.994661 -6.659539 -31.330524
v 1.950800 -6.706441 -31.551243
v 1.950815 -0.000001 -32.256123
v 4.994661 -0.000001 -32.030476
v -2.614962 -6.706441 -31.551350
v -5.468584 -6.659539 -31.330799
v -5.468561 -0.000001 -32.030735
v -2.614943 -0.000001 -32.256229
v 8.418917 -12.844521 -28.849003
v 4.994600 -13.028022 -29.261280
v 8.418978 -6.565741 -30.889103
v 1.950739 -13.119761 -29.467411
v -2.615023 -13.119761 -29.467533
v -5.468641 -13.028022 -29.261509
v 8.418840 -18.561941 -25.548130
v 4.994493 -18.827101 -25.913151
v 1.950663 -18.959700 -26.095707
v -2.615099 -18.959700 -26.095844
v -5.468740 -18.827101 -25.913441
v 4.994394 -23.803359 -21.432529
v 1.950541 -23.971001 -21.583515
v -2.615225 -23.971001 -21.583607
v -5.468840 -23.803359 -21.432774
v 4.994257 -27.739302 -16.015156
v 1.950396 -27.934662 -16.128033
v -2.615362 -27.934662 -16.128155
v -5.468981 -27.739302 -16.015415
v 8.418413 -30.033842 -9.758373
v 4.994074 -30.462900 -9.897869
v 8.418581 -27.348601 -15.789516
v 1.950243 -30.677420 -9.967632
v -2.615519 -30.677420 -9.967754
v -5.469141 -30.462881 -9.898159
v 8.418261 -31.406461 -3.300716
v 4.993921 -31.855122 -3.347996
v 1.950060 -32.079440 -3.371639
v -2.615702 -32.079440 -3.371731
v -5.469324 -31.855122 -3.348255
v 4.993738 -31.855122 3.348248
v 1.949877 -32.079440 3.371746
v -2.615881 -32.079440 3.371632
v -5.469500 -31.855122 3.347973
v 4.993555 -30.462900 9.898151
v 1.949701 -30.677420 9.967747
v -2.616064 -30.677420 9.967625
v -5.469660 -30.462881 9.897861
v 8.417757 -27.348601 15.789967
v 4.993402 -27.739302 16.015446
v 8.417917 -30.033842 9.758823
v 1.949541 -27.934662 16.128147
v -2.616220 -27.934662 16.128025
v -5.469843 -27.739302 16.015186
v 8.417620 -23.468100 21.131031
v 4.993258 -23.803359 21.432781
v 1.949404 -23.971001 21.583607
v -2.616362 -23.971001 21.583485
v -5.469980 -23.803359 21.432507
v 4.993135 -18.827101 25.913433
v 1.949274 -18.959700 26.095829
v -2.616484 -18.959700 26.095707
v -5.470079 -18.827101 25.913143
v 4.993059 -13.028022 29.261524
v 1.949198 -13.119761 29.467525
v -2.616564 -13.119761 29.467403
v -5.470182 -13.028022 29.261250
v 8.417360 -6.565741 30.889606
v 4.992998 -6.659539 31.330784
v 8.417398 -12.844521 28.849506
v 1.949137 -6.706441 31.551350
v -2.616621 -6.706441 31.551220
v -5.470243 -6.659539 31.330486
v 8.417337 -0.000001 31.579685
v 4.992983 -0.000001 32.030743
v 1.949121 -0.000001 32.256229
v -2.616640 -0.000001 32.256107
v -5.470263 -0.000001 32.030460
v 4.992998 6.659541 31.330784
v 1.949137 6.706439 31.551350
v -2.616621 6.706439 31.551220
v -5.470243 6.659541 31.330486
v 4.993059 13.028018 29.261524
v 1.949198 13.119758 29.467525
v -2.616564 13.119758 29.467403
v -5.470182 13.028018 29.261250
v 8.417498 18.561938 25.548565
v 4.993135 18.827098 25.913433
v 8.417398 12.844520 28.849506
v 1.949274 18.959678 26.095829
v -2.616484 18.959678 26.095707
v -5.470079 18.827098 25.913143
v 8.417620 23.468101 21.131031
v 4.993258 23.803359 21.432781
v 1.949404 23.971000 21.583607
v -2.616362 23.971000 21.583485
v -5.469980 23.803359 21.432507
v 4.993402 27.739299 16.015446
v 1.949541 27.934638 16.128147
v -2.616220 27.934638 16.128025
v -5.469843 27.739299 16.015186
v 4.993555 30.462901 9.898151
v 1.949701 30.677421 9.967747
v -2.616064 30.677421 9.967625
v -5.469660 30.462878 9.897861
v 8.418077 31.406440 3.301167
v 4.993738 31.855121 3.348248
v 8.417917 30.033839 9.758823
v 1.949877 32.079440 3.371746
v -2.615881 32.079440 3.371632
v -5.469500 31.855121 3.347973
v 8.418261 31.406440 -3.300716
v 4.993921 31.855121 -3.347996
v 1.950060 32.079440 -3.371639
v -2.615702 32.079440 -3.371731
v -5.469324 31.855121 -3.348255
v 4.994074 30.462901 -9.897869
v 1.950243 30.677421 -9.967632
v -2.615519 30.677421 -9.967754
v -5.469141 30.462878 -9.898159
v 4.994257 27.739299 -16.015156
v 1.950396 27.934638 -16.128033
v -2.615362 27.934638 -16.128155
v -5.468981 27.739299 -16.015415
v 8.418718 23.468101 -21.130558
v 4.994394 23.803359 -21.432529
v 8.418581 27.348598 -15.789516
v 1.950541 23.971000 -21.583515
v -2.615225 23.971000 -21.583607
v -5.468840 23.803359 -21.432774
v 8.418840 18.561938 -25.548130
v 4.994493 18.827098 -25.913151
v 1.950663 18.959678 -26.095707
v -2.615099 18.959678 -26.095844
v -5.468740 18.827098 -25.913441
v 4.994600 13.028018 -29.261280
v 1.950739 13.119758 -29.467411
v -2.615023 13.119758 -29.467533
v -5.468641 13.028018 -29.261509
v 8.418978 6.565738 -30.889103
v 4.994661 6.659541 -31.330524
v 8.418917 12.844520 -28.849003
v 1.950800 6.706439 -31.551243
v -2.614962 6.706439 -31.551350
v -5.468584 6.659541 -31.330799
v 8.419001 -0.000001 -31.579197
v 8.418413 30.033839 -9.758373
v 8.417757 27.348598 15.789967
v 8.417360 6.565738 30.889606
v 8.417498 -18.561941 25.548565
v 8.418077 -31.406461 3.301167
v 8.418718 -23.468100 -21.130558
v 10.796801 -5.299481 -24.931812
v 9.845697 -5.932620 -27.910511
v 9.845720 -0.000001 -28.534031
v 10.796816 -0.000001 -25.488834
v 8.799402 -6.307801 -29.675678
v 8.799417 -0.000001 -30.338612
v 11.082041 -8.761800 -19.679035
v 10.796762 -10.367362 -23.285191
v 11.082079 -4.478780 -21.070667
v 9.845659 -11.605941 -26.067112
v 8.799356 -12.339923 -27.715656
v 11.081980 -12.661902 -17.427288
v 10.796701 -14.982139 -20.620838
v 9.845583 -16.772042 -23.084476
v 8.799280 -17.832719 -24.544392
v 10.796602 -18.942119 -17.055256
v 9.845484 -21.205121 -19.092899
v 8.799158 -22.546159 -20.300434
v 10.796480 -22.074219 -12.744274
v 9.845339 -24.711419 -14.266872
v 8.799021 -26.274201 -15.169209
v 11.081697 -20.487362 -6.656475
v 10.796358 -24.241601 -7.876255
v 11.081820 -18.655659 -10.770557
v 9.845201 -27.137719 -8.817287
v 8.798883 -28.853942 -9.374989
v 11.081583 -21.423698 -2.251431
v 10.796221 -25.349499 -2.664028
v 9.845034 -28.377982 -2.982418
v 8.798700 -30.172621 -3.171032
v 10.796076 -25.349499 2.664623
v 9.844896 -28.377982 2.982922
v 8.798540 -30.172621 3.171482
v 10.795938 -24.241601 7.876881
v 9.844736 -27.137719 8.817829
v 8.798380 -28.853942 9.375446
v 11.081240 -18.655659 10.771107
v 10.795816 -22.074219 12.744869
v 11.081354 -20.487362 6.657032
v 9.844599 -24.711419 14.267429
v 8.798220 -26.274201 15.169651
v 11.081141 -16.008602 14.414501
v 10.795694 -18.942119 17.055866
v 9.844461 -21.205121 19.093464
v 8.798098 -22.546159 20.300869
v 10.795595 -14.982139 20.621441
v 9.844362 -16.772042 23.085026
v 8.797976 -17.832719 24.544872
v 10.795542 -10.367362 23.285793
v 9.844278 -11.605941 26.067669
v 8.797899 -12.339923 27.716145
v 11.080980 -4.478780 21.071247
v 10.795496 -5.299481 24.932423
v 11.080996 -8.761800 19.679623
v 9.844240 -5.932620 27.911007
v 8.797838 -6.307801 29.676105
v 11.080957 -0.000001 21.542004
v 10.795481 -0.000001 25.489445
v 9.844217 -0.000001 28.534565
v 8.797815 -0.000001 30.339062
v 10.795496 5.299480 24.932423
v 9.844240 5.932620 27.911007
v 8.797838 6.307799 29.676105
v 10.795542 10.367358 23.285793
v 9.844278 11.605941 26.067669
v 8.797899 12.339919 27.716145
v 11.081064 12.661899 17.427906
v 10.795595 14.982120 20.621441
v 11.080996 8.761798 19.679623
v 9.844362 16.772021 23.085026
v 8.797976 17.832721 24.544872
v 11.081141 16.008597 14.414501
v 10.795694 18.942119 17.055866
v 9.844461 21.205119 19.093464
v 8.798098 22.546138 20.300869
v 10.795816 22.074241 12.744869
v 9.844599 24.711421 14.267429
v 8.798220 26.274200 15.169651
v 10.795938 24.241599 7.876881
v 9.844736 27.137721 8.817829
v 8.798380 28.853938 9.375446
v 11.081453 21.423679 2.252026
v 10.796076 25.349479 2.664623
v 11.081354 20.487380 6.657032
v 9.844896 28.377978 2.982922
v 8.798540 30.172618 3.171482
v 11.081583 21.423679 -2.251431
v 10.796221 25.349479 -2.664028
v 9.845034 28.377978 -2.982418
v 8.798700 30.172618 -3.171032
v 10.796358 24.241599 -7.876255
v 9.845201 27.137721 -8.817287
v 8.798883 28.853938 -9.374989
v 10.796480 22.074241 -12.744274
v 9.845339 24.711421 -14.266872
v 8.799021 26.274200 -15.169209
v 11.081903 16.008597 -14.413921
v 10.796602 18.942119 -17.055256
v 11.081820 18.655658 -10.770557
v 9.845484 21.205119 -19.092899
v 8.799158 22.546138 -20.300434
v 11.081980 12.661899 -17.427288
v 10.796701 14.982120 -20.620838
v 9.845583 16.772021 -23.084476
v 8.799280 17.832721 -24.544392
v 10.796762 10.367358 -23.285191
v 9.845659 11.605941 -26.067112
v 8.799356 12.339919 -27.715656
v 11.082079 4.478759 -21.070667
v 10.796801 5.299480 -24.931812
v 11.082041 8.761798 -19.679035
v 9.845697 5.932620 -27.910511
v 8.799402 6.307799 -29.675678
v 11.082102 -0.000001 -21.541416
v 11.081697 20.487380 -6.656475
v 11.081240 18.655658 10.771107
v 11.080980 4.478759 21.071247
v 11.081064 -12.661902 17.427906
v 11.081453 -21.423698 2.252026
v 11.081903 -16.008602 -14.413921
v 4.993876 14.799998 -1.933453
v 4.994074 11.340060 -9.704617
v 4.994143 8.466201 -12.292210
v 4.994219 0.375959 -14.920895
v 4.994219 -3.470021 -14.516697
v 4.994104 -10.836923 -10.263393
v 4.994020 -13.109980 -7.134792
v 4.993799 -14.878598 1.185902
v 4.993700 -14.074580 4.968586
v 4.993517 -9.074542 11.850529
v 4.993456 -5.725480 13.784084
v 4.993441 2.734500 14.673283
v 4.993479 6.412398 13.478291
v 4.993616 12.734019 7.786243
v 4.993723 14.306918 4.253445
v 4.993776 14.799998 1.933689
v 4.993578 11.340060 9.704884
v 4.993502 8.466201 12.292507
v 4.993441 0.375959 14.921169
v 4.993441 -3.470021 14.516949
v 4.993555 -10.836923 10.263645
v 4.993639 -13.109980 7.135090
v 4.993860 -14.878598 -1.185635
v 4.993959 -14.074580 -4.968319
v 4.994143 -9.074542 -11.850231
v 4.994196 -5.725480 -13.783833
v 4.994219 2.734500 -14.672993
v 4.994181 6.412398 -13.478031
v 4.994036 12.734019 -7.785999
v 4.993937 14.306918 -4.253193
v -6.039919 -1.500741 -7.060596
v -6.040102 -0.000001 -0.000149
v -6.039919 -0.000001 -7.218296
v -6.039984 -5.364140 -4.830051
v -6.039965 -4.242722 -5.839756
v -6.040022 -6.251099 -3.609234
v -6.040140 -7.178601 0.754345
v -6.040102 -7.178601 -0.754650
v -6.040182 -6.864880 2.230389
v -6.040258 -4.242722 5.839466
v -6.040239 -5.364140 4.829723
v -6.040281 -2.935880 6.593983
v -6.040300 1.500739 7.060261
v -6.040300 -0.000001 7.218029
v -6.040281 2.935882 6.593983
v -6.040201 6.251102 3.608944
v -6.040239 5.364139 4.829723
v -6.040182 6.864879 2.230389
v -6.040064 6.864879 -2.230671
v -6.040102 7.178599 -0.754650
v -6.040022 6.251102 -3.609234
v -6.039938 2.935882 -6.594296
v -6.039965 4.242721 -5.839756
v -6.039919 1.500739 -7.060596
v -6.039984 5.364139 -4.830051
v -6.040140 7.178599 0.754345
v -6.040258 4.242721 5.839466
v -6.040300 -1.500741 7.060261
v -6.040201 -6.251099 3.608944
v -6.040064 -6.864880 -2.230671
v -6.039938 -2.935880 -6.594296
v -4.518000 -3.302880 -7.418468
v -4.517981 -1.688340 -7.943096
v -4.518023 -4.773061 -6.569691
v -4.518122 -7.722979 -2.509480
v -4.518080 -7.032481 -4.060337
v -4.518160 -8.075942 -0.848934
v -4.518301 -7.032481 4.060108
v -4.518263 -7.722979 2.509220
v -4.518343 -6.034661 5.433483
v -4.518400 -1.688340 7.942867
v -4.518381 -3.302880 7.418262
v -4.518400 -0.000001 8.120327
v -4.518362 4.773059 6.569447
v -4.518381 3.302859 7.418262
v -4.518343 6.034660 5.433483
v -4.518225 8.075938 0.848667
v -4.518263 7.722980 2.509220
v -4.518160 8.075938 -0.848934
v -4.518042 6.034660 -5.433750
v -4.518080 7.032477 -4.060337
v -4.518023 4.773059 -6.569691
v -4.517981 1.688319 -7.943096
v -4.518000 3.302859 -7.418468
v -4.517981 -0.000001 -8.120556
v -4.518122 7.722980 -2.509480
v -4.518301 7.032477 4.060108
v -4.518400 1.688319 7.942867
v -4.518362 -4.773061 6.569447
v -4.518225 -8.075942 0.848667
v -4.518042 -6.034661 -5.433750
v -4.517942 -2.040061 -9.597874
v -4.517942 -0.000001 -9.812313
v -4.518023 -7.291880 -6.565731
v -4.517981 -5.767461 -7.938358
v -4.518061 -8.497601 -4.906231
v -4.518225 -9.758422 1.025524
v -4.518160 -9.758422 -1.025753
v -4.518263 -9.331942 3.032009
v -4.518400 -5.767461 7.938129
v -4.518362 -7.291880 6.565502
v -4.518423 -3.990981 8.963787
v -4.518442 2.040057 9.597645
v -4.518461 -0.000001 9.812069
v -4.518423 3.990981 8.963787
v -4.518324 8.497600 4.905987
v -4.518362 7.291858 6.565502
v -4.518263 9.331939 3.032009
v -4.518122 9.331939 -3.032253
v -4.518160 9.758418 -1.025753
v -4.518061 8.497600 -4.906231
v -4.517962 3.990981 -8.963993
v -4.517981 5.767459 -7.938358
v -4.517942 2.040057 -9.597874
v -4.518023 7.291858 -6.565731
v -4.518225 9.758418 1.025524
v -4.518400 5.767459 7.938129
v -4.518442 -2.040061 9.597645
v -4.518324 -8.497601 4.905987
v -4.518122 -9.331942 -3.032253
v -4.517962 -3.990981 -8.963993
v -13.744459 -3.165620 -14.893475
v -12.032301 -3.189080 -15.003735
v -12.032282 -0.000001 -15.338894
v -13.744440 -0.000001 -15.226154
v -12.032324 -6.238782 -14.012829
v -12.032362 -9.015799 -12.409496
v -13.744585 -11.314980 -10.188435
v -12.032423 -11.398803 -10.263836
v -13.744520 -8.949500 -12.318333
v -13.744642 -13.185941 -7.613255
v -12.032480 -13.283622 -7.669590
v -12.032560 -14.587861 -4.740170
v -12.032663 -15.254560 -1.603634
v -13.744902 -15.142380 1.591190
v -12.032743 -15.254560 1.603001
v -13.744822 -15.142380 -1.591892
v -13.744978 -14.480601 4.704670
v -12.032820 -14.587861 4.739590
v -12.032900 -13.283622 7.668941
v -12.032961 -11.398803 10.263203
v -13.745180 -8.949500 12.317608
v -12.033018 -9.015799 12.408871
v -13.745123 -11.314980 10.187664
v -13.745222 -6.192901 13.909122
v -12.033064 -6.238782 14.012188
v -12.033083 -3.189080 15.003109
v -12.033102 -0.000001 15.338291
v -13.745241 3.165618 14.892750
v -12.033083 3.189059 15.003109
v -13.745241 -0.000001 15.225452
v -13.745222 6.192878 13.909122
v -12.033064 6.238780 14.012188
v -12.033018 9.015800 12.408871
v -12.032961 11.398799 10.263203
v -13.745043 13.185920 7.612560
v -12.032900 13.283599 7.668941
v -13.745123 11.314979 10.187664
v -13.744978 14.480598 4.704670
v -12.032820 14.587859 4.739590
v -12.032743 15.254558 1.603001
v -12.032663 15.254558 -1.603634
v -13.744741 14.480598 -4.705387
v -12.032560 14.587859 -4.740170
v -13.744822 15.142398 -1.591892
v -13.744642 13.185920 -7.613255
v -12.032480 13.283599 -7.669590
v -12.032423 11.398799 -10.263836
v -12.032362 9.015800 -12.409496
v -13.744482 6.192878 -13.909855
v -12.032324 6.238780 -14.012829
v -13.744520 8.949500 -12.318333
v -12.032301 3.189059 -15.003735
v -13.744459 3.165618 -14.893475
v -13.744585 11.314979 -10.188435
v -13.744902 15.142398 1.591190
v -13.745180 8.949500 12.317608
v -13.745241 -3.165620 14.892750
v -13.745043 -13.185941 7.612560
v -13.744741 -14.480601 -4.705387
v -13.744482 -6.192901 -13.909855
v -14.505419 -6.743380 -15.146252
v -14.505381 -3.447020 -16.217297
v -14.505465 -9.745023 -13.413219
v -14.505682 -15.767761 -5.123615
v -14.505602 -14.358022 -8.289997
v -14.505762 -16.488400 -1.733379
v -14.506021 -14.358022 8.289242
v -14.505941 -15.767761 5.122883
v -14.506102 -12.320763 11.093281
v -14.506239 -3.447020 16.216549
v -14.506220 -6.743380 15.145504
v -14.506239 -0.000001 16.578846
v -14.506159 9.745021 13.412487
v -14.506220 6.743381 15.145504
v -14.506102 12.320758 11.093281
v -14.505857 16.488380 1.732609
v -14.505941 15.767760 5.122883
v -14.505762 16.488380 -1.733379
v -14.505522 12.320758 -11.094051
v -14.505602 14.358020 -8.289997
v -14.505465 9.745021 -13.413219
v -14.505381 3.447002 -16.217297
v -14.505419 6.743381 -15.146252
v -14.505381 -0.000001 -16.579548
v -14.505682 15.767760 -5.123615
v -14.506021 14.358020 8.289242
v -14.506239 3.447002 16.216549
v -14.506159 -9.745023 13.412487
v -14.505857 -16.488400 1.732609
v -14.505522 -12.320763 -11.094051
v 0.523554 -2.954579 -13.900211
v -5.944620 -3.048381 -14.341656
v -5.944601 -0.000001 -14.662014
v 0.523554 -0.000001 -14.210758
v -12.222483 -3.564261 -16.768818
v -12.222483 -0.000001 -17.143475
v -5.944643 -5.963519 -13.394428
v -12.222521 -6.972741 -15.661335
v -5.944681 -8.618041 -11.861858
v -12.222563 -10.076482 -13.869389
v 0.523439 -10.560662 -9.508839
v -5.944742 -10.895902 -9.810856
v 0.523500 -8.352881 -11.496731
v -12.222620 -12.739840 -11.471287
v 0.523378 -12.306882 -7.105396
v -5.944799 -12.697560 -7.331112
v -12.222700 -14.846378 -8.571850
v -5.944883 -13.944280 -4.530933
v -12.222780 -16.304079 -5.297810
v -5.944963 -14.581582 -1.532757
v -12.222883 -17.049218 -1.792233
v 0.523134 -14.132901 1.485447
v -5.945040 -14.581582 1.532421
v 0.523218 -14.132901 -1.485432
v -12.222982 -17.049218 1.791584
v 0.523081 -13.515241 4.391384
v -5.945101 -13.944280 4.530651
v -12.223082 -16.304079 5.297184
v -5.945181 -12.697560 7.330791
v -12.223162 -14.846378 8.571224
v -5.945265 -10.895902 9.810566
v -12.223238 -12.739840 11.470692
v 0.522882 -8.352881 11.496746
v -5.945303 -8.618041 11.861523
v 0.522936 -10.560662 9.508869
v -12.223303 -10.076482 13.868740
v 0.522837 -5.780040 12.982189
v -5.945341 -5.963519 13.394131
v -12.223341 -6.972741 15.660709
v -5.945383 -3.048381 14.341343
v -12.223383 -3.564261 16.768230
v -5.945383 -0.000001 14.661762
v -12.223383 -0.000001 17.142780
v 0.522821 2.954581 13.900227
v -5.945383 3.048377 14.341343
v 0.522821 -0.000001 14.210789
v -12.223383 3.564258 16.768230
v 0.522837 5.780040 12.982189
v -5.945341 5.963519 13.394131
v -12.223341 6.972739 15.660709
v -5.945303 8.618037 11.861523
v -12.223303 10.076480 13.868740
v -5.945265 10.895900 9.810566
v -12.223238 12.739818 11.470692
v 0.522997 12.306861 7.105389
v -5.945181 12.697559 7.330791
v 0.522936 10.560641 9.508869
v -12.223162 14.846381 8.571224
v 0.523081 13.515220 4.391384
v -5.945101 13.944278 4.530651
v -12.223082 16.304080 5.297184
v -5.945040 14.581557 1.532421
v -12.222982 17.049220 1.791584
v -5.944963 14.581557 -1.532757
v -12.222883 17.049220 -1.792233
v 0.523302 13.515220 -4.391354
v -5.944883 13.944278 -4.530933
v 0.523218 14.132899 -1.485432
v -12.222780 16.304080 -5.297810
v 0.523378 12.306861 -7.105396
v -5.944799 12.697559 -7.331112
v -12.222700 14.846381 -8.571850
v -5.944742 10.895900 -9.810856
v -12.222620 12.739818 -11.471287
v -5.944681 8.618037 -11.861858
v -12.222563 10.076480 -13.869389
v 0.523516 5.780040 -12.982159
v -5.944643 5.963519 -13.394428
v 0.523500 8.352859 -11.496731
v -12.222521 6.972739 -15.661335
v -5.944620 3.048377 -14.341656
v -12.222483 3.564258 -16.768818
v 0.523554 2.954581 -13.900211
v 0.523439 10.560641 -9.508839
v 0.523134 14.132899 1.485447
v 0.522882 8.352859 11.496746
v 0.522821 -2.954579 13.900227
v 0.522997 -12.306882 7.105389
v 0.523302 -13.515241 -4.391354
v 0.523516 -5.780040 -12.982159
v 0.523554 -6.376401 -14.321590
v 0.523600 -3.259421 -15.334377
v 0.523516 -9.214681 -12.682896
v 0.523317 -14.909659 -4.844418
v 0.523401 -13.576619 -7.838459
v 0.523241 -15.591060 -1.638676
v 0.522982 -13.576619 7.838490
v 0.523058 -14.909659 4.844448
v 0.522921 -11.650239 10.489941
v 0.522783 -3.259421 15.334370
v 0.522821 -6.376401 14.321606
v 0.522783 -0.000001 15.676968
v 0.522860 9.214679 12.682926
v 0.522821 6.376380 14.321606
v 0.522921 11.650241 10.489941
v 0.523134 15.591060 1.638691
v 0.523058 14.909660 4.844448
v 0.523241 15.591060 -1.638676
v 0.523455 11.650241 -10.489948
v 0.523401 13.576621 -7.838459
v 0.523516 9.214679 -12.682896
v 0.523600 3.259418 -15.334377
v 0.523554 6.376380 -14.321590
v 0.523600 -0.000001 -15.676937
v 0.523317 14.909660 -4.844418
v 0.522982 13.576621 7.838490
v 0.522783 3.259418 15.334370
v 0.522860 -9.214681 12.682926
v 0.523134 -15.591060 1.638691
v 0.523455 -11.650239 -10.489948
v -9.083544 -3.470460 -16.327473
v -9.083544 -0.000001 -16.692234
v -6.039701 -3.329760 -15.665470
v -6.039701 -0.000001 -16.015430
v -9.083582 -6.789239 -15.249134
v -6.039721 -6.513999 -14.630848
v -9.083620 -9.811322 -13.504330
v -6.039782 -9.413564 -12.956791
v -9.083681 -12.404582 -11.169353
v -6.039820 -11.901681 -10.716511
v -9.083761 -14.455701 -8.346210
v -6.039900 -13.869658 -8.007809
v -9.083838 -15.875040 -5.158337
v -6.039984 -15.231462 -4.949162
v -9.083921 -16.600562 -1.745014
v -6.040064 -15.927559 -1.674213
v -9.084021 -16.600562 1.744587
v -6.040163 -15.927559 1.673893
v -9.084101 -15.875040 5.157879
v -6.040239 -15.231462 4.948826
v -9.084200 -14.455701 8.345768
v -6.040319 -13.869658 8.007511
v -9.084265 -12.404582 11.168911
v -6.040403 -11.901681 10.716183
v -9.084322 -9.811322 13.503887
v -6.040461 -9.413564 12.956486
v -9.084383 -6.789239 15.248692
v -6.040503 -6.513999 14.630550
v -9.084402 -3.470460 16.327030
v -6.040522 -3.329760 15.665188
v -9.084421 -0.000001 16.691792
v -6.040541 -0.000001 16.015171
v -9.084402 3.470462 16.327030
v -6.040522 3.329761 15.665188
v -9.084383 6.789241 15.248692
v -6.040503 6.513999 14.630550
v -9.084322 9.811301 13.503887
v -6.040461 9.413558 12.956486
v -9.084265 12.404559 11.168911
v -6.040403 11.901679 10.716183
v -9.084200 14.455680 8.345768
v -6.040319 13.869640 8.007511
v -9.084101 15.875018 5.157879
v -6.040239 15.231441 4.948826
v -9.084021 16.600558 1.744587
v -6.040163 15.927558 1.673893
v -9.083921 16.600558 -1.745014
v -6.040064 15.927558 -1.674213
v -9.083838 15.875018 -5.158337
v -6.039984 15.231441 -4.949162
v -9.083761 14.455680 -8.346210
v -6.039900 13.869640 -8.007809
v -9.083681 12.404559 -11.169353
v -6.039820 11.901679 -10.716511
v -9.083620 9.811301 -13.504330
v -6.039782 9.413558 -12.956791
v -9.083582 6.789241 -15.249134
v -6.039721 6.513999 -14.630848
v -9.083544 3.470462 -16.327473
v -6.039701 3.329761 -15.665470
v 4.994219 -3.189080 -15.003292
v 6.325937 -3.329760 -15.665157
v 6.325960 -0.000001 -16.015156
v 4.994242 -0.000001 -15.338459
v 9.560038 -3.470460 -16.327000
v 10.320993 -3.704961 -17.430149
v 10.321024 -0.000001 -17.819569
v 9.560038 -0.000001 -16.691753
v 10.891802 -4.056682 -19.084904
v 10.891802 -0.000001 -19.511311
v 6.325914 -6.514022 -14.630535
v 9.559999 -6.789239 -15.248653
v 10.320978 -7.247981 -16.278950
v 10.891756 -7.936080 -17.824482
v 6.325876 -9.413564 -12.956478
v 9.559961 -9.811322 -13.503857
v 10.320917 -10.474240 -14.416309
v 10.891703 -11.468621 -15.784908
v 4.994104 -11.398803 -10.263393
v 6.325815 -11.901681 -10.716190
v 4.994158 -9.015799 -12.409054
v 9.559900 -12.404582 -11.168873
v 10.320856 -13.242722 -11.923512
v 10.891634 -14.499942 -13.055515
v 4.994036 -13.283622 -7.669132
v 6.325739 -13.869658 -8.007496
v 9.559816 -14.455701 -8.345737
v 10.320780 -15.432440 -8.909634
v 10.891535 -16.897541 -9.755535
v 6.325663 -15.231462 -4.948833
v 9.559740 -15.875040 -5.157848
v 10.320696 -16.947680 -5.506351
v 10.891436 -18.556620 -6.029156
v 6.325579 -15.927559 -1.673901
v 9.559656 -16.600562 -1.744534
v 10.320604 -17.722221 -1.862431
v 10.891336 -19.404698 -2.039234
v 4.993776 -15.254560 1.603443
v 6.325480 -15.927559 1.674206
v 4.993860 -15.254560 -1.603176
v 9.559557 -16.600562 1.745060
v 10.320498 -17.722221 1.862949
v 10.891237 -19.404698 2.039822
v 4.993700 -14.587880 4.740047
v 6.325396 -15.231462 4.949139
v 9.559481 -15.875040 5.158367
v 10.320398 -16.947680 5.506908
v 10.891115 -18.556620 6.029705
v 6.325319 -13.869658 8.007824
v 9.559381 -14.455701 8.346241
v 10.320322 -15.432440 8.910191
v 10.891039 -16.897541 9.756092
v 6.325243 -11.901681 10.716503
v 9.559320 -12.404582 11.169384
v 10.320238 -13.242722 11.924084
v 10.890940 -14.499942 13.056110
v 4.993502 -9.015799 12.409328
v 6.325174 -9.413564 12.956799
v 4.993555 -11.398803 10.263645
v 9.559259 -9.811322 13.504383
v 10.320154 -10.474240 14.416851
v 10.890879 -11.468621 15.785503
v 4.993456 -6.238782 14.012623
v 6.325136 -6.514022 14.630863
v 9.559198 -6.789239 15.249165
v 10.320116 -7.247981 16.279507
v 10.890818 -7.936080 17.825024
v 6.325121 -3.329760 15.665501
v 9.559175 -3.470460 16.327503
v 10.320078 -3.704961 17.430729
v 10.890779 -4.056682 19.085522
v 6.325098 -0.000001 16.015484
v 9.559160 -0.000001 16.692265
v 10.320078 -0.000001 17.820103
v 10.890779 -0.000001 19.511883
v 4.993441 3.189078 15.003567
v 6.325121 3.329761 15.665501
v 4.993418 -0.000001 15.338749
v 9.559175 3.470462 16.327503
v 10.320078 3.704959 17.430729
v 10.890779 4.056678 19.085522
v 4.993456 6.238780 14.012623
v 6.325136 6.513999 14.630863
v 9.559198 6.789241 15.249165
v 10.320116 7.247977 16.279507
v 10.890818 7.936080 17.825024
v 6.325174 9.413558 12.956799
v 9.559259 9.811320 13.504383
v 10.320154 10.474239 14.416851
v 10.890879 11.468619 15.785503
v 6.325243 11.901679 10.716503
v 9.559320 12.404559 11.169384
v 10.320238 13.242721 11.924084
v 10.890940 14.499938 13.056110
v 4.993616 13.283599 7.669384
v 6.325319 13.869640 8.007824
v 4.993555 11.398799 10.263645
v 9.559381 14.455680 8.346241
v 10.320322 15.432418 8.910191
v 10.891039 16.897540 9.756092
v 4.993700 14.587878 4.740047
v 6.325396 15.231441 4.949139
v 9.559481 15.875018 5.158367
v 10.320398 16.947658 5.506908
v 10.891115 18.556617 6.029705
v 6.325480 15.927558 1.674206
v 9.559557 16.600558 1.745060
v 10.320498 17.722221 1.862949
v 10.891237 19.404700 2.039822
v 6.325579 15.927558 -1.673901
v 9.559656 16.600558 -1.744534
v 10.320604 17.722221 -1.862431
v 10.891336 19.404700 -2.039234
v 4.993959 14.587878 -4.739712
v 6.325663 15.231441 -4.948833
v 4.993860 15.254558 -1.603176
v 9.559740 15.875018 -5.157848
v 10.320696 16.947658 -5.506351
v 10.891436 18.556617 -6.029156
v 4.994036 13.283599 -7.669132
v 6.325739 13.869640 -8.007496
v 9.559816 14.455680 -8.345737
v 10.320780 15.432418 -8.909634
v 10.891535 16.897540 -9.755535
v 6.325815 11.901679 -10.716190
v 9.559900 12.404559 -11.168873
v 10.320856 13.242721 -11.923512
v 10.891634 14.499938 -13.055515
v 6.325876 9.413558 -12.956478
v 9.559961 9.811320 -13.503857
v 10.320917 10.474239 -14.416309
v 10.891703 11.468619 -15.784908
v 4.994196 6.238780 -14.012371
v 6.325914 6.513999 -14.630535
v 4.994158 9.015800 -12.409054
v 9.559999 6.789241 -15.248653
v 10.320978 7.247977 -16.278950
v 10.891756 7.936080 -17.824482
v 6.325937 3.329761 -15.665157
v 9.560038 3.470462 -16.327000
v 10.320993 3.704959 -17.430149
v 10.891802 4.056678 -19.084904
v 4.994219 3.189078 -15.003292
v 4.994104 11.398799 -10.263393
v 4.993776 15.254558 1.603443
v 4.993502 9.015800 12.409328
v 4.993441 -3.189080 15.003567
v 4.993616 -13.283622 7.669384
v 4.993959 -14.587880 -4.739712
v 4.994196 -6.238782 -14.012371
v 4.994158 2.258578 -12.433956
v 4.994158 0.375959 -12.631817
v 4.233179 -2.462161 -11.583393
v 4.994143 -2.555941 -12.024647
v 4.994143 -0.000001 -12.293339
v 4.233179 -0.000001 -11.842175
v 4.233156 -4.816701 -10.818378
v 4.994120 -5.000201 -11.230495
v 4.233019 -10.255738 -5.921055
v 4.993975 -10.646420 -6.146572
v 4.994036 -9.135800 -8.225773
v 4.233080 -8.800542 -7.923939
v 4.232958 -11.262700 -3.659351
v 4.993937 -11.691762 -3.798733
v 4.232759 -11.262700 3.659565
v 4.993738 -11.691762 3.799007
v 4.993799 -12.226102 1.285145
v 4.232843 -11.777421 1.237988
v 4.232721 -10.255738 5.921291
v 4.993654 -10.646420 6.146839
v 4.232576 -4.816701 10.818607
v 4.993540 -5.000201 11.230747
v 4.993555 -7.225901 9.945744
v 4.232622 -6.960742 9.580769
v 4.232561 -2.462161 11.583607
v 4.993517 -2.555941 12.024967
v 4.232576 4.816699 10.818607
v 4.993540 5.000178 11.230747
v 4.993517 2.555938 12.024967
v 4.232561 2.462142 11.583607
v 4.232622 6.960719 9.580769
v 4.993555 7.225898 9.945744
v 4.232759 11.262698 3.659565
v 4.993738 11.691741 3.799007
v 4.993654 10.646419 6.146839
v 4.232721 10.255721 5.921291
v 4.232843 11.777419 1.237988
v 4.993799 12.226081 1.285145
v 4.233019 10.255721 -5.921055
v 4.993975 10.646419 -6.146572
v 4.993937 11.691741 -3.798733
v 4.232958 11.262698 -3.659351
v 4.233080 8.800540 -7.923939
v 4.994036 9.135799 -8.225773
v 4.233179 2.462142 -11.583393
v 4.994143 2.555938 -12.024647
v 4.994120 5.000178 -11.230495
v 4.233156 4.816699 -10.818378
v 4.994074 7.225898 -9.945477
v 4.233118 6.960719 -9.580532
v 4.993860 12.226081 -1.284878
v 4.232897 11.777419 -1.237751
v 4.993616 9.135799 8.226025
v 4.232660 8.800540 7.924183
v 4.993502 -0.000001 12.293591
v 4.232561 -0.000001 11.842426
v 4.993616 -9.135800 8.226025
v 4.232660 -8.800542 7.924183
v 4.993860 -12.226102 -1.284878
v 4.232897 -11.777421 -1.237751
v 4.994074 -7.225901 -9.945477
v 4.233118 -6.960742 -9.580532
v 5.374559 -1.969720 -9.266651
v 4.328257 -2.251101 -10.590534
v 4.328279 -0.000001 -10.827152
v 5.374559 -0.000001 -9.473713
v 5.374544 -3.853360 -8.654629
v 4.328241 -4.403840 -9.891087
v 5.374460 -4.441621 -6.113194
v 5.374498 -5.568581 -7.664333
v 5.374475 -3.073521 -6.903057
v 4.328218 -6.364100 -8.759335
v 5.374437 -5.615580 -5.056149
v 5.374475 -7.040440 -6.339092
v 4.328180 -8.046220 -7.244694
v 5.374437 -8.204581 -4.736774
v 4.328119 -9.376660 -5.413509
v 5.374376 -9.010161 -2.927433
v 4.328081 -10.297318 -3.345699
v 5.374315 -7.515122 -0.789738
v 5.374338 -9.421941 -0.990131
v 5.374361 -7.186681 -2.334972
v 4.328020 -10.767918 -1.131680
v 5.374277 -7.515122 0.790028
v 5.374277 -9.421941 0.990414
v 4.327959 -10.767918 1.131886
v 5.374216 -9.010161 2.927746
v 4.327898 -10.297318 3.345928
v 5.374178 -8.204581 4.737064
v 4.327837 -9.376660 5.413723
v 5.374178 -5.615580 5.056469
v 5.374140 -7.040440 6.339390
v 5.374201 -6.544141 3.778400
v 4.327799 -8.046220 7.244968
v 5.374140 -4.441621 6.113461
v 5.374094 -5.568581 7.664646
v 4.327761 -6.364100 8.759563
v 5.374079 -3.853360 8.654949
v 4.327723 -4.403840 9.891285
v 5.374056 -1.969720 9.266987
v 4.327700 -2.251101 10.590786
v 5.374094 -0.000001 7.556667
v 5.374056 -0.000001 9.473980
v 5.374117 -1.571082 7.391529
v 4.327700 -0.000001 10.827343
v 5.374117 1.571097 7.391529
v 5.374056 1.969722 9.266987
v 4.327700 2.251098 10.590786
v 5.374079 3.853362 8.654949
v 4.327723 4.403842 9.891285
v 5.374094 5.568580 7.664646
v 4.327761 6.364101 8.759563
v 5.374178 5.615581 5.056469
v 5.374140 7.040439 6.339390
v 5.374140 4.441600 6.113461
v 4.327799 8.046199 7.244968
v 5.374201 6.544139 3.778400
v 5.374178 8.204578 4.737064
v 4.327837 9.376659 5.413723
v 5.374216 9.010158 2.927746
v 4.327898 10.297320 3.345928
v 5.374277 9.421920 0.990414
v 4.327959 10.767940 1.131886
v 5.374315 7.515121 -0.789738
v 5.374338 9.421920 -0.990131
v 5.374277 7.515121 0.790028
v 4.328020 10.767940 -1.131680
v 5.374361 7.186660 -2.334972
v 5.374376 9.010158 -2.927433
v 4.328081 10.297320 -3.345699
v 5.374437 8.204578 -4.736774
v 4.328119 9.376659 -5.413509
v 5.374475 7.040439 -6.339092
v 4.328180 8.046199 -7.244694
v 5.374460 4.441600 -6.113194
v 5.374498 5.568580 -7.664333
v 5.374437 5.615581 -5.056149
v 4.328218 6.364101 -8.759335
v 5.374475 3.073520 -6.903057
v 5.374544 3.853362 -8.654629
v 4.328241 4.403842 -9.891087
v 5.374559 1.969722 -9.266651
v 4.328257 2.251098 -10.590534
v 5.374498 -0.000001 -7.556370
v 5.374498 1.571097 -7.391232
v 5.374399 6.544139 -3.778111
v 5.374239 7.186660 2.335247
v 5.374117 3.073520 6.903385
v 5.374117 -3.073521 6.903385
v 5.374239 -7.186681 2.335247
v 5.374399 -6.544141 -3.778111
v 5.374498 -1.571082 -7.391232
v 4.423296 -1.500741 -7.060314
v 4.423296 -0.000001 -7.218037
v 4.423281 -2.935880 -6.594021
v 3.567163 -3.778680 -5.200817
v 4.423258 -4.242741 -5.839474
v 3.567179 -2.614781 -5.872776
v 3.567141 -4.777440 -4.301540
v 4.423235 -5.364140 -4.829800
v 4.423197 -6.251122 -3.608952
v 4.423159 -6.864880 -2.230434
v 3.567034 -6.393460 -0.671871
v 4.423120 -7.178620 -0.754391
v 3.567080 -6.114041 -1.986477
v 3.566996 -6.393460 0.672062
v 4.423082 -7.178620 0.754604
v 4.423044 -6.864880 2.230648
v 4.423014 -6.251122 3.609226
v 3.566919 -4.777440 4.301731
v 4.422976 -5.364140 4.830006
v 3.566935 -5.567401 3.214443
v 3.566896 -3.778680 5.201023
v 4.422960 -4.242741 5.839748
v 4.422937 -2.935880 6.594265
v 4.422915 -1.500741 7.060566
v 3.566858 -0.000001 6.428783
v 4.422915 -0.000001 7.218288
v 3.566858 -1.336600 6.288311
v 3.566858 1.336600 6.288311
v 4.422915 1.500739 7.060566
v 4.422937 2.935901 6.594265
v 4.422960 4.242721 5.839748
v 3.566919 4.777438 4.301731
v 4.422976 5.364139 4.830006
v 3.566896 3.778678 5.201023
v 3.566935 5.567401 3.214443
v 4.423014 6.251102 3.609226
v 4.423044 6.864879 2.230648
v 4.423082 7.178619 0.754604
v 3.567034 6.393458 -0.671871
v 4.423120 7.178619 -0.754391
v 3.566996 6.393458 0.672062
v 3.567080 6.114020 -1.986477
v 4.423159 6.864879 -2.230434
v 4.423197 6.251102 -3.608952
v 4.423235 5.364139 -4.829800
v 3.567163 3.778678 -5.200817
v 4.423258 4.242721 -5.839474
v 3.567141 4.777438 -4.301540
v 3.567179 2.614780 -5.872776
v 4.423281 2.935901 -6.594021
v 4.423296 1.500739 -7.060314
v 3.567202 -0.000001 -6.428593
v 3.567202 1.336600 -6.288120
v 3.567102 5.567401 -3.214237
v 3.566980 6.114020 1.986683
v 3.566881 2.614780 5.872967
v 3.566881 -2.614781 5.872967
v 3.566980 -6.114041 1.986683
v 3.567102 -5.567401 -3.214237
v 3.567202 -1.336600 -6.288120
v 3.567141 -0.984860 -4.633289
v 3.567163 -0.000001 -4.736813
v 3.567141 -1.926680 -4.327297
v 3.662203 -1.259581 -1.733547
v 3.567118 -2.784301 -3.832195
v 3.662203 -0.871600 -1.957531
v 3.662180 -1.592481 -1.433750
v 3.567102 -3.520221 -3.169537
v 3.567102 -4.102300 -2.368351
v 3.567064 -4.505080 -1.463718
v 3.662157 -2.131160 -0.223873
v 3.567034 -4.710980 -0.495029
v 3.662157 -2.038020 -0.662098
v 3.662134 -2.131160 0.224087
v 3.567019 -4.710980 0.495205
v 3.566980 -4.505080 1.463863
v 3.566957 -4.102300 2.368549
v 3.662119 -1.592481 1.433949
v 3.566935 -3.520221 3.169712
v 3.662119 -1.855801 1.071552
v 3.662096 -1.259581 1.733723
v 3.566919 -2.784301 3.832386
v 3.566919 -1.926680 4.327473
v 3.566896 -0.984860 4.633465
v 3.662096 -0.000001 2.142963
v 3.566896 -0.000001 4.737003
v 3.662096 -0.445540 2.096203
v 3.662096 0.445539 2.096203
v 3.566896 0.984859 4.633465
v 3.566919 1.926677 4.327473
v 3.566919 2.784278 3.832386
v 3.662119 1.592479 1.433949
v 3.566935 3.520217 3.169712
v 3.662096 1.259559 1.733723
v 3.662119 1.855800 1.071552
v 3.566957 4.102302 2.368549
v 3.566980 4.505080 1.463863
v 3.567019 4.710960 0.495205
v 3.662157 2.131160 -0.223873
v 3.567034 4.710960 -0.495029
v 3.662134 2.131160 0.224087
v 3.662157 2.038020 -0.662098
v 3.567064 4.505080 -1.463718
v 3.567102 4.102302 -2.368351
v 3.567102 3.520217 -3.169537
v 3.662203 1.259559 -1.733547
v 3.567118 2.784278 -3.832195
v 3.662180 1.592479 -1.433750
v 3.662203 0.871579 -1.957531
v 3.567141 1.926677 -4.327297
v 3.567141 0.984859 -4.633289
v 3.662203 -0.000001 -2.142788
v 3.662203 0.445539 -2.095997
v 3.662180 1.855800 -1.071377
v 3.662119 2.038020 0.662312
v 3.662096 0.871579 1.957706
v 3.662096 -0.871600 1.957706
v 3.662119 -2.038020 0.662312
v 3.662180 -1.855801 -1.071377
v 3.662203 -0.445540 -2.095997
v 2.330500 -0.304841 -1.434116
v 2.330500 -0.000001 -1.466129
v 2.330500 -0.596360 -1.339375
v 2.330477 -1.269761 -0.733051
v 2.330500 -1.089600 -0.981014
v 2.330477 -1.394441 -0.453014
v 2.330462 -1.394441 0.453152
v 2.330462 -1.458159 0.153286
v 2.330462 -1.269761 0.733166
v 2.330439 -0.596360 1.339466
v 2.330439 -0.861800 1.186245
v 2.330439 -0.304841 1.434223
v 2.330439 0.596360 1.339466
v 2.330439 0.304839 1.434223
v 2.330439 0.861798 1.186245
v 2.330462 1.394420 0.453152
v 2.330462 1.269759 0.733166
v 2.330462 1.458160 0.153286
v 2.330477 1.269759 -0.733051
v 2.330477 1.394420 -0.453014
v 2.330500 1.089580 -0.981014
v 2.330500 0.304839 -1.434116
v 2.330500 0.596360 -1.339375
v 2.330500 0.861798 -1.186115
v 2.330477 1.458160 -0.153179
v 2.330439 1.089580 0.981152
v 2.330416 -0.000001 1.466267
v 2.330439 -1.089600 0.981152
v 2.330477 -1.458159 -0.153179
v 2.330500 -0.861800 -1.186115
v 2.425600 -0.000001 0.000065
v 4.993776 12.523440 1.694424
v 4.993738 12.129878 3.546085
v 4.993654 10.751598 6.641682
v 4.993616 9.638942 8.173145
v 4.993555 7.120700 10.440571
v 4.993540 5.481341 11.387112
v 4.993502 2.258578 12.434223
v 4.993502 0.375959 12.632107
v 4.993502 -2.994080 12.277889
v 4.993517 -4.794419 11.692905
v 4.993555 -7.729041 9.998631
v 4.993601 -9.135800 8.731983
v 4.993677 -11.127583 5.990528
v 4.993723 -11.897523 4.261211
v 4.993799 -12.602059 0.946667
v 4.993860 -12.602059 -0.946377
v 4.993937 -11.897523 -4.260960
v 4.993975 -11.127583 -5.990276
v 4.994059 -9.135800 -8.731716
v 4.994104 -7.729041 -9.998348
v 4.994143 -4.794419 -11.692654
v 4.994143 -2.994080 -12.277592
v 4.994120 5.481341 -11.386829
v 4.994104 7.120700 -10.440327
v 4.994036 9.638942 -8.172894
v 4.993998 10.751598 -6.641453
v 4.993921 12.129878 -3.545818
v 4.993876 12.523440 -1.694157
vn 0.27529695630074 0.56238627433777 -0.779700756073
vn 0.35056748986244 0.91037309169769 -0.21982562541962
vn 0.00000705098591 0.97684299945831 -0.21395739912987
vn 0.00002792523264 0.36394250392914 -0.93142139911652
vn 0.31365436315536 -0.25063997507095 -0.91586053371429
vn 0.84511214494705 -0.4366534948349 -0.308414041996
vn 0.89067727327347 0.36553519964218 -0.2703295648098
vn 0.91285103559494 -0.27309501171112 0.30351620912552
vn 0.27829524874687 -0.49803495407104 0.8212873339653
vn 0.43809702992439 0.32736051082611 0.83720135688782
vn 0.87303984165192 0.32401189208031 0.36444157361984
vn 0.35055911540985 -0.84478181600571 -0.40429195761681
vn 0.00003377824032 -0.30314350128174 -0.95294493436813
vn 0.00001264085859 -0.91101884841919 -0.41236466169357
vn -0.00000652069139 -0.90877711772919 0.41728186607361
vn 0.38235688209534 -0.90363305807114 0.19300393760204
vn 0.38235831260681 0.84375882148743 0.37666058540344
vn -0.0000113081278 0.80214536190033 0.59712880849838
vn -0.00001220244485 -0.49462583661079 0.86910605430603
vn -0.00001828840868 0.16237372159958 0.98672932386398
vn 0.33306455612183 0.02170024998486 0.94265425205231
vn -0.00002939040496 -0.25300458073616 0.96746510267258
vn -0.00005504431829 0.58277142047882 0.81263613700867
vn 0.4574174284935 0.55901485681534 0.69157189130783
vn 0.00000010841772 -0.99993282556534 0.01158982887864
vn -0.00002083635627 -0.80536258220673 0.59278249740601
vn 0.37642639875412 -0.73524248600006 0.56366807222366
vn 0.38236773014069 -0.90400993824005 -0.19120916724205
vn 0.00001590023021 -0.66455870866776 -0.74723607301712
vn 0.35057413578033 -0.60732871294022 -0.7129163146019
vn 0.23005145788193 0.09796650707722 -0.9682349562645
vn 0.00001760465602 0.11065602302551 -0.99385875463486
vn 0.84683567285538 -0.16006851196289 -0.50719565153122
vn 0.89575433731079 0.44450977444649 0.00593486567959
vn 0.3655963242054 0.76799070835114 -0.52586078643799
vn 0.87225848436356 0.05095447599888 0.48638334870338
vn 0.92069953680038 -0.38122871518135 0.0835288092494
vn 0.27974030375481 0.92119026184082 0.27046969532967
vn -0.00000432991237 0.99856752157211 0.05350650846958
vn 0.00001244199666 0.71134358644485 -0.7028443813324
vn 0.31363451480865 0.91848516464233 -0.24087016284466
vn 0.27974700927734 0.73152738809586 0.62177908420563
vn -0.00000788046054 0.89047986268997 0.45502269268036
vn 0.00000379071139 0.97684425115585 -0.21395163238049
vn 0.84683883190155 0.06008033454418 -0.5284451842308
vn 0.89575165510178 0.40366593003273 0.18623331189156
vn 0.27529296278954 0.39403709769249 -0.87689709663391
vn 0.87225782871246 -0.15127877891064 0.46506026387215
vn 0.92070186138153 -0.38224002718925 -0.07874392718077
vn 0.3764334321022 -0.90094459056854 0.21586281061172
vn 0.33309537172318 -0.36358374357224 0.86997377872467
vn 0.27978044748306 -0.36529669165611 -0.88785201311111
vn 0.000013840885 0.62465262413025 -0.78090274333954
vn 0.0000171987449 -0.15760318934917 -0.98750251531601
vn 0.00000872476812 -0.86909866333008 -0.49463874101639
vn 0.45745846629143 -0.74619972705841 -0.48365044593811
vn -0.00001605086982 0.20184773206711 0.97941690683365
vn 0.45742398500443 0.22938923537731 0.85915303230286
vn -0.00000451344022 -0.97684842348099 0.21393252909184
vn -0.00001246417378 -0.624671459198 0.78088772296906
vn 0.38426071405411 -0.21286888420582 0.89834880828857
vn 0.41970473527908 -0.71346360445023 0.56108611822128
vn -0.00001298076404 -0.81261438131332 0.58280175924301
vn -0.00002830406265 -0.10528605431318 0.99444198608398
vn 0.00002583603236 -0.6777018904686 -0.7353367805481
vn 0.00000283740405 -0.97941356897354 -0.20186400413513
vn 0.37644317746162 -0.91085070371628 -0.16923794150352
vn 0.38238015770912 -0.46281668543816 -0.7997413277626
vn 0.00002399753794 0.11063242703676 -0.99386137723923
vn 0.35059097409248 0.12342490255833 -0.92835998535156
vn 0.36559188365936 0.7374706864357 -0.5678728222847
vn 0.0000081408125 0.88827878236771 -0.45930463075638
vn 0.89576894044876 0.13170698285103 -0.42456012964249
vn 0.8468045592308 0.43294450640678 0.30900022387505
vn 0.23001432418823 0.95112746953964 0.20603395998478
vn 0.91285037994385 -0.27328640222549 0.3033459186554
vn 0.87304443120956 -0.39629504084587 -0.28415435552597
vn 0.27973526716232 0.4153815805912 0.86556702852249
vn -0.00001351200262 0.62841093540192 0.77788150310516
vn -0.00000357798149 0.97941088676453 0.20187695324421
vn 0.3764254450798 -0.91086095571518 0.16922242939472
vn -0.00000283872532 -0.97941690683365 0.20184791088104
vn -0.00002381977174 -0.59278434514999 0.80536127090454
vn 0.45742097496986 -0.48497822880745 0.74536043405533
vn 0.00002306474562 -0.32001975178719 -0.94741088151932
vn 0.00000915481451 -0.88826686143875 -0.45932769775391
vn 0.33312937617302 -0.68598181009293 -0.64687997102737
vn 0.38239178061485 -0.09748551249504 -0.91884332895279
vn 0.00002614986261 0.50533950328827 -0.86292064189911
vn 0.35058569908142 0.49039345979691 -0.79787462949753
vn 0.27527570724487 0.91533654928207 -0.29390868544579
vn 0.00000221368396 0.99829840660095 -0.05831156671047
vn 0.89067459106445 0.37008073925972 -0.26408138871193
vn 0.84509140253067 0.15841202437878 0.51061344146729
vn 0.31361371278763 0.7935938835144 0.52139741182327
vn 0.9206959605217 -0.31716957688332 0.22742569446564
vn 0.87227094173431 -0.32734057307243 -0.36330634355545
vn 0.27972936630249 0.02742421813309 0.9596871137619
vn -0.00001682243601 0.25768429040909 0.96622914075851
vn -0.00001034019806 0.81262958049774 0.58278053998947
vn 0.27525472640991 0.39403709769249 0.87690913677216
vn 0.35053932666779 -0.26481917500496 0.89832788705826
vn -0.0000271932513 -0.30314329266548 0.95294499397278
vn -0.00001888708539 0.6246525645256 0.78090280294418
vn 0.31362533569336 0.91848474740982 0.2408836632967
vn 0.8451201915741 0.48542392253876 -0.22390940785408
vn 0.89066082239151 0.05136317014694 0.45175787806511
vn 0.37644430994987 -0.90094727277756 -0.21583259105682
vn 0.87305122613907 -0.47758981585503 0.0984355583787
vn 0.91287446022034 -0.12628668546677 -0.38821625709534
vn 0.33314499258995 -0.3635741174221 -0.86995875835419
vn 0.2797739803791 0.73152804374695 -0.62176620960236
vn -0.00000379203334 0.9768453836441 0.2139465212822
vn 0.00000787897443 0.89047801494598 -0.45502632856369
vn 0.00001605365105 0.2018658965826 -0.97941315174103
vn 0.45746776461601 0.22939930856228 -0.85912698507309
vn 0.38235554099083 -0.74806147813797 0.54240971803665
vn -0.00000661278727 -0.91819137334824 0.39613714814186
vn 0.00001096046071 -0.62468236684799 -0.78087896108627
vn 0.00000299362728 -0.97685110569 -0.21392028033733
vn 0.43814906477928 -0.75692027807236 -0.48486810922623
vn 0.00001262857222 -0.71130079030991 -0.70288777351379
vn -0.00000275657749 -0.99514669179916 0.09840225428343
vn 0.45745357871056 -0.87840151786804 0.13837261497974
vn 0.00001320989486 0.58277517557144 -0.81263345479965
vn 0.00001397135475 -0.11065515130758 -0.99385887384415
vn 0.27831661701202 -0.07979661971331 -0.95716893672943
vn 0.45746722817421 0.55900883674622 -0.69154381752014
vn 0.00000088380045 0.99856799840927 -0.05349692702293
vn 0.27976047992706 0.92118883132935 -0.27045369148254
vn 0.36557483673096 0.76797831058502 0.52589380741119
vn -0.00001522147159 0.71131271123886 0.70287573337555
vn 0.89575862884521 0.44450145959854 -0.00590725289658
vn 0.84680461883545 -0.16006237268448 0.50724941492081
vn 0.22999830543995 0.09795871376991 0.96824836730957
vn 0.92070829868317 -0.38121488690376 -0.08349540829659
vn 0.8722779750824 0.05096141993999 -0.48634767532349
vn 0.27974146604538 -0.69481885433197 0.66254925727844
vn -0.0000176815247 -0.54561167955399 0.83803814649582
vn -0.00002641996798 0.11064629256725 0.99385982751846
vn -0.0000154011741 0.4946414232254 0.86909717321396
vn 0.36555078625679 -0.31220161914825 0.8768709897995
vn 0.27973726391792 -0.90423405170441 0.32265740633011
vn -0.00001417812382 -0.83930283784866 0.54366421699524
vn -0.00001747613896 -0.16233931481838 0.98673498630524
vn 0.89065855741501 0.36554136872292 0.27038273215294
vn 0.84509420394897 -0.43665280938148 0.30846410989761
vn 0.23000401258469 0.48984771966934 0.84092056751251
vn 0.9128737449646 -0.2730847299099 -0.30345714092255
vn 0.87306624650955 0.32402586936951 -0.36436602473259
vn 0.3764736354351 0.26353520154953 -0.88815361261368
vn 0.33314210176468 -0.57163679599762 -0.74983179569244
vn 0.2797540128231 0.95155143737793 0.12762279808521
vn -0.00000626470637 0.93398809432983 0.35730412602425
vn 0.00000946901764 0.86293250322342 -0.5053191781044
vn 0.45746138691902 0.79197293519974 -0.40436124801636
vn 0.00000739382085 -0.94913184642792 -0.3148789703846
vn 0.45745131373405 -0.85873883962631 -0.23088076710701
vn 0.00002008494448 0.30314821004868 -0.95294344425201
vn 0.00001963888644 -0.36394611001015 -0.93142002820969
vn 0.27832773327827 -0.12094550579786 -0.952840924263
vn 0.00001398510358 -0.09837698936462 -0.99514919519424
vn 0.00001379010519 -0.73900729417801 -0.67369741201401
vn 0.45745152235031 -0.6905916929245 -0.56019753217697
vn 0.00000108100267 0.99385839700699 -0.11065909266472
vn 0.00001173257806 0.54967081546783 -0.8353813290596
vn 0.43814134597778 0.63958317041397 -0.63163715600967
vn 0.45744788646698 0.88797783851624 -0.04729440808296
vn -0.00001569764936 0.70793431997299 0.70627826452255
vn 0.27972826361656 0.81739294528961 0.50360786914825
vn 0.27523413300514 0.19665886461735 0.94104808568954
vn -0.00001770533163 -0.04633414000273 0.99892598390579
vn 0.84680181741714 0.26202917098999 0.46289020776749
vn 0.89574944972992 -0.4360359609127 0.08663436770439
vn 0.31361252069473 -0.60148900747299 0.7347503900528
vn 0.87228083610535 -0.15097746253014 -0.4651150405407
vn 0.92070746421814 0.35552242398262 -0.16093969345093
vn 0.27975758910179 -0.95728802680969 -0.07304314523935
vn -0.00000273984529 -0.98787248134613 0.15526756644249
vn -0.00001323409469 -0.6645330786705 0.74725890159607
vn 0.31362152099609 -0.84834271669388 0.42656326293945
vn 0.27976679801941 -0.8448314666748 -0.45605960488319
vn 0.00000448067749 -0.96562653779984 -0.25993344187737
vn -0.00000730850525 -0.91102743148804 0.41234582662582
vn 0.84681171178818 0.05110044032335 0.52943235635757
vn 0.89575695991516 -0.43356493115425 -0.09818805009127
vn 0.27524742484093 -0.20311944186687 0.93967086076736
vn 0.52177935838699 0.76649165153503 -0.37448206543922
vn 0.27834430336952 0.27707767486572 -0.91964799165726
vn 0.8722876906395 0.05126694962382 -0.48629808425903
vn 0.92070311307907 0.39025616645813 -0.00242028874345
vn 0.35052734613419 0.44580364227295 0.82364416122437
vn -0.00001584018173 -0.44865915179253 0.8937029838562
vn -0.00002538776789 0.49465602636337 0.86908882856369
vn -0.00001045204772 0.95294547080994 0.30314183235168
vn 0.32948958873749 0.88785243034363 0.32117694616318
vn 0.00003048890721 -0.40112999081612 -0.91602116823196
vn 0.45747545361519 -0.40304526686668 -0.79263532161713
vn 0.00000872152577 0.91103452444077 -0.41233003139496
vn 0.00002668633715 0.31491106748581 -0.9491211771965
vn 0.33313536643982 0.53649407625198 -0.77536761760712
vn 0.00001233777584 0.77336436510086 -0.63396173715591
vn 0.00001839425568 0.11604695022106 -0.99324375391006
vn 0.38238966464996 -0.09568082541227 -0.91903388500214
vn -0.00001331601288 0.81578230857849 0.57835906744003
vn 0.00000009608589 0.99998092651367 -0.00617864541709
vn 0.37644016742706 0.92613446712494 -0.0238275770098
vn 0.38236024975777 0.61895650625229 0.68607103824615
vn -0.00001932619307 0.09838464856148 0.99514847993851
vn 0.35056558251381 0.07225156575441 0.93374699354172
vn 0.31362864375114 -0.66784834861755 0.67499309778214
vn -0.0000131072602 -0.67371165752411 0.73899430036545
vn 0.89575064182282 -0.04057329893112 0.44270142912865
vn 0.84683269262314 -0.48770609498024 -0.21217240393162
vn 0.27528157830238 -0.95643889904022 -0.09718387573957
vn 0.91287422180176 0.20423768460751 -0.35347932577133
vn 0.87304574251175 0.44669789075851 0.19558136165142
vn 0.35059762001038 -0.64554876089096 -0.6784895658493
vn 0.00001376215005 -0.67369514703751 -0.73900932073593
vn -0.00000270699979 -0.98860722780228 0.15051843225956
vn 0.27528059482574 -0.8342319726944 -0.47778409719467
vn 0.3505901992321 -0.31379973888397 -0.88239234685898
vn 0.0000164535486 -0.31489664316177 -0.94912594556808
vn 0.00000468474173 -0.96436285972595 -0.26458320021629
vn 0.31361666321754 -0.88465446233749 0.34500885009766
vn 0.89574003219604 -0.21712739765644 0.38795039057732
vn 0.84683459997177 -0.35924378037453 -0.39219266176224
vn 0.37643921375275 0.85575467348099 0.3549330830574
vn 0.33313819766045 0.80548709630966 -0.49011170864105
vn 0.91287219524384 0.33036601543427 -0.23983870446682
vn 0.87304139137268 0.32854348421097 0.36035802960396
vn 0.35051754117012 -0.31380102038383 0.88242071866989
vn -0.0000071090758 -0.91603684425354 0.40109407901764
vn -0.00001645891462 -0.31490376591682 0.94912362098694
vn -0.00001400810834 0.50998371839523 0.86018407344818
vn 0.38234221935272 0.28636997938156 0.8785252571106
vn 0.38240122795105 0.28639221191406 -0.87849235534668
vn 0.00001402171347 0.51000034809113 -0.86017417907715
vn -0.00000563189906 0.91603648662567 0.40109488368034
vn 0.00000371926831 0.96436083316803 -0.26459059119225
vn 0.43813613057137 0.89736717939377 -0.05261982232332
vn -0.00000211582255 0.98860687017441 0.1505206823349
vn 0.00001308854917 0.74726021289825 -0.66453152894974
vn 0.45747548341751 0.62931948900223 -0.62823021411896
vn -0.00001607555896 0.11604259908199 0.99324423074722
vn -0.00001039561175 0.67370456457138 0.73900073766708
vn 0.27830201387405 0.62716847658157 0.7274666428566
vn 0.38235303759575 -0.0956709831953 0.91905015707016
vn -0.00002234927888 -0.67369854450226 0.7390062212944
vn 0.35054790973663 -0.6455529332161 0.67851132154465
vn 0.31363707780838 -0.94849288463593 -0.0446439050138
vn 0.00000010438018 -0.99998098611832 -0.00617046095431
vn 0.8451139330864 -0.4282494187355 0.31997627019882
vn 0.89068406820297 -0.14416053891182 -0.43116080760956
vn 0.27530035376549 -0.56776195764542 -0.77579379081726
vn 0.91285616159439 0.20424234867096 0.35352331399918
vn 0.87306636571884 0.44668206572533 -0.19552555680275
vn 0.279790610075 0.17268367111683 -0.9444032907486
vn 0.00002607666829 -0.05119399353862 -0.99868869781494
vn 0.00001555152448 -0.77337199449539 -0.63395243883133
vn 0.31364724040031 -0.33555710315704 -0.88827180862427
vn 0.35056978464127 0.44579064846039 -0.82363313436508
vn 0.00001892783075 0.49463495612144 -0.86910080909729
vn 0.00002523399417 -0.31486713886261 -0.94913578033447
vn 0.846823990345 -0.53185427188873 -0.00449284585193
vn 0.89576703310013 0.14299197494984 -0.42089754343033
vn 0.34571686387062 -0.86079907417297 -0.37350335717201
vn 0.9128520488739 0.04280049726367 0.40604093670845
vn 0.33311697840691 0.17474539577961 0.92655122280121
vn 0.3764311671257 0.83637464046478 0.39846828579903
vn 0.87304943799973 0.48762193322182 0.00308236596175
vn 0.2332020252943 -0.89602249860764 0.37783661484718
vn 0.00001093196261 -0.91101670265198 -0.41236945986748
vn -0.0000069149969 -0.91603690385818 0.40109401941299
vn -0.0000149576199 -0.40110519528389 0.91603201627731
vn 0.45744290947914 -0.40302547812462 0.7926641702652
vn 0.3823706805706 0.84449356794357 -0.37499761581421
vn 0.00000513404621 0.98049020767212 -0.19656802713871
vn -0.00001255498955 0.44866663217545 0.89369916915894
vn -0.00000579078051 0.91102331876755 0.41235479712486
vn 0.27829030156136 0.65791726112366 0.69978529214859
vn -0.00001050071842 0.66453015804291 0.74726146459579
vn -0.00000154988743 0.99385786056519 0.11066412180662
vn 0.45745697617531 0.88797152042389 0.04732485488057
vn -0.0000179580511 -0.66048562526703 0.75083869695663
vn -0.00001864771548 0.04636164754629 0.99892473220825
vn 0.43810167908669 -0.14615711569786 0.88696390390396
vn 0.38234287500381 -0.747005879879 0.54387146234512
vn 0.00000130805972 -0.99998110532761 -0.00614435179159
vn 0.35056471824646 -0.9361857175827 -0.02570417150855
vn 0.3656170964241 -0.64186298847198 -0.67404454946518
vn 0.00002354412754 -0.54962939023972 -0.83540862798691
vn 0.89576232433319 -0.43602043390274 -0.08657953888178
vn 0.84683626890182 0.26202291250229 -0.46283078193665
vn 0.23004625737667 0.10549687594175 -0.96744465827942
vn 0.91285294294357 0.33022007346153 0.2401128411293
vn 0.87303388118744 -0.24118259549141 0.42384293675423
vn 0.27976682782173 0.8173879981041 -0.50359445810318
vn 0.00001233094281 0.70792633295059 -0.70628625154495
vn 0.00001763942419 0.09841848909855 -0.9951451420784
vn -0.68468725681305 -0.12647596001625 -0.71777939796448
vn -0.6849085688591 0.00000000234845 -0.72862905263901
vn -0.94865018129349 -0.00000000445748 -0.31632703542709
vn -0.92055207490921 -0.073676250875 -0.38360884785652
vn -0.94989609718323 -0.05423798412085 -0.30782407522202
vn -0.83958697319031 -0.13147239387035 -0.5270756483078
vn -0.83973920345306 0.00000003364661 -0.54298996925354
vn -0.94995355606079 -0.00000000118734 -0.31239122152328
vn -0.99726146459579 0.01538112293929 0.07233958691359
vn -0.99809384346008 -0.01493060495704 -0.05988074839115
vn -0.99809604883194 -0.00000000023317 -0.06167855113745
vn -0.99237662553787 0.00000000311667 0.12324221432209
vn -0.90082889795303 -0.16480669379234 -0.40167906880379
vn -0.83290016651154 -0.23645177483559 -0.50036770105362
vn -0.94995439052582 -0.12705126404762 -0.28538513183594
vn -0.99809616804123 -0.02507735416293 -0.05634886026382
vn -0.99571532011032 0.03762101009488 0.08447265625
vn -0.9828919172287 0.03829794377089 0.18015745282173
vn -0.98289161920547 0.07492332905531 0.16825751960278
vn -0.92049634456635 -0.21845757961273 -0.32397961616516
vn -0.8444772362709 -0.32198229432106 -0.42800182104111
vn -0.99860000610352 -0.02956306003034 -0.04386435821652
vn -0.96150702238083 -0.1636254042387 -0.22075103223324
vn -0.9828907251358 0.10827604681253 0.14900387823582
vn -0.9957150220871 0.0543676763773 0.07480505108833
vn -0.9067314863205 -0.31165441870689 -0.28409427404404
vn -0.78679895401001 -0.4615680873394 -0.40975877642632
vn -0.68468821048737 -0.44877383112907 -0.57428574562073
vn -0.94079542160034 -0.2531515955925 -0.22542905807495
vn -0.83974754810333 -0.40349858999252 -0.36333581805229
vn -0.99685055017471 0.05705326423049 0.05508061125875
vn -0.9972550868988 -0.053242392838 -0.05145408585668
vn -0.92055457830429 -0.34204915165901 -0.18863089382648
vn -0.60198199748993 -0.69308316707611 -0.39655190706253
vn -0.83959418535233 -0.46062916517258 -0.2879276573658
vn -0.94990199804306 -0.27597001194954 -0.14672008156776
vn -0.99860036373138 -0.04483732953668 -0.02805198729038
vn -0.99237471818924 0.10675603151321 0.06160828843713
vn -0.83959764242172 -0.5104210972786 -0.18586580455303
vn -0.92055851221085 -0.37378358840942 -0.11339266598225
vn -0.99725556373596 -0.06956021487713 -0.02535179443657
vn -0.94990372657776 -0.30043855309486 -0.08613674342632
vn -0.98288810253143 0.17519570887089 0.05689837038517
vn -0.99809950590134 0.05861407518387 0.01901892758906
vn -0.98288911581039 0.15953168272972 0.09207934886217
vn -0.83489990234375 -0.54656398296356 -0.06488442420959
vn -0.94865524768829 -0.31457647681236 -0.03308839350939
vn -0.99809491634369 -0.06109226867557 -0.00861959252506
vn -0.9499055147171 -0.31177666783333 -0.02179125882685
vn -0.99570858478546 0.09164545685053 0.01286378130317
vn -0.9828662276268 0.18387444317341 0.01281078439206
vn -0.68470400571823 -0.72705292701721 0.05073925480247
vn -0.684923350811 -0.72462183237076 -0.07617914676666
vn -0.9205596446991 -0.38919249176979 0.0331533588469
vn -0.84448778629303 -0.53163623809814 0.06483279168606
vn -0.96151465177536 -0.27296322584152 0.03131475299597
vn -0.99809521436691 -0.06154484674335 0.00426934054121
vn -0.99570780992508 0.09232572466135 -0.00647219223902
vn -0.68470585346222 -0.70061349868774 0.20079499483109
vn -0.92056041955948 -0.37379258871078 0.11334730684757
vn -0.94994485378265 -0.29909136891365 0.09027256071568
vn -0.83960747718811 -0.51042103767395 0.18582171201706
vn -0.99860137701035 -0.05083056539297 0.01454248465598
vn -0.99381452798843 0.1067473962903 -0.03062157332897
vn -0.90674072504044 -0.36391249299049 0.21304678916931
vn -0.83976185321808 -0.47022232413292 0.27146080136299
vn -0.99809604883194 -0.05447326600552 0.0289305113256
vn -0.9408061504364 -0.29259917140007 0.17108349502087
vn -0.99439650774002 0.09154062718153 -0.05287605151534
vn -0.9828639626503 0.17320032417774 -0.06308751553297
vn -0.98288416862488 0.15953239798546 -0.09213125705719
vn -0.83961325883865 -0.41615375876427 0.34909263253212
vn -0.92050856351852 -0.28104290366173 0.27143841981888
vn -0.99751579761505 -0.05236164480448 0.04712177440524
vn -0.93688857555389 -0.25270247459412 0.2416220754385
vn -0.98288333415985 0.13689641654491 -0.12328734248877
vn -0.99725824594498 0.05498037114739 -0.04952958971262
vn -0.68471616506577 -0.44877499341965 0.57425153255463
vn -0.68471425771713 -0.55836427211761 0.468396961689
vn -0.92051088809967 -0.21846109628677 0.32393583655357
vn -0.84449827671051 -0.32198336720467 0.42795950174332
vn -0.96838170289993 -0.14664925634861 0.20181882381439
vn -0.99570614099503 0.05698742717505 -0.07294991612434
vn -0.99878412485123 -0.02898973412812 0.03987282514572
vn -0.60200941562653 -0.32763877511024 0.72817409038544
vn -0.92051118612289 -0.14633230865002 0.36227890849113
vn -0.92746961116791 -0.15208783745766 0.34156900644302
vn -0.83292311429977 -0.23645536601543 0.50032782554626
vn -0.99571084976196 0.03762089088559 -0.08452545106411
vn -0.99661862850189 -0.0334302559495 0.07505792379379
vn -0.83961969614029 -0.13147155940533 0.52702367305756
vn -0.90084779262543 -0.0776995792985 0.42712527513504
vn -0.95835000276566 -0.05203474313021 0.28081601858139
vn -0.99878430366516 -0.01025261264294 0.0482159294188
vn -0.98288142681122 0.03829969093204 -0.18021427094936
vn -0.99725782871246 0.01538102049381 -0.07238914817572
vn -0.98288154602051 0.07492683082819 -0.16831466555595
vn -0.84450221061707 -0.008928402327 0.53547769784927
vn -0.93332892656326 0.00915086548775 0.35890585184097
vn -0.99809896945953 0.00000000001543 0.06163106486201
vn -0.94997191429138 0.00000000284962 0.31233528256416
vn -0.99237006902695 0.00000000151866 -0.12329518795013
vn -0.98288041353226 0.00000000558898 -0.18424467742443
vn -0.68471813201904 0.12647798657417 0.71774953603744
vn -0.68494379520416 0.00000000234844 0.72859591245651
vn -0.92051112651825 0.09457155317068 0.37909832596779
vn -0.94997084140778 0.06494353711605 0.30551224946976
vn -0.83292716741562 0.10280261188745 0.54374992847443
vn -0.99809741973877 -0.01281375158578 -0.0603101439774
vn -0.99809902906418 0.01281719189137 0.06028264760971
vn -0.68472141027451 0.27294409275055 0.67576485872269
vn -0.92051231861114 0.17132830619812 0.35114619135857
vn -0.83961802721024 0.203429043293 0.50364488363266
vn -0.9368896484375 0.15173034369946 0.31498515605927
vn -0.99751633405685 0.02865913882852 0.06434179842472
vn -0.99439543485641 -0.0429919026792 -0.09658918529749
vn -0.83976852893829 0.31914508342743 0.43924397230148
vn -0.92059642076492 0.22955058515072 0.31592524051666
vn -0.96838194131851 0.14664866030216 0.20181828737259
vn -0.99878412485123 0.02898976393044 0.03987295925617
vn -0.98286211490631 -0.1030532643199 -0.15284660458565
vn -0.99570614099503 -0.0569874458015 -0.07294994592667
vn -0.98288154602051 -0.07492682337761 -0.16831462085247
vn -0.92050856351852 0.28104296326637 0.2714384496212
vn -0.83961308002472 0.41615396738052 0.34909269213676
vn -0.99751579761505 0.05236164852977 0.04712184518576
vn -0.93688863515854 0.25270223617554 0.2416220754385
vn -0.98288327455521 -0.1368964612484 -0.12328740954399
vn -0.99725824594498 -0.05498038977385 -0.04952962696552
vn -0.90674090385437 0.36391219496727 0.21304666996002
vn -0.68470984697342 0.64355319738388 0.34206986427307
vn -0.68471437692642 0.55836391448975 0.46839720010757
vn -0.94080603122711 0.29259946942329 0.17108359932899
vn -0.83976185321808 0.47022226452827 0.27146086096764
vn -0.99809604883194 0.05447331443429 0.0289305280894
vn -0.99439650774002 -0.09154065698385 -0.05287605896592
vn -0.92056053876877 0.37379232048988 0.11334735155106
vn -0.68470591306686 0.70061349868774 0.20079492032528
vn -0.83960747718811 0.51042097806931 0.1858217716217
vn -0.94994485378265 0.29909127950668 0.09027253836393
vn -0.99860137701035 0.05083060264587 0.0145424855873
vn -0.99381452798843 -0.10674761235714 -0.03062146529555
vn -0.8444881439209 0.53163570165634 0.06483287364244
vn -0.92055988311768 0.38919195532799 0.03315342217684
vn -0.96151471138 0.27296307682991 0.03131476417184
vn -0.99809521436691 0.06154486909509 0.00426933960989
vn -0.98286461830139 -0.18252842128277 -0.02569936588407
vn -0.99570775032043 -0.09232625365257 -0.00647210795432
vn -0.9828639626503 -0.17320035398006 -0.06308750063181
vn -0.83490025997162 0.54656338691711 -0.06488452851772
vn -0.94865530729294 0.31457632780075 -0.03308846056461
vn -0.94990557432175 0.31177645921707 -0.02179126814008
vn -0.99809491634369 0.06109230592847 -0.00861960183829
vn -0.98286604881287 -0.18387542665005 0.01281084213406
vn -0.99570858478546 -0.0916458144784 0.01286369655281
vn -0.68469911813736 0.70061045885086 -0.20082847774029
vn -0.68492329120636 0.72462183237076 -0.07617899030447
vn -0.92055857181549 0.37378332018852 -0.11339271813631
vn -0.9499037861824 0.30043849349022 -0.08613672852516
vn -0.83959758281708 0.51042115688324 -0.18586587905884
vn -0.99809950590134 -0.05861411616206 0.0190188139677
vn -0.99725556373596 0.06956027448177 -0.02535179443657
vn -0.60198181867599 0.6930832862854 -0.39655187726021
vn -0.92055469751358 0.3420490026474 -0.18863080441952
vn -0.94990193843842 0.27597019076347 -0.14672005176544
vn -0.83959418535233 0.4606291949749 -0.28792768716812
vn -0.99860036373138 0.044837359339 -0.02805198542774
vn -0.99237471818924 -0.10675606131554 0.06160831078887
vn -0.9067314863205 0.31165435910225 -0.28409421443939
vn -0.83974742889404 0.40349879860878 -0.36333590745926
vn -0.94079542160034 0.25315150618553 -0.22542908787727
vn -0.9972550868988 0.05324236676097 -0.05145418271422
vn -0.98286956548691 -0.14121116697788 0.11843474954367
vn -0.99685055017471 -0.05705327168107 0.05508064851165
vn -0.98288911581039 -0.15953174233437 0.09207937121391
vn -0.84447759389877 0.32198175787926 -0.42800161242485
vn -0.92049652338028 0.21845725178719 -0.32397931814194
vn -0.96150726079941 0.16362473368645 -0.22075039148331
vn -0.99860000610352 0.02956307306886 -0.04386438429356
vn -0.9828907251358 -0.10827607661486 0.1490039229393
vn -0.9957150220871 -0.05436769872904 0.07480506598949
vn -0.75957369804382 0.24743720889091 -0.60151696205139
vn -0.68479746580124 0.413489818573 -0.60006552934647
vn -0.9205801486969 0.1588421612978 -0.35679310560226
vn -0.95833504199982 0.12297882884741 -0.25781804323196
vn -0.83489114046097 0.21710745990276 -0.50578767061234
vn -0.99571532011032 -0.03762102127075 0.08447264879942
vn -0.99809616804123 0.025077290833 -0.0563487559557
vn -0.90672904253006 0.09018518030643 -0.41195759177208
vn -0.83973717689514 0.11289017647505 -0.53112834692001
vn -0.99809384346008 0.01493062730879 -0.05988071486354
vn -0.94079148769379 0.06863029301167 -0.33196568489075
vn -0.9828919172287 -0.0382979400456 0.18015745282173
vn -0.99726146459579 -0.01538112200797 0.07233958691359
vn -0.98289161920547 -0.07492332905531 0.16825748980045
vn -0.98289167881012 0.00000000745198 0.18418444693089
vn -0.68468731641769 0.12647618353367 -0.71777921915054
vn -0.68480098247528 0.52921158075333 -0.5009817481041
vn -0.98288804292679 -0.17519603669643 0.05689823627472
vn -0.68470400571823 0.72705292701721 0.05073915049434
vn -0.98288410902023 -0.1595324575901 -0.09213126450777
vn -0.68494111299515 0.42826852202415 0.58944183588028
vn -0.98288142681122 -0.03829969465733 -0.18021428585052
vn -0.75960278511047 -0.11697096377611 0.63978230953217
vn -0.98286211490631 0.10305323451757 -0.15284657478333
vn -0.68470990657806 -0.64355307817459 0.34206983447075
vn -0.98286479711533 0.18252772092819 -0.02569955028594
vn -0.68469911813736 -0.70061045885086 -0.20082850754261
vn -0.98286962509155 0.14121113717556 0.11843468248844
vn -0.68490934371948 -0.29635381698608 -0.66563773155212
vn 0.04932446032763 -0.00000001124404 -0.99878281354904
vn 0.03700075671077 -0.2077242732048 -0.97748738527298
vn 0.10227300226688 -0.17262701690197 -0.97966325283051
vn 0.10233513265848 -0.00000003185038 -0.99474996328354
vn -0.08833082020283 -0.22168831527233 -0.97110861539841
vn -0.03151119872928 -0.2283351123333 -0.97307252883911
vn -0.03940580412745 -0.00000000374866 -0.99922329187393
vn -0.09365306049585 -0.00000001623196 -0.99560487270355
vn 0.64682644605637 -0.18458786606789 -0.73996138572693
vn 0.10636845976114 -0.3907016813755 -0.91435110569
vn 0.647057056427 -0.31011539697647 -0.69652390480042
vn -0.05254880338907 -0.40617457032204 -0.91228330135345
vn 0.03171332925558 -0.42017549276352 -0.90688854455948
vn -0.08993930369616 -0.40508830547333 -0.90984308719635
vn 0.09662041813135 -0.56794512271881 -0.81737554073334
vn 0.57460576295853 -0.47682952880859 -0.66517800092697
vn -0.03377227112651 -0.59950268268585 -0.79965990781784
vn 0.04438309371471 -0.60404449701309 -0.79571372270584
vn -0.08988504856825 -0.55683368444443 -0.8257462978363
vn 0.03699396178126 -0.74260485172272 -0.66870731115341
vn 0.10225565731525 -0.71549201011658 -0.69109696149826
vn -0.09152533113956 -0.72992706298828 -0.67736965417862
vn -0.03939259424806 -0.76552206277847 -0.64220261573792
vn 0.0317043364048 -0.87298440933228 -0.48671656847
vn 0.1063562259078 -0.85352796316147 -0.51007688045502
vn -0.0876997038722 -0.85202008485794 -0.51611095666885
vn -0.04729651287198 -0.87534826993942 -0.48117399215698
vn 0.09661354124546 -0.93991929292679 -0.32744085788727
vn 0.57459461688995 -0.77998429536819 -0.24792230129242
vn 0.73887181282043 -0.58718121051788 -0.33058530092239
vn -0.03378560394049 -0.95503556728363 -0.29455998539925
vn 0.04436676576734 -0.95639234781265 -0.28869587182999
vn -0.08989883214235 -0.93584817647934 -0.3407438993454
vn 0.10224108397961 -0.98506331443787 -0.13855351507664
vn 0.64681321382523 -0.76079785823822 -0.05309645086527
vn -0.0394030623138 -0.99679720401764 -0.0695895254612
vn 0.03697757422924 -0.99383693933487 -0.10450288653374
vn -0.09154027700424 -0.98866951465607 -0.11896621435881
vn 0.02957076206803 -0.99606508016586 0.08354570716619
vn 0.10229653865099 -0.98930430412292 0.10398267954588
vn -0.08835925906897 -0.98895937204361 0.11896205693483
vn -0.03153884783387 -0.99160879850388 0.1253687441349
vn 0.03168109804392 -0.95510244369507 0.29457697272301
vn 0.09659563004971 -0.93991953134537 0.32744547724724
vn -0.04731359705329 -0.95626187324524 0.28866013884544
vn -0.08991724997759 -0.93584847450256 0.34073826670647
vn 0.57458567619324 -0.77675157785416 0.25789201259613
vn 0.10228995233774 -0.8614302277565 0.49746835231781
vn 0.64679944515228 -0.64671885967255 0.40423405170441
vn -0.03942020982504 -0.88231563568115 0.4690043926239
vn 0.03696423768997 -0.86540895700455 0.49970093369484
vn -0.08992373198271 -0.84455329179764 0.52786695957184
vn 0.10228136926889 -0.73917853832245 0.66569781303406
vn 0.64679366350174 -0.54854679107666 0.52986264228821
vn -0.03942288458347 -0.76552134752274 0.64220160245895
vn 0.03695913031697 -0.74260461330414 0.66870951652527
vn -0.08992399275303 -0.71634745597839 0.69192487001419
vn 0.03695512935519 -0.58734619617462 0.8084916472435
vn 0.10227757692337 -0.58462005853653 0.80483460426331
vn -0.04508042708039 -0.59927797317505 0.79927068948746
vn -0.09219347685575 -0.56823760271072 0.81768351793289
vn 0.04927658289671 -0.40624287724495 0.91243553161621
vn 0.10792424529791 -0.42331379652023 0.89953196048737
vn -0.08773552626371 -0.42422005534172 0.90129894018173
vn -0.03382061421871 -0.3927758038044 0.91901212930679
vn 0.64678657054901 -0.28561529517174 0.70717114210129
vn 0.10227613896132 -0.20682197809219 0.97301810979843
vn 0.64702135324478 -0.15852344036102 0.74581074714661
vn 0.02954925596714 -0.22834581136703 0.97313153743744
vn -0.03156683966517 -0.18719117343426 0.98181617259979
vn -0.08838550001383 -0.22168697416782 0.97110396623611
vn 0.10792442411184 0.02084462344646 0.99394053220749
vn 0.71386921405792 -0.01756598986685 0.70005869865417
vn -0.0473340973258 -0.02096764557064 0.99865901470184
vn 0.03695110231638 -0.0000000093708 0.99931704998016
vn -0.09157364815474 0.01496749743819 0.99568581581116
vn 0.02954914793372 0.22834585607052 0.97313153743744
vn 0.09821152687073 0.22145003080368 0.97021359205246
vn -0.03943641483784 0.17340275645256 0.98406112194061
vn -0.08993481099606 0.24105308949947 0.96633595228195
vn 0.04433935508132 0.38708883523941 0.92097568511963
vn 0.10221362113953 0.43617632985115 0.8940372467041
vn -0.0338205434382 0.3927763402462 0.91901189088821
vn -0.08993135392666 0.43669807910919 0.89510172605515
vn 0.10792344808578 0.6010861992836 0.79186356067657
vn 0.64679008722305 0.42639788985252 0.63233488798141
vn 0.64678657054901 0.28561535477638 0.70717114210129
vn 0.04223147407174 0.57504093647003 0.81703388690948
vn -0.04507926106453 0.59927755594254 0.79927104711533
vn -0.08998242020607 0.5854018330574 0.80573439598084
vn 0.10228055715561 0.7391784787178 0.66569805145264
vn 0.64679443836212 0.54854643344879 0.5298621058464
vn -0.03942183032632 0.76552182435989 0.64220106601715
vn 0.03695814311504 0.74260461330414 0.66870951652527
vn -0.08992395550013 0.71634691953659 0.69192540645599
vn 0.03696225956082 0.86540907621384 0.49970084428787
vn 0.1022881269455 0.86143052577972 0.49746814370155
vn -0.08992145210505 0.84455370903015 0.52786666154861
vn -0.03941828012466 0.88231533765793 0.46900510787964
vn 0.03168115764856 0.9551020860672 0.29457822442055
vn 0.09659480303526 0.93991935253143 0.32744625210762
vn -0.08991624414921 0.93584835529327 0.34073886275291
vn -0.04731415212154 0.95626145601273 0.28866136074066
vn 0.5745866894722 0.77675104141235 0.25789123773575
vn 0.10229893773794 0.98930412530899 0.10398223996162
vn 0.73886567354202 0.66935926675797 0.07768958806992
vn -0.03153897449374 0.99160879850388 0.12536865472794
vn 0.02957089617848 0.99606508016586 0.08354565501213
vn -0.08835975825787 0.98895937204361 0.11896204948425
vn 0.10224326699972 0.98506313562393 -0.13855293393135
vn 0.71388614177704 0.69804412126541 -0.05568576976657
vn -0.03940323367715 0.99679720401764 -0.06958947330713
vn 0.03697772696614 0.99383693933487 -0.10450280457735
vn -0.09154086560011 0.98866945505142 -0.11896621435881
vn 0.04930507019162 0.94990020990372 -0.3086399435997
vn 0.10230842232704 0.9460666179657 -0.30739378929138
vn -0.03378602862358 0.95503515005112 -0.29456129670143
vn -0.08989783376455 0.93584805727005 -0.34074452519417
vn 0.02466238848865 0.86576223373413 -0.49984747171402
vn 0.10231403261423 0.86148184537888 -0.49737396836281
vn -0.05255798250437 0.86482757329941 -0.49931046366692
vn -0.08994841575623 0.86251389980316 -0.4979749917984
vn 0.10225481539965 0.715491771698 -0.69109725952148
vn 0.71389377117157 0.53199011087418 -0.4553484916687
vn 0.73887175321579 0.58718138933182 -0.33058524131775
vn -0.03152064234018 0.7566836476326 -0.65302091836929
vn 0.03699296712875 0.74260485172272 -0.66870737075806
vn -0.08833904564381 0.75015062093735 -0.65533983707428
vn 0.10231446474791 0.58470231294632 -0.80477011203766
vn 0.57460564374924 0.47682949900627 -0.66517817974091
vn -0.03940957784653 0.58732879161835 -0.8083883523941
vn 0.04931857809424 0.5870708823204 -0.80803179740906
vn -0.09215051680803 0.60207033157349 -0.79310756921768
vn 0.03171369433403 0.39280128479004 -0.91907638311386
vn 0.10636758804321 0.41806724667549 -0.90216720104218
vn -0.08988477289677 0.43669828772545 -0.89510631561279
vn -0.04728441312909 0.38703939318657 -0.9208499789238
vn 0.09826887398958 0.192317917943 -0.97640001773834
vn 0.64682650566101 0.18458788096905 -0.73996132612228
vn 0.64705711603165 0.31011545658112 -0.69652390480042
vn -0.03151109069586 0.22833520174026 -0.97307246923447
vn 0.02959868125618 0.18720597028732 -0.98187464475632
vn -0.08833107352257 0.22168849408627 -0.97110855579376
vn 0.6470599770546 -0.00000000249807 -0.76243907213211
vn 0.47280117869377 0.83804529905319 -0.27228501439095
vn 0.6467998623848 0.64671868085861 0.40423378348351
vn 0.54432034492493 0.15035213530064 0.82529360055923
vn 0.64679026603699 -0.42639788985252 0.63233476877213
vn 0.73886543512344 -0.6693594455719 0.07769042253494
vn 0.71389317512512 -0.53199052810669 -0.45534893870354
vn 0.92985373735428 -0.00000000874734 -0.3679293692112
vn 0.8998851776123 -0.09068068116903 -0.42659547924995
vn 0.9824903011322 -0.03874200582504 -0.18224114179611
vn 0.98249012231827 -0.00000000093779 -0.18631456792355
vn 0.92543888092041 -0.07270341366529 -0.37185633182526
vn 0.90063440799713 -0.00000000062516 -0.43457752466202
vn 0.9778927564621 -0.09078194946051 -0.18837314844131
vn 0.99739879369736 -0.02932723239064 -0.06584538519382
vn 0.99739873409271 -0.01499335374683 -0.07050529122353
vn 0.91654479503632 -0.16267576813698 -0.36535224318504
vn 0.92425173521042 -0.14951072633266 -0.35129091143608
vn 0.98542714118958 -0.10360240936279 -0.13490699231625
vn 0.99739873409271 -0.04238072410226 -0.0583059489727
vn 0.91645526885986 -0.24639658629894 -0.31527522206306
vn 0.9154127240181 -0.22505688667297 -0.33371987938881
vn 0.91550296545029 -0.29898825287819 -0.26918455958366
vn 0.98653841018677 -0.12255523353815 -0.10826922208071
vn 0.91654276847839 -0.29722306132317 -0.26759639382362
vn 0.9062265753746 -0.37134566903114 -0.20212824642658
vn 0.97927039861679 -0.17597384750843 -0.10031276196241
vn 0.91645312309265 -0.33932653069496 -0.21206419169903
vn 0.98246574401855 -0.17923326790333 -0.05134668573737
vn 0.99739438295364 -0.06779691576958 -0.024658203125
vn 0.99739462137222 -0.06118456274271 -0.03821475058794
vn 0.91645038127899 -0.37600895762444 -0.13687926530838
vn 0.91549330949783 -0.38373985886574 -0.12089559435844
vn 0.98246479034424 -0.18599738180637 -0.01295901834965
vn 0.99739414453506 -0.07144590467215 -0.0100224679336
vn 0.91644990444183 -0.39625218510628 -0.0557112917304
vn 0.91548889875412 -0.40049973130226 -0.0384713076055
vn 0.915487408638 -0.39974984526634 0.04563868790865
vn 0.9824640750885 -0.18463103473186 0.02599558979273
vn 0.91644704341888 -0.39918276667595 0.02789122238755
vn 0.92423993349075 -0.3650176525116 0.11199420690536
vn 0.98246276378632 -0.17519867420197 0.06381515413523
vn 0.90986460447311 -0.39593899250031 0.1240111887455
vn 0.98653340339661 -0.14086636900902 0.08311717957258
vn 0.99739295244217 -0.06370805203915 0.03389133140445
vn 0.99739325046539 -0.06935747712851 0.01990505307913
vn 0.92542690038681 -0.33120754361153 0.18408308923244
vn 0.91548961400986 -0.34842789173126 0.20118840038776
vn 0.98247450590134 -0.14114159345627 0.12174947559834
vn 0.9973925948143 -0.05527465417981 0.04639687389135
vn 0.91644126176834 -0.30656507611275 0.25720277428627
vn 0.91539669036865 -0.2895282804966 0.27968245744705
vn 0.91539484262466 -0.22505849599838 0.33376780152321
vn 0.98247402906418 -0.11274983733892 0.14843259751797
vn 0.916439473629 -0.24639548361301 0.31532198190689
vn 0.90620839595795 -0.16223073005676 0.39047095179558
vn 0.97456073760986 -0.09115005284548 0.2047510445118
vn 0.91643685102463 -0.17545792460442 0.35966375470161
vn 0.99739533662796 -0.02932881750166 0.06589687615633
vn 0.9889377951622 -0.0308346003294 0.14509055018425
vn 0.99739503860474 -0.01499320939183 0.07055769860744
vn 0.91652780771256 -0.08315319567919 0.39123177528381
vn 0.92983335256577 -0.07650223374367 0.35994073748589
vn 0.9745597243309 -0.00000000398295 0.22412784397602
vn 0.99739503860474 0.00000000651944 0.07213255017996
vn 0.91652780771256 0 0.39997094869614
vn 0.89985907077789 -0.00000000499999 0.43618077039719
vn 0.92983335256577 0.07650224119425 0.35994079709053
vn 0.9889377951622 0.03083458356559 0.14509052038193
vn 0.91652780771256 0.08315321058035 0.39123180508614
vn 0.90620827674866 0.16223105788231 0.3904709815979
vn 0.97456079721451 0.09115022420883 0.20475092530251
vn 0.91643691062927 0.17545792460442 0.35966354608536
vn 0.99739533662796 0.02932883612812 0.06589686870575
vn 0.98653215169907 0.09489186108112 0.13322834670544
vn 0.99739217758179 0.04442658275366 0.05687779560685
vn 0.91643983125687 0.24639502167702 0.31532123684883
vn 0.92176902294159 0.2217254191637 0.31808766722679
vn 0.97926449775696 0.14980556070805 0.13637921214104
vn 0.99739265441895 0.05527447909117 0.04639685153961
vn 0.91644126176834 0.30656507611275 0.25720280408859
vn 0.90621078014374 0.30701506137848 0.29072970151901
vn 0.91548919677734 0.34842866659164 0.20118905603886
vn 0.98653334379196 0.14086680114269 0.0831173658371
vn 0.92542678117752 0.33120763301849 0.18408355116844
vn 0.92423987388611 0.36501780152321 0.1119939237833
vn 0.98246270418167 0.175199046731 0.06381487846375
vn 0.90986412763596 0.39593994617462 0.1240112259984
vn 0.99739325046539 0.0693577080965 0.01990493573248
vn 0.98246413469315 0.18463061749935 0.02599518932402
vn 0.9973937869072 0.07197327166796 0.00505063636228
vn 0.9164462685585 0.39918452501297 0.02789136581123
vn 0.91548764705658 0.39974930882454 0.04563856497407
vn 0.98246490955353 0.1859966814518 -0.01295876130462
vn 0.99739408493042 0.07144610583782 -0.01002222392708
vn 0.90709674358368 0.4173780977726 -0.05450746417046
vn 0.91548919677734 0.40049913525581 -0.03847094252706
vn 0.91549307107925 0.38374036550522 -0.12089547514915
vn 0.9824658036232 0.17923317849636 -0.05134604126215
vn 0.92292934656143 0.36372342705727 -0.12612165510654
vn 0.91549575328827 0.35021290183067 -0.19803638756275
vn 0.98246645927429 0.16463731229305 -0.08748856931925
vn 0.91645300388336 0.33932659029961 -0.21206453442574
vn 0.99739468097687 0.06118423864245 -0.03821478039026
vn 0.98246771097183 0.14284265041351 -0.11980454623699
vn 0.99739527702332 0.05189265310764 -0.05009850114584
vn 0.90709972381592 0.30561751127243 -0.28942710161209
vn 0.91549688577652 0.30138179659843 -0.26652294397354
vn 0.98542714118958 0.10360238701105 -0.13490715622902
vn 0.99739873409271 0.04238083586097 -0.0583060644567
vn 0.92543894052506 0.22771070897579 -0.30283752083778
vn 0.90895169973373 0.2413993626833 -0.33990159630775
vn 0.92425167560577 0.14951103925705 -0.35129082202911
vn 0.9778927564621 0.09078212827444 -0.18837301433086
vn 0.91654485464096 0.16267576813698 -0.36535209417343
vn 0.99739879369736 0.02932724915445 -0.06584539264441
vn 0.9824903011322 0.0387419834733 -0.18224108219147
vn 0.99739873409271 0.01499330438673 -0.07050523161888
vn 0.92543882131577 0.07270346581936 -0.37185645103455
vn 0.89988511800766 0.09068070352077 -0.42659550905228
vn 0.99739867448807 0.00000000768363 -0.07208213210106
vn 0.99739438295364 0.06779706478119 -0.02465801313519
vn 0.99739295244217 0.06370796263218 0.03389127925038
vn 0.99739503860474 0.01499315910041 0.0705576390028
vn 0.99739217758179 -0.0444265678525 0.05687769502401
vn 0.9973937869072 -0.07197324186563 0.00505083473399
vn 0.99739527702332 -0.05189269408584 -0.05009843409061
vn 0.53621804714203 0.24208070337772 0.8086205124855
vn 0.91364794969559 0.3814392387867 0.14054003357887
vn 0.63006854057312 0.77215933799744 0.08236284554005
vn 0.88073933124542 0.17571456730366 -0.43979841470718
vn 0.53621828556061 -0.4389480650425 -0.72096782922745
vn 0.63007837533951 0.45548486709595 -0.62891554832458
vn 0.53618681430817 0.76291942596436 0.36118915677071
vn 0.92417633533478 0.37373548746109 -0.07886636257172
vn 0.53291809558868 0.55305397510529 -0.64041364192963
vn 0.94743722677231 -0.21441997587681 -0.23745901882648
vn 0.53619289398193 -0.82951164245605 -0.15622942149639
vn 0.5329202413559 -0.07097592204809 -0.84318351745605
vn 0.53618687391281 0.77890825271606 -0.32527768611908
vn 0.91366267204285 0.09987641870975 -0.39401173591614
vn 0.63013100624084 0.00121118442621 -0.77648788690567
vn 0.88072401285172 -0.45579195022583 -0.12875899672508
vn 0.53613895177841 -0.67117840051651 0.5119321346283
vn 0.63005417585373 -0.67310225963593 -0.38725334405899
vn 0.53620487451553 0.27943712472916 -0.79649186134338
vn 0.92418557405472 -0.11753343045712 -0.363410115242
vn 0.53295111656189 -0.69472044706345 -0.48303899168968
vn 0.91364514827728 -0.3438977599144 0.21676462888718
vn 0.53616678714752 -0.06870337575674 0.84131151437759
vn 0.63006085157394 -0.73816984891891 0.24109882116318
vn 0.53620588779449 -0.40492305159569 -0.7406217455864
vn 0.91365212202072 -0.40232181549072 -0.05811173841357
vn 0.63007783889771 -0.77239942550659 0.08000699430704
vn 0.9136403799057 -0.06903824210167 0.40061816573143
vn 0.53618180751801 0.57925045490265 0.61398535966873
vn 0.63002473115921 -0.31478834152222 0.70991343259811
vn 0.53620558977127 -0.82133841514587 -0.19464518129826
vn 0.92417031526566 -0.34915834665298 0.15491193532944
vn 0.53287714719772 -0.4078004360199 0.74144500494003
vn 0.91364377737045 0.25149849057198 0.31938001513481
vn 0.53617513179779 0.84387898445129 -0.01960813440382
vn 0.63004618883133 0.31691896915436 0.70894581079483
vn 0.53618186712265 -0.69424068927765 0.48014464974403
vn 0.88071125745773 -0.01836985349655 0.47329720854759
vn 0.63008177280426 0.16028164327145 0.75980705022812
vn 0.94743078947067 0.31288212537766 -0.0669306665659
vn 0.53623276948929 0.5500528216362 -0.64023143053055
vn 0.53291791677475 0.76570272445679 0.36013576388359
vn 0.53618657588959 -0.10774470865726 0.83719474077225
vn 0.88071006536484 0.3394330739975 0.33035576343536
vn 0.63004130125046 0.67192894220352 0.3893064558506
vn 0.94743651151657 0.2586008310318 -0.18838714063168
vn 0.53623867034912 0.24209004640579 -0.80860406160355
vn 0.53290736675262 0.84599125385284 0.01756582595408
vn 0.53615945577621 -0.43894627690315 0.72101265192032
vn 0.88071465492249 0.1757198125124 0.43984571099281
vn 0.6300595998764 0.45548123121262 0.62893694639206
vn 0.94742661714554 0.31306758522987 0.06611751019955
vn 0.53617906570435 0.76294070482254 -0.36115580797195
vn 0.53292775154114 0.55301690101624 0.64043766260147
vn 0.53618705272675 -0.82951009273529 0.15625765919685
vn 0.92416483163834 -0.25598260760307 0.28353524208069
vn 0.53290641307831 -0.07097297161818 0.84319251775742
vn 0.91364073753357 0.09987009316683 0.39406418800354
vn 0.53615230321884 0.7789152264595 0.32531794905663
vn 0.63003945350647 0.00120337086264 0.77656215429306
vn 0.53615599870682 -0.67119401693344 -0.51189380884171
vn 0.92417681217194 -0.38196468353271 -0.0005024211132
vn 0.53289020061493 -0.67411679029465 0.5114631652832
vn 0.92416280508041 -0.11753065139055 0.36346900463104
vn 0.53617370128632 0.27944549918175 0.79650986194611
vn 0.53293067216873 -0.69472068548203 0.48306116461754
vn 0.53622633218765 -0.06869002431631 -0.84127461910248
vn 0.92417997121811 -0.25520390272141 -0.28418725728989
vn 0.53293097019196 -0.8311425447464 -0.1587031930685
vn 0.91365301609039 -0.40231341123581 0.05815609917045
vn 0.53613638877869 -0.40493541955948 0.74066531658173
vn 0.63007795810699 -0.7724022269249 -0.07997860759497
vn 0.5361967086792 0.57924568653107 -0.61397683620453
vn 0.94743651151657 0.03389313817024 -0.31814351677895
vn 0.53292208909988 -0.43818542361259 -0.72386986017227
vn 0.92417508363724 -0.34917113184929 -0.15485462546349
vn 0.53620332479477 -0.8213317990303 0.19467930495739
vn 0.53296488523483 -0.40777915716171 -0.74139368534088
vn 0.53616935014725 0.84388196468353 0.01963837817311
vn 0.88072389364243 0.29305240511894 -0.37208294868469
vn 0.63005942106247 0.31692910194397 -0.70892947912216
vn 0.91366654634476 -0.01575684733689 -0.4061590731144
vn 0.53621822595596 -0.69424515962601 -0.48009759187698
vn 0.63007688522339 0.16031430661678 -0.75980424880981
vn 0.53615891933441 0.55006420612335 0.64028358459473
vn 0.9474310874939 0.31286913156509 0.06698726117611
vn 0.53293132781982 0.76570188999176 -0.36011773347855
vn 0.92419070005417 0.19052469730377 -0.33101642131805
vn 0.53626310825348 -0.10774906724691 -0.83714514970779
vn 0.53294056653976 0.77997678518295 -0.32804048061371
vn -0.80774134397507 0.02064256556332 -0.58917558193207
vn -1 -0.00000000000023 -0.00002616249367
vn -0.80773967504501 -0.10229859501123 -0.58059591054916
vn -0.80774080753326 -0.32959827780724 -0.48879417777061
vn -0.76193261146545 -0.48129346966743 -0.43337664008141
vn -0.8077455163002 -0.52054661512375 -0.27672803401947
vn -0.80775439739227 -0.58808642625809 -0.04107565060258
vn -0.8077564239502 -0.58377313613892 0.08208798617125
vn -0.80775690078735 -0.55394691228867 0.20167192816734
vn -0.8694794178009 -0.36710178852081 0.33051741123199
vn -0.76195478439331 -0.38067853450775 0.52393585443497
vn -0.80776715278625 -0.22077783942223 0.54659801721573
vn -0.76196056604385 0.00000019431978 0.6476234793663
vn -0.80776822566986 0.14268612861633 0.57197135686874
vn -0.86947983503342 0.20092380046844 0.45125865936279
vn -0.8694794178009 0.36710146069527 0.33051779866219
vn -0.80776047706604 0.49990510940552 0.31243857741356
vn -0.80775678157806 0.5539470911026 0.20167195796967
vn -0.8077540397644 0.5880868434906 -0.04107566922903
vn -0.8077495098114 0.56670188903809 -0.16244910657406
vn -0.80774509906769 0.52054697275162 -0.27672868967056
vn -0.80774015188217 0.32959806919098 -0.48879545927048
vn -0.86945366859436 0.2009255439043 -0.45130831003189
vn -0.80773437023163 0.14268204569817 -0.57202017307281
vn -0.76193225383759 0.48129367828369 -0.4333770275116
vn -0.80775630474091 0.5837733745575 0.08208757638931
vn -0.76195418834686 0.38067835569382 0.52393686771393
vn -0.86948537826538 -0.10270656645298 0.48316311836243
vn -0.80776107311249 -0.49990433454514 0.31243839859962
vn -0.80774945020676 -0.56670171022415 -0.16244998574257
vn -0.80773454904556 -0.22078144550323 -0.54664468765259
vn -0.80773615837097 -0.25849306583405 -0.5298525094986
vn -0.86932641267776 -0.11961890757084 -0.47954452037811
vn -0.90655505657196 -0.25988736748695 -0.33259060978889
vn -0.86933690309525 -0.46438810229301 -0.16910645365715
vn -0.90655744075775 -0.35791027545929 -0.22372706234455
vn -0.80775171518326 -0.58377325534821 -0.08213414251804
vn -0.90656596422195 -0.37269258499146 0.19808693230152
vn -0.86934125423431 -0.47508877515793 0.13614848256111
vn -0.76195198297501 -0.48129531741142 0.43334046006203
vn -0.76195895671844 -0.13465569913387 0.63347172737122
vn -0.90657150745392 -0.18507014214993 0.37931135296822
vn -0.9463187456131 0.0000001856594 0.32323488593102
vn -0.91978579759598 0.23066928982735 0.31746777892113
vn -0.8694811463356 0.20092234015465 0.4512568116188
vn -0.76195174455643 0.48129537701607 0.4333408176899
vn -0.86934238672256 0.49301213026047 0.03439190983772
vn -0.8693413734436 0.47508856654167 0.13614839315414
vn -0.80775153636932 0.58377355337143 -0.08213371038437
vn -0.86946392059326 0.36710229516029 -0.33055767416954
vn -0.90655714273453 0.35791060328484 -0.22372776269913
vn -0.90655505657196 0.25988674163818 -0.33259102702141
vn -0.80773967504501 0.1023032143712 -0.58059513568878
vn -0.8265021443367 0.22895760834217 -0.51426899433136
vn -0.90655416250229 -0.01477493718266 -0.42183077335358
vn -0.8693368434906 0.46438831090927 -0.16910614073277
vn -0.90656572580338 0.37269303202629 0.19808702170849
vn -0.8077689409256 0.10230924934149 0.58055335283279
vn -0.91978573799133 -0.2306702286005 0.31746718287468
vn -0.86934268474579 -0.49301168322563 0.03439223766327
vn -0.86946392059326 -0.367102175951 -0.3305578827858
vn -0.89262533187866 0.07823273539543 0.44395908713341
vn -0.89273625612259 -0.00000002509315 0.45057955384254
vn -0.89273256063461 0.33486285805702 0.30148875713348
vn -0.89273566007614 0.26485651731491 0.36451900005341
vn -0.8927309513092 0.39023271203041 0.22527745366096
vn -0.93353325128555 0.35652467608452 -0.03749422356486
vn -0.89272618293762 0.44813376665115 0.04707564413548
vn -0.85790890455246 0.48864847421646 -0.15879227221012
vn -0.8926038146019 0.2520566880703 -0.373799264431
vn -0.92278355360031 0.27713367342949 -0.26770767569542
vn -0.84264528751373 0.20164853334427 -0.49928632378578
vn -0.95517897605896 -0.06153833121061 -0.28956210613251
vn -0.80528265237808 -0.00000010042437 -0.59289109706879
vn -0.84264522790909 -0.20164823532104 -0.49928647279739
vn -0.89271879196167 -0.39023151993752 -0.2253276258707
vn -0.892717897892 -0.33486318588257 -0.30153167247772
vn -0.85790878534317 -0.48864841461182 -0.15879291296005
vn -0.89261662960052 -0.42361959815025 0.15421426296234
vn -0.89272618293762 -0.44813370704651 0.04707557335496
vn -0.89273059368134 -0.39023238420486 0.22527922689915
vn -0.85792446136475 -0.2089779227972 0.46935465931892
vn -0.89273571968079 -0.26485779881477 0.3645179271698
vn -0.92279946804047 -0.06686374545097 0.37943434715271
vn -0.89273250102997 -0.33486321568489 0.30148845911026
vn -0.93353325128555 -0.35652467608452 -0.03749423101544
vn -0.8926038146019 -0.252057492733 -0.37379863858223
vn -0.95517897605896 0.06153836101294 -0.28956201672554
vn -0.84265077114105 0.45659795403481 -0.28540855646133
vn -0.89261668920517 0.42361962795258 0.15421345829964
vn -0.89273631572723 0.18327486515045 0.41162148118019
vn -0.33026045560837 0.01590573787689 0.9437558054924
vn -0.28056100010872 0.23230975866318 0.9312989115715
vn -0.47721147537231 0.15249656140804 0.86545598506927
vn -0.36367124319077 -0.02455003745854 0.93120378255844
vn -0.210035353899 0.41788852214813 0.88388592004776
vn -0.33025920391083 0.56760144233704 0.7541601061821
vn -0.21002544462681 0.74127161502838 0.63749957084656
vn -0.55415487289429 0.6067036986351 0.56993252038956
vn -0.4772076010704 0.4913387298584 0.72860080003738
vn -0.33024799823761 0.82527881860733 0.45809510350227
vn -0.47740161418915 0.75569331645966 0.44834724068642
vn -0.28054022789001 0.92269253730774 0.26445358991623
vn -0.28068932890892 0.95454150438309 0.10031946748495
vn -0.47742331027985 0.87386119365692 0.09183435887098
vn -0.28068539500237 0.95454132556915 -0.10033202916384
vn -0.58341503143311 0.80636918544769 -0.09693121165037
vn -0.28068199753761 0.91282254457474 -0.29660186171532
vn -0.28645193576813 0.91120082139969 -0.29607152938843
vn -0.28052321076393 0.8475438952446 -0.45052871108055
vn -0.28051421046257 0.73535430431366 -0.61690014600754
vn -0.55412620306015 0.6067026257515 -0.56996148824692
vn -0.28051313757896 0.59102880954742 -0.75630503892899
vn -0.47717574238777 0.49133679270744 -0.72862297296524
vn -0.28051215410233 0.42086783051491 -0.86266052722931
vn -0.47717022895813 0.32911214232445 -0.81485813856125
vn -0.330212444067 0.21177837252617 -0.91984218358994
vn -0.16265760362148 -0.00000019515527 -0.98668259382248
vn -0.33021247386932 -0.21177831292152 -0.91984218358994
vn -0.36362639069557 -0.16959452629089 -0.91597682237625
vn -0.58339107036591 -0.01209884230047 -0.8121013045311
vn -0.28051051497459 -0.42086687684059 -0.86266154050827
vn -0.47716990113258 -0.32911118865013 -0.8148587346077
vn -0.28051343560219 -0.59102964401245 -0.7563042640686
vn -0.20998813211918 -0.74127388000488 -0.63750928640366
vn -0.3302246928215 -0.82527720928192 -0.45811480283737
vn -0.47738334536552 -0.75568956136703 -0.44837310910225
vn -0.5541267991066 -0.6067031621933 -0.56996023654938
vn -0.28068152070045 -0.912821829319 -0.29660451412201
vn -0.28645411133766 -0.91119885444641 -0.29607552289963
vn -0.28068974614143 -0.95454001426697 -0.10033272206783
vn -0.28069519996643 -0.95453983545303 0.10031912475824
vn -0.47742331027985 -0.87386113405228 0.09183517843485
vn -0.28054183721542 -0.9226912856102 0.26445627212524
vn -0.36366358399391 -0.87804609537125 0.31110098958015
vn -0.33024770021439 -0.8252779841423 0.45809686183929
vn -0.55415225028992 -0.7119454741478 0.43133389949799
vn -0.21002645790577 -0.74127358198166 0.63749700784683
vn -0.33025950193405 -0.56760227680206 0.75415933132172
vn -0.47720712423325 -0.49133810400963 0.72860157489777
vn -0.21003329753876 -0.41788727045059 0.88388699293137
vn -0.47721076011658 -0.32911026477814 0.81483513116837
vn -0.23033779859543 -0.21489046514034 0.94908726215363
vn -0.58343291282654 -0.15700273215771 0.79684138298035
vn -0.47720751166344 -0.63208734989166 0.61052316427231
vn -0.58341473340988 -0.80636918544769 -0.09693283587694
vn -0.47717532515526 -0.491336196661 -0.72862368822098
vn -0.47716704010963 0.15250347554684 -0.86547923088074
vn -0.47738146781921 0.75568997859955 -0.44837436079979
vn -0.36366352438927 0.87804794311523 0.31109583377838
vn -0.47721120715141 0.32911121845245 0.81483453512192
vn -0.87154239416122 0.21500292420387 0.44066718220711
vn -0.87154686450958 0.11867410689592 0.47573372721672
vn -0.87154108285904 0.30192810297012 0.38633611798286
vn -0.87167185544968 0.46611019968987 0.1514245569706
vn -0.87154239416122 0.41579657793045 0.25985962152481
vn -0.87167662382126 0.48739889264107 0.05120695382357
vn -0.87153249979019 0.41578888893127 -0.25990518927574
vn -0.87166452407837 0.46610966324806 -0.15146860480309
vn -0.87166333198547 0.36420729756355 -0.32795745134354
vn -0.8715238571167 0.11867788434029 -0.47577491402626
vn -0.87152576446533 0.21499583125114 -0.44070360064507
vn -0.87152487039566 0.01716793701053 -0.49005070328712
vn -0.87152969837189 -0.30191937088966 -0.38636866211891
vn -0.871526658535 -0.21499437093735 -0.44070243835449
vn -0.87166291475296 -0.36420777440071 -0.32795795798302
vn -0.87153816223145 -0.48913565278053 -0.03417015448213
vn -0.87166398763657 -0.46611046791077 -0.15146926045418
vn -0.87167060375214 -0.48740968108177 0.05120667815208
vn -0.87154561281204 -0.37564957141876 0.31511208415031
vn -0.87167185544968 -0.42444133758545 0.24502591788769
vn -0.87154078483582 -0.30192857980728 0.38633635640144
vn -0.87154680490494 -0.11867421865463 0.4757336974144
vn -0.87154334783554 -0.21500146389008 0.44066607952118
vn -0.87167263031006 -0.00000007926736 0.49008855223656
vn -0.87167131900787 -0.46611100435257 0.15142521262169
vn -0.87153404951096 -0.41578680276871 -0.25990328192711
vn -0.8716527223587 -0.10189942270517 -0.47941425442696
vn -0.87152993679047 0.30191892385483 -0.38636845350266
vn -0.87154418230057 0.48912486433983 -0.03417033329606
vn -0.87167489528656 0.36421427130699 0.32791897654533
vn 0.22124589979649 0.00000000378886 -0.97521805763245
vn 0.2212451249361 -0.20276083052158 -0.95390701293945
vn 0.06960013508797 -0.20740905404091 -0.97577524185181
vn 0.06959660351276 -0.00000006742282 -0.99757522344589
vn 0.11256275326014 -0.19162057340145 -0.97499293088913
vn 0.00337085523643 0.02136966772377 -0.99976593255997
vn -0.23966401815414 -0.03399623557925 -0.9702605009079
vn -0.23964168131351 -0.23497357964516 -0.94199746847153
vn -0.03890484943986 -0.40642932057381 -0.91285353899002
vn 0.24269272387028 -0.38069757819176 -0.89228338003159
vn 0.067148886621 -0.58705896139145 -0.80675452947617
vn 0.19963289797306 -0.58732712268829 -0.78434276580811
vn 0.22123722732067 -0.72473150491714 -0.65254753828049
vn 0.06959124654531 -0.74134266376495 -0.66750890016556
vn 0.06959562748671 -0.58636009693146 -0.8070552945137
vn -0.23964935541153 -0.69829666614532 -0.67449980974197
vn 0.11256129294634 -0.74856233596802 -0.65344041585922
vn -0.23965023458004 -0.5428032875061 -0.80494248867035
vn 0.19962500035763 -0.84144282341003 -0.50211930274963
vn 0.06958707422018 -0.86392658948898 -0.49878704547882
vn -0.23964746296406 -0.82327681779861 -0.5145720243454
vn 0.06710126250982 -0.88101297616959 -0.46830919384956
vn 0.06709335744381 -0.95912665128708 -0.27490815520287
vn 0.2212281525135 -0.92785829305649 -0.30022838711739
vn 0.13059498369694 -0.98793524503708 -0.08324015885592
vn 0.25120580196381 -0.96036392450333 -0.12081719189882
vn 0.0695818811655 -0.99211156368256 -0.10427387058735
vn 0.2426682561636 -0.96625983715057 0.08633673191071
vn 0.0695328488946 -0.98785537481308 0.1389494985342
vn 0.00335240573622 -0.99652308225632 0.08324938267469
vn -0.23980525135994 -0.96550190448761 -0.10148674994707
vn -0.23967362940311 -0.96139055490494 0.13522116839886
vn 0.19960458576679 -0.92745232582092 0.31621217727661
vn 0.06956874579191 -0.94875222444534 0.30826830863953
vn 0.06707728654146 -0.95912724733353 0.27491018176079
vn -0.23967882990837 -0.91226661205292 0.33215001225471
vn 0.11252823472023 -0.8680636882782 0.48353162407875
vn 0.19091725349426 -0.83929538726807 0.50905185937881
vn 0.00333611294627 -0.75727158784866 0.65309154987335
vn 0.27109280228615 -0.71531105041504 0.64407980442047
vn 0.06955756992102 -0.74134230613708 0.66751277446747
vn 0.22119948267937 -0.57418060302734 0.78828132152557
vn 0.06950929015875 -0.55774658918381 0.82709562778473
vn 0.02153733931482 -0.59943318367004 0.8001349568367
vn -0.2396929115057 -0.69829380512238 0.67448723316193
vn -0.23982468247414 -0.57063639163971 0.78540325164795
vn 0.17071028053761 -0.40076836943626 0.90013486146927
vn 0.06955018639565 -0.40575122833252 0.91133350133896
vn -0.23968756198883 -0.42569679021835 0.87254345417023
vn 0.11251748353243 -0.39014998078346 0.91385054588318
vn 0.06709669530392 -0.20743848383427 0.97594434022903
vn 0.27108573913574 -0.20012818276882 0.94152069091797
vn 0.0670997351408 0.00000008155405 0.9977462887764
vn 0.17070727050304 -0.00000000252286 0.98532176017761
vn 0.27108564972878 0.20012807846069 0.94152075052261
vn 0.06955215334892 0.20741261541843 0.97577792406082
vn 0.06955274194479 -0.00000006742285 0.99757826328278
vn -0.23970131576061 0.16847014427185 0.95611768960953
vn 0.00332519225776 0.22876363992691 0.97347629070282
vn -0.23982115089893 0.00000025089045 0.97081708908081
vn 0.17071045935154 0.400769084692 0.9001345038414
vn 0.06955020129681 0.40575298666954 0.91133266687393
vn -0.23983179032803 0.39487218856812 0.88688027858734
vn 0.17239490151405 0.40065187215805 0.89986556768417
vn 0.02153786085546 0.59943419694901 0.80013418197632
vn 0.22120037674904 0.5741805434227 0.78828114271164
vn 0.00333716324531 0.75727099180222 0.65309226512909
vn 0.27109295129776 0.71531075239182 0.6440801024437
vn 0.06955975294113 0.74134206771851 0.66751283407211
vn 0.19091898202896 0.83929514884949 0.50905168056488
vn 0.06952438503504 0.88086301088333 0.46823793649673
vn -0.23968185484409 0.82327425479889 0.51456016302109
vn 0.11252762377262 0.86806297302246 0.48353305459023
vn -0.23968946933746 0.69829535484314 0.67448687553406
vn 0.19960547983646 0.9274525642395 0.31621095538139
vn 0.06957154721022 0.94875109195709 0.3082711994648
vn -0.2396799325943 0.91226702928543 0.33214816451073
vn 0.0670762360096 0.95912790298462 0.27490815520287
vn 0.00334808905609 0.99652308225632 0.08324950188398
vn 0.24266830086708 0.96626001596451 0.08633477985859
vn 0.13059359788895 0.98793542385101 -0.08324027061462
vn 0.25120586156845 0.9603642821312 -0.12081441283226
vn 0.06957999616861 0.99211168289185 -0.10427360236645
vn 0.22122868895531 0.92785859107971 -0.30022701621056
vn 0.06954426318407 0.93737941980362 -0.3412966132164
vn 0.06709227710962 0.95912736654282 -0.2749060690403
vn -0.23981221020222 0.9655002951622 -0.10148531198502
vn -0.23965989053249 0.9122679233551 -0.33216014504433
vn 0.22123286128044 0.84516042470932 -0.4865797162056
vn 0.06954770535231 0.84593421220779 -0.52873289585114
vn 0.06710080802441 0.88101214170456 -0.46831083297729
vn -0.23964668810368 0.82327580451965 -0.51457399129868
vn 0.11256193369627 0.74856179952621 -0.65344089269638
vn 0.1909481883049 0.74348616600037 -0.64091116189957
vn 0.0671496912837 0.58706015348434 -0.8067535161972
vn 0.2211117297411 0.60051292181015 -0.76843595504761
vn 0.06955417990685 0.5577444434166 -0.82709330320358
vn 0.22124333679676 0.39666154980659 -0.89090460538864
vn 0.06959639489651 0.40575313568115 -0.91132909059525
vn 0.00338066858239 0.42616730928421 -0.90463805198669
vn -0.23965010046959 0.54280352592468 -0.80494230985641
vn -0.23964227735996 0.36358740925789 -0.90020871162415
vn 0.11256731301546 0.22151628136635 -0.96863776445389
vn 0.2212450504303 0.20276066660881 -0.9539070725441
vn 0.069600045681 0.20740896463394 -0.97577524185181
vn -0.23965449631214 0.16847644746304 -0.95612835884094
vn -0.23964592814445 0.6982980966568 -0.67449957132339
vn 0.06955157965422 0.71751898527145 -0.69305783510208
vn -0.23967987298965 0.96138924360275 0.13521930575371
vn 0.06953151524067 0.98785549402237 0.13894918560982
vn -0.2398246973753 0.57063680887222 0.78540289402008
vn 0.06951043754816 0.55774766206741 0.8270947933197
vn -0.23983614146709 -0.20184190571308 0.94959908723831
vn 0.06955225020647 -0.2074127048254 0.97577786445618
vn -0.23968259990215 -0.8232753276825 0.51455807685852
vn 0.06952179968357 -0.88086313009262 0.46823805570602
vn -0.23965883255005 -0.91226750612259 -0.3321621119976
vn 0.06954151391983 -0.93738037347794 -0.34129470586777
vn -0.23977971076965 -0.39487117528915 -0.88689482212067
vn 0.06955420970917 -0.43741080164909 -0.89656788110733
vn -0.84217435121536 0.2193274050951 0.49258279800415
vn -0.58556652069092 0.19620183110237 0.78652191162109
vn -1 0.00000029598999 -0.0000313377459
vn -1 0.00000008922409 -0.00002321551801
vn -0.6278709769249 0.45748782157898 0.62966895103455
vn -1 0.00000463819106 -0.00001800315113
vn -1 -0.00000149707 -0.00002889376265
vn -0.72666704654694 0.66040378808975 0.18926638364792
vn -0.72687941789627 0.59476470947266 0.3433675467968
vn -1 -0.00000189976959 -0.00002793209023
vn -1 -0.00000903118416 -0.00002799381036
vn -0.84216612577438 0.53626668453217 0.05634012818336
vn -0.81237286329269 0.5149033665657 -0.27372395992279
vn -0.84215545654297 0.51283711194992 -0.1666501313448
vn -1 0.00000407740754 -0.00002598523497
vn -1 -0.00000325289102 -0.00002644807319
vn -1 -0.00000367337634 -0.00002177236274
vn -0.7266508936882 0.52631902694702 -0.44155043363571
vn -0.8123659491539 0.14113816618919 -0.56581056118011
vn -0.72664737701416 0.30122721195221 -0.61745101213455
vn -1 -0.00000444896932 -0.00001867718856
vn -1 0.00000288368688 -0.00002598618266
vn -1 0.00000000000011 -0.00002601789674
vn -0.48522955179214 0 -0.87438678741455
vn -1 0.00000488741716 -0.00001937550405
vn -0.72664749622345 -0.42301699519157 -0.54133170843124
vn -0.72685694694519 -0.27933517098427 -0.62741601467133
vn -1 0.00000520293679 -0.00001370858809
vn -1 0.00000389387469 -0.00002202244832
vn -0.58553564548492 -0.62104398012161 -0.52101093530655
vn -1 -0.00000145094555 -0.00002399404184
vn -0.62785655260086 -0.77406340837479 -0.08137555420399
vn -0.84215486049652 -0.51283806562424 -0.16665028035641
vn -1 -0.0000040773466 -0.00002598523861
vn -1 0.00000740148562 -0.0000291430224
vn -0.72687613964081 -0.6830085515976 0.07176643610001
vn -1 -0.00000384162968 -0.00002176384078
vn -0.72687917947769 -0.51037466526031 0.45952618122101
vn -0.72687858343124 -0.5947659611702 0.34336712956429
vn -1 0.00000189974435 -0.00002793207568
vn -0.72688150405884 -0.40367510914803 0.55559849739075
vn -1 -0.00000432808156 -0.00001600858377
vn -1 -0.00000029600142 -0.00003133773862
vn -0.58556669950485 -0.19620221853256 0.78652167320251
vn -0.84217458963394 -0.21932698786259 0.49258267879486
vn -1 -0.00000008922924 -0.0000232155071
vn -0.72688764333725 0 0.68675637245178
vn -1 -0.00000000000205 -0.00003122154158
vn -0.72666627168655 -0.66040432453156 0.1892678886652
vn -1 0.00000149704829 -0.00002889375719
vn -0.8123722076416 -0.51490432024002 -0.2737241089344
vn -1 0.000003252846 -0.00002644809501
vn -0.84214770793915 -0.11211339384317 -0.527463555336
vn -1 0.00000070436181 -0.00002179496187
vn -0.58553200960159 0.49915045499802 -0.63874959945679
vn -1 -0.00000507027562 -0.00001992951911
vn -0.48524782061577 0.86958545446396 -0.09140970557928
vn -1 -0.00000220779953 -0.00002614318691
vn -0.84216731786728 0.40072649717331 0.36079415678978
vn -1 0.00000231629997 -0.00002285724258
vn -0.52626442909241 0.16827856004238 0.83350348472595
vn -0.84499162435532 0.12943851947784 0.51887845993042
vn -0.84513813257217 0.00000001772303 0.53454792499542
vn -0.57578819990158 0.00000004655411 0.81759887933731
vn -0.11810084432364 0.18581134080887 0.9754621386528
vn -0.16238091886044 0.00000004007271 0.98672813177109
vn -0.13475482165813 0.40302896499634 0.90521198511124
vn -0.68250149488449 0.29728364944458 0.66769313812256
vn -0.52626025676727 0.50682187080383 0.68277496099472
vn -0.13475272059441 0.58242231607437 0.80163955688477
vn -0.84498834609985 0.38466185331345 0.37152382731438
vn -0.84499251842499 0.29900330305099 0.44337874650955
vn -0.5755415558815 0.62651842832565 0.5255725979805
vn -0.12286038696766 0.72759288549423 0.67491769790649
vn -0.84498554468155 0.45350527763367 0.28342968225479
vn -0.57553845643997 0.72210222482681 0.38382789492607
vn -0.15130136907101 0.84557890892029 0.5119611620903
vn -0.13465946912766 0.9310964345932 0.33900770545006
vn -0.57553398609161 0.78612822294235 0.22530661523342
vn -0.12284810841084 0.98534363508224 0.1183479949832
vn -0.50587999820709 0.85990875959396 0.06813479214907
vn -0.62313425540924 0.7760169506073 -0.09747520089149
vn -0.84512364864349 0.5316401720047 -0.05589958280325
vn -0.84512519836426 0.53164231777191 0.05585534125566
vn -0.15128995478153 0.98501282930374 -0.08283174037933
vn -0.84497183561325 0.51410412788391 -0.14737559854984
vn -0.57552123069763 0.76843148469925 -0.27980047464371
vn -0.12283876538277 0.94829475879669 -0.29265627264976
vn -0.14655826985836 0.84905230998993 -0.50757342576981
vn -0.64145195484161 0.65822070837021 -0.3940621316433
vn -0.50586414337158 0.65562433004379 -0.56058740615845
vn -0.13463589549065 0.71270883083344 -0.68841791152954
vn -0.52622473239899 0.50682199001312 -0.68280225992203
vn -0.84496486186981 0.29900774359703 -0.44342845678329
vn -0.84511470794678 0.39726391434669 -0.3577184677124
vn -0.11805853992701 0.56650590896606 -0.81555700302124
vn -0.68246519565582 0.29728400707245 -0.66773003339767
vn -0.84511488676071 0.21742554008961 -0.48837170004845
vn -0.14655017852783 0.38855630159378 -0.90969610214233
vn -0.45796722173691 0.1848261654377 -0.86954319477081
vn -0.11805529892445 0.18581815063953 -0.97546631097794
vn -0.16232934594154 0.00000003756817 -0.98673665523529
vn -0.68246078491211 0.0000000394027 -0.73092216253281
vn -0.84511017799377 -0.11114326864481 -0.52291107177734
vn -0.84511238336563 0.00000001679025 -0.5345886349678
vn -0.45796722173691 -0.18482610583305 -0.86954319477081
vn -0.10698118805885 -0.2067214101553 -0.97253346443176
vn -0.6414470076561 -0.30089557170868 -0.70569658279419
vn -0.84496581554413 -0.23449458181858 -0.4806714951992
vn -0.16233378648758 -0.40134245157242 -0.90142774581909
vn -0.5755136013031 -0.45722037553787 -0.67803663015366
vn -0.13471248745918 -0.58210813999176 -0.80187445878983
vn -0.52622592449188 -0.62607139348984 -0.57543098926544
vn -0.11805981397629 -0.72368961572647 -0.67995232343674
vn -0.64145356416702 -0.65821951627731 -0.3940614759922
vn -0.84497195482254 -0.47222879528999 -0.2510424554348
vn -0.84496903419495 -0.40972140431404 -0.34373781085014
vn -0.14655649662018 -0.84905326366425 -0.50757241249084
vn -0.57552272081375 -0.76843011379242 -0.27980121970177
vn -0.84497332572937 -0.51410162448883 -0.14737567305565
vn -0.12283726036549 -0.94829428195953 -0.29265838861465
vn -0.62313479185104 -0.77601629495621 -0.09747719019651
vn -0.15128938853741 -0.98501271009445 -0.08283417671919
vn -0.50587970018387 -0.85990881919861 0.06813644617796
vn -0.12284736335278 -0.98534345626831 0.11835042387247
vn -0.57553482055664 -0.78612697124481 0.22530867159367
vn -0.84498423337936 -0.50252562761307 0.18294723331928
vn -0.84512591362 -0.53164112567902 0.05585577711463
vn -0.13465781509876 -0.93109613656998 0.33900931477547
vn -0.5755398273468 -0.72210139036179 0.38382738828659
vn -0.84498757123947 -0.45350256562233 0.28342807292938
vn -0.15129898488522 -0.84558016061783 0.51195979118347
vn -0.57554161548614 -0.62651884555817 0.5255720615387
vn -0.12285801768303 -0.72759371995926 0.67491728067398
vn -0.52625995874405 -0.5068227648735 0.68277460336685
vn -0.13475115597248 -0.58242249488831 0.80163967609406
vn -0.68250173330307 -0.297284334898 0.66769254207611
vn -0.84513968229294 -0.21742545068264 0.48832881450653
vn -0.84499323368073 -0.29900300502777 0.44337749481201
vn -0.1347549110651 -0.4030294418335 0.9052118062973
vn -0.52626448869705 -0.1682785153389 0.83350348472595
vn -0.1181009337306 -0.18581131100655 0.9754621386528
vn -0.84499156475067 -0.12943856418133 0.51887851953506
vn -0.84499007463455 -0.38465991616249 0.37152194976807
vn -0.84512376785278 -0.53163993358612 -0.05589949339628
vn -0.84496545791626 -0.32930654287338 -0.4214149415493
vn -0.84511017799377 0.11114326119423 -0.5229110121727
vn -0.84496998786926 0.47223150730133 -0.25104397535324
vn -0.84498208761215 0.5025287270546 0.18294849991798
vn -0.84513992071152 0.21742531657219 0.48832857608795
vn 0.85303944349289 0.00000372718978 0.52184647321701
vn 0.33183190226555 0.0000000245447 0.94333851337433
vn 0.31385532021523 0.18417364358902 0.93143701553345
vn 0.85290020704269 0.12635786831379 0.50655198097229
vn 0.5583963394165 0.00000002824079 0.82957434654236
vn 0.91532272100449 -0.00000000313233 0.40272110700607
vn 0.87548679113388 0.10046721249819 0.47268304228783
vn 0.55840092897415 0.17247484624386 0.81144368648529
vn 0.99563026428223 0.00326961395331 0.09332560002804
vn 0.99563086032867 0.02259190939367 0.09060263633728
vn 0.97455978393555 0.04521181061864 0.21952019631863
vn 0.98273009061813 -0.00197377754375 0.18503412604332
vn 0.55816215276718 0.31073117256165 0.76935112476349
vn 0.34960865974426 0.39455246925354 0.84976589679718
vn 0.98273122310638 0.07344310730696 0.16983939707279
vn 0.90466040372849 0.18101394176483 0.38577646017075
vn 0.55840402841568 0.48760110139847 0.67114090919495
vn 0.33183091878891 0.5544753074646 0.76318109035492
vn 0.97456067800522 0.13058118522167 0.18215399980545
vn 0.89631962776184 0.26061698794365 0.35873377323151
vn 0.8041986823082 0.34934702515602 0.48085463047028
vn 0.33165401220322 0.67854589223862 0.65542429685593
vn 0.89522778987885 0.34137731790543 0.2864066362381
vn 0.89632046222687 0.32950413227081 0.29670977592468
vn 0.48931816220284 0.66267204284668 0.56695109605789
vn 0.99563103914261 0.05748317018151 0.07358358055353
vn 0.99563097953796 0.07152357697487 0.06002749875188
vn 0.98273146152496 0.13616685569286 0.12528975307941
vn 0.33166044950485 0.79998749494553 0.50002139806747
vn 0.92217570543289 0.34150978922844 0.18155731260777
vn 0.89621585607529 0.39170598983765 0.20823921263218
vn 0.55838990211487 0.72233724594116 0.40795788168907
vn 0.99563080072403 0.08244123309851 0.04384922236204
vn 0.97813189029694 0.17635731399059 0.1102546826005
vn 0.6053980588913 0.76169675588608 0.23089225590229
vn 0.33166468143463 0.88646453619003 0.32276800274849
vn 0.97813320159912 0.19542044401169 0.07117782533169
vn 0.90793579816818 0.4006335735321 0.12306652218103
vn 0.55818349123001 0.82770192623138 0.05779905244708
vn 0.33166694641113 0.93419945240021 0.1314092874527
vn 0.97816073894501 0.20670861005783 0.02175131253898
vn 0.88398033380508 0.46357151865959 0.06066483259201
vn 0.8952374458313 0.44450610876083 0.03105271793902
vn 0.33167231082916 0.94110476970673 -0.0656906068325
vn 0.89523833990097 0.44124794006348 -0.06203648820519
vn 0.89622056484222 0.44253340363502 -0.03086966089904
vn 0.55818939208984 0.82162779569626 -0.11555236577988
vn 0.99563771486282 0.09278920292854 0.0097799859941
vn 0.99563348293304 0.09312396496534 -0.00647604512051
vn 0.97813582420349 0.20594346523285 -0.02894157357514
vn 0.33185711503029 0.89716267585754 -0.29149609804153
vn 0.91023397445679 0.39383336901665 -0.12794305384159
vn 0.88761299848557 0.43952691555023 -0.13769283890724
vn 0.55843162536621 0.788953602314 -0.25633254647255
vn 0.99563312530518 0.08974608033895 -0.02569696679711
vn 0.97813665866852 0.19542147219181 -0.07112745940685
vn 0.50944977998734 0.74971258640289 -0.4223647415638
vn 0.3567134141922 0.79944169521332 -0.48337203264236
vn 0.97813838720322 0.17635487020016 -0.11020094901323
vn 0.89632612466812 0.38187056779861 -0.22533176839352
vn 0.55841916799545 0.61119073629379 -0.5609045624733
vn 0.3066540658474 0.72105181217194 -0.62132728099823
vn 0.98273861408234 0.13616555929184 -0.1252349615097
vn 0.9046802520752 0.31093350052834 -0.29133152961731
vn 0.88656949996948 0.34378662705421 -0.30952432751656
vn 0.33169028162956 0.58089768886566 -0.74332994222641
vn 0.85292261838913 0.29188191890717 -0.43281403183937
vn 0.90794682502747 0.24082610011101 -0.3429801762104
vn 0.60542774200439 0.45495265722275 -0.65305078029633
vn 0.99563443660736 0.07152178883553 -0.05997224152088
vn 0.99563503265381 0.05748194828629 -0.07353062182665
vn 0.97815716266632 0.12539929151535 -0.16578155755997
vn 0.34965553879738 0.39455237984657 -0.84974670410156
vn 0.95762568712234 0.11715710908175 -0.26311078667641
vn 0.88399314880371 0.20092450082302 -0.42212012410164
vn 0.5582063794136 0.31073009967804 -0.76931947469711
vn 0.99563550949097 0.04093154147267 -0.08387252688408
vn 0.97457075119019 0.08986084163189 -0.20527264475822
vn 0.62364321947098 0.15012110769749 -0.76715892553329
vn 0.31390216946602 0.18417510390282 -0.93142092227936
vn 0.97813963890076 0.0360901914537 -0.2047935128212
vn 0.89623266458511 0.10736691206694 -0.43039435148239
vn 0.44212022423744 0.00000003600615 -0.89695578813553
vn 0.33187410235405 0.00000002454466 -0.94332367181778
vn 0.98273938894272 -0.00197511631995 -0.18498489260674
vn 0.89633935689926 0.0000000028225 -0.44336870312691
vn 0.88657248020172 -0.00000295172413 -0.46258965134621
vn 0.31390258669853 -0.1841756105423 -0.93142068386078
vn 0.85292232036591 -0.12636135518551 -0.50651389360428
vn 0.89623260498047 -0.107366964221 -0.43039453029633
vn 0.62364315986633 -0.15012110769749 -0.76715898513794
vn 0.99563521146774 0.00326794851571 -0.09327308088541
vn 0.99564027786255 -0.01939752697945 -0.09123711287975
vn 0.97303646802902 -0.04132392257452 -0.22691917419434
vn 0.35671970248222 -0.36263936758041 -0.860955119133
vn 0.92219072580338 -0.1695851534605 -0.3475703895092
vn 0.89623004198074 -0.19451184570789 -0.39866882562637
vn 0.50946259498596 -0.34169843792915 -0.78974050283432
vn 0.99563544988632 -0.0409315302968 -0.0838725566864
vn 0.97813999652863 -0.07788620144129 -0.19281050562859
vn 0.66453355550766 -0.43923702836037 -0.6045378446579
vn 0.33187133073807 -0.55447632074356 -0.76316279172897
vn 0.97457039356232 -0.13058036565781 -0.18210253119469
vn 0.89633786678314 -0.2606186568737 -0.35868692398071
vn 0.55841964483261 -0.61119139194489 -0.56090331077576
vn 0.30665257573128 -0.72105294466019 -0.62132668495178
vn 0.97815746068954 -0.15712831914425 -0.13608336448669
vn 0.89623045921326 -0.31906977295876 -0.30816453695297
vn 0.88657110929489 -0.34378683567047 -0.30951938033104
vn 0.35671409964561 -0.79944282770157 -0.48336964845657
vn 0.89524000883102 -0.3934611082077 -0.20912602543831
vn 0.90467834472656 -0.36471375823021 -0.22032006084919
vn 0.50944894552231 -0.74971336126328 -0.42236438393593
vn 0.99563443660736 -0.07152178883553 -0.05997228249907
vn 0.99563390016556 -0.08243346959352 -0.04379319772124
vn 0.98273772001266 -0.15923318266869 -0.09418768435717
vn 0.33185455203056 -0.89716273546219 -0.29149881005287
vn 0.94024956226349 -0.32382917404175 -0.10519228875637
vn 0.88761341571808 -0.43952578306198 -0.13769368827343
vn 0.55843150615692 -0.78895300626755 -0.25633451342583
vn 0.99563312530518 -0.08974580466747 -0.0256967432797
vn 0.97813707590103 -0.1954195946455 -0.07112689316273
vn 0.55818963050842 -0.82162725925446 -0.1155553907156
vn 0.33167243003845 -0.94110459089279 -0.06569251418114
vn 0.97813594341278 -0.20594280958176 -0.02894168905914
vn 0.89622098207474 -0.44253250956535 -0.03087046183646
vn 0.55818372964859 -0.82770168781281 0.05780043825507
vn 0.3316653072834 -0.93419963121414 0.13141213357449
vn 0.9745659828186 -0.22301360964775 0.02204676158726
vn 0.88398063182831 -0.46357071399689 0.06066636368632
vn 0.3316613137722 -0.88646483421326 0.3227706849575
vn 0.89522975683212 -0.42834886908531 0.12280420213938
vn 0.85291308164597 -0.52078360319138 0.0363832116127
vn 0.90793633460999 -0.40063217282295 0.12306719273329
vn 0.60539782047272 -0.76169615983963 0.23089475929737
vn 0.9956322312355 -0.09244856238365 0.01302984729409
vn 0.99563705921173 -0.08873569965363 0.02885952964425
vn 0.98147112131119 -0.18067356944084 0.06380842626095
vn 0.33166018128395 -0.79998868703842 0.50001960992813
vn 0.8952289223671 -0.39346253871918 0.20917083323002
vn 0.89621651172638 -0.3917051255703 0.20823799073696
vn 0.55839067697525 -0.72233712673187 0.40795704722404
vn 0.99563080072403 -0.08244091272354 0.04384921863675
vn 0.97813212871552 -0.17635653913021 0.11025399714708
vn 0.4893185198307 -0.66267323493958 0.56694930791855
vn 0.33165264129639 -0.67854750156403 0.65542334318161
vn 0.98273140192032 -0.13616694509983 0.1252898722887
vn 0.89632129669189 -0.32950332760811 0.29670807719231
vn 0.6053906083107 -0.48051738739014 0.63451182842255
vn 0.33164811134338 -0.52744978666306 0.78218042850494
vn 0.97456061840057 -0.13058122992516 0.18215401470661
vn 0.89631962776184 -0.26061695814133 0.35873377323151
vn 0.35667139291763 -0.36263790726662 0.86097574234009
vn 0.85289829969406 -0.228909060359 0.4692175090313
vn 0.92216992378235 -0.23815362155437 0.30477124452591
vn 0.9046602845192 -0.18101407587528 0.385776668787
vn 0.50941669940948 -0.34169927239418 0.78976970911026
vn 0.99563103914261 -0.057483214885 0.07358361035585
vn 0.99563056230545 -0.04093430936337 0.08392931520939
vn 0.98273122310638 -0.07344305515289 0.16983936727047
vn 0.55840086936951 -0.17247481644154 0.81144368648529
vn 0.31385576725006 -0.18417413532734 0.93143677711487
vn 0.96935200691223 -0.05107289552689 0.24030858278275
vn 0.87548667192459 -0.10046730190516 0.47268325090408
vn 0.92216992378235 -0.09360505640507 0.37528759241104
vn 0.99563592672348 -0.01939652115107 0.09128461033106
vn 0.99563097953796 -0.07152356207371 0.06002754718065
vn 0.89522445201874 -0.3413807451725 0.28641292452812
vn 0.99563336372375 -0.09312499314547 -0.0064758551307
vn 0.89523684978485 -0.44124984741211 -0.06204454600811
vn 0.99563503265381 -0.05748199671507 -0.07353065162897
vn 0.91023600101471 -0.24340802431107 -0.33499696850777
vn 0.99563479423523 0.02259561978281 -0.09055852890015
vn 0.85292172431946 0.12635147571564 -0.50651735067368
vn 0.99563390016556 0.08243378996849 -0.04379319772124
vn 0.89524239301682 0.39345860481262 -0.20912043750286
vn 0.99563181400299 0.08974545449018 0.02574981376529
vn 0.89523106813431 0.42834860086441 0.12279585748911
vn 0.99563056230545 0.04093431681395 0.08392926305532
vn 0.95761525630951 0.1171498671174 0.26315194368362
vn 0.78312587738037 0.36504685878754 0.50344276428223
vn 0.61756175756454 0.68446481227875 0.38746014237404
vn 0.86933100223541 -0.43145081400871 0.2410681694746
vn 0.61758631467819 -0.75004714727402 0.23667785525322
vn 0.8916375041008 -0.00000007621978 0.45275005698204
vn 0.94630485773087 0.00000136550352 0.32327565550804
vn 0.89892292022705 0.09108342975378 0.42853394150734
vn 0.94142735004425 0.06784816086292 0.33031985163689
vn 0.96174478530884 0.11140654981136 0.25027096271515
vn 0.84719067811966 0.21456931531429 0.48603284358978
vn 0.94623863697052 0.24779960513115 0.20791284739971
vn 0.93031722307205 0.3238371014595 0.17216105759144
vn 0.92868173122406 0.31331464648247 0.19845451414585
vn 0.89152181148529 0.32579845190048 0.31471300125122
vn 0.90656119585037 0.40573343634605 0.11630621552467
vn 0.89146602153778 0.42439693212509 0.15866807103157
vn 0.77879202365875 0.62384808063507 -0.06554830819368
vn 0.96175390481949 0.2724170088768 -0.02860718406737
vn 0.93032747507095 0.35254141688347 -0.10102163255215
vn 0.9286915063858 0.34772190451622 -0.12892481684685
vn 0.94625043869019 0.28560829162598 -0.15178295969963
vn 0.89152997732162 0.38411521911621 -0.24006219208241
vn 0.82746905088425 0.31267359852791 -0.46640127897263
vn 0.94625395536423 0.19916354119778 -0.25482797622681
vn 0.89894515275955 0.17818847298622 -0.40018299221992
vn 0.94144487380981 0.13503558933735 -0.30894482135773
vn 0.93033921718597 0.06363513320684 -0.36113646626472
vn 0.89154899120331 0.10962916910648 -0.43945628404617
vn 0.89165991544724 -0.09412784129381 -0.44281208515167
vn 0.96176266670227 -0.05695567652583 -0.267896682024
vn 0.89894020557404 -0.17819057404995 -0.40019330382347
vn 0.8916489481926 -0.18414670228958 -0.4135844707489
vn 0.93032842874527 -0.22582097351551 -0.28895318508148
vn 0.89153867959976 -0.25325119495392 -0.37552982568741
vn 0.90656495094299 -0.37269100546837 -0.19809430837631
vn 0.97145175933838 -0.22563365101814 -0.07328663766384
vn 0.89164489507675 -0.43058434128761 -0.13988046348095
vn 0.89153188467026 -0.38411194086075 -0.24006029963493
vn 0.90656542778015 -0.4179547727108 -0.0587619356811
vn 0.82746124267578 -0.56026601791382 -0.03754911571741
vn 0.89146459102631 -0.42439976334572 0.15866842865944
vn 0.94624578952789 -0.31092083454132 0.08914691209793
vn 0.90655308961868 -0.37269666790962 0.19813820719719
vn 0.9286829829216 -0.31331187486649 0.19845286011696
vn 0.94624173641205 -0.2477944791317 0.2079049795866
vn 0.89152264595032 -0.32579708099365 0.31471189856529
vn 0.94624042510986 -0.1211251616478 0.29992952942848
vn 0.93031489849091 -0.06363953649998 0.361198335886
vn 0.89151751995087 -0.10962914675474 0.43952018022537
vn 0.89152020215988 -0.19860835373402 0.40711969137192
vn 0.86945778131485 -0.29035636782646 0.39967024326324
vn 0.89163553714752 -0.26611119508743 0.36629346013069
vn 0.89146679639816 -0.44811022281647 0.06696392595768
vn 0.9303230047226 -0.36584866046906 0.02556972764432
vn 0.93032562732697 -0.28097611665726 -0.23568327724934
vn 0.89153462648392 -0.32580474019051 -0.31467008590698
vn 0.93033599853516 -0.01284950319678 -0.36648309230804
vn 0.89154785871506 0.0158577747643 -0.45264875888824
vn 0.89153373241425 0.3258062005043 -0.31467121839523
vn 0.90656530857086 0.32336482405663 -0.27124625444412
vn 0.93032431602478 0.36584612727165 0.02555819228292
vn 0.89147049188614 0.44810307025909 0.06696281582117
vn 0.8989177942276 0.25751852989197 0.35444465279579
vn 0.89163285493851 0.26611462235451 0.36629754304886
vn 0.90387237071991 -0.00000000522235 -0.42780220508575
vn 0.93033754825592 0.00000002208433 -0.36670431494713
vn 0.91435450315475 -0.08276540786028 -0.39636573195457
vn 0.97689437866211 -0.04444164410233 -0.20905096828938
vn 0.95001250505447 -0.12512822449207 -0.28604054450989
vn 0.90387350320816 -0.17401166260242 -0.39081022143364
vn 0.87143516540527 0.21506629884243 0.44084826111794
vn 0.96102488040924 -0.17024527490139 -0.21782501041889
vn 0.7293438911438 0.42125359177589 0.53907603025436
vn 0.94468039274216 -0.18500161170959 -0.27083832025528
vn 0.94646483659744 -0.23990149796009 -0.2159897685051
vn 0.92789328098297 0.27706730365753 0.24949511885643
vn 0.91435062885284 -0.3019043803215 -0.26984569430351
vn 0.9303337931633 -0.31759315729141 -0.18334020674229
vn 0.94646412134171 -0.27957201004028 -0.16138519346714
vn 0.93025487661362 -0.34477949142456 -0.12551084160805
vn 0.94640243053436 -0.31049481034279 -0.08896885067225
vn 0.92217499017715 -0.38583546876907 -0.02691186964512
vn 0.81803953647614 0.57200908660889 0.06014084815979
vn 0.81787091493607 0.54067033529282 0.1968827098608
vn 0.93025195598602 -0.36334812641144 -0.05108277499676
vn 0.97688752412796 -0.2125801295042 0.0223706047982
vn 0.72936320304871 0.67746061086655 -0.09527032822371
vn 0.93032765388489 -0.36471778154373 0.0383588001132
vn 0.93032437562942 -0.34878036379814 0.11335268616676
vn 0.90385526418686 -0.40689098834991 0.13223208487034
vn 0.91433846950531 -0.35141628980637 0.20122574269772
vn 0.97688448429108 -0.18511889874935 0.1069006100297
vn 0.92216670513153 -0.29631769657135 0.24860486388206
vn 0.92791104316711 0.2770562171936 -0.24944122135639
vn 0.66441917419434 0.64723932743073 -0.37366876006126
vn 0.93028318881989 -0.26619791984558 0.25241196155548
vn 0.94645321369171 -0.18974770605564 0.26119360327721
vn 0.72936594486237 0.42126449942589 -0.53903758525848
vn 0.96129280328751 -0.16193751990795 0.2229178994894
vn 0.91433221101761 -0.16337092220783 0.37054899334908
vn 0.96624481678009 -0.10477982461452 0.23535537719727
vn 0.9499951004982 -0.06292197108269 0.30585962533951
vn 0.90384590625763 -0.08894994854927 0.41850978136063
vn 0.87146002054214 0.11871329694986 -0.47588294744492
vn 0.97688180208206 -0.00000002215497 0.21378001570702
vn 0.6644229888916 0.00000022419862 -0.74735671281815
vn 0.9143323302269 0.00145966827404 0.40496203303337
vn 0.90384584665298 0.08894988894463 0.41850993037224
vn 0.87146008014679 -0.11871291697025 -0.47588300704956
vn 0.9303195476532 0.0762460231781 0.35873681306839
vn 0.9303195476532 0.14916065335274 0.33504718542099
vn 0.96624481678009 0.10477993637323 0.23535530269146
vn 0.9499979019165 0.1851734817028 0.2514254450798
vn 0.94645309448242 0.18974848091602 0.26119354367256
vn 0.92216598987579 0.29631853103638 0.24860660731792
vn 0.92791122198105 -0.27705490589142 -0.24944201111794
vn 0.72936594486237 -0.42126250267029 -0.53903913497925
vn 0.93028265237808 0.26619896292686 0.25241288542747
vn 0.97688448429108 0.1851187646389 0.10690044611692
vn 0.66442137956619 -0.64723873138428 -0.37366595864296
vn 0.91433817148209 0.35141631960869 0.20122687518597
vn 0.93032467365265 0.3487791121006 0.11335419863462
vn 0.90385675430298 0.40688791871071 0.13223145902157
vn 0.93032956123352 0.36471298336983 0.03835848718882
vn 0.97688853740692 0.21257570385933 0.02236922457814
vn 0.94640278816223 0.32220643758774 -0.02246761135757
vn 0.7561896443367 -0.65076559782028 0.06841991841793
vn 0.72936075925827 -0.67746275663376 -0.09527345746756
vn 0.93025368452072 0.36334380507469 -0.05108236894011
vn 0.92217856645584 0.37180051207542 -0.10654159635305
vn 0.87144494056702 -0.46088534593582 0.16783449053764
vn 0.93025505542755 0.34477865695953 -0.12551194429398
vn 0.93033367395401 0.31759268045425 -0.18334169685841
vn 0.94646400213242 0.27957195043564 -0.16138599812984
vn 0.9143500328064 0.30190539360046 -0.26984649896622
vn 0.94646400213242 0.23990339040756 -0.21599125862122
vn 0.87144017219543 -0.37577244639397 0.31525719165802
vn 0.96102470159531 0.17024613916874 -0.21782498061657
vn 0.72934377193451 -0.42125150561333 0.53907769918442
vn 0.94468039274216 0.18500223755836 -0.27083793282509
vn 0.90387350320816 0.17401170730591 -0.39081028103828
vn 0.87143409252167 -0.21507053077221 0.44084832072258
vn 0.95001244544983 0.12512817978859 -0.2860406935215
vn 0.91435438394547 0.08276537060738 -0.39636588096619
vn 0.97689437866211 0.04444166272879 -0.20905108749866
vn 0.87143629789352 -0.01717216894031 0.49020797014236
vn 0.72933095693588 -0.16558295488358 0.66382128000259
vn 0.81803625822067 -0.49809873104095 0.28760090470314
vn 0.92790532112122 -0.35457599163055 -0.11518490314484
vn 0.81788527965546 -0.25230142474174 -0.51711475849152
vn 0.81788688898087 0.25229638814926 -0.51711469888687
vn 0.92790704965591 0.35457190871239 -0.11518342792988
vn 0.72934418916702 0.58013838529587 0.36262452602386
vn 0.66438245773315 0.15538622438908 0.73106157779694
vn 0.54184687137604 0.01441670581698 0.84035354852676
vn 0.51714378595352 0.17794248461723 0.83719700574875
vn 0.51691752672195 0.32058525085449 0.7937388420105
vn 0.93937236070633 0.15034358203411 0.30818235874176
vn 0.54185509681702 0.48227295279503 0.68833559751511
vn 0.94767290353775 0.18763323128223 0.25828239321709
vn 0.45776897668838 0.66070032119751 0.59491401910782
vn 0.84864115715027 0.39308714866638 0.35396429896355
vn 0.51716232299805 0.74304407835007 0.42476886510849
vn 0.51716905832291 0.81511729955673 0.26099798083305
vn 0.91612058877945 0.38537853956223 0.11048284173012
vn 0.55162179470062 0.82772690057755 0.1028671041131
vn 0.91612279415131 0.39992266893387 0.02794387936592
vn 0.51694482564926 0.85394126176834 -0.05960167571902
vn 0.91612488031387 0.39698854088783 -0.0558152794838
vn 0.51718360185623 0.81398993730545 -0.26446467638016
vn 0.51718252897263 0.74121481180191 -0.42792853713036
vn 0.88939386606216 0.39590620994568 -0.22855387628078
vn 0.51718908548355 0.63604044914246 -0.57268488407135
vn 0.94768542051315 0.23722572624683 -0.2135796546936
vn 0.51695823669434 0.47860500216484 -0.70971220731735
vn 0.87761145830154 0.29518330097198 -0.37771010398865
vn 0.51696968078613 0.32058057188988 -0.79370677471161
vn 0.48169907927513 0.16241706907749 -0.86115425825119
vn 0.84866732358932 0.109977863729 -0.51736706495285
vn 0.57415550947189 0.00000001776681 -0.81874626874924
vn 0.96448218822479 0.00000002044158 -0.26414784789085
vn 0.5171931385994 -0.17435531318188 -0.83792090415955
vn 0.8776148557663 -0.08319509774446 -0.47209188342094
vn 0.48171189427376 -0.33791247010231 -0.80855971574783
vn 0.51695531606674 -0.47860816121101 -0.70971220731735
vn 0.87761008739471 -0.29518374800682 -0.37771293520927
vn 0.51718926429749 -0.63603985309601 -0.57268542051315
vn 0.94768542051315 -0.23722562193871 -0.21357978880405
vn 0.51718419790268 -0.74121361970901 -0.42792853713036
vn 0.88939315080643 -0.3959079682827 -0.22855344414711
vn 0.51718306541443 -0.81398940086365 -0.26446717977524
vn 0.51694482564926 -0.85394126176834 -0.05960167571902
vn 0.5516237616539 -0.82772529125214 0.10286888480186
vn 0.91612285375595 -0.39992246031761 0.02794572524726
vn 0.91612577438354 -0.39698627591133 -0.05581671744585
vn 0.4816802740097 -0.8394650220871 0.25156038999557
vn 0.91621136665344 -0.38107565045357 0.12384715676308
vn 0.51716369390488 -0.74121433496475 0.42795208096504
vn 0.48166477680206 -0.63757520914078 0.60124605894089
vn 0.84863942861557 -0.39308926463127 0.3539659678936
vn 0.54185253381729 -0.48227575421333 0.68833565711975
vn 0.94767206907272 -0.18763475120068 0.25828444957733
vn 0.5169175863266 -0.32058823108673 0.7937376499176
vn 0.93937265872955 -0.15034480392933 0.30818092823029
vn 0.48165562748909 -0.1624121516943 0.86117953062058
vn 0.84863585233688 -0.10997398942709 0.51741951704025
vn 0.9644678235054 0.00000001985988 0.26420041918755
vn 0.94767761230469 -0.2764530479908 0.15962705016136
vn 0.94768416881561 -0.30359324812889 -0.09861961007118
vn 0.91622471809387 -0.16297772526741 -0.36601990461349
vn 0.93938958644867 0.15034386515617 -0.3081296980381
vn 0.94768285751343 0.30359697341919 -0.09862088412046
vn 0.9393772482872 0.30275842547417 0.16095888614655
vn 0.84863549470901 0.10997473448515 0.51741993427277
vn 0.99983257055283 -0.00381234660745 -0.01789815537632
vn 0.99983257055283 0.00000000023287 -0.01829835027456
vn 0.99975836277008 -0.00964666344225 -0.01975246891379
vn 0.99989283084869 -0.00861984770745 -0.01183351036161
vn 0.94893789291382 0.18541422486305 0.25522232055664
vn 0.81288385391235 0.23750527203083 0.53179985284805
vn 0.9998767375946 -0.01130554545671 -0.01089385710657
vn 0.81288594007492 0.43237316608429 0.39021769165993
vn 0.99970173835754 -0.02116044983268 -0.01219270005822
vn 0.99989265203476 -0.01394618675113 -0.00449872808531
vn 0.86249965429306 0.48128563165665 0.15639221668243
vn 0.99983191490173 -0.01815916784108 -0.00253261136822
vn 0.91966879367828 0.39044579863548 0.04196825996041
vn 0.99983179569244 -0.0182937681675 0.00130866258405
vn 0.81290137767792 0.57928317785263 -0.0601859614253
vn 0.99978053569794 -0.01991785690188 0.00649693189189
vn 0.99989235401154 -0.01269436068833 0.00735825952142
vn 0.9489483833313 0.27317047119141 -0.15771780908108
vn 0.99978029727936 -0.01556383818388 0.01403997465968
vn 0.79115128517151 0.46898370981216 -0.3925988972187
vn 0.99992513656616 -0.00718266796321 0.00990345049649
vn 0.90481847524643 0.26287749409676 -0.33496108651161
vn 0.99975740909576 -0.00964811258018 0.01979960501194
vn 0.99983155727386 -0.00380777800456 0.0179527439177
vn 0.99983161687851 -0.00000000034931 0.01835162192583
vn 0.86251378059387 -0.0000000055384 -0.50603353977203
vn 0.86252403259277 0.10520172119141 -0.49495953321457
vn 0.99983155727386 0.00380783667788 0.01795272156596
vn 0.86252415180206 -0.10520496964455 -0.4949586391449
vn 0.99975740909576 0.0096481712535 0.01979951933026
vn 0.99992513656616 0.0071826511994 0.00990346074104
vn 0.90481793880463 -0.26287978887558 -0.33496075868607
vn 0.99978029727936 0.01556366030127 0.01404015999287
vn 0.7911536693573 -0.46897053718567 -0.39260983467102
vn 0.99989235401154 0.01269433274865 0.00735826930031
vn 0.94894832372665 -0.27317023277283 -0.15771840512753
vn 0.9998317360878 0.01723046042025 0.00629711709917
vn 0.99978059530258 0.02082941494882 0.00222092913464
vn 0.99983191490173 0.01815930567682 -0.00253250030801
vn 0.91966891288757 -0.39044564962387 0.04196824505925
vn 0.73800611495972 -0.67110067605972 -0.07050465047359
vn 0.9998322725296 0.01742975786328 -0.00562650198117
vn 0.86250078678131 -0.48128318786621 0.15639348328114
vn 0.99978095293045 0.01813674159348 -0.01044794358313
vn 0.9998767375946 0.0113053675741 -0.01089404337108
vn 0.99989283084869 0.008619829081 -0.01183352433145
vn 0.94893711805344 -0.18541170656681 0.25522693991661
vn 0.8128867149353 -0.432368516922 0.39022132754326
vn 0.99975836277008 0.0096467230469 -0.01975238136947
vn 0.81288230419159 -0.237508431077 0.53180086612701
vn 0.99983257055283 0.00381240597926 -0.01789812929928
vn 0.86248648166656 -0.00000000221535 0.5060800909996
vn 0.86249166727066 -0.10521718114614 0.49501264095306
vn 0.86249506473541 -0.4382455945015 0.25306725502014
vn 0.8623508810997 -0.47523993253708 -0.17463678121567
vn 0.81291180849075 -0.23749655485153 -0.5317610502243
vn 0.81291335821152 0.23749344050884 -0.53176003694534
vn 0.79115426540375 0.57450169324875 -0.2098159044981
vn 0.86249512434006 0.43824601173401 0.25306633114815
vn 0.86249154806137 0.105213932693 0.49501347541809
vn 0.7431805729866 0.13910555839539 0.65447098016739
vn 0.86954164505005 0 0.49385958909988
vn 0.8695433139801 0.20088940858841 0.45115175843239
vn 0.74318796396256 0.57942306995392 0.33457508683205
vn 0.8695433139801 0.36697846651077 0.3304862678051
vn 0.86955332756042 0.46967223286629 0.15259422361851
vn 0.79732650518417 0.58048713207245 -0.16524267196655
vn 0.86955952644348 0.49112674593925 -0.05158197134733
vn 0.74320113658905 0.57943457365036 -0.33452600240707
vn 0.79733383655548 0.33651420474052 -0.5010159611702
vn 0.86956751346588 0.20085847377777 -0.45111882686615
vn 0.74321609735489 0.13914030790329 -0.65442329645157
vn 0.74321562051773 -0.13914239406586 -0.65442335605621
vn 0.86956626176834 -0.20085963606834 -0.45112067461014
vn 0.79733139276505 -0.33652365207672 -0.50101345777512
vn 0.74320513010025 -0.57943087816238 -0.33452355861664
vn 0.79732835292816 -0.58048421144485 -0.16524383425713
vn 0.86955994367599 -0.49112430214882 -0.05159835889935
vn 0.7431920170784 -0.5794193148613 0.33457258343697
vn 0.86955559253693 -0.46966764330864 0.15259535610676
vn 0.86954492330551 -0.36697489023209 0.33048602938652
vn 0.74318015575409 -0.13910765945911 0.65447098016739
vn 0.86954206228256 -0.2008906006813 0.4511536359787
vn 0.7431800365448 -0.39328697323799 0.54130285978317
vn 0.74319648742676 -0.66540586948395 0.06995674222708
vn 0.79732674360275 -0.43337884545326 -0.42006292939186
vn 0.86956489086151 -0.00000000223573 -0.49381867051125
vn 0.79732644557953 0.43338504433632 -0.420057117939
vn 0.74319404363632 0.66540974378586 0.06994645297527
vn 0.7431812286377 0.3932845890522 0.54130297899246
vn 1 0.00000012126711 0.00002394331386
vn 0.8412601351738 -0.31820023059845 -0.43706974387169
vn 0.8130407333374 -0.42711868882179 0.39564427733421
vn 0.86935722827911 0.00697445170954 -0.49413502216339
vn 0.78314399719238 -0.61849129199982 0.06445120275021
vn 0.86935293674469 0.20736674964428 -0.44858059287071
vn 0.78313732147217 -0.5912344455719 -0.19271150231361
vn 0.84124207496643 0.31738752126694 -0.43769505620003
vn 0.81304180622101 -0.50827032327652 -0.28394421935081
vn 0.84124749898911 0.46797835826874 -0.27073776721954
vn 0.81306540966034 -0.34881517291069 -0.46610367298126
vn 0.84123003482819 0.00051793496823 -0.54067713022232
vn 0.81304025650024 0.57809871435165 0.06904612481594
vn 0.84124332666397 0.22038966417313 -0.49369838833809
vn 0.81302696466446 0.50005781650543 0.29821014404297
vn 0.84124428033829 0.40213862061501 -0.36137589812279
vn 0.81303375959396 0.33551436662674 0.47582158446312
vn 0.84120988845825 0.22038850188255 0.49375578761101
vn 0.81303977966309 0.50005847215652 -0.29817420244217
vn 0.86933392286301 0.49074253439903 -0.05856905505061
vn 0.78309440612793 0.00058720039669 0.6219025850296
vn 0.8412304520607 0.46797332167625 0.27079936861992
vn 0.81303244829178 -0.34881862998009 0.46615850925446
vn 0.84121918678284 0.11191464960575 0.52898526191711
vn 0.81303858757019 -0.57981944084167 0.05270368233323
vn 0.84120869636536 -0.11292434483767 0.52878731489182
vn 0.81304752826691 -0.5511167049408 -0.18768067657948
vn 0.84123748540878 -0.3181999027729 0.43711364269257
vn 0.81306964159012 -0.42710945010185 -0.39559480547905
vn 0.61759775876999 -0.7814604640007 -0.08883960545063
vn 0.61758536100388 0.46767863631248 0.63234877586365
vn 0.61755901575088 0.17004650831223 0.76792252063751
vn 0.6176101565361 -0.67775917053223 -0.39899906516075
vn 0.61765962839127 -0.45685821771622 -0.64013838768005
vn 0.61763250827789 -0.15697303414345 0.77064234018326
vn 0.61763560771942 -0.15697622299194 -0.77063918113708
vn 0.61760568618774 -0.45686835050583 0.64018315076828
vn 0.61755347251892 -0.67776519060135 0.39907655119896
vn 0.61764365434647 0.17005211114883 -0.76785326004028
vn 0.61760205030441 0.46769291162491 -0.6323219537735
vn 0.61758416891098 -0.78146624565125 0.08888360112906
vn 0.61759132146835 -0.75004994869232 -0.23665583133698
vn 0.61757755279541 0.68447512388229 -0.38741672039032
vn 0.61757564544678 0.78287643194199 -0.07552991807461
vn 0.6176244020462 -0.58892500400543 -0.521255671978
vn 0.61752772331238 -0.32606798410416 -0.71577876806259
vn 0.61759173870087 0.74590438604355 0.24941359460354
vn 0.61758190393448 0.57998698949814 0.53123223781586
vn 0.61761969327927 -0.00668296404183 -0.78644847869873
vn 0.61762660741806 0.31376129388809 -0.72117346525192
vn 0.6175599694252 0.31374704837799 0.72123676538467
vn 0.61753410100937 -0.00669405423105 0.78651565313339
vn 0.61758953332901 0.57999265193939 -0.53121721744537
vn 0.61759454011917 0.74590754508972 -0.24939705431461
vn 0.61751848459244 -0.32603719830513 0.71580076217651
vn 0.61760479211807 -0.58892005681992 0.52128452062607
vn 0.61758130788803 0.78286862373352 0.07556502521038
vn 0.56094908714294 -0.82690179347992 -0.03961819410324
vn 0.63686370849609 -0.68610841035843 -0.3516531586647
vn 0.56098806858063 -0.58274954557419 -0.58795857429504
vn 0.63687950372696 -0.72043299674988 -0.27451932430267
vn 0.63678795099258 -0.54649585485458 -0.54391485452652
vn 0.56092822551727 -0.2932220697403 -0.77419656515121
vn 0.56093382835388 -0.21785296499729 -0.79868227243423
vn 0.6368390917778 0.12244290113449 -0.76121199131012
vn 0.56098115444183 0.12585507333279 -0.81820571422577
vn 0.63687604665756 0.42147088050842 -0.64556270837784
vn 0.56087565422058 0.64575302600861 -0.51809406280518
vn 0.63675546646118 0.34844541549683 -0.68784314393997
vn 0.63683128356934 0.59802222251892 -0.48663681745529
vn 0.56092619895935 0.80061250925064 -0.21066901087761
vn 0.56090474128723 0.8170964717865 0.13318865001202
vn 0.63682299852371 0.74426305294037 -0.20131821930408
vn 0.56088942289352 0.80063056945801 0.21069839596748
vn 0.63678508996964 0.5980299115181 0.48668771982193
vn 0.56087923049927 0.64572072029114 0.51813060045242
vn 0.63675302267075 0.3484066426754 0.68786507844925
vn 0.63683426380157 0.42146125435829 0.64561015367508
vn 0.56092965602875 0.12583528459072 0.818244099617
vn 0.56094056367874 -0.21782666444778 0.79868471622467
vn 0.63684946298599 0.12246163934469 0.76120030879974
vn 0.63683599233627 -0.19773478806019 0.74521195888519
vn 0.56091612577438 -0.52386564016342 0.64104437828064
vn 0.56089931726456 -0.73932379484177 0.37254828214645
vn 0.63678252696991 -0.48379680514336 0.60037380456924
vn 0.63684457540512 -0.68610483407974 0.35169461369514
vn 0.56094133853912 -0.82690614461899 0.03963613510132
usemtl grey
f 3//3 4//2 1//1
f 1//1 2//4 3//3
f 6//7 7//6 5//5
f 5//5 1//1 6//7
f 8//10 9//9 10//8
f 8//10 10//8 11//11
f 12//12 5//5 7//6
f 6//7 1//1 4//2
f 5//5 13//13 2//4
f 2//4 1//1 5//5
f 10//8 7//6 6//7
f 6//7 11//11 10//8
f 16//16 14//15 15//14
f 15//14 12//12 16//16
f 3//3 17//18 18//17
f 3//3 18//17 4//2
f 18//17 8//10 11//11
f 9//9 16//16 10//8
f 18//17 11//11 6//7
f 4//2 18//17 6//7
f 7//6 10//8 16//16
f 16//16 12//12 7//6
f 5//5 12//12 15//14
f 15//14 13//13 5//5
f 9//9 19//19 14//15
f 9//9 14//15 16//16
f 17//18 20//20 8//10
f 18//17 17//18 8//10
f 22//23 23//22 24//21
f 21//24 22//23 24//21
f 25//27 26//26 27//25
f 25//27 27//25 28//28
f 32//31 29//30 30//29
f 30//29 31//32 32//31
f 33//35 34//34 35//33
f 32//31 33//35 35//33
f 25//27 36//37 37//36
f 24//21 25//27 37//36
f 29//30 32//31 35//33
f 34//34 33//35 38//38
f 22//23 21//24 38//38
f 39//39 22//23 38//38
f 30//29 29//30 28//28
f 27//25 30//29 28//28
f 36//37 35//33 34//34
f 34//34 37//36 36//37
f 32//31 31//32 40//40
f 40//40 33//35 32//31
f 21//24 24//21 37//36
f 25//27 28//28 36//37
f 21//24 37//36 34//34
f 38//38 21//24 34//34
f 35//33 36//37 28//28
f 28//28 29//30 35//33
f 39//39 38//38 33//35
f 33//35 40//40 39//39
f 43//43 44//42 41//41
f 41//41 42//44 43//43
f 41//41 46//46 47//45
f 45//47 41//41 47//45
f 49//50 50//49 51//48
f 48//51 49//50 51//48
f 52//52 45//47 47//45
f 46//46 41//41 44//42
f 53//53 42//44 41//41
f 53//53 41//41 45//47
f 50//49 47//45 46//46
f 46//46 51//48 50//49
f 54//55 55//54 52//52
f 54//55 52//52 56//56
f 44//42 43//43 57//57
f 57//57 58//58 44//42
f 58//58 48//51 51//48
f 49//50 56//56 50//49
f 58//58 51//48 46//46
f 44//42 58//58 46//46
f 47//45 50//49 56//56
f 56//56 52//52 47//45
f 45//47 52//52 55//54
f 55//54 53//53 45//47
f 49//50 59//59 54//55
f 49//50 54//55 56//56
f 57//57 60//60 48//51
f 58//58 57//57 48//51
f 63//63 64//62 61//61
f 61//61 62//64 63//63
f 65//67 66//66 67//65
f 65//67 67//65 68//68
f 72//71 69//70 70//69
f 70//69 71//72 72//71
f 74//74 75//73 72//71
f 72//71 73//75 74//74
f 65//67 76//77 77//76
f 64//62 65//67 77//76
f 69//70 72//71 75//73
f 74//74 73//75 78//78
f 62//64 61//61 78//78
f 79//79 62//64 78//78
f 70//69 69//70 68//68
f 67//65 70//69 68//68
f 75//73 74//74 77//76
f 77//76 76//77 75//73
f 71//72 80//80 73//75
f 71//72 73//75 72//71
f 61//61 64//62 77//76
f 65//67 68//68 76//77
f 61//61 77//76 74//74
f 78//78 61//61 74//74
f 75//73 76//77 68//68
f 68//68 69//70 75//73
f 79//79 78//78 73//75
f 73//75 80//80 79//79
f 82//83 83//82 84//81
f 81//84 82//83 84//81
f 85//87 86//86 87//85
f 85//87 87//85 88//88
f 92//91 89//90 90//89
f 90//89 91//92 92//91
f 93//95 94//94 95//93
f 92//91 93//95 95//93
f 96//97 97//96 84//81
f 84//81 85//87 96//97
f 89//90 92//91 95//93
f 94//94 93//95 98//98
f 98//98 99//99 82//83
f 82//83 81//84 98//98
f 90//89 89//90 88//88
f 87//85 90//89 88//88
f 95//93 94//94 97//96
f 97//96 96//97 95//93
f 91//92 100//100 93//95
f 91//92 93//95 92//91
f 81//84 84//81 97//96
f 85//87 88//88 96//97
f 81//84 97//96 94//94
f 98//98 81//84 94//94
f 95//93 96//97 88//88
f 88//88 89//90 95//93
f 99//99 98//98 93//95
f 93//95 100//100 99//99
f 103//103 104//102 101//101
f 101//101 102//104 103//103
f 106//107 107//106 105//105
f 105//105 101//101 106//107
f 110//110 111//109 108//108
f 108//108 109//111 110//110
f 112//112 105//105 107//106
f 106//107 101//101 104//102
f 102//104 101//101 105//105
f 113//113 102//104 105//105
f 110//110 107//106 106//107
f 106//107 111//109 110//110
f 114//115 115//114 112//112
f 114//115 112//112 116//116
f 118//117 104//102 103//103
f 103//103 117//118 118//117
f 118//117 108//108 111//109
f 109//111 116//116 110//110
f 118//117 111//109 106//107
f 104//102 118//117 106//107
f 107//106 110//110 116//116
f 116//116 112//112 107//106
f 105//105 112//112 115//114
f 115//114 113//113 105//105
f 109//111 119//119 114//115
f 109//111 114//115 116//116
f 117//118 120//120 108//108
f 118//117 117//118 108//108
f 122//123 123//122 124//121
f 121//124 122//123 124//121
f 125//127 126//126 127//125
f 125//127 127//125 128//128
f 132//131 129//130 130//129
f 130//129 131//132 132//131
f 134//134 135//133 132//131
f 132//131 133//135 134//134
f 136//137 137//136 124//121
f 124//121 125//127 136//137
f 129//130 132//131 135//133
f 134//134 133//135 138//138
f 138//138 139//139 122//123
f 122//123 121//124 138//138
f 127//125 130//129 129//130
f 127//125 129//130 128//128
f 135//133 134//134 137//136
f 137//136 136//137 135//133
f 131//132 140//140 133//135
f 131//132 133//135 132//131
f 121//124 124//121 137//136
f 125//127 128//128 136//137
f 121//124 137//136 134//134
f 138//138 121//124 134//134
f 135//133 136//137 128//128
f 128//128 129//130 135//133
f 139//139 138//138 133//135
f 133//135 140//140 139//139
f 143//144 144//143 141//142
f 141//142 142//145 143//144
f 141//142 146//147 147//146
f 145//148 141//142 147//146
f 149//151 150//150 151//149
f 148//152 149//151 151//149
f 152//153 145//148 147//146
f 146//147 141//142 144//143
f 145//148 153//141 142//145
f 142//145 141//142 145//148
f 147//146 146//147 151//149
f 151//149 150//150 147//146
f 154//155 155//154 152//153
f 154//155 152//153 156//156
f 144//143 143//144 157//157
f 157//157 158//158 144//143
f 158//158 148//152 151//149
f 149//151 156//156 150//150
f 158//158 151//149 146//147
f 144//143 158//158 146//147
f 147//146 150//150 156//156
f 156//156 152//153 147//146
f 145//148 152//153 155//154
f 155//154 153//141 145//148
f 149//151 159//159 154//155
f 149//151 154//155 156//156
f 157//157 160//160 148//152
f 158//158 157//157 148//152
f 162//163 163//162 164//161
f 161//164 162//163 164//161
f 165//167 166//166 167//165
f 165//167 167//165 168//168
f 172//171 169//170 170//169
f 170//169 171//172 172//171
f 173//175 174//174 175//173
f 172//171 173//175 175//173
f 165//167 176//177 177//176
f 164//161 165//167 177//176
f 169//170 172//171 175//173
f 174//174 173//175 178//178
f 178//178 179//179 162//163
f 162//163 161//164 178//178
f 167//165 170//169 169//170
f 167//165 169//170 168//168
f 176//177 175//173 174//174
f 174//174 177//176 176//177
f 171//172 180//180 173//175
f 171//172 173//175 172//171
f 161//164 164//161 177//176
f 165//167 168//168 176//177
f 161//164 177//176 174//174
f 178//178 161//164 174//174
f 175//173 176//177 168//168
f 168//168 169//170 175//173
f 179//179 178//178 173//175
f 173//175 180//180 179//179
f 183//183 184//182 181//181
f 181//181 182//184 183//183
f 181//181 186//186 187//185
f 185//187 181//181 187//185
f 191//190 188//189 189//188
f 189//188 190//191 191//190
f 192//192 185//187 187//185
f 186//186 181//181 184//182
f 193//193 182//184 181//181
f 193//193 181//181 185//187
f 190//191 187//185 186//186
f 186//186 191//190 190//191
f 196//196 194//195 195//194
f 195//194 192//192 196//196
f 184//182 183//183 197//197
f 197//197 198//198 184//182
f 198//198 188//189 191//190
f 189//188 196//196 190//191
f 198//198 191//190 186//186
f 184//182 198//198 186//186
f 187//185 190//191 196//196
f 196//196 192//192 187//185
f 185//187 192//192 195//194
f 195//194 193//193 185//187
f 196//196 189//188 199//199
f 199//199 194//195 196//196
f 197//197 200//200 188//189
f 198//198 197//197 188//189
f 202//203 203//202 204//201
f 201//204 202//203 204//201
f 205//207 206//206 207//205
f 205//207 207//205 208//208
f 212//211 209//210 210//209
f 210//209 211//212 212//211
f 214//214 215//213 212//211
f 212//211 213//215 214//214
f 205//207 216//217 217//216
f 204//201 205//207 217//216
f 209//210 212//211 215//213
f 214//214 213//215 218//218
f 219//219 202//203 201//204
f 219//219 201//204 218//218
f 208//208 207//205 210//209
f 210//209 209//210 208//208
f 215//213 214//214 217//216
f 217//216 216//217 215//213
f 212//211 211//212 220//220
f 220//220 213//215 212//211
f 201//204 204//201 217//216
f 205//207 208//208 216//217
f 201//204 217//216 214//214
f 218//218 201//204 214//214
f 215//213 216//217 208//208
f 208//208 209//210 215//213
f 219//219 218//218 213//215
f 213//215 220//220 219//219
f 223//223 224//222 221//221
f 221//221 222//224 223//223
f 226//227 227//226 225//225
f 225//225 221//221 226//227
f 231//230 228//229 229//228
f 229//228 230//231 231//230
f 232//232 225//225 227//226
f 226//227 221//221 224//222
f 225//225 233//233 222//224
f 222//224 221//221 225//225
f 227//226 226//227 231//230
f 231//230 230//231 227//226
f 236//236 234//235 235//234
f 235//234 232//232 236//236
f 223//223 237//238 238//237
f 223//223 238//237 224//222
f 238//237 228//229 231//230
f 229//228 236//236 230//231
f 238//237 231//230 226//227
f 224//222 238//237 226//227
f 227//226 230//231 236//236
f 236//236 232//232 227//226
f 225//225 232//232 235//234
f 235//234 233//233 225//225
f 229//228 239//239 234//235
f 229//228 234//235 236//236
f 237//238 240//240 228//229
f 238//237 237//238 228//229
f 242//243 243//242 244//241
f 241//244 242//243 244//241
f 245//247 246//246 247//245
f 245//247 247//245 248//248
f 252//251 249//250 250//249
f 250//249 251//252 252//251
f 254//254 255//253 252//251
f 252//251 253//255 254//254
f 244//241 245//247 256//256
f 244//241 256//256 257//257
f 249//250 252//251 255//253
f 254//254 253//255 258//258
f 258//258 259//259 242//243
f 242//243 241//244 258//258
f 248//248 247//245 250//249
f 250//249 249//250 248//248
f 256//256 255//253 254//254
f 254//254 257//257 256//256
f 252//251 251//252 260//260
f 260//260 253//255 252//251
f 241//244 244//241 257//257
f 245//247 248//248 256//256
f 241//244 257//257 254//254
f 258//258 241//244 254//254
f 255//253 256//256 248//248
f 248//248 249//250 255//253
f 259//259 258//258 253//255
f 253//255 260//260 259//259
f 263//263 264//262 261//261
f 261//261 262//264 263//263
f 261//261 266//266 267//265
f 265//267 261//261 267//265
f 268//270 269//269 270//268
f 268//270 270//268 271//271
f 272//272 265//267 267//265
f 266//266 261//261 264//262
f 273//273 262//264 261//261
f 273//273 261//261 265//267
f 270//268 267//265 266//266
f 266//266 271//271 270//268
f 274//275 275//274 272//272
f 274//275 272//272 276//276
f 263//263 277//278 278//277
f 263//263 278//277 264//262
f 278//277 268//270 271//271
f 269//269 276//276 270//268
f 278//277 271//271 266//266
f 264//262 278//277 266//266
f 267//265 270//268 276//276
f 276//276 272//272 267//265
f 272//272 275//274 273//273
f 272//272 273//273 265//267
f 269//269 279//279 274//275
f 269//269 274//275 276//276
f 277//278 280//280 268//270
f 278//277 277//278 268//270
f 282//283 283//282 284//281
f 281//284 282//283 284//281
f 285//287 286//286 287//285
f 285//287 287//285 288//288
f 292//291 289//290 290//289
f 290//289 291//292 292//291
f 294//294 295//293 292//291
f 292//291 293//295 294//294
f 285//287 296//297 297//296
f 284//281 285//287 297//296
f 289//290 292//291 295//293
f 294//294 293//295 298//298
f 282//283 281//284 298//298
f 299//299 282//283 298//298
f 288//288 287//285 290//289
f 290//289 289//290 288//288
f 295//293 294//294 297//296
f 297//296 296//297 295//293
f 293//295 292//291 291//292
f 291//292 300//300 293//295
f 281//284 284//281 297//296
f 285//287 288//288 296//297
f 281//284 297//296 294//294
f 298//298 281//284 294//294
f 295//293 296//297 288//288
f 288//288 289//290 295//293
f 299//299 298//298 293//295
f 293//295 300//300 299//299
f 63//63 66//66 65//67
f 63//63 65//67 64//62
f 60//60 59//59 49//50
f 60//60 49//50 48//51
f 23//22 26//26 25//27
f 23//22 25//27 24//21
f 20//20 19//19 9//9
f 20//20 9//9 8//10
f 284//281 283//282 286//286
f 286//286 285//287 284//281
f 268//270 280//280 279//279
f 279//279 269//269 268//270
f 243//242 246//246 245//247
f 243//242 245//247 244//241
f 240//240 239//239 229//228
f 240//240 229//228 228//229
f 203//202 206//206 205//207
f 203//202 205//207 204//201
f 188//189 200//200 199//199
f 199//199 189//188 188//189
f 164//161 163//162 166//166
f 166//166 165//167 164//161
f 160//160 159//159 149//151
f 160//160 149//151 148//152
f 123//122 126//126 125//127
f 123//122 125//127 124//121
f 108//108 120//120 119//119
f 119//119 109//111 108//108
f 84//81 83//82 86//86
f 86//86 85//87 84//81
usemtl rubber
f 303//303 304//302 301//301
f 301//301 302//304 303//303
f 308//307 305//306 306//305
f 306//305 307//308 308//307
f 312//311 309//310 310//309
f 310//309 311//312 312//311
f 305//306 302//304 313//313
f 313//313 314//314 305//306
f 309//310 306//305 315//315
f 315//315 316//316 309//310
f 319//318 310//309 317//317
f 317//317 318//319 319//318
f 314//314 313//313 320//320
f 320//320 321//321 314//314
f 315//315 322//323 323//322
f 323//322 316//316 315//315
f 317//317 324//325 325//324
f 325//324 318//319 317//317
f 328//328 326//327 327//326
f 327//326 320//320 328//328
f 321//321 329//330 330//329
f 330//329 322//323 321//321
f 323//322 331//332 332//331
f 332//331 324//325 323//322
f 326//327 333//334 334//333
f 334//333 327//326 326//327
f 330//329 329//330 335//335
f 335//335 336//336 330//329
f 332//331 331//332 337//337
f 337//337 338//338 332//331
f 334//333 339//340 340//339
f 340//339 335//335 334//333
f 336//336 341//342 342//341
f 342//341 337//337 336//336
f 338//338 343//344 344//343
f 344//343 345//345 338//338
f 339//340 346//347 347//346
f 347//346 340//339 339//340
f 341//342 348//349 349//348
f 349//348 342//341 341//342
f 344//343 343//344 350//350
f 350//350 351//351 344//343
f 346//347 354//353 352//352
f 352//352 353//354 346//347
f 348//349 347//346 355//355
f 355//355 356//356 348//349
f 350//350 349//348 357//357
f 357//357 358//358 350//350
f 353//354 352//352 359//359
f 359//359 360//360 353//354
f 355//355 361//362 362//361
f 362//361 356//356 355//355
f 358//358 357//357 363//363
f 363//363 364//364 358//358
f 361//362 360//360 365//365
f 365//365 366//366 361//362
f 362//361 367//368 368//367
f 368//367 363//363 362//361
f 371//370 364//364 369//369
f 369//369 370//371 371//370
f 365//365 372//373 373//372
f 373//372 366//366 365//365
f 367//368 374//375 375//374
f 375//374 368//367 367//368
f 369//369 376//377 377//376
f 377//376 370//371 369//369
f 372//373 380//379 378//378
f 378//378 379//380 372//373
f 374//375 373//372 381//381
f 381//381 382//382 374//375
f 375//374 383//384 384//383
f 384//383 376//377 375//374
f 379//380 378//378 385//385
f 385//385 386//386 379//380
f 381//381 387//388 388//387
f 388//387 382//382 381//381
f 383//384 389//390 390//389
f 390//389 384//383 383//384
f 386//386 391//392 392//391
f 392//391 387//388 386//386
f 389//390 388//387 393//393
f 393//393 394//394 389//390
f 390//389 395//396 396//395
f 396//395 397//397 390//389
f 391//392 398//399 399//398
f 399//398 392//391 391//392
f 393//393 400//401 401//400
f 401//400 394//394 393//393
f 396//395 395//396 402//402
f 402//402 403//403 396//395
f 398//399 406//405 404//404
f 404//404 405//406 398//399
f 399//398 407//408 408//407
f 408//407 400//401 399//398
f 401//400 409//410 410//409
f 410//409 402//402 401//400
f 405//406 404//404 411//411
f 411//411 412//412 405//406
f 408//407 407//408 413//413
f 413//413 414//414 408//407
f 410//409 409//410 415//415
f 415//415 416//416 410//409
f 412//412 417//418 418//417
f 418//417 413//413 412//412
f 415//415 414//414 419//419
f 419//419 420//420 415//415
f 416//416 421//422 422//421
f 422//421 423//423 416//416
f 418//417 417//418 424//424
f 424//424 425//425 418//417
f 419//419 426//427 427//426
f 427//426 420//420 419//419
f 421//422 428//429 429//428
f 429//428 422//421 421//422
f 432//432 430//431 431//430
f 431//430 424//424 432//432
f 425//425 433//434 434//433
f 434//433 426//427 425//425
f 428//429 427//426 435//435
f 435//435 436//436 428//429
f 430//431 437//438 438//437
f 438//437 431//430 430//431
f 434//433 433//434 439//439
f 439//439 440//440 434//433
f 436//436 435//435 441//441
f 441//441 442//442 436//436
f 438//437 443//444 444//443
f 444//443 439//439 438//437
f 441//441 440//440 445//445
f 445//445 446//446 441//441
f 442//442 447//448 448//447
f 448//447 449//449 442//442
f 443//444 450//451 451//450
f 451//450 444//443 443//444
f 446//446 445//445 452//452
f 452//452 453//453 446//446
f 447//448 454//455 455//454
f 455//454 448//447 447//448
f 450//451 458//457 456//456
f 456//456 457//458 450//451
f 451//450 459//460 460//459
f 460//459 452//452 451//450
f 453//453 461//462 462//461
f 462//461 454//455 453//453
f 457//458 456//456 463//463
f 463//463 464//464 457//458
f 459//460 465//466 466//465
f 466//465 460//459 459//460
f 462//461 461//462 467//467
f 467//467 468//468 462//461
f 465//466 464//464 469//469
f 469//469 470//470 465//466
f 467//467 466//465 471//471
f 471//471 472//472 467//467
f 468//468 473//474 474//473
f 474//473 475//475 468//468
f 469//469 476//477 477//476
f 477//476 470//470 469//469
f 472//472 471//471 478//478
f 478//478 479//479 472//472
f 473//474 480//481 481//480
f 481//480 474//473 473//474
f 476//477 484//483 482//482
f 482//482 483//484 476//477
f 477//476 485//486 486//485
f 486//485 478//478 477//476
f 479//479 487//488 488//487
f 488//487 480//481 479//479
f 485//486 483//484 489//489
f 489//489 490//490 485//486
f 486//485 491//492 492//491
f 492//491 487//488 486//485
f 488//487 493//494 494//493
f 494//493 495//495 488//487
f 489//489 303//303 308//307
f 308//307 490//490 489//489
f 491//492 307//308 312//311
f 312//311 492//491 491//492
f 494//493 493//494 311//312
f 311//312 496//496 494//493
f 493//494 492//491 312//311
f 312//311 311//312 493//494
f 491//492 490//490 308//307
f 308//307 307//308 491//492
f 497//497 304//302 303//303
f 303//303 489//489 497//497
f 488//487 487//488 492//491
f 492//491 493//494 488//487
f 485//486 490//490 491//492
f 491//492 486//485 485//486
f 482//482 497//497 489//489
f 489//489 483//484 482//482
f 481//480 480//481 488//487
f 488//487 495//495 481//480
f 479//479 478//478 486//485
f 486//485 487//488 479//479
f 476//477 483//484 485//486
f 485//486 477//476 476//477
f 473//474 472//472 479//479
f 479//479 480//481 473//474
f 471//471 470//470 477//476
f 477//476 478//478 471//471
f 469//469 498//498 484//483
f 484//483 476//477 469//469
f 467//467 472//472 473//474
f 473//474 468//468 467//467
f 465//466 470//470 471//471
f 471//471 466//465 465//466
f 464//464 463//463 498//498
f 498//498 469//469 464//464
f 499//499 462//461 468//468
f 468//468 475//475 499//499
f 461//462 460//459 466//465
f 466//465 467//467 461//462
f 459//460 457//458 464//464
f 464//464 465//466 459//460
f 454//455 462//461 499//499
f 499//499 455//454 454//455
f 453//453 452//452 460//459
f 460//459 461//462 453//453
f 451//450 450//451 457//458
f 457//458 459//460 451//450
f 446//446 453//453 454//455
f 454//455 447//448 446//446
f 444//443 451//450 452//452
f 452//452 445//445 444//443
f 500//500 458//457 450//451
f 450//451 443//444 500//500
f 441//441 446//446 447//448
f 447//448 442//442 441//441
f 440//440 439//439 444//443
f 444//443 445//445 440//440
f 437//438 500//500 443//444
f 443//444 438//437 437//438
f 436//436 442//442 449//449
f 449//449 501//501 436//436
f 435//435 434//433 440//440
f 440//440 441//441 435//435
f 431//430 438//437 439//439
f 439//439 433//434 431//430
f 429//428 428//429 436//436
f 436//436 501//501 429//428
f 427//426 426//427 434//433
f 434//433 435//435 427//426
f 425//425 424//424 431//430
f 431//430 433//434 425//425
f 421//422 420//420 427//426
f 427//426 428//429 421//422
f 418//417 425//425 426//427
f 426//427 419//419 418//417
f 502//502 432//432 424//424
f 424//424 417//418 502//502
f 416//416 415//415 420//420
f 420//420 421//422 416//416
f 414//414 413//413 418//417
f 418//417 419//419 414//414
f 412//412 411//411 502//502
f 502//502 417//418 412//412
f 503//503 410//409 416//416
f 416//416 423//423 503//503
f 408//407 414//414 415//415
f 415//415 409//410 408//407
f 405//406 412//412 413//413
f 413//413 407//408 405//406
f 402//402 410//409 503//503
f 503//503 403//403 402//402
f 401//400 400//401 408//407
f 408//407 409//410 401//400
f 398//399 405//406 407//408
f 407//408 399//398 398//399
f 395//396 394//394 401//400
f 401//400 402//402 395//396
f 393//393 392//391 399//398
f 399//398 400//401 393//393
f 504//504 406//405 398//399
f 398//399 391//392 504//504
f 390//389 389//390 394//394
f 394//394 395//396 390//389
f 388//387 387//388 392//391
f 392//391 393//393 388//387
f 386//386 385//385 504//504
f 504//504 391//392 386//386
f 505//505 384//383 390//389
f 390//389 397//397 505//505
f 382//382 388//387 389//390
f 389//390 383//384 382//382
f 379//380 386//386 387//388
f 387//388 381//381 379//380
f 377//376 376//377 384//383
f 384//383 505//505 377//376
f 375//374 374//375 382//382
f 382//382 383//384 375//374
f 372//373 379//380 381//381
f 381//381 373//372 372//373
f 368//367 375//374 376//377
f 376//377 369//369 368//367
f 367//368 366//366 373//372
f 373//372 374//375 367//368
f 365//365 506//506 380//379
f 380//379 372//373 365//365
f 363//363 368//367 369//369
f 369//369 364//364 363//363
f 361//362 366//366 367//368
f 367//368 362//361 361//362
f 360//360 359//359 506//506
f 506//506 365//365 360//360
f 507//507 358//358 364//364
f 364//364 371//370 507//507
f 356//356 362//361 363//363
f 363//363 357//357 356//356
f 355//355 353//354 360//360
f 360//360 361//362 355//355
f 351//351 350//350 358//358
f 358//358 507//507 351//351
f 348//349 356//356 357//357
f 357//357 349//348 348//349
f 347//346 346//347 353//354
f 353//354 355//355 347//346
f 343//344 342//341 349//348
f 349//348 350//350 343//344
f 341//342 340//339 347//346
f 347//346 348//349 341//342
f 508//508 354//353 346//347
f 346//347 339//340 508//508
f 337//337 342//341 343//344
f 343//344 338//338 337//337
f 336//336 335//335 340//339
f 340//339 341//342 336//336
f 333//334 508//508 339//340
f 339//340 334//333 333//334
f 509//509 332//331 338//338
f 338//338 345//345 509//509
f 330//329 336//336 337//337
f 337//337 331//332 330//329
f 327//326 334//333 335//335
f 335//335 329//330 327//326
f 325//324 324//325 332//331
f 332//331 509//509 325//324
f 322//323 330//329 331//332
f 331//332 323//322 322//323
f 321//321 320//320 327//326
f 327//326 329//330 321//321
f 317//317 316//316 323//322
f 323//322 324//325 317//317
f 315//315 314//314 321//321
f 321//321 322//323 315//315
f 510//510 328//328 320//320
f 320//320 313//313 510//510
f 309//310 316//316 317//317
f 317//317 310//309 309//310
f 305//306 314//314 315//315
f 315//315 306//305 305//306
f 302//304 301//301 510//510
f 510//510 313//313 302//304
f 311//312 310//309 319//318
f 319//318 496//496 311//312
f 312//311 307//308 306//305
f 306//305 309//310 312//311
f 308//307 303//303 302//304
f 302//304 305//306 308//307
f 511//513 512//512 513//511
f 511//513 513//511 514//514
f 518//517 515//516 516//515
f 516//515 517//518 518//517
f 520//520 511//513 521//519
f 519//521 520//520 521//519
f 522//523 523//522 515//516
f 522//523 515//516 512//512
f 516//515 524//524 510//510
f 510//510 301//301 516//515
f 525//526 526//525 520//520
f 525//526 520//520 519//521
f 528//527 523//522 522//523
f 527//528 528//527 522//523
f 510//510 524//524 529//529
f 529//529 328//328 510//510
f 530//531 531//530 527//528
f 530//531 527//528 526//525
f 528//527 532//533 533//532
f 533//532 529//529 528//527
f 534//535 535//534 531//530
f 534//535 531//530 530//531
f 532//533 536//537 537//536
f 537//536 533//532 532//533
f 538//539 539//538 534//535
f 538//539 534//535 540//540
f 535//534 541//542 542//541
f 542//541 536//537 535//534
f 333//334 537//536 543//543
f 543//543 508//508 333//334
f 545//544 539//538 538//539
f 544//545 545//544 538//539
f 546//547 547//546 542//541
f 546//547 542//541 541//542
f 508//508 543//543 548//548
f 548//548 354//353 508//508
f 549//550 550//549 546//547
f 549//550 546//547 545//544
f 547//546 551//552 552//551
f 552//551 548//548 547//546
f 554//553 550//549 549//550
f 553//554 554//553 549//550
f 552//551 551//552 555//555
f 555//555 556//556 552//551
f 558//558 553//554 559//557
f 557//559 558//558 559//557
f 561//560 555//555 554//553
f 560//561 561//560 554//553
f 556//556 562//562 506//506
f 506//506 359//359 556//556
f 564//563 558//558 557//559
f 563//564 564//563 557//559
f 560//561 565//566 566//565
f 566//565 561//560 560//561
f 562//562 567//567 380//379
f 380//379 506//506 562//562
f 569//568 565//566 564//563
f 568//569 569//568 564//563
f 567//567 566//565 570//570
f 570//570 571//571 567//567
f 573//572 569//568 568//569
f 572//573 573//572 568//569
f 570//570 574//575 575//574
f 575//574 571//571 570//570
f 577//577 572//573 578//576
f 576//578 577//577 578//576
f 574//575 573//572 579//579
f 579//579 580//580 574//575
f 385//385 575//574 581//581
f 581//581 504//504 385//385
f 582//583 583//582 577//577
f 582//583 577//577 576//578
f 584//585 585//584 580//580
f 584//585 580//580 579//579
f 504//504 581//581 586//586
f 586//586 406//405 504//504
f 587//588 588//587 584//585
f 587//588 584//585 583//582
f 586//586 585//584 589//589
f 589//589 590//590 586//586
f 592//591 588//587 587//588
f 591//592 592//591 587//588
f 590//590 589//589 593//593
f 593//593 594//594 590//590
f 595//596 596//595 591//592
f 595//596 591//592 597//597
f 593//593 592//591 598//598
f 598//598 599//599 593//593
f 594//594 600//600 502//502
f 502//502 411//411 594//594
f 601//602 602//601 596//595
f 601//602 596//595 595//596
f 603//604 604//603 599//599
f 603//604 599//599 598//598
f 502//502 600//600 605//605
f 605//605 432//432 502//502
f 606//607 607//606 603//604
f 606//607 603//604 602//601
f 604//603 608//609 609//608
f 609//608 605//605 604//603
f 610//611 611//610 607//606
f 610//611 607//606 606//607
f 608//609 612//613 613//612
f 613//612 609//608 608//609
f 615//615 610//611 616//614
f 614//616 615//615 616//614
f 611//610 617//618 618//617
f 618//617 612//613 611//610
f 437//438 613//612 619//619
f 619//619 500//500 437//438
f 620//621 621//620 615//615
f 620//621 615//615 614//616
f 617//618 622//623 623//622
f 623//622 618//617 617//618
f 500//500 619//619 624//624
f 624//624 458//457 500//500
f 626//625 622//623 621//620
f 625//626 626//625 621//620
f 624//624 623//622 627//627
f 627//627 628//628 624//624
f 629//630 630//629 626//625
f 629//630 626//625 625//626
f 628//628 627//627 631//631
f 631//631 632//632 628//628
f 633//634 634//633 629//630
f 633//634 629//630 635//635
f 630//629 636//637 637//636
f 637//636 631//631 630//629
f 463//463 632//632 638//638
f 638//638 498//498 463//463
f 639//640 640//639 634//633
f 639//640 634//633 633//634
f 642//641 637//636 636//637
f 641//642 642//641 636//637
f 498//498 638//638 643//643
f 643//643 484//483 498//498
f 644//645 645//644 641//642
f 644//645 641//642 640//639
f 642//641 646//647 647//646
f 647//646 643//643 642//641
f 648//649 649//648 644//645
f 648//649 644//645 650//650
f 652//651 646//647 645//644
f 651//652 652//651 645//644
f 482//482 647//646 653//653
f 653//653 497//497 482//482
f 513//511 651//652 649//648
f 514//514 513//511 649//648
f 653//653 652//651 518//517
f 518//517 517//518 653//653
f 497//497 653//653 517//518
f 517//518 304//302 497//497
f 651//652 513//511 518//517
f 518//517 652//651 651//652
f 654//654 514//514 649//648
f 654//654 649//648 648//649
f 646//647 652//651 653//653
f 653//653 647//646 646//647
f 649//648 651//652 645//644
f 649//648 645//644 644//645
f 484//483 643//643 647//646
f 647//646 482//482 484//483
f 645//644 646//647 642//641
f 645//644 642//641 641//642
f 644//645 640//639 639//640
f 650//650 644//645 639//640
f 638//638 637//636 642//641
f 642//641 643//643 638//638
f 641//642 636//637 634//633
f 640//639 641//642 634//633
f 631//631 637//636 638//638
f 638//638 632//632 631//631
f 636//637 630//629 629//630
f 634//633 636//637 629//630
f 628//628 632//632 463//463
f 463//463 456//456 628//628
f 630//629 631//631 627//627
f 630//629 627//627 626//625
f 629//630 625//626 655//655
f 635//635 629//630 655//655
f 624//624 628//628 456//456
f 456//456 458//457 624//624
f 627//627 623//622 622//623
f 626//625 627//627 622//623
f 655//655 625//626 621//620
f 655//655 621//620 620//621
f 619//619 618//617 623//622
f 623//622 624//624 619//619
f 622//623 617//618 615//615
f 621//620 622//623 615//615
f 612//613 618//617 619//619
f 619//619 613//612 612//613
f 615//615 617//618 611//610
f 615//615 611//610 610//611
f 430//431 609//608 613//612
f 613//612 437//438 430//431
f 611//610 612//613 608//609
f 611//610 608//609 607//606
f 616//614 610//611 606//607
f 616//614 606//607 656//656
f 432//432 605//605 609//608
f 609//608 430//431 432//432
f 604//603 603//604 607//606
f 607//606 608//609 604//603
f 656//656 606//607 602//601
f 656//656 602//601 601//602
f 599//599 604//603 605//605
f 605//605 600//600 599//599
f 602//601 603//604 598//598
f 602//601 598//598 596//595
f 594//594 593//593 599//599
f 599//599 600//600 594//594
f 598//598 592//591 591//592
f 596//595 598//598 591//592
f 590//590 594//594 411//411
f 411//411 404//404 590//590
f 588//587 592//591 593//593
f 593//593 589//589 588//587
f 597//597 591//592 587//588
f 597//597 587//588 657//657
f 586//586 590//590 404//404
f 404//404 406//405 586//586
f 589//589 585//584 584//585
f 588//587 589//589 584//585
f 657//657 587//588 583//582
f 657//657 583//582 582//583
f 581//581 580//580 585//584
f 585//584 586//586 581//581
f 584//585 579//579 577//577
f 583//582 584//585 577//577
f 574//575 580//580 581//581
f 581//581 575//574 574//575
f 577//577 579//579 573//572
f 577//577 573//572 572//573
f 571//571 575//574 385//385
f 385//385 378//378 571//571
f 569//568 573//572 574//575
f 574//575 570//570 569//568
f 572//573 568//569 658//658
f 578//576 572//573 658//658
f 567//567 571//571 378//378
f 378//378 380//379 567//567
f 570//570 566//565 565//566
f 569//568 570//570 565//566
f 568//569 564//563 563//564
f 658//658 568//569 563//564
f 562//562 561//560 566//565
f 566//565 567//567 562//562
f 565//566 560//561 558//558
f 564//563 565//566 558//558
f 556//556 555//555 561//560
f 561//560 562//562 556//556
f 560//561 554//553 553//554
f 558//558 560//561 553//554
f 552//551 556//556 359//359
f 359//359 352//352 552//551
f 551//552 550//549 554//553
f 554//553 555//555 551//552
f 559//557 553//554 549//550
f 559//557 549//550 659//659
f 548//548 552//551 352//352
f 352//352 354//353 548//548
f 547//546 546//547 550//549
f 550//549 551//552 547//546
f 549//550 545//544 544//545
f 659//659 549//550 544//545
f 542//541 547//546 548//548
f 548//548 543//543 542//541
f 545//544 546//547 541//542
f 545//544 541//542 539//538
f 536//537 542//541 543//543
f 543//543 537//536 536//537
f 539//538 541//542 535//534
f 539//538 535//534 534//535
f 533//532 537//536 333//334
f 333//334 326//327 533//532
f 532//533 531//530 535//534
f 535//534 536//537 532//533
f 534//535 530//531 660//660
f 540//540 534//535 660//660
f 328//328 529//529 533//532
f 533//532 326//327 328//328
f 531//530 532//533 528//527
f 531//530 528//527 527//528
f 530//531 526//525 525//526
f 660//660 530//531 525//526
f 523//522 528//527 529//529
f 529//529 524//524 523//522
f 526//525 527//528 522//523
f 526//525 522//523 520//520
f 516//515 515//516 523//522
f 523//522 524//524 516//515
f 520//520 522//523 512//512
f 520//520 512//512 511//513
f 517//518 516//515 301//301
f 301//301 304//302 517//518
f 512//512 515//516 518//517
f 512//512 518//517 513//511
f 511//513 514//514 654//654
f 521//519 511//513 654//654
f 661//663 662//662 663//661
f 661//663 663//661 664//664
f 665//665 521//519 654//654
f 665//665 654//654 666//666
f 667//668 668//667 661//663
f 667//668 661//663 669//669
f 671//670 665//665 662//662
f 670//671 671//670 662//662
f 673//672 668//667 667//668
f 672//673 673//672 667//668
f 674//675 675//674 671//670
f 674//675 671//670 670//671
f 677//676 674//675 673//672
f 676//677 677//676 673//672
f 660//660 525//526 675//674
f 678//678 660//660 675//674
f 679//680 680//679 677//676
f 679//680 677//676 676//677
f 681//681 540//540 660//660
f 681//681 660//660 678//678
f 682//683 683//682 679//680
f 682//683 679//680 684//684
f 686//685 681//681 680//679
f 685//686 686//685 680//679
f 687//688 688//687 683//682
f 687//688 683//682 682//683
f 690//689 686//685 685//686
f 689//690 690//689 685//686
f 692//691 689//690 688//687
f 691//692 692//691 688//687
f 693//693 659//659 544//545
f 693//693 544//545 690//689
f 695//694 692//691 691//692
f 694//695 695//694 691//692
f 696//696 559//557 659//659
f 696//696 659//659 693//693
f 697//698 698//697 694//695
f 697//698 694//695 699//699
f 700//701 701//700 696//696
f 700//701 696//696 695//694
f 702//703 703//702 698//697
f 702//703 698//697 697//698
f 705//704 701//700 700//701
f 704//705 705//704 700//701
f 706//707 707//706 704//705
f 706//707 704//705 703//702
f 708//708 658//658 563//564
f 708//708 563//564 705//704
f 709//710 710//709 707//706
f 709//710 707//706 706//707
f 711//711 578//576 658//658
f 711//711 658//658 708//708
f 713//713 709//710 714//712
f 712//714 713//713 714//712
f 716//715 711//711 710//709
f 715//716 716//715 710//709
f 717//718 718//717 713//713
f 717//718 713//713 712//714
f 719//720 720//719 716//715
f 719//720 716//715 715//716
f 722//721 719//720 718//717
f 721//722 722//721 718//717
f 723//723 657//657 582//583
f 723//723 582//583 720//719
f 724//725 725//724 722//721
f 724//725 722//721 721//722
f 597//597 657//657 723//723
f 726//726 597//597 723//723
f 728//728 724//725 729//727
f 727//729 728//728 729//727
f 730//731 731//730 726//726
f 730//731 726//726 725//724
f 733//732 728//728 727//729
f 732//733 733//732 727//729
f 734//735 735//734 731//730
f 734//735 731//730 730//731
f 737//736 734//735 733//732
f 736//737 737//736 733//732
f 656//656 601//602 735//734
f 738//738 656//656 735//734
f 739//740 740//739 737//736
f 739//740 737//736 736//737
f 616//614 656//656 738//738
f 741//741 616//614 738//738
f 743//743 739//740 744//742
f 742//744 743//743 744//742
f 745//746 746//745 741//741
f 745//746 741//741 740//739
f 748//747 743//743 742//744
f 747//748 748//747 742//744
f 749//750 750//749 746//745
f 749//750 746//745 745//746
f 751//752 752//751 749//750
f 751//752 749//750 748//747
f 753//753 655//655 620//621
f 753//753 620//621 750//749
f 754//755 755//754 752//751
f 754//755 752//751 751//752
f 635//635 655//655 753//753
f 756//756 635//635 753//753
f 758//758 754//755 759//757
f 757//759 758//758 759//757
f 760//761 761//760 756//756
f 760//761 756//756 755//754
f 763//762 758//758 757//759
f 762//763 763//762 757//759
f 764//765 765//764 761//760
f 764//765 761//760 760//761
f 766//767 767//766 764//765
f 766//767 764//765 763//762
f 768//768 650//650 639//640
f 768//768 639//640 765//764
f 770//770 766//767 771//769
f 769//771 770//770 771//769
f 772//773 773//772 768//768
f 772//773 768//768 767//766
f 774//774 664//664 770//770
f 774//774 770//770 769//771
f 666//666 773//772 772//773
f 663//661 666//666 772//773
f 654//654 648//649 773//772
f 666//666 654//654 773//772
f 663//661 772//773 770//770
f 664//664 663//661 770//770
f 648//649 650//650 768//768
f 773//772 648//649 768//768
f 770//770 772//773 767//766
f 770//770 767//766 766//767
f 768//768 765//764 764//765
f 767//766 768//768 764//765
f 771//769 766//767 763//762
f 771//769 763//762 762//763
f 765//764 639//640 633//634
f 765//764 633//634 761//760
f 763//762 764//765 760//761
f 763//762 760//761 758//758
f 633//634 635//635 756//756
f 761//760 633//634 756//756
f 758//758 760//761 755//754
f 758//758 755//754 754//755
f 755//754 756//756 753//753
f 755//754 753//753 752//751
f 754//755 751//752 775//775
f 759//757 754//755 775//775
f 752//751 753//753 750//749
f 752//751 750//749 749//750
f 751//752 748//747 747//748
f 775//775 751//752 747//748
f 620//621 614//616 746//745
f 750//749 620//621 746//745
f 748//747 749//750 745//746
f 748//747 745//746 743//743
f 614//616 616//614 741//741
f 746//745 614//616 741//741
f 743//743 745//746 740//739
f 743//743 740//739 739//740
f 741//741 738//738 737//736
f 740//739 741//741 737//736
f 739//740 736//737 776//776
f 744//742 739//740 776//776
f 737//736 738//738 735//734
f 737//736 735//734 734//735
f 736//737 733//732 732//733
f 776//776 736//737 732//733
f 601//602 595//596 731//730
f 735//734 601//602 731//730
f 733//732 734//735 730//731
f 733//732 730//731 728//728
f 595//596 597//597 726//726
f 731//730 595//596 726//726
f 730//731 725//724 724//725
f 728//728 730//731 724//725
f 725//724 726//726 723//723
f 725//724 723//723 722//721
f 729//727 724//725 721//722
f 729//727 721//722 777//777
f 723//723 720//719 719//720
f 722//721 723//723 719//720
f 721//722 718//717 717//718
f 777//777 721//722 717//718
f 582//583 576//578 716//715
f 720//719 582//583 716//715
f 718//717 719//720 715//716
f 718//717 715//716 713//713
f 716//715 576//578 578//576
f 716//715 578//576 711//711
f 715//716 710//709 709//710
f 713//713 715//716 709//710
f 711//711 708//708 707//706
f 710//709 711//711 707//706
f 714//712 709//710 706//707
f 714//712 706//707 778//778
f 708//708 705//704 704//705
f 707//706 708//708 704//705
f 778//778 706//707 703//702
f 778//778 703//702 702//703
f 705//704 563//564 557//559
f 705//704 557//559 701//700
f 703//702 704//705 700//701
f 703//702 700//701 698//697
f 701//700 557//559 559//557
f 701//700 559//557 696//696
f 700//701 695//694 694//695
f 698//697 700//701 694//695
f 696//696 693//693 692//691
f 695//694 696//696 692//691
f 699//699 694//695 691//692
f 699//699 691//692 779//779
f 693//693 690//689 689//690
f 692//691 693//693 689//690
f 779//779 691//692 688//687
f 779//779 688//687 687//688
f 690//689 544//545 538//539
f 690//689 538//539 686//685
f 689//690 685//686 683//682
f 688//687 689//690 683//682
f 686//685 538//539 540//540
f 686//685 540//540 681//681
f 685//686 680//679 679//680
f 683//682 685//686 679//680
f 681//681 678//678 677//676
f 680//679 681//681 677//676
f 684//684 679//680 676//677
f 684//684 676//677 780//780
f 677//676 678//678 675//674
f 677//676 675//674 674//675
f 780//780 676//677 673//672
f 780//780 673//672 672//673
f 525//526 519//521 671//670
f 675//674 525//526 671//670
f 674//675 670//671 668//667
f 673//672 674//675 668//667
f 671//670 519//521 521//519
f 671//670 521//519 665//665
f 670//671 662//662 661//663
f 668//667 670//671 661//663
f 662//662 665//665 666//666
f 662//662 666//666 663//661
f 661//663 664//664 774//774
f 669//669 661//663 774//774
usemtl flgrey
f 80//783 781//782 79//781
f 53//786 55//785 782//784
f 40//789 783//788 39//787
f 13//792 15//791 784//790
f 300//795 785//794 299//793
f 273//798 275//797 786//796
f 260//801 787//800 259//799
f 233//804 235//803 788//802
f 220//807 789//806 219//805
f 193//810 195//809 790//808
f 180//813 791//812 179//811
f 153//816 155//815 792//814
f 140//819 793//818 139//817
f 113//822 115//821 794//820
f 100//825 795//824 99//823
f 91//828 90//827 796//826
f 102//831 797//830 103//829
f 131//834 130//833 798//832
f 142//837 799//836 143//835
f 171//840 170//839 800//838
f 182//843 801//842 183//841
f 211//846 210//845 802//844
f 222//849 803//848 223//847
f 251//852 250//851 804//850
f 262//855 805//854 263//853
f 291//858 290//857 806//856
f 2//861 807//860 3//859
f 31//864 30//863 808//862
f 42//867 809//866 43//865
f 71//870 70//869 810//868
f 811//873 812//872 813//871
f 814//875 812//872 815//874
f 816//876 812//872 814//875
f 817//878 812//872 818//877
f 819//879 812//872 817//878
f 820//881 812//872 821//880
f 822//882 812//872 820//881
f 823//884 812//872 824//883
f 825//885 812//872 823//884
f 826//887 812//872 827//886
f 828//888 812//872 826//887
f 829//890 812//872 830//889
f 831//891 812//872 829//890
f 832//893 812//872 833//892
f 813//871 812//872 834//894
f 834//894 812//872 832//893
f 833//892 812//872 835//895
f 835//895 812//872 831//891
f 830//889 812//872 836//896
f 836//896 812//872 828//888
f 827//886 812//872 837//897
f 837//897 812//872 825//885
f 824//883 812//872 838//898
f 838//898 812//872 822//882
f 821//880 812//872 839//899
f 839//899 812//872 819//879
f 818//877 812//872 840//900
f 840//900 812//872 816//876
f 815//874 812//872 841//901
f 841//901 812//872 811//873
f 843//903 842//902 841//901
f 841//901 811//873 843//903
f 842//902 844//904 815//874
f 815//874 841//901 842//902
f 816//876 846//906 845//905
f 845//905 840//900 816//876
f 840//900 845//905 847//907
f 847//907 818//877 840//900
f 819//879 849//909 848//908
f 848//908 839//899 819//879
f 839//899 848//908 850//910
f 850//910 821//880 839//899
f 822//882 852//912 851//911
f 851//911 838//898 822//882
f 851//911 853//913 824//883
f 824//883 838//898 851//911
f 855//915 854//914 837//897
f 837//897 825//885 855//915
f 837//897 854//914 856//916
f 856//916 827//886 837//897
f 858//918 857//917 836//896
f 836//896 828//888 858//918
f 857//917 859//919 830//889
f 830//889 836//896 857//917
f 861//921 860//920 835//895
f 835//895 831//891 861//921
f 835//895 860//920 862//922
f 862//922 833//892 835//895
f 864//924 863//923 834//894
f 834//894 832//893 864//924
f 863//923 865//925 813//871
f 813//871 834//894 863//923
f 833//892 862//922 864//924
f 864//924 832//893 833//892
f 866//926 861//921 831//891
f 831//891 829//890 866//926
f 859//919 866//926 829//890
f 829//890 830//889 859//919
f 867//927 858//918 828//888
f 828//888 826//887 867//927
f 856//916 867//927 826//887
f 826//887 827//886 856//916
f 823//884 868//928 855//915
f 855//915 825//885 823//884
f 824//883 853//913 868//928
f 868//928 823//884 824//883
f 820//881 869//929 852//912
f 852//912 822//882 820//881
f 850//910 869//929 820//881
f 820//881 821//880 850//910
f 817//878 870//930 849//909
f 849//909 819//879 817//878
f 818//877 847//907 870//930
f 870//930 817//878 818//877
f 814//875 871//931 846//906
f 846//906 816//876 814//875
f 844//904 871//931 814//875
f 814//875 815//874 844//904
f 865//925 843//903 811//873
f 811//873 813//871 865//925
f 865//925 873//933 872//932
f 872//932 843//903 865//925
f 844//904 875//935 874//934
f 874//934 871//931 844//904
f 874//934 876//936 846//906
f 846//906 871//931 874//934
f 878//938 877//937 870//930
f 870//930 847//907 878//938
f 877//937 879//939 849//909
f 849//909 870//930 877//937
f 881//941 880//940 869//929
f 869//929 850//910 881//941
f 880//940 882//942 852//912
f 852//912 869//929 880//940
f 853//913 884//944 883//943
f 883//943 868//928 853//913
f 883//943 885//945 855//915
f 855//915 868//928 883//943
f 887//947 886//946 867//927
f 867//927 856//916 887//947
f 867//927 886//946 888//948
f 888//948 858//918 867//927
f 890//950 889//949 866//926
f 866//926 859//919 890//950
f 889//949 891//951 861//921
f 861//921 866//926 889//949
f 862//922 893//953 892//952
f 892//952 864//924 862//922
f 894//954 873//933 865//925
f 865//925 863//923 894//954
f 864//924 892//952 894//954
f 894//954 863//923 864//924
f 895//955 893//953 862//922
f 862//922 860//920 895//955
f 861//921 891//951 895//955
f 895//955 860//920 861//921
f 857//917 896//956 890//950
f 890//950 859//919 857//917
f 858//918 888//948 896//956
f 896//956 857//917 858//918
f 854//914 897//957 887//947
f 887//947 856//916 854//914
f 855//915 885//945 897//957
f 897//957 854//914 855//915
f 898//958 884//944 853//913
f 853//913 851//911 898//958
f 852//912 882//942 898//958
f 898//958 851//911 852//912
f 848//908 899//959 881//941
f 881//941 850//910 848//908
f 879//939 899//959 848//908
f 848//908 849//909 879//939
f 845//905 900//960 878//938
f 878//938 847//907 845//905
f 846//906 876//936 900//960
f 900//960 845//905 846//906
f 901//961 875//935 844//904
f 844//904 842//902 901//961
f 843//903 872//932 901//961
f 901//961 842//902 843//903
f 902//964 903//963 904//962
f 902//964 904//962 905//965
f 903//963 906//966 901//961
f 901//961 872//932 903//963
f 901//961 906//966 907//967
f 907//967 875//935 901//961
f 908//969 909//968 907//967
f 908//969 907//967 910//970
f 911//972 912//971 909//968
f 911//972 909//968 908//969
f 912//971 913//973 900//960
f 900//960 876//936 912//971
f 913//973 914//974 878//938
f 878//938 900//960 913//973
f 916//976 914//974 917//975
f 915//977 916//976 917//975
f 918//979 919//978 916//976
f 918//979 916//976 915//977
f 879//939 919//978 920//980
f 920//980 899//959 879//939
f 899//959 920//980 921//981
f 921//981 881//941 899//959
f 923//983 921//981 924//982
f 922//984 923//983 924//982
f 926//985 923//983 922//984
f 925//986 926//985 922//984
f 882//942 926//985 927//987
f 927//987 898//958 882//942
f 927//987 928//988 884//944
f 884//944 898//958 927//987
f 929//990 930//989 928//988
f 929//990 928//988 931//991
f 932//993 933//992 930//989
f 932//993 930//989 929//990
f 933//992 934//994 897//957
f 897//957 885//945 933//992
f 934//994 935//995 887//947
f 887//947 897//957 934//994
f 936//997 937//996 935//995
f 936//997 935//995 938//998
f 939//1000 940//999 937//996
f 939//1000 937//996 936//997
f 888//948 940//999 941//1001
f 941//1001 896//956 888//948
f 941//1001 942//1002 890//950
f 890//950 896//956 941//1001
f 944//1004 942//1002 945//1003
f 943//1005 944//1004 945//1003
f 947//1006 944//1004 943//1005
f 946//1007 947//1006 943//1005
f 947//1006 948//1008 895//955
f 895//955 891//951 947//1006
f 895//955 948//1008 949//1009
f 949//1009 893//953 895//955
f 951//1011 949//1009 952//1010
f 950//1012 951//1011 952//1010
f 892//952 951//1011 953//1013
f 953//1013 894//954 892//952
f 905//965 904//962 953//1013
f 905//965 953//1013 954//1014
f 894//954 953//1013 904//962
f 904//962 873//933 894//954
f 953//1013 951//1011 950//1012
f 954//1014 953//1013 950//1012
f 949//1009 951//1011 892//952
f 892//952 893//953 949//1009
f 949//1009 948//1008 955//1015
f 952//1010 949//1009 955//1015
f 948//1008 947//1006 946//1007
f 955//1015 948//1008 946//1007
f 889//949 944//1004 947//1006
f 947//1006 891//951 889//949
f 890//950 942//1002 944//1004
f 944//1004 889//949 890//950
f 945//1003 942//1002 941//1001
f 945//1003 941//1001 956//1016
f 941//1001 940//999 939//1000
f 956//1016 941//1001 939//1000
f 937//996 940//999 888//948
f 888//948 886//946 937//996
f 887//947 935//995 937//996
f 937//996 886//946 887//947
f 938//998 935//995 934//994
f 938//998 934//994 957//1017
f 957//1017 934//994 933//992
f 957//1017 933//992 932//993
f 930//989 933//992 885//945
f 885//945 883//943 930//989
f 884//944 928//988 930//989
f 930//989 883//943 884//944
f 928//988 927//987 958//1018
f 931//991 928//988 958//1018
f 927//987 926//985 925//986
f 958//1018 927//987 925//986
f 880//940 923//983 926//985
f 926//985 882//942 880//940
f 881//941 921//981 923//983
f 923//983 880//940 881//941
f 921//981 920//980 959//1019
f 924//982 921//981 959//1019
f 920//980 919//978 918//979
f 959//1019 920//980 918//979
f 916//976 919//978 879//939
f 879//939 877//937 916//976
f 878//938 914//974 916//976
f 916//976 877//937 878//938
f 917//975 914//974 913//973
f 917//975 913//973 960//1020
f 960//1020 913//973 912//971
f 960//1020 912//971 911//972
f 874//934 909//968 912//971
f 912//971 876//936 874//934
f 907//967 909//968 874//934
f 874//934 875//935 907//967
f 910//970 907//967 906//966
f 910//970 906//966 961//1021
f 961//1021 906//966 903//963
f 961//1021 903//963 902//964
f 904//962 903//963 872//932
f 872//932 873//933 904//962
f 963//1023 962//1022 961//1021
f 961//1021 902//964 963//1023
f 962//1022 964//1024 910//970
f 910//970 961//1021 962//1022
f 911//972 966//1026 965//1025
f 965//1025 960//1020 911//972
f 965//1025 967//1027 917//975
f 917//975 960//1020 965//1025
f 969//1029 968//1028 959//1019
f 959//1019 918//979 969//1029
f 968//1028 970//1030 924//982
f 924//982 959//1019 968//1028
f 925//986 972//1032 971//1031
f 971//1031 958//1018 925//986
f 958//1018 971//1031 973//1033
f 973//1033 931//991 958//1018
f 975//1035 974//1034 957//1017
f 957//1017 932//993 975//1035
f 974//1034 976//1036 938//998
f 938//998 957//1017 974//1034
f 978//1038 977//1037 956//1016
f 956//1016 939//1000 978//1038
f 977//1037 979//1039 945//1003
f 945//1003 956//1016 977//1037
f 946//1007 981//1041 980//1040
f 980//1040 955//1015 946//1007
f 955//1015 980//1040 982//1042
f 982//1042 952//1010 955//1015
f 950//1012 984//1044 983//1043
f 983//1043 954//1014 950//1012
f 954//1014 983//1043 985//1045
f 985//1045 905//965 954//1014
f 952//1010 982//1042 984//1044
f 984//1044 950//1012 952//1010
f 986//1046 981//1041 946//1007
f 946//1007 943//1005 986//1046
f 945//1003 979//1039 986//1046
f 986//1046 943//1005 945//1003
f 936//997 987//1047 978//1038
f 978//1038 939//1000 936//997
f 938//998 976//1036 987//1047
f 987//1047 936//997 938//998
f 988//1048 975//1035 932//993
f 932//993 929//990 988//1048
f 931//991 973//1033 988//1048
f 988//1048 929//990 931//991
f 922//984 989//1049 972//1032
f 972//1032 925//986 922//984
f 924//982 970//1030 989//1049
f 989//1049 922//984 924//982
f 915//977 990//1050 969//1029
f 969//1029 918//979 915//977
f 917//975 967//1027 990//1050
f 990//1050 915//977 917//975
f 908//969 991//1051 966//1026
f 966//1026 911//972 908//969
f 964//1024 991//1051 908//969
f 908//969 910//970 964//1024
f 985//1045 963//1023 902//964
f 902//964 905//965 985//1045
f 992//1054 993//1053 994//1052
f 992//1054 994//1052 995//1055
f 985//1058 997//1057 996//1056
f 996//1056 963//1059 985//1058
f 998//1061 999//1060 996//1056
f 998//1061 996//1056 993//1053
f 1001//1062 999//1060 998//1061
f 1000//1063 1001//1062 998//1061
f 1002//1065 1003//1064 1000//1063
f 1002//1065 1000//1063 1004//1066
f 1001//1062 1005//1068 991//1067
f 991//1067 964//1069 1001//1062
f 1007//1070 1003//1064 1002//1065
f 1006//1071 1007//1070 1002//1065
f 1005//1068 1008//1073 966//1072
f 966//1072 991//1067 1005//1068
f 1009//1075 1010//1074 1008//1073
f 1009//1075 1008//1073 1007//1070
f 1011//1077 1012//1076 1010//1074
f 1011//1077 1010//1074 1009//1075
f 1014//1079 1011//1077 1015//1078
f 1013//1080 1014//1079 1015//1078
f 967//1082 1012//1076 1016//1081
f 1016//1081 990//1083 967//1082
f 1018//1084 1014//1079 1013//1080
f 1017//1085 1018//1084 1013//1080
f 990//1083 1016//1081 1019//1086
f 1019//1086 969//1087 990//1083
f 1021//1088 1019//1086 1018//1084
f 1020//1089 1021//1088 1018//1084
f 1022//1091 1023//1090 1021//1088
f 1022//1091 1021//1088 1020//1089
f 1025//1093 1022//1091 1026//1092
f 1024//1094 1025//1093 1026//1092
f 970//1096 1023//1090 1027//1095
f 1027//1095 989//1097 970//1096
f 1029//1098 1025//1093 1024//1094
f 1028//1099 1029//1098 1024//1094
f 1027//1095 1030//1101 972//1100
f 972//1100 989//1097 1027//1095
f 1031//1103 1032//1102 1030//1101
f 1031//1103 1030//1101 1029//1098
f 1034//1104 1032//1102 1031//1103
f 1033//1105 1034//1104 1031//1103
f 1035//1107 1036//1106 1033//1105
f 1035//1107 1033//1105 1037//1108
f 1034//1104 1038//1110 988//1109
f 988//1109 973//1111 1034//1104
f 1040//1112 1036//1106 1035//1107
f 1039//1113 1040//1112 1035//1107
f 1038//1110 1041//1115 975//1114
f 975//1114 988//1109 1038//1110
f 1042//1117 1043//1116 1041//1115
f 1042//1117 1041//1115 1040//1112
f 1044//1119 1045//1118 1043//1116
f 1044//1119 1043//1116 1042//1117
f 1047//1121 1044//1119 1048//1120
f 1046//1122 1047//1121 1048//1120
f 1045//1118 1049//1124 987//1123
f 987//1123 976//1125 1045//1118
f 1051//1126 1047//1121 1046//1122
f 1050//1127 1051//1126 1046//1122
f 1049//1124 1052//1129 978//1128
f 978//1128 987//1123 1049//1124
f 1053//1131 1054//1130 1052//1129
f 1053//1131 1052//1129 1051//1126
f 1056//1132 1054//1130 1053//1131
f 1055//1133 1056//1132 1053//1131
f 1058//1135 1055//1133 1059//1134
f 1057//1136 1058//1135 1059//1134
f 979//1138 1056//1132 1060//1137
f 1060//1137 986//1139 979//1138
f 1062//1140 1058//1135 1057//1136
f 1061//1141 1062//1140 1057//1136
f 986//1139 1060//1137 1063//1142
f 1063//1142 981//1143 986//1139
f 1065//1144 1063//1142 1062//1140
f 1064//1145 1065//1144 1062//1140
f 1066//1147 1067//1146 1065//1144
f 1066//1147 1065//1144 1064//1145
f 1069//1149 1066//1147 1070//1148
f 1068//1150 1069//1149 1070//1148
f 982//1152 1067//1146 1071//1151
f 1071//1151 984//1153 982//1152
f 1073//1154 1071//1151 1069//1149
f 1072//1155 1073//1154 1069//1149
f 994//1052 1072//1155 1074//1156
f 995//1055 994//1052 1074//1156
f 983//1157 1073//1154 997//1057
f 997//1057 985//1058 983//1157
f 994//1052 997//1057 1073//1154
f 994//1052 1073//1154 1072//1155
f 984//1153 1071//1151 1073//1154
f 1073//1154 983//1157 984//1153
f 1074//1156 1072//1155 1069//1149
f 1074//1156 1069//1149 1068//1150
f 1069//1149 1071//1151 1067//1146
f 1069//1149 1067//1146 1066//1147
f 980//1158 1065//1144 1067//1146
f 1067//1146 982//1152 980//1158
f 1066//1147 1064//1145 1075//1159
f 1070//1148 1066//1147 1075//1159
f 981//1143 1063//1142 1065//1144
f 1065//1144 980//1158 981//1143
f 1064//1145 1062//1140 1061//1141
f 1075//1159 1064//1145 1061//1141
f 1063//1142 1060//1137 1058//1135
f 1062//1140 1063//1142 1058//1135
f 1060//1137 1056//1132 1055//1133
f 1058//1135 1060//1137 1055//1133
f 1054//1130 1056//1132 979//1138
f 979//1138 977//1160 1054//1130
f 1059//1134 1055//1133 1053//1131
f 1059//1134 1053//1131 1076//1161
f 1052//1129 1054//1130 977//1160
f 977//1160 978//1128 1052//1129
f 1076//1161 1053//1131 1051//1126
f 1076//1161 1051//1126 1050//1127
f 1051//1126 1052//1129 1049//1124
f 1051//1126 1049//1124 1047//1121
f 1049//1124 1045//1118 1044//1119
f 1047//1121 1049//1124 1044//1119
f 1043//1116 1045//1118 976//1125
f 976//1125 974//1162 1043//1116
f 1048//1120 1044//1119 1042//1117
f 1048//1120 1042//1117 1077//1163
f 975//1114 1041//1115 1043//1116
f 1043//1116 974//1162 975//1114
f 1077//1163 1042//1117 1040//1112
f 1077//1163 1040//1112 1039//1113
f 1041//1115 1038//1110 1036//1106
f 1040//1112 1041//1115 1036//1106
f 1036//1106 1038//1110 1034//1104
f 1036//1106 1034//1104 1033//1105
f 971//1164 1032//1102 1034//1104
f 1034//1104 973//1111 971//1164
f 1033//1105 1031//1103 1078//1165
f 1037//1108 1033//1105 1078//1165
f 1030//1101 1032//1102 971//1164
f 971//1164 972//1100 1030//1101
f 1078//1165 1031//1103 1029//1098
f 1078//1165 1029//1098 1028//1099
f 1030//1101 1027//1095 1025//1093
f 1029//1098 1030//1101 1025//1093
f 1027//1095 1023//1090 1022//1091
f 1025//1093 1027//1095 1022//1091
f 968//1166 1021//1088 1023//1090
f 1023//1090 970//1096 968//1166
f 1026//1092 1022//1091 1020//1089
f 1026//1092 1020//1089 1079//1167
f 969//1087 1019//1086 1021//1088
f 1021//1088 968//1166 969//1087
f 1079//1167 1020//1089 1018//1084
f 1079//1167 1018//1084 1017//1085
f 1019//1086 1016//1081 1014//1079
f 1018//1084 1019//1086 1014//1079
f 1014//1079 1016//1081 1012//1076
f 1014//1079 1012//1076 1011//1077
f 1010//1074 1012//1076 967//1082
f 967//1082 965//1168 1010//1074
f 1015//1078 1011//1077 1009//1075
f 1015//1078 1009//1075 1080//1169
f 1008//1073 1010//1074 965//1168
f 965//1168 966//1072 1008//1073
f 1080//1169 1009//1075 1007//1070
f 1080//1169 1007//1070 1006//1071
f 1007//1070 1008//1073 1005//1068
f 1007//1070 1005//1068 1003//1064
f 1005//1068 1001//1062 1000//1063
f 1003//1064 1005//1068 1000//1063
f 999//1060 1001//1062 964//1069
f 964//1069 962//1170 999//1060
f 1000//1063 998//1061 1081//1171
f 1004//1066 1000//1063 1081//1171
f 963//1059 996//1056 999//1060
f 999//1060 962//1170 963//1059
f 998//1061 993//1053 992//1054
f 1081//1171 998//1061 992//1054
f 996//1056 997//1057 994//1052
f 993//1053 996//1056 994//1052
f 992//1174 1083//1173 1082//1172
f 1082//1172 1081//1175 992//1174
f 1081//1175 1082//1172 1084//1176
f 1084//1176 1004//1177 1081//1175
f 1086//1180 1085//1179 1080//1178
f 1080//1178 1006//1181 1086//1180
f 1085//1179 1087//1183 1015//1182
f 1015//1182 1080//1178 1085//1179
f 1017//1186 1089//1185 1088//1184
f 1088//1184 1079//1187 1017//1186
f 1088//1184 1090//1189 1026//1188
f 1026//1188 1079//1187 1088//1184
f 1028//1192 1092//1191 1091//1190
f 1091//1190 1078//1193 1028//1192
f 1091//1190 1093//1195 1037//1194
f 1037//1194 1078//1193 1091//1190
f 1095//1198 1094//1197 1077//1196
f 1077//1196 1039//1199 1095//1198
f 1094//1197 1096//1201 1048//1200
f 1048//1200 1077//1196 1094//1197
f 1098//1204 1097//1203 1076//1202
f 1076//1202 1050//1205 1098//1204
f 1097//1203 1099//1207 1059//1206
f 1059//1206 1076//1202 1097//1203
f 1101//1210 1100//1209 1075//1208
f 1075//1208 1061//1211 1101//1210
f 1075//1208 1100//1209 1102//1212
f 1102//1212 1070//1213 1075//1208
f 1104//1216 1103//1215 1074//1214
f 1074//1214 1068//1217 1104//1216
f 1074//1214 1103//1215 1105//1218
f 1105//1218 995//1219 1074//1214
f 1102//1212 1104//1216 1068//1217
f 1068//1217 1070//1213 1102//1212
f 1057//1221 1106//1220 1101//1210
f 1101//1210 1061//1211 1057//1221
f 1059//1206 1099//1207 1106//1220
f 1106//1220 1057//1221 1059//1206
f 1107//1222 1098//1204 1050//1205
f 1050//1205 1046//1223 1107//1222
f 1048//1200 1096//1201 1107//1222
f 1107//1222 1046//1223 1048//1200
f 1035//1225 1108//1224 1095//1198
f 1095//1198 1039//1199 1035//1225
f 1037//1194 1093//1195 1108//1224
f 1108//1224 1035//1225 1037//1194
f 1024//1227 1109//1226 1092//1191
f 1092//1191 1028//1192 1024//1227
f 1090//1189 1109//1226 1024//1227
f 1024//1227 1026//1188 1090//1189
f 1013//1229 1110//1228 1089//1185
f 1089//1185 1017//1186 1013//1229
f 1087//1183 1110//1228 1013//1229
f 1013//1229 1015//1182 1087//1183
f 1002//1231 1111//1230 1086//1180
f 1086//1180 1006//1181 1002//1231
f 1004//1177 1084//1176 1111//1230
f 1111//1230 1002//1231 1004//1177
f 1105//1218 1083//1173 992//1174
f 992//1174 995//1219 1105//1218
f 496//1234 319//1233 1112//1232
f 1112//1232 1113//1235 496//1234
f 1105//1218 1115//1237 1114//1236
f 1114//1236 1083//1173 1105//1218
f 1112//1232 1116//1239 1117//1238
f 1117//1238 1114//1236 1112//1232
f 1117//1238 1116//1239 1118//1240
f 1118//1240 1119//1241 1117//1238
f 1118//1240 325//1243 509//1242
f 509//1242 1120//1244 1118//1240
f 1084//1176 1119//1241 1121//1245
f 1121//1245 1111//1230 1084//1176
f 1120//1244 509//1242 345//1246
f 345//1246 1122//1247 1120//1244
f 1121//1245 1123//1248 1086//1180
f 1086//1180 1111//1230 1121//1245
f 1122//1247 1124//1250 1125//1249
f 1125//1249 1123//1248 1122//1247
f 1124//1250 1126//1252 1127//1251
f 1127//1251 1125//1249 1124//1250
f 351//1255 507//1254 1128//1253
f 1128//1253 1126//1252 351//1255
f 1127//1251 1129//1256 1110//1228
f 1110//1228 1087//1183 1127//1251
f 1128//1253 507//1254 371//1257
f 371//1257 1130//1258 1128//1253
f 1110//1228 1129//1256 1131//1259
f 1131//1259 1089//1185 1110//1228
f 1130//1258 1132//1261 1133//1260
f 1133//1260 1131//1259 1130//1258
f 1133//1260 1132//1261 1134//1262
f 1134//1262 1135//1263 1133//1260
f 377//1266 505//1265 1136//1264
f 1136//1264 1134//1262 377//1266
f 1135//1263 1137//1267 1109//1226
f 1109//1226 1090//1189 1135//1263
f 505//1265 397//1269 1138//1268
f 1138//1268 1136//1264 505//1265
f 1137//1267 1139//1270 1092//1191
f 1092//1191 1109//1226 1137//1267
f 1139//1270 1138//1268 1140//1271
f 1140//1271 1141//1272 1139//1270
f 1140//1271 1142//1274 1143//1273
f 1143//1273 1141//1272 1140//1271
f 1142//1274 403//1276 503//1275
f 503//1275 1144//1277 1142//1274
f 1093//1195 1143//1273 1145//1278
f 1145//1278 1108//1224 1093//1195
f 503//1275 423//1280 1146//1279
f 1146//1279 1144//1277 503//1275
f 1145//1278 1147//1281 1095//1198
f 1095//1198 1108//1224 1145//1278
f 1147//1281 1146//1279 1148//1282
f 1148//1282 1149//1283 1147//1281
f 1149//1283 1148//1282 1150//1284
f 1150//1284 1151//1285 1149//1283
f 429//1288 501//1287 1152//1286
f 1152//1286 1150//1284 429//1288
f 1096//1201 1151//1285 1153//1289
f 1153//1289 1107//1222 1096//1201
f 501//1287 449//1291 1154//1290
f 1154//1290 1152//1286 501//1287
f 1107//1222 1153//1289 1155//1292
f 1155//1292 1098//1204 1107//1222
f 1155//1292 1154//1290 1156//1293
f 1156//1293 1157//1294 1155//1292
f 1157//1294 1156//1293 1158//1295
f 1158//1295 1159//1296 1157//1294
f 455//1299 499//1298 1160//1297
f 1160//1297 1158//1295 455//1299
f 1159//1296 1161//1300 1106//1220
f 1106//1220 1099//1207 1159//1296
f 499//1298 475//1302 1162//1301
f 1162//1301 1160//1297 499//1298
f 1161//1300 1163//1303 1101//1210
f 1101//1210 1106//1220 1161//1300
f 1163//1303 1162//1301 1164//1304
f 1164//1304 1165//1305 1163//1303
f 1165//1305 1164//1304 1166//1306
f 1166//1306 1167//1307 1165//1305
f 481//1310 495//1309 1168//1308
f 1168//1308 1166//1306 481//1310
f 1102//1212 1167//1307 1169//1311
f 1169//1311 1104//1216 1102//1212
f 1169//1311 1168//1308 1170//1312
f 1170//1312 1171//1313 1169//1311
f 1170//1312 494//1314 496//1234
f 496//1234 1113//1235 1170//1312
f 1171//1313 1115//1237 1105//1218
f 1105//1218 1103//1215 1171//1313
f 1170//1312 1113//1235 1115//1237
f 1115//1237 1171//1313 1170//1312
f 1169//1311 1171//1313 1103//1215
f 1103//1215 1104//1216 1169//1311
f 1168//1308 495//1309 494//1314
f 494//1314 1170//1312 1168//1308
f 1166//1306 1168//1308 1169//1311
f 1169//1311 1167//1307 1166//1306
f 1165//1305 1167//1307 1102//1212
f 1102//1212 1100//1209 1165//1305
f 474//1315 481//1310 1166//1306
f 1166//1306 1164//1304 474//1315
f 1101//1210 1163//1303 1165//1305
f 1165//1305 1100//1209 1101//1210
f 475//1302 474//1315 1164//1304
f 1164//1304 1162//1301 475//1302
f 1161//1300 1160//1297 1162//1301
f 1162//1301 1163//1303 1161//1300
f 1159//1296 1158//1295 1160//1297
f 1160//1297 1161//1300 1159//1296
f 1097//1203 1157//1294 1159//1296
f 1159//1296 1099//1207 1097//1203
f 1156//1293 448//1316 455//1299
f 455//1299 1158//1295 1156//1293
f 1155//1292 1157//1294 1097//1203
f 1097//1203 1098//1204 1155//1292
f 449//1291 448//1316 1156//1293
f 1156//1293 1154//1290 449//1291
f 1153//1289 1152//1286 1154//1290
f 1154//1290 1155//1292 1153//1289
f 1150//1284 1152//1286 1153//1289
f 1153//1289 1151//1285 1150//1284
f 1094//1197 1149//1283 1151//1285
f 1151//1285 1096//1201 1094//1197
f 422//1317 429//1288 1150//1284
f 1150//1284 1148//1282 422//1317
f 1095//1198 1147//1281 1149//1283
f 1149//1283 1094//1197 1095//1198
f 423//1280 422//1317 1148//1282
f 1148//1282 1146//1279 423//1280
f 1144//1277 1146//1279 1147//1281
f 1147//1281 1145//1278 1144//1277
f 1143//1273 1142//1274 1144//1277
f 1144//1277 1145//1278 1143//1273
f 1141//1272 1143//1273 1093//1195
f 1093//1195 1091//1190 1141//1272
f 396//1318 403//1276 1142//1274
f 1142//1274 1140//1271 396//1318
f 1139//1270 1141//1272 1091//1190
f 1091//1190 1092//1191 1139//1270
f 1138//1268 397//1269 396//1318
f 396//1318 1140//1271 1138//1268
f 1136//1264 1138//1268 1139//1270
f 1139//1270 1137//1267 1136//1264
f 1135//1263 1134//1262 1136//1264
f 1136//1264 1137//1267 1135//1263
f 1133//1260 1135//1263 1090//1189
f 1090//1189 1088//1184 1133//1260
f 1132//1261 370//1319 377//1266
f 377//1266 1134//1262 1132//1261
f 1131//1259 1133//1260 1088//1184
f 1088//1184 1089//1185 1131//1259
f 1130//1258 371//1257 370//1319
f 370//1319 1132//1261 1130//1258
f 1128//1253 1130//1258 1131//1259
f 1131//1259 1129//1256 1128//1253
f 1126//1252 1128//1253 1129//1256
f 1129//1256 1127//1251 1126//1252
f 1085//1179 1125//1249 1127//1251
f 1127//1251 1087//1183 1085//1179
f 1124//1250 344//1320 351//1255
f 351//1255 1126//1252 1124//1250
f 1086//1180 1123//1248 1125//1249
f 1125//1249 1085//1179 1086//1180
f 1122//1247 345//1246 344//1320
f 344//1320 1124//1250 1122//1247
f 1120//1244 1122//1247 1123//1248
f 1123//1248 1121//1245 1120//1244
f 1118//1240 1120//1244 1121//1245
f 1121//1245 1119//1241 1118//1240
f 1117//1238 1119//1241 1084//1176
f 1084//1176 1082//1172 1117//1238
f 1116//1239 318//1321 325//1243
f 325//1243 1118//1240 1116//1239
f 1083//1173 1114//1236 1117//1238
f 1117//1238 1082//1172 1083//1173
f 319//1233 318//1321 1116//1239
f 1116//1239 1112//1232 319//1233
f 1115//1237 1113//1235 1112//1232
f 1112//1232 1114//1236 1115//1237
f 1173//1324 1174//1323 1175//1322
f 1172//1325 1173//1324 1175//1322
f 1177//1328 1178//1327 1179//1326
f 1176//1329 1177//1328 1179//1326
f 1180//1332 669//1331 774//1330
f 1180//1332 774//1330 1181//1333
f 1183//1334 1176//1329 1173//1324
f 1182//1335 1183//1334 1173//1324
f 1184//1337 1185//1336 1180//1332
f 1184//1337 1180//1332 1177//1328
f 1187//1338 1183//1334 1182//1335
f 1186//1339 1187//1338 1182//1335
f 1189//1340 1185//1336 1184//1337
f 1188//1341 1189//1340 1184//1337
f 1191//1343 1186//1339 1192//1342
f 1190//1344 1191//1343 1192//1342
f 1194//1345 1188//1341 1187//1338
f 1193//1346 1194//1345 1187//1338
f 1195//1349 780//1348 672//1347
f 1195//1349 672//1347 1189//1340
f 1197//1350 1191//1343 1190//1344
f 1196//1351 1197//1350 1190//1344
f 1198//1353 1199//1352 1194//1345
f 1198//1353 1194//1345 1193//1346
f 1200//1355 684//1354 780//1348
f 1200//1355 780//1348 1195//1349
f 1201//1357 1202//1356 1198//1353
f 1201//1357 1198//1353 1197//1350
f 1204//1358 1200//1355 1199//1352
f 1203//1359 1204//1358 1199//1352
f 1205//1361 1206//1360 1202//1356
f 1205//1361 1202//1356 1201//1357
f 1208//1362 1204//1358 1203//1359
f 1207//1363 1208//1362 1203//1359
f 1210//1365 1205//1361 1211//1364
f 1209//1366 1210//1365 1211//1364
f 1213//1367 1207//1363 1206//1360
f 1212//1368 1213//1367 1206//1360
f 779//1370 687//1369 1208//1362
f 1214//1371 779//1370 1208//1362
f 1216//1372 1210//1365 1209//1366
f 1215//1373 1216//1372 1209//1366
f 1218//1374 1213//1367 1212//1368
f 1217//1375 1218//1374 1212//1368
f 699//1376 779//1370 1214//1371
f 1219//1377 699//1376 1214//1371
f 1221//1378 1217//1375 1216//1372
f 1220//1379 1221//1378 1216//1372
f 1222//1381 1223//1380 1219//1377
f 1222//1381 1219//1377 1218//1374
f 1224//1383 1225//1382 1221//1378
f 1224//1383 1221//1378 1220//1379
f 1226//1385 1227//1384 1223//1380
f 1226//1385 1223//1380 1222//1381
f 1229//1387 1224//1383 1230//1386
f 1228//1388 1229//1387 1230//1386
f 1231//1390 1232//1389 1226//1385
f 1231//1390 1226//1385 1225//1382
f 778//1392 702//1391 1227//1384
f 1233//1393 778//1392 1227//1384
f 1235//1394 1229//1387 1228//1388
f 1234//1395 1235//1394 1228//1388
f 1237//1396 1232//1389 1231//1390
f 1236//1397 1237//1396 1231//1390
f 714//1398 778//1392 1233//1393
f 1238//1399 714//1398 1233//1393
f 1239//1401 1240//1400 1236//1397
f 1239//1401 1236//1397 1235//1394
f 1241//1403 1242//1402 1238//1399
f 1241//1403 1238//1399 1237//1396
f 1244//1404 1240//1400 1239//1401
f 1243//1405 1244//1404 1239//1401
f 1245//1407 1246//1406 1242//1402
f 1245//1407 1242//1402 1241//1403
f 1248//1409 1243//1405 1249//1408
f 1247//1410 1248//1409 1249//1408
f 1250//1412 1251//1411 1245//1407
f 1250//1412 1245//1407 1244//1404
f 777//1414 717//1413 1246//1406
f 1252//1415 777//1414 1246//1406
f 1254//1416 1248//1409 1247//1410
f 1253//1417 1254//1416 1247//1410
f 1255//1419 1256//1418 1251//1411
f 1255//1419 1251//1411 1250//1412
f 1257//1421 729//1420 777//1414
f 1257//1421 777//1414 1252//1415
f 1258//1423 1259//1422 1255//1419
f 1258//1423 1255//1419 1254//1416
f 1261//1424 1257//1421 1256//1418
f 1260//1425 1261//1424 1256//1418
f 1263//1426 1259//1422 1258//1423
f 1262//1427 1263//1426 1258//1423
f 1264//1429 1265//1428 1261//1424
f 1264//1429 1261//1424 1260//1425
f 1267//1431 1262//1427 1268//1430
f 1266//1432 1267//1431 1268//1430
f 1270//1433 1264//1429 1263//1426
f 1269//1434 1270//1433 1263//1426
f 1271//1437 776//1436 732//1435
f 1271//1437 732//1435 1265//1428
f 1273//1438 1267//1431 1266//1432
f 1272//1439 1273//1438 1266//1432
f 1275//1440 1270//1433 1269//1434
f 1274//1441 1275//1440 1269//1434
f 1276//1443 744//1442 776//1436
f 1276//1443 776//1436 1271//1437
f 1278//1444 1274//1441 1273//1438
f 1277//1445 1278//1444 1273//1438
f 1280//1446 1276//1443 1275//1440
f 1279//1447 1280//1446 1275//1440
f 1282//1448 1278//1444 1277//1445
f 1281//1449 1282//1448 1277//1445
f 1284//1450 1280//1446 1279//1447
f 1283//1451 1284//1450 1279//1447
f 1285//1453 1286//1452 1281//1449
f 1285//1453 1281//1449 1287//1454
f 1288//1456 1289//1455 1283//1451
f 1288//1456 1283//1451 1282//1448
f 1290//1459 775//1458 747//1457
f 1290//1459 747//1457 1284//1450
f 1291//1461 1292//1460 1286//1452
f 1291//1461 1286//1452 1285//1453
f 1294//1462 1289//1455 1288//1456
f 1293//1463 1294//1462 1288//1456
f 759//1464 775//1458 1290//1459
f 1295//1465 759//1464 1290//1459
f 1297//1466 1293//1463 1292//1460
f 1296//1467 1297//1466 1292//1460
f 1298//1469 1299//1468 1295//1465
f 1298//1469 1295//1465 1294//1462
f 1301//1470 1297//1466 1296//1467
f 1300//1471 1301//1470 1296//1467
f 1303//1472 1299//1468 1298//1469
f 1302//1473 1303//1472 1298//1469
f 1304//1475 1305//1474 1300//1471
f 1304//1475 1300//1471 1306//1476
f 1308//1477 1302//1473 1301//1470
f 1307//1478 1308//1477 1301//1470
f 771//1480 762//1479 1303//1472
f 1309//1481 771//1480 1303//1472
f 1310//1483 1311//1482 1307//1478
f 1310//1483 1307//1478 1305//1474
f 1313//1484 1309//1481 1308//1477
f 1312//1485 1313//1484 1308//1477
f 1175//1322 1174//1323 1310//1483
f 1175//1322 1310//1483 1314//1486
f 1179//1326 1178//1327 1312//1485
f 1179//1326 1312//1485 1311//1482
f 1181//1333 774//1330 769//1487
f 1181//1333 769//1487 1313//1484
f 1178//1327 1181//1333 1313//1484
f 1178//1327 1313//1484 1312//1485
f 1179//1326 1311//1482 1310//1483
f 1174//1323 1179//1326 1310//1483
f 769//1487 771//1480 1309//1481
f 1313//1484 769//1487 1309//1481
f 1312//1485 1308//1477 1307//1478
f 1311//1482 1312//1485 1307//1478
f 1314//1486 1310//1483 1305//1474
f 1314//1486 1305//1474 1304//1475
f 1308//1477 1309//1481 1303//1472
f 1308//1477 1303//1472 1302//1473
f 1307//1478 1301//1470 1300//1471
f 1305//1474 1307//1478 1300//1471
f 762//1479 757//1488 1299//1468
f 1303//1472 762//1479 1299//1468
f 1301//1470 1302//1473 1298//1469
f 1301//1470 1298//1469 1297//1466
f 1306//1476 1300//1471 1296//1467
f 1306//1476 1296//1467 1315//1489
f 757//1488 759//1464 1295//1465
f 1299//1468 757//1488 1295//1465
f 1298//1469 1294//1462 1293//1463
f 1297//1466 1298//1469 1293//1463
f 1315//1489 1296//1467 1292//1460
f 1315//1489 1292//1460 1291//1461
f 1294//1462 1295//1465 1290//1459
f 1294//1462 1290//1459 1289//1455
f 1293//1463 1288//1456 1286//1452
f 1292//1460 1293//1463 1286//1452
f 1289//1455 1290//1459 1284//1450
f 1289//1455 1284//1450 1283//1451
f 1288//1456 1282//1448 1281//1449
f 1286//1452 1288//1456 1281//1449
f 1284//1450 747//1457 742//1490
f 1284//1450 742//1490 1280//1446
f 1282//1448 1283//1451 1279//1447
f 1282//1448 1279//1447 1278//1444
f 1287//1454 1281//1449 1277//1445
f 1287//1454 1277//1445 1316//1491
f 1280//1446 742//1490 744//1442
f 1280//1446 744//1442 1276//1443
f 1278//1444 1279//1447 1275//1440
f 1278//1444 1275//1440 1274//1441
f 1316//1491 1277//1445 1273//1438
f 1316//1491 1273//1438 1272//1439
f 1276//1443 1271//1437 1270//1433
f 1275//1440 1276//1443 1270//1433
f 1273//1438 1274//1441 1269//1434
f 1273//1438 1269//1434 1267//1431
f 1270//1433 1271//1437 1265//1428
f 1270//1433 1265//1428 1264//1429
f 1269//1434 1263//1426 1262//1427
f 1267//1431 1269//1434 1262//1427
f 1265//1428 732//1435 727//1492
f 1265//1428 727//1492 1261//1424
f 1264//1429 1260//1425 1259//1422
f 1263//1426 1264//1429 1259//1422
f 1268//1430 1262//1427 1258//1423
f 1268//1430 1258//1423 1317//1493
f 1261//1424 727//1492 729//1420
f 1261//1424 729//1420 1257//1421
f 1259//1422 1260//1425 1256//1418
f 1259//1422 1256//1418 1255//1419
f 1258//1423 1254//1416 1253//1417
f 1317//1493 1258//1423 1253//1417
f 1257//1421 1252//1415 1251//1411
f 1256//1418 1257//1421 1251//1411
f 1255//1419 1250//1412 1248//1409
f 1254//1416 1255//1419 1248//1409
f 1252//1415 1246//1406 1245//1407
f 1251//1411 1252//1415 1245//1407
f 1248//1409 1250//1412 1244//1404
f 1248//1409 1244//1404 1243//1405
f 717//1413 712//1494 1242//1402
f 1246//1406 717//1413 1242//1402
f 1245//1407 1241//1403 1240//1400
f 1244//1404 1245//1407 1240//1400
f 1249//1408 1243//1405 1239//1401
f 1249//1408 1239//1401 1318//1495
f 712//1494 714//1398 1238//1399
f 1242//1402 712//1494 1238//1399
f 1241//1403 1237//1396 1236//1397
f 1240//1400 1241//1403 1236//1397
f 1318//1495 1239//1401 1235//1394
f 1318//1495 1235//1394 1234//1395
f 1238//1399 1233//1393 1232//1389
f 1237//1396 1238//1399 1232//1389
f 1235//1394 1236//1397 1231//1390
f 1235//1394 1231//1390 1229//1387
f 1233//1393 1227//1384 1226//1385
f 1232//1389 1233//1393 1226//1385
f 1229//1387 1231//1390 1225//1382
f 1229//1387 1225//1382 1224//1383
f 702//1391 697//1496 1223//1380
f 1227//1384 702//1391 1223//1380
f 1225//1382 1226//1385 1222//1381
f 1225//1382 1222//1381 1221//1378
f 1230//1386 1224//1383 1220//1379
f 1230//1386 1220//1379 1319//1497
f 697//1496 699//1376 1219//1377
f 1223//1380 697//1496 1219//1377
f 1221//1378 1222//1381 1218//1374
f 1221//1378 1218//1374 1217//1375
f 1319//1497 1220//1379 1216//1372
f 1319//1497 1216//1372 1215//1373
f 1218//1374 1219//1377 1214//1371
f 1218//1374 1214//1371 1213//1367
f 1216//1372 1217//1375 1212//1368
f 1216//1372 1212//1368 1210//1365
f 1213//1367 1214//1371 1208//1362
f 1213//1367 1208//1362 1207//1363
f 1210//1365 1212//1368 1206//1360
f 1210//1365 1206//1360 1205//1361
f 1208//1362 687//1369 682//1498
f 1208//1362 682//1498 1204//1358
f 1207//1363 1203//1359 1202//1356
f 1206//1360 1207//1363 1202//1356
f 1205//1361 1201//1357 1320//1499
f 1211//1364 1205//1361 1320//1499
f 1204//1358 682//1498 684//1354
f 1204//1358 684//1354 1200//1355
f 1202//1356 1203//1359 1199//1352
f 1202//1356 1199//1352 1198//1353
f 1201//1357 1197//1350 1196//1351
f 1320//1499 1201//1357 1196//1351
f 1200//1355 1195//1349 1194//1345
f 1199//1352 1200//1355 1194//1345
f 1197//1350 1198//1353 1193//1346
f 1197//1350 1193//1346 1191//1343
f 1194//1345 1195//1349 1189//1340
f 1194//1345 1189//1340 1188//1341
f 1191//1343 1193//1346 1187//1338
f 1191//1343 1187//1338 1186//1339
f 1189//1340 672//1347 667//1500
f 1189//1340 667//1500 1185//1336
f 1187//1338 1188//1341 1184//1337
f 1187//1338 1184//1337 1183//1334
f 1192//1342 1186//1339 1182//1335
f 1192//1342 1182//1335 1321//1501
f 1185//1336 667//1500 669//1331
f 1185//1336 669//1331 1180//1332
f 1183//1334 1184//1337 1177//1328
f 1183//1334 1177//1328 1176//1329
f 1182//1335 1173//1324 1172//1325
f 1321//1501 1182//1335 1172//1325
f 1180//1332 1181//1333 1178//1327
f 1177//1328 1180//1332 1178//1327
f 1173//1324 1176//1329 1179//1326
f 1173//1324 1179//1326 1174//1323
f 3//859 807//860 1322//1502
f 1322//1502 17//1503 3//859
f 1323//1504 784//790 15//791
f 1323//1504 15//791 14//1505
f 13//792 784//790 807//860
f 807//860 2//861 13//792
f 1325//1508 1326//1507 1327//1506
f 1324//1509 1325//1508 1327//1506
f 1328//1511 1329//1510 1325//1508
f 1328//1511 1325//1508 1324//1509
f 1330//1514 1331//1513 1332//1512
f 1330//1514 1332//1512 1333//1515
f 1334//1517 1335//1516 1331//1513
f 1334//1517 1331//1513 1330//1514
f 1337//1520 1338//1519 1339//1518
f 1336//1521 1337//1520 1339//1518
f 1341//1522 1337//1520 1336//1521
f 1340//1523 1341//1522 1336//1521
f 1343//1526 1344//1525 1345//1524
f 1342//1527 1343//1526 1345//1524
f 1346//1529 1347//1528 1343//1526
f 1346//1529 1343//1526 1342//1527
f 1349//1532 1350//1531 1351//1530
f 1348//1533 1349//1532 1351//1530
f 1352//1535 1353//1534 1349//1532
f 1352//1535 1349//1532 1348//1533
f 1354//1538 1355//1537 1356//1536
f 1354//1538 1356//1536 1357//1539
f 1359//1540 1355//1537 1354//1538
f 1358//1541 1359//1540 1354//1538
f 1361//1544 1362//1543 1363//1542
f 1360//1545 1361//1544 1363//1542
f 1365//1546 1361//1544 1360//1545
f 1364//1547 1365//1546 1360//1545
f 1366//1550 1367//1549 1368//1548
f 1366//1550 1368//1548 1369//1551
f 1327//1506 1326//1507 1367//1549
f 1327//1506 1367//1549 1366//1550
f 1369//1551 1368//1548 1370//1552
f 1369//1551 1370//1552 1371//1553
f 1370//1552 1365//1546 1364//1547
f 1371//1553 1370//1552 1364//1547
f 1362//1543 1372//1555 1373//1554
f 1363//1542 1362//1543 1373//1554
f 1372//1555 1359//1540 1358//1541
f 1373//1554 1372//1555 1358//1541
f 1357//1539 1356//1536 1374//1556
f 1357//1539 1374//1556 1375//1557
f 1375//1557 1374//1556 1353//1534
f 1375//1557 1353//1534 1352//1535
f 1351//1530 1350//1531 1376//1558
f 1351//1530 1376//1558 1377//1559
f 1377//1559 1376//1558 1347//1528
f 1377//1559 1347//1528 1346//1529
f 1344//1525 1378//1561 1379//1560
f 1345//1524 1344//1525 1379//1560
f 1378//1561 1341//1522 1340//1523
f 1379//1560 1378//1561 1340//1523
f 1339//1518 1338//1519 1380//1562
f 1339//1518 1380//1562 1381//1563
f 1381//1563 1380//1562 1335//1516
f 1381//1563 1335//1516 1334//1517
f 1333//1515 1332//1512 1382//1564
f 1333//1515 1382//1564 1383//1565
f 1382//1564 1329//1510 1328//1511
f 1383//1565 1382//1564 1328//1511
f 1385//1568 1386//1567 1387//1566
f 1384//1569 1385//1568 1387//1566
f 1388//1571 1389//1570 1385//1568
f 1388//1571 1385//1568 1384//1569
f 1391//1573 1388//1571 1392//1572
f 1390//1574 1391//1573 1392//1572
f 1393//1575 1383//1565 1328//1511
f 1393//1575 1328//1511 1389//1570
f 1394//1577 1395//1576 1391//1573
f 1394//1577 1391//1573 1390//1574
f 1333//1515 1383//1565 1393//1575
f 1396//1578 1333//1515 1393//1575
f 1397//1580 1398//1579 1396//1578
f 1397//1580 1396//1578 1395//1576
f 1400//1581 1398//1579 1397//1580
f 1399//1582 1400//1581 1397//1580
f 1401//1584 1402//1583 1399//1582
f 1401//1584 1399//1582 1403//1585
f 1404//1586 1381//1563 1334//1517
f 1404//1586 1334//1517 1400//1581
f 1406//1587 1402//1583 1401//1584
f 1405//1588 1406//1587 1401//1584
f 1407//1589 1339//1518 1381//1563
f 1407//1589 1381//1563 1404//1586
f 1408//1591 1409//1590 1407//1589
f 1408//1591 1407//1589 1406//1587
f 1411//1592 1409//1590 1408//1591
f 1410//1593 1411//1592 1408//1591
f 1412//1595 1413//1594 1410//1593
f 1412//1595 1410//1593 1414//1596
f 1415//1597 1379//1560 1340//1523
f 1415//1597 1340//1523 1411//1592
f 1417//1598 1413//1594 1412//1595
f 1416//1599 1417//1598 1412//1595
f 1418//1600 1345//1524 1379//1560
f 1418//1600 1379//1560 1415//1597
f 1420//1601 1418//1600 1417//1598
f 1419//1602 1420//1601 1417//1598
f 1421//1604 1422//1603 1420//1601
f 1421//1604 1420//1601 1419//1602
f 1424//1606 1421//1604 1425//1605
f 1423//1607 1424//1606 1425//1605
f 1377//1559 1346//1529 1422//1603
f 1426//1608 1377//1559 1422//1603
f 1427//1610 1428//1609 1424//1606
f 1427//1610 1424//1606 1423//1607
f 1351//1530 1377//1559 1426//1608
f 1429//1611 1351//1530 1426//1608
f 1431//1612 1429//1611 1428//1609
f 1430//1613 1431//1612 1428//1609
f 1432//1615 1433//1614 1431//1612
f 1432//1615 1431//1612 1430//1613
f 1434//1617 1435//1616 1432//1615
f 1434//1617 1432//1615 1436//1618
f 1375//1557 1352//1535 1433//1614
f 1437//1619 1375//1557 1433//1614
f 1439//1620 1435//1616 1434//1617
f 1438//1621 1439//1620 1434//1617
f 1357//1539 1375//1557 1437//1619
f 1440//1622 1357//1539 1437//1619
f 1441//1624 1442//1623 1440//1622
f 1441//1624 1440//1622 1439//1620
f 1444//1625 1442//1623 1441//1624
f 1443//1626 1444//1625 1441//1624
f 1445//1628 1446//1627 1443//1626
f 1445//1628 1443//1626 1447//1629
f 1373//1554 1358//1541 1444//1625
f 1448//1630 1373//1554 1444//1625
f 1449//1632 1450//1631 1446//1627
f 1449//1632 1446//1627 1445//1628
f 1363//1542 1373//1554 1448//1630
f 1451//1633 1363//1542 1448//1630
f 1452//1635 1453//1634 1451//1633
f 1452//1635 1451//1633 1450//1631
f 1455//1636 1453//1634 1452//1635
f 1454//1637 1455//1636 1452//1635
f 1457//1639 1454//1637 1458//1638
f 1456//1640 1457//1639 1458//1638
f 1459//1641 1371//1553 1364//1547
f 1459//1641 1364//1547 1455//1636
f 1460//1643 1461//1642 1457//1639
f 1460//1643 1457//1639 1456//1640
f 1369//1551 1371//1553 1459//1641
f 1462//1644 1369//1551 1459//1641
f 1464//1645 1462//1644 1461//1642
f 1463//1646 1464//1645 1461//1642
f 1465//1647 1387//1566 1463//1646
f 1465//1647 1463//1646 1466//1648
f 1327//1506 1366//1550 1464//1645
f 1386//1567 1327//1506 1464//1645
f 1387//1566 1386//1567 1464//1645
f 1387//1566 1464//1645 1463//1646
f 1366//1550 1369//1551 1462//1644
f 1464//1645 1366//1550 1462//1644
f 1463//1646 1461//1642 1460//1643
f 1466//1648 1463//1646 1460//1643
f 1461//1642 1462//1644 1459//1641
f 1461//1642 1459//1641 1457//1639
f 1457//1639 1459//1641 1455//1636
f 1457//1639 1455//1636 1454//1637
f 1455//1636 1364//1547 1360//1545
f 1455//1636 1360//1545 1453//1634
f 1458//1638 1454//1637 1452//1635
f 1458//1638 1452//1635 1467//1649
f 1360//1545 1363//1542 1451//1633
f 1453//1634 1360//1545 1451//1633
f 1452//1635 1450//1631 1449//1632
f 1467//1649 1452//1635 1449//1632
f 1450//1631 1451//1633 1448//1630
f 1450//1631 1448//1630 1446//1627
f 1446//1627 1448//1630 1444//1625
f 1446//1627 1444//1625 1443//1626
f 1444//1625 1358//1541 1354//1538
f 1444//1625 1354//1538 1442//1623
f 1443//1626 1441//1624 1468//1650
f 1447//1629 1443//1626 1468//1650
f 1354//1538 1357//1539 1440//1622
f 1442//1623 1354//1538 1440//1622
f 1468//1650 1441//1624 1439//1620
f 1468//1650 1439//1620 1438//1621
f 1440//1622 1437//1619 1435//1616
f 1439//1620 1440//1622 1435//1616
f 1437//1619 1433//1614 1432//1615
f 1435//1616 1437//1619 1432//1615
f 1352//1535 1348//1533 1431//1612
f 1433//1614 1352//1535 1431//1612
f 1432//1615 1430//1613 1469//1651
f 1436//1618 1432//1615 1469//1651
f 1431//1612 1348//1533 1351//1530
f 1431//1612 1351//1530 1429//1611
f 1430//1613 1428//1609 1427//1610
f 1469//1651 1430//1613 1427//1610
f 1428//1609 1429//1611 1426//1608
f 1428//1609 1426//1608 1424//1606
f 1426//1608 1422//1603 1421//1604
f 1424//1606 1426//1608 1421//1604
f 1346//1529 1342//1527 1420//1601
f 1422//1603 1346//1529 1420//1601
f 1425//1605 1421//1604 1419//1602
f 1425//1605 1419//1602 1470//1652
f 1342//1527 1345//1524 1418//1600
f 1420//1601 1342//1527 1418//1600
f 1470//1652 1419//1602 1417//1598
f 1470//1652 1417//1598 1416//1599
f 1417//1598 1418//1600 1415//1597
f 1417//1598 1415//1597 1413//1594
f 1413//1594 1415//1597 1411//1592
f 1413//1594 1411//1592 1410//1593
f 1411//1592 1340//1523 1336//1521
f 1411//1592 1336//1521 1409//1590
f 1410//1593 1408//1591 1471//1653
f 1414//1596 1410//1593 1471//1653
f 1336//1521 1339//1518 1407//1589
f 1409//1590 1336//1521 1407//1589
f 1471//1653 1408//1591 1406//1587
f 1471//1653 1406//1587 1405//1588
f 1407//1589 1404//1586 1402//1583
f 1406//1587 1407//1589 1402//1583
f 1404//1586 1400//1581 1399//1582
f 1402//1583 1404//1586 1399//1582
f 1400//1581 1334//1517 1330//1514
f 1400//1581 1330//1514 1398//1579
f 1403//1585 1399//1582 1397//1580
f 1403//1585 1397//1580 1472//1654
f 1330//1514 1333//1515 1396//1578
f 1398//1579 1330//1514 1396//1578
f 1397//1580 1395//1576 1394//1577
f 1472//1654 1397//1580 1394//1577
f 1396//1578 1393//1575 1391//1573
f 1395//1576 1396//1578 1391//1573
f 1393//1575 1389//1570 1388//1571
f 1391//1573 1393//1575 1388//1571
f 1389//1570 1328//1511 1324//1509
f 1389//1570 1324//1509 1385//1568
f 1392//1572 1388//1571 1384//1569
f 1392//1572 1384//1569 1473//1655
f 1385//1568 1324//1509 1327//1506
f 1385//1568 1327//1506 1386//1567
f 1384//1569 1387//1566 1465//1647
f 1473//1655 1384//1569 1465//1647
f 1473//1655 1465//1647 1475//1656
f 1474//1657 1473//1655 1475//1656
f 1476//1658 1392//1572 1473//1655
f 1476//1658 1473//1655 1474//1657
f 1478//1660 1476//1658 1479//1659
f 1477//1661 1478//1660 1479//1659
f 1480//1663 1481//1662 1478//1660
f 1480//1663 1478//1660 1477//1661
f 1472//1654 1394//1577 1481//1662
f 1482//1664 1472//1654 1481//1662
f 1403//1585 1472//1654 1482//1664
f 1483//1665 1403//1585 1482//1664
f 1485//1667 1483//1665 1486//1666
f 1484//1668 1485//1667 1486//1666
f 1488//1669 1485//1667 1484//1668
f 1487//1670 1488//1669 1484//1668
f 1489//1671 1471//1653 1405//1588
f 1489//1671 1405//1588 1488//1669
f 1414//1596 1471//1653 1489//1671
f 1490//1672 1414//1596 1489//1671
f 1492//1674 1490//1672 1493//1673
f 1491//1675 1492//1674 1493//1673
f 1494//1677 1495//1676 1492//1674
f 1494//1677 1492//1674 1491//1675
f 1470//1652 1416//1599 1495//1676
f 1496//1678 1470//1652 1495//1676
f 1425//1605 1470//1652 1496//1678
f 1497//1679 1425//1605 1496//1678
f 1499//1681 1497//1679 1500//1680
f 1498//1682 1499//1681 1500//1680
f 1501//1684 1502//1683 1499//1681
f 1501//1684 1499//1681 1498//1682
f 1503//1685 1469//1651 1427//1610
f 1503//1685 1427//1610 1502//1683
f 1504//1686 1436//1618 1469//1651
f 1504//1686 1469//1651 1503//1685
f 1506//1688 1504//1686 1507//1687
f 1505//1689 1506//1688 1507//1687
f 1508//1691 1509//1690 1506//1688
f 1508//1691 1506//1688 1505//1689
f 1510//1692 1468//1650 1438//1621
f 1510//1692 1438//1621 1509//1690
f 1447//1629 1468//1650 1510//1692
f 1511//1693 1447//1629 1510//1692
f 1512//1695 1513//1694 1511//1693
f 1512//1695 1511//1693 1514//1696
f 1515//1698 1516//1697 1513//1694
f 1515//1698 1513//1694 1512//1695
f 1517//1699 1467//1649 1449//1632
f 1517//1699 1449//1632 1516//1697
f 1458//1638 1467//1649 1517//1699
f 1518//1700 1458//1638 1517//1699
f 1520//1702 1518//1700 1521//1701
f 1519//1703 1520//1702 1521//1701
f 1522//1705 1523//1704 1520//1702
f 1522//1705 1520//1702 1519//1703
f 1466//1648 1460//1643 1523//1704
f 1524//1706 1466//1648 1523//1704
f 1465//1647 1466//1648 1524//1706
f 1475//1656 1465//1647 1524//1706
f 1475//1656 1524//1706 1526//1707
f 1525//1708 1475//1656 1526//1707
f 1526//1707 1524//1706 1523//1704
f 1526//1707 1523//1704 1522//1705
f 1460//1643 1456//1640 1520//1702
f 1523//1704 1460//1643 1520//1702
f 1456//1640 1458//1638 1518//1700
f 1520//1702 1456//1640 1518//1700
f 1521//1701 1518//1700 1517//1699
f 1521//1701 1517//1699 1527//1709
f 1517//1699 1516//1697 1515//1698
f 1527//1709 1517//1699 1515//1698
f 1516//1697 1449//1632 1445//1628
f 1516//1697 1445//1628 1513//1694
f 1445//1628 1447//1629 1511//1693
f 1513//1694 1445//1628 1511//1693
f 1514//1696 1511//1693 1510//1692
f 1514//1696 1510//1692 1528//1710
f 1510//1692 1509//1690 1508//1691
f 1528//1710 1510//1692 1508//1691
f 1438//1621 1434//1617 1506//1688
f 1509//1690 1438//1621 1506//1688
f 1506//1688 1434//1617 1436//1618
f 1506//1688 1436//1618 1504//1686
f 1504//1686 1503//1685 1529//1711
f 1507//1687 1504//1686 1529//1711
f 1529//1711 1503//1685 1502//1683
f 1529//1711 1502//1683 1501//1684
f 1502//1683 1427//1610 1423//1607
f 1502//1683 1423//1607 1499//1681
f 1423//1607 1425//1605 1497//1679
f 1499//1681 1423//1607 1497//1679
f 1500//1680 1497//1679 1496//1678
f 1500//1680 1496//1678 1530//1712
f 1530//1712 1496//1678 1495//1676
f 1530//1712 1495//1676 1494//1677
f 1416//1599 1412//1595 1492//1674
f 1495//1676 1416//1599 1492//1674
f 1492//1674 1412//1595 1414//1596
f 1492//1674 1414//1596 1490//1672
f 1493//1673 1490//1672 1489//1671
f 1493//1673 1489//1671 1531//1713
f 1489//1671 1488//1669 1487//1670
f 1531//1713 1489//1671 1487//1670
f 1488//1669 1405//1588 1401//1584
f 1488//1669 1401//1584 1485//1667
f 1401//1584 1403//1585 1483//1665
f 1485//1667 1401//1584 1483//1665
f 1483//1665 1482//1664 1532//1714
f 1486//1666 1483//1665 1532//1714
f 1482//1664 1481//1662 1480//1663
f 1532//1714 1482//1664 1480//1663
f 1481//1662 1394//1577 1390//1574
f 1481//1662 1390//1574 1478//1660
f 1478//1660 1390//1574 1392//1572
f 1478//1660 1392//1572 1476//1658
f 1476//1658 1474//1657 1533//1715
f 1479//1659 1476//1658 1533//1715
f 1533//1715 1474//1657 1475//1656
f 1533//1715 1475//1656 1525//1708
f 1534//1716 1533//1715 1525//1708
f 1534//1716 1525//1708 1535//1717
f 1479//1659 1533//1715 1534//1716
f 1536//1718 1479//1659 1534//1716
f 1537//1720 1538//1719 1536//1718
f 1537//1720 1536//1718 1539//1721
f 1541//1722 1538//1719 1537//1720
f 1540//1723 1541//1722 1537//1720
f 1532//1714 1480//1663 1541//1722
f 1542//1724 1532//1714 1541//1722
f 1543//1725 1486//1666 1532//1714
f 1543//1725 1532//1714 1542//1724
f 1545//1727 1543//1725 1546//1726
f 1544//1728 1545//1727 1546//1726
f 1548//1729 1545//1727 1544//1728
f 1547//1730 1548//1729 1544//1728
f 1549//1731 1531//1713 1487//1670
f 1549//1731 1487//1670 1548//1729
f 1550//1732 1493//1673 1531//1713
f 1550//1732 1531//1713 1549//1731
f 1552//1734 1550//1732 1553//1733
f 1551//1735 1552//1734 1553//1733
f 1554//1737 1555//1736 1552//1734
f 1554//1737 1552//1734 1551//1735
f 1530//1712 1494//1677 1555//1736
f 1556//1738 1530//1712 1555//1736
f 1557//1739 1500//1680 1530//1712
f 1557//1739 1530//1712 1556//1738
f 1558//1741 1559//1740 1557//1739
f 1558//1741 1557//1739 1560//1742
f 1562//1743 1559//1740 1558//1741
f 1561//1744 1562//1743 1558//1741
f 1529//1711 1501//1684 1562//1743
f 1563//1745 1529//1711 1562//1743
f 1564//1746 1507//1687 1529//1711
f 1564//1746 1529//1711 1563//1745
f 1566//1748 1564//1746 1567//1747
f 1565//1749 1566//1748 1567//1747
f 1568//1751 1569//1750 1566//1748
f 1568//1751 1566//1748 1565//1749
f 1528//1710 1508//1691 1569//1750
f 1570//1752 1528//1710 1569//1750
f 1514//1696 1528//1710 1570//1752
f 1571//1753 1514//1696 1570//1752
f 1572//1755 1573//1754 1571//1753
f 1572//1755 1571//1753 1574//1756
f 1575//1758 1576//1757 1573//1754
f 1575//1758 1573//1754 1572//1755
f 1577//1759 1527//1709 1515//1698
f 1577//1759 1515//1698 1576//1757
f 1578//1760 1521//1701 1527//1709
f 1578//1760 1527//1709 1577//1759
f 1579//1762 1580//1761 1578//1760
f 1579//1762 1578//1760 1581//1763
f 1583//1764 1580//1761 1579//1762
f 1582//1765 1583//1764 1579//1762
f 1584//1766 1526//1707 1522//1705
f 1584//1766 1522//1705 1583//1764
f 1585//1767 1535//1717 1584//1766
f 1585//1767 1584//1766 1586//1768
f 1525//1708 1526//1707 1584//1766
f 1535//1717 1525//1708 1584//1766
f 1584//1766 1583//1764 1582//1765
f 1586//1768 1584//1766 1582//1765
f 1522//1705 1519//1703 1580//1761
f 1583//1764 1522//1705 1580//1761
f 1519//1703 1521//1701 1578//1760
f 1580//1761 1519//1703 1578//1760
f 1581//1763 1578//1760 1577//1759
f 1581//1763 1577//1759 1587//1769
f 1577//1759 1576//1757 1575//1758
f 1587//1769 1577//1759 1575//1758
f 1515//1698 1512//1695 1573//1754
f 1576//1757 1515//1698 1573//1754
f 1512//1695 1514//1696 1571//1753
f 1573//1754 1512//1695 1571//1753
f 1571//1753 1570//1752 1588//1770
f 1574//1756 1571//1753 1588//1770
f 1570//1752 1569//1750 1568//1751
f 1588//1770 1570//1752 1568//1751
f 1508//1691 1505//1689 1566//1748
f 1569//1750 1508//1691 1566//1748
f 1505//1689 1507//1687 1564//1746
f 1566//1748 1505//1689 1564//1746
f 1567//1747 1564//1746 1563//1745
f 1567//1747 1563//1745 1589//1771
f 1589//1771 1563//1745 1562//1743
f 1589//1771 1562//1743 1561//1744
f 1562//1743 1501//1684 1498//1682
f 1562//1743 1498//1682 1559//1740
f 1498//1682 1500//1680 1557//1739
f 1559//1740 1498//1682 1557//1739
f 1557//1739 1556//1738 1590//1772
f 1560//1742 1557//1739 1590//1772
f 1556//1738 1555//1736 1554//1737
f 1590//1772 1556//1738 1554//1737
f 1555//1736 1494//1677 1491//1675
f 1555//1736 1491//1675 1552//1734
f 1552//1734 1491//1675 1493//1673
f 1552//1734 1493//1673 1550//1732
f 1553//1733 1550//1732 1549//1731
f 1553//1733 1549//1731 1591//1773
f 1549//1731 1548//1729 1547//1730
f 1591//1773 1549//1731 1547//1730
f 1548//1729 1487//1670 1484//1668
f 1548//1729 1484//1668 1545//1727
f 1545//1727 1484//1668 1486//1666
f 1545//1727 1486//1666 1543//1725
f 1546//1726 1543//1725 1542//1724
f 1546//1726 1542//1724 1592//1774
f 1542//1724 1541//1722 1540//1723
f 1592//1774 1542//1724 1540//1723
f 1541//1722 1480//1663 1477//1661
f 1541//1722 1477//1661 1538//1719
f 1538//1719 1477//1661 1479//1659
f 1538//1719 1479//1659 1536//1718
f 1539//1721 1536//1718 1534//1716
f 1539//1721 1534//1716 1593//1775
f 1534//1716 1535//1717 1585//1767
f 1593//1775 1534//1716 1585//1767
f 1594//1776 1593//1775 1585//1767
f 1594//1776 1585//1767 1595//1777
f 1539//1721 1593//1775 1594//1776
f 1596//1778 1539//1721 1594//1776
f 1597//1779 1592//1774 1540//1723
f 1597//1779 1540//1723 1598//1780
f 1546//1726 1592//1774 1597//1779
f 1599//1781 1546//1726 1597//1779
f 1600//1782 1591//1773 1547//1730
f 1600//1782 1547//1730 1601//1783
f 1602//1784 1553//1733 1591//1773
f 1602//1784 1591//1773 1600//1782
f 1590//1772 1554//1737 1604//1785
f 1603//1786 1590//1772 1604//1785
f 1605//1787 1560//1742 1590//1772
f 1605//1787 1590//1772 1603//1786
f 1589//1771 1561//1744 1607//1788
f 1606//1789 1589//1771 1607//1788
f 1608//1790 1567//1747 1589//1771
f 1608//1790 1589//1771 1606//1789
f 1588//1770 1568//1751 1610//1791
f 1609//1792 1588//1770 1610//1791
f 1574//1756 1588//1770 1609//1792
f 1611//1793 1574//1756 1609//1792
f 1612//1794 1587//1769 1575//1758
f 1612//1794 1575//1758 1613//1795
f 1581//1763 1587//1769 1612//1794
f 1614//1796 1581//1763 1612//1794
f 1615//1797 1586//1768 1582//1765
f 1615//1797 1582//1765 1616//1798
f 1585//1767 1586//1768 1615//1797
f 1595//1777 1585//1767 1615//1797
f 1582//1765 1579//1762 1617//1799
f 1616//1798 1582//1765 1617//1799
f 1617//1799 1579//1762 1581//1763
f 1617//1799 1581//1763 1614//1796
f 1575//1758 1572//1755 1618//1800
f 1613//1795 1575//1758 1618//1800
f 1618//1800 1572//1755 1574//1756
f 1618//1800 1574//1756 1611//1793
f 1610//1791 1568//1751 1565//1749
f 1610//1791 1565//1749 1619//1801
f 1619//1801 1565//1749 1567//1747
f 1619//1801 1567//1747 1608//1790
f 1607//1788 1561//1744 1558//1741
f 1607//1788 1558//1741 1620//1802
f 1558//1741 1560//1742 1605//1787
f 1620//1802 1558//1741 1605//1787
f 1554//1737 1551//1735 1621//1803
f 1604//1785 1554//1737 1621//1803
f 1551//1735 1553//1733 1602//1784
f 1621//1803 1551//1735 1602//1784
f 1547//1730 1544//1728 1622//1804
f 1601//1783 1547//1730 1622//1804
f 1622//1804 1544//1728 1546//1726
f 1622//1804 1546//1726 1599//1781
f 1540//1723 1537//1720 1623//1805
f 1598//1780 1540//1723 1623//1805
f 1623//1805 1537//1720 1539//1721
f 1623//1805 1539//1721 1596//1778
f 1624//1806 1623//1805 1596//1778
f 1624//1806 1598//1780 1623//1805
f 1624//1806 1622//1804 1599//1781
f 1624//1806 1601//1783 1622//1804
f 1624//1806 1621//1803 1602//1784
f 1624//1806 1604//1785 1621//1803
f 1624//1806 1620//1802 1605//1787
f 1624//1806 1607//1788 1620//1802
f 1624//1806 1619//1801 1608//1790
f 1624//1806 1610//1791 1619//1801
f 1624//1806 1618//1800 1611//1793
f 1624//1806 1613//1795 1618//1800
f 1624//1806 1617//1799 1614//1796
f 1624//1806 1616//1798 1617//1799
f 1624//1806 1595//1777 1615//1797
f 1624//1806 1615//1797 1616//1798
f 1624//1806 1614//1796 1612//1794
f 1624//1806 1612//1794 1613//1795
f 1624//1806 1611//1793 1609//1792
f 1624//1806 1609//1792 1610//1791
f 1624//1806 1608//1790 1606//1789
f 1624//1806 1606//1789 1607//1788
f 1624//1806 1605//1787 1603//1786
f 1624//1806 1603//1786 1604//1785
f 1624//1806 1602//1784 1600//1782
f 1624//1806 1600//1782 1601//1783
f 1624//1806 1599//1781 1597//1779
f 1624//1806 1597//1779 1598//1780
f 1624//1806 1596//1778 1594//1776
f 1624//1806 1594//1776 1595//1777
f 796//826 1316//1491 1272//1439
f 1272//1439 795//824 796//826
f 1355//1537 1359//1540 1625//1807
f 1355//1537 1625//1807 1626//1808
f 794//820 1266//1432 1268//1430
f 1268//1430 797//830 794//820
f 1374//1556 1356//1536 1627//1809
f 1374//1556 1627//1809 1628//1810
f 798//832 1317//1493 1253//1417
f 1253//1417 793//818 798//832
f 1349//1532 1353//1534 1629//1811
f 1349//1532 1629//1811 1630//1812
f 792//814 1247//1410 1249//1408
f 1249//1408 799//836 792//814
f 1376//1558 1350//1531 1631//1813
f 1376//1558 1631//1813 1632//1814
f 800//838 1318//1495 1234//1395
f 1234//1395 791//812 800//838
f 1343//1526 1347//1528 1633//1815
f 1343//1526 1633//1815 1634//1816
f 790//808 1228//1388 1230//1386
f 1230//1386 801//842 790//808
f 1636//1817 1378//1561 1344//1525
f 1344//1525 1635//1818 1636//1817
f 1319//1497 1215//1373 789//806
f 1319//1497 789//806 802//844
f 1638//1819 1337//1520 1341//1522
f 1341//1522 1637//1820 1638//1819
f 788//802 1209//1366 1211//1364
f 1211//1364 803//848 788//802
f 1640//1821 1380//1562 1338//1519
f 1338//1519 1639//1822 1640//1821
f 804//850 1320//1499 1196//1351
f 1196//1351 787//800 804//850
f 1331//1513 1335//1516 1641//1823
f 1331//1513 1641//1823 1642//1824
f 1190//1344 1192//1342 805//854
f 1190//1344 805//854 786//796
f 1644//1825 1382//1564 1332//1512
f 1332//1512 1643//1826 1644//1825
f 1321//1501 1172//1325 785//794
f 1321//1501 785//794 806//856
f 1646//1827 1325//1508 1329//1510
f 1329//1510 1645//1828 1646//1827
f 784//790 1175//1322 1314//1486
f 1314//1486 807//860 784//790
f 1367//1549 1326//1507 1323//1504
f 1367//1549 1323//1504 1322//1502
f 808//862 1304//1475 1306//1476
f 1306//1476 783//788 808//862
f 1648//1829 1370//1552 1368//1548
f 1368//1548 1647//1830 1648//1829
f 1315//1489 1291//1461 809//866
f 1315//1489 809//866 782//784
f 1650//1831 1361//1544 1365//1546
f 1365//1546 1649//1832 1650//1831
f 1285//1453 1287//1454 781//782
f 1285//1453 781//782 810//868
f 1652//1833 1372//1555 1362//1543
f 1362//1543 1651//1834 1652//1833
f 1382//1564 1192//1342 1321//1501
f 1382//1564 1321//1501 1329//1510
f 1380//1562 1211//1364 1320//1499
f 1380//1562 1320//1499 1335//1516
f 1230//1386 1319//1497 1341//1522
f 1378//1561 1230//1386 1341//1522
f 1249//1408 1318//1495 1347//1528
f 1376//1558 1249//1408 1347//1528
f 1268//1430 1317//1493 1353//1534
f 1374//1556 1268//1430 1353//1534
f 1372//1555 1287//1454 1316//1491
f 1372//1555 1316//1491 1359//1540
f 1306//1476 1315//1489 1365//1546
f 1370//1552 1306//1476 1365//1546
f 1314//1486 1304//1475 1368//1548
f 1367//1549 1314//1486 1368//1548
f 1291//1461 1285//1453 1362//1543
f 1361//1544 1291//1461 1362//1543
f 1355//1537 1272//1439 1266//1432
f 1355//1537 1266//1432 1356//1536
f 1253//1417 1247//1410 1350//1531
f 1349//1532 1253//1417 1350//1531
f 1234//1395 1228//1388 1344//1525
f 1343//1526 1234//1395 1344//1525
f 1337//1520 1215//1373 1209//1366
f 1337//1520 1209//1366 1338//1519
f 1196//1351 1190//1344 1332//1512
f 1331//1513 1196//1351 1332//1512
f 1325//1508 1172//1325 1175//1322
f 1325//1508 1175//1322 1326//1507
f 1362//1543 1285//1453 810//868
f 1362//1543 810//868 1651//1834
f 781//782 1287//1454 1372//1555
f 1372//1555 1652//1833 781//782
f 1365//1546 1315//1489 782//784
f 1365//1546 782//784 1649//1832
f 809//866 1291//1461 1361//1544
f 1361//1544 1650//1831 809//866
f 1368//1548 1304//1475 808//862
f 1368//1548 808//862 1647//1830
f 783//788 1306//1476 1370//1552
f 1370//1552 1648//1829 783//788
f 1326//1507 1175//1322 784//790
f 1326//1507 784//790 1323//1504
f 807//860 1314//1486 1367//1549
f 1367//1549 1322//1502 807//860
f 1329//1510 1321//1501 806//856
f 1329//1510 806//856 1645//1828
f 785//794 1172//1325 1325//1508
f 1325//1508 1646//1827 785//794
f 1332//1512 1190//1344 786//796
f 1332//1512 786//796 1643//1826
f 805//854 1192//1342 1382//1564
f 1382//1564 1644//1825 805//854
f 1335//1516 1320//1499 804//850
f 1335//1516 804//850 1641//1823
f 787//800 1196//1351 1331//1513
f 1331//1513 1642//1824 787//800
f 1338//1519 1209//1366 788//802
f 1338//1519 788//802 1639//1822
f 803//848 1211//1364 1380//1562
f 1380//1562 1640//1821 803//848
f 1341//1522 1319//1497 802//844
f 1341//1522 802//844 1637//1820
f 789//806 1215//1373 1337//1520
f 1337//1520 1638//1819 789//806
f 1344//1525 1228//1388 790//808
f 1344//1525 790//808 1635//1818
f 801//842 1230//1386 1378//1561
f 1378//1561 1636//1817 801//842
f 1347//1528 1318//1495 800//838
f 1347//1528 800//838 1633//1815
f 791//812 1234//1395 1343//1526
f 1343//1526 1634//1816 791//812
f 1350//1531 1247//1410 792//814
f 1350//1531 792//814 1631//1813
f 799//836 1249//1408 1376//1558
f 1376//1558 1632//1814 799//836
f 1353//1534 1317//1493 798//832
f 1353//1534 798//832 1629//1811
f 793//818 1253//1417 1349//1532
f 1349//1532 1630//1812 793//818
f 1356//1536 1266//1432 794//820
f 1356//1536 794//820 1627//1809
f 797//830 1268//1430 1374//1556
f 1374//1556 1628//1810 797//830
f 1359//1540 1316//1491 796//826
f 1359//1540 796//826 1625//1807
f 795//824 1272//1439 1355//1537
f 1355//1537 1626//1808 795//824
f 808//862 783//788 40//789
f 808//862 40//789 31//864
f 1647//1830 808//862 30//863
f 1647//1830 30//863 27//1835
f 39//787 783//788 1648//1829
f 1648//1829 22//1836 39//787
f 43//865 809//866 1650//1831
f 1650//1831 57//1837 43//865
f 1649//1832 782//784 55//785
f 1649//1832 55//785 54//1838
f 782//784 809//866 42//867
f 782//784 42//867 53//786
f 71//870 810//868 781//782
f 781//782 80//783 71//870
f 1651//1834 810//868 70//869
f 1651//1834 70//869 67//1839
f 79//781 781//782 1652//1833
f 1652//1833 62//1840 79//781
f 91//828 796//826 795//824
f 795//824 100//825 91//828
f 1625//1807 796//826 90//827
f 1625//1807 90//827 87//1841
f 99//823 795//824 1626//1808
f 1626//1808 82//1842 99//823
f 103//829 797//830 1628//1810
f 1628//1810 117//1843 103//829
f 1627//1809 794//820 115//821
f 1627//1809 115//821 114//1844
f 113//822 794//820 797//830
f 797//830 102//831 113//822
f 131//834 798//832 793//818
f 793//818 140//819 131//834
f 1629//1811 798//832 130//833
f 1629//1811 130//833 127//1845
f 139//817 793//818 1630//1812
f 1630//1812 122//1846 139//817
f 143//835 799//836 1632//1814
f 1632//1814 157//1847 143//835
f 1631//1813 792//814 155//815
f 1631//1813 155//815 154//1848
f 792//814 799//836 142//837
f 792//814 142//837 153//816
f 800//838 791//812 180//813
f 800//838 180//813 171//840
f 1633//1815 800//838 170//839
f 1633//1815 170//839 167//1849
f 179//811 791//812 1634//1816
f 1634//1816 162//1850 179//811
f 183//841 801//842 1636//1817
f 1636//1817 197//1851 183//841
f 1635//1818 790//808 195//809
f 1635//1818 195//809 194//1852
f 790//808 801//842 182//843
f 790//808 182//843 193//810
f 211//846 802//844 789//806
f 789//806 220//807 211//846
f 1637//1820 802//844 210//845
f 1637//1820 210//845 207//1853
f 219//805 789//806 1638//1819
f 1638//1819 202//1854 219//805
f 223//847 803//848 1640//1821
f 1640//1821 237//1855 223//847
f 1639//1822 788//802 235//803
f 1639//1822 235//803 234//1856
f 788//802 803//848 222//849
f 788//802 222//849 233//804
f 804//850 787//800 260//801
f 804//850 260//801 251//852
f 1641//1823 804//850 250//851
f 1641//1823 250//851 247//1857
f 259//799 787//800 1642//1824
f 1642//1824 242//1858 259//799
f 263//853 805//854 1644//1825
f 1644//1825 277//1859 263//853
f 1643//1826 786//796 275//797
f 1643//1826 275//797 274//1860
f 786//796 805//854 262//855
f 786//796 262//855 273//798
f 291//858 806//856 785//794
f 785//794 300//795 291//858
f 1645//1828 806//856 290//857
f 1645//1828 290//857 287//1861
f 299//793 785//794 1646//1827
f 1646//1827 282//1862 299//793
f 83//1863 82//1842 1626//1808
f 87//1841 86//1864 1625//1807
f 83//1863 1626//1808 1625//1807
f 1625//1807 86//1864 83//1863
f 1628//1810 1627//1809 119//1865
f 1628//1810 119//1865 120//1866
f 114//1844 119//1865 1627//1809
f 120//1866 117//1843 1628//1810
f 123//1867 122//1846 1630//1812
f 127//1845 126//1868 1629//1811
f 1630//1812 1629//1811 126//1868
f 1630//1812 126//1868 123//1867
f 160//1869 1632//1814 1631//1813
f 1631//1813 159//1870 160//1869
f 154//1848 159//1870 1631//1813
f 160//1869 157//1847 1632//1814
f 163//1871 162//1850 1634//1816
f 167//1849 166//1872 1633//1815
f 163//1871 1634//1816 1633//1815
f 1633//1815 166//1872 163//1871
f 1636//1817 1635//1818 199//1873
f 1636//1817 199//1873 200//1874
f 194//1852 199//1873 1635//1818
f 200//1874 197//1851 1636//1817
f 203//1875 202//1854 1638//1819
f 207//1853 206//1876 1637//1820
f 1638//1819 1637//1820 206//1876
f 1638//1819 206//1876 203//1875
f 1640//1821 1639//1822 239//1877
f 1640//1821 239//1877 240//1878
f 234//1856 239//1877 1639//1822
f 240//1878 237//1855 1640//1821
f 243//1879 242//1858 1642//1824
f 247//1857 246//1880 1641//1823
f 243//1879 1642//1824 1641//1823
f 1641//1823 246//1880 243//1879
f 280//1881 1644//1825 1643//1826
f 1643//1826 279//1882 280//1881
f 274//1860 279//1882 1643//1826
f 280//1881 277//1859 1644//1825
f 283//1883 282//1862 1646//1827
f 287//1861 286//1884 1645//1828
f 1646//1827 1645//1828 286//1884
f 1646//1827 286//1884 283//1883
f 1322//1502 1323//1504 19//1885
f 1322//1502 19//1885 20//1886
f 14//1505 19//1885 1323//1504
f 20//1886 17//1503 1322//1502
f 23//1887 22//1836 1648//1829
f 27//1835 26//1888 1647//1830
f 1648//1829 1647//1830 26//1888
f 1648//1829 26//1888 23//1887
f 1650//1831 1649//1832 59//1889
f 1650//1831 59//1889 60//1890
f 54//1838 59//1889 1649//1832
f 60//1890 57//1837 1650//1831
f 63//1891 62//1840 1652//1833
f 67//1839 66//1892 1651//1834
f 1652//1833 1651//1834 66//1892
f 1652//1833 66//1892 63//1891
