# Humvee FR wheel, origin at the hub
mtllib Humvee.mtl
v 6.416460 2.242358 -13.261574
v 5.531404 2.242358 -13.261597
v 5.431139 1.594642 -12.692703
v 6.516665 1.594642 -12.692680
v 6.516665 1.079198 -12.746857
v 5.431139 1.079198 -12.746880
v 5.531404 0.563918 -13.437996
v 6.416460 0.563918 -13.437981
v 6.416483 0.563918 -14.075134
v 5.531420 0.563918 -14.075157
v 5.543497 1.211639 -14.644058
v 6.404398 1.211639 -14.644043
v 6.953684 1.099618 -14.117119
v 6.953661 1.139339 -13.319099
v 6.416483 2.374820 -13.884804
v 6.953661 1.654800 -13.264923
v 6.953684 1.859538 -14.037254
v 5.531420 2.374820 -13.884819
v 5.543497 1.859538 -14.575958
v 6.404398 1.859538 -14.575943
v 6.416399 7.442538 -11.202972
v 5.531336 7.442519 -11.203026
v 5.431101 6.619418 -10.946739
v 6.516619 6.619418 -10.946724
v 6.516619 6.170581 -11.205887
v 5.431101 6.170581 -11.205902
v 5.531359 5.980960 -12.046844
v 6.416422 5.980960 -12.046814
v 6.416437 6.240119 -12.628899
v 5.531382 6.240119 -12.628922
v 5.543444 7.063220 -12.885178
v 6.404345 7.063220 -12.885162
v 6.953638 6.746600 -12.449341
v 6.953623 6.458301 -11.704178
v 6.416422 7.817039 -11.718452
v 6.953623 6.907142 -11.445038
v 6.953623 7.408321 -12.067299
v 5.531359 7.817039 -11.718483
v 5.543444 7.627418 -12.559464
v 6.404345 7.627418 -12.559441
v 6.416300 11.355819 -7.207260
v 5.531237 11.355819 -7.207283
v 5.431002 10.499637 -7.307976
v 6.516520 10.499637 -7.307961
v 6.516542 10.195022 -7.727242
v 5.431025 10.195022 -7.727264
v 5.531282 10.363841 -8.572655
v 6.416338 10.363841 -8.572639
v 6.416338 10.837340 -8.998978
v 5.531282 10.837340 -8.998993
v 5.543344 11.693519 -8.898315
v 6.404245 11.693519 -8.898300
v 6.953539 11.227019 -8.628944
v 6.953524 10.660560 -8.065460
v 6.416323 11.907619 -7.525856
v 6.953524 10.965179 -7.646164
v 6.953524 11.676120 -8.010780
v 5.531237 11.907619 -7.525887
v 5.543344 12.076438 -8.371262
v 6.404245 12.076438 -8.371239
v 6.416155 13.305598 -1.965324
v 5.531099 13.305598 -1.965340
v 5.430880 12.564399 -2.405556
v 6.516397 12.564399 -2.405540
v 6.516397 12.456638 -2.912506
v 5.430880 12.456638 -2.912521
v 5.531137 12.954700 -3.616165
v 6.416201 12.954700 -3.616142
v 6.416224 13.560680 -3.813019
v 5.531137 13.560680 -3.813042
v 5.543200 14.301898 -3.372841
v 6.404100 14.301898 -3.372826
v 6.953402 13.766177 -3.316483
v 6.953402 13.019481 -3.032104
v 6.416155 13.939281 -2.031898
v 6.953379 13.127238 -2.525162
v 6.953379 13.925040 -2.569107
v 5.531099 13.939281 -2.031937
v 5.543177 14.437339 -2.735580
v 6.404078 14.437339 -2.735558
v 6.416018 12.954700 3.616486
v 5.530962 12.954700 3.616455
v 5.430742 12.456638 2.912819
v 6.516260 12.456638 2.912842
v 6.516260 12.564399 2.405899
v 5.430742 12.564399 2.405884
v 5.531000 13.305598 1.965668
v 6.416056 13.305598 1.965683
v 6.416056 13.939281 2.032280
v 5.531000 13.939281 2.032257
v 5.543039 14.437339 2.735901
v 6.403940 14.437339 2.735916
v 6.953241 13.925040 2.569481
v 6.953241 13.127238 2.525558
v 6.416002 13.560680 3.813377
v 6.953241 13.019481 3.032501
v 6.953218 13.766177 3.316856
v 5.530939 13.560680 3.813362
v 5.543024 14.301898 3.373146
v 6.403925 14.301898 3.373161
v 6.415880 10.363841 8.572998
v 5.530817 10.363841 8.572983
v 5.430605 10.195022 7.727585
v 6.516123 10.195022 7.727600
v 6.516138 10.499637 7.308319
v 5.430620 10.499637 7.308304
v 5.530863 11.355819 7.207596
v 6.415918 11.355819 7.207642
v 6.415918 11.907619 7.526199
v 5.530863 11.907619 7.526184
v 5.542879 12.076438 8.371582
v 6.403780 12.076438 8.371597
v 6.953104 11.676120 8.011154
v 6.953104 10.965179 7.646561
v 6.415880 10.837340 8.999313
v 6.953104 10.660560 8.065857
v 6.953081 11.227019 8.629333
v 5.530817 10.837340 8.999298
v 5.542879 11.693519 8.898636
v 6.403780 11.693519 8.898651
v 6.415804 5.980960 12.047180
v 5.530741 5.980960 12.047150
v 5.430521 6.170581 11.206192
v 6.516039 6.170581 11.206223
v 6.516039 6.619418 10.947083
v 5.430521 6.619418 10.947067
v 5.530764 7.442538 11.203323
v 6.415819 7.442538 11.203339
v 6.415804 7.817039 11.718796
v 5.530741 7.817039 11.718781
v 5.542780 7.627418 12.559753
v 6.403681 7.627418 12.559784
v 6.952997 7.408321 12.067703
v 6.952997 6.907142 11.445450
v 6.415781 6.240119 12.629257
v 6.952997 6.458301 11.704575
v 6.952982 6.746600 12.449738
v 5.530718 6.240119 12.629242
v 5.542757 7.063220 12.885498
v 6.403658 7.063220 12.885529
v 6.415766 0.563918 13.438339
v 5.530703 0.563918 13.438324
v 5.430475 1.079198 12.747177
v 6.516001 1.079198 12.747223
v 6.516001 1.594642 12.693054
v 5.430475 1.594642 12.693024
v 5.530703 2.242358 13.261917
v 6.415766 2.242358 13.261932
v 6.415735 2.374820 13.885178
v 5.530680 2.374820 13.885162
v 5.542719 1.859538 14.576263
v 6.403620 1.859538 14.576279
v 6.952936 1.859538 14.037643
v 6.952959 1.654800 13.265335
v 6.415735 0.563918 14.075500
v 6.952959 1.139339 13.319504
v 6.952936 1.099618 14.117523
v 5.530680 0.563918 14.075485
v 5.542719 1.211639 14.644363
v 6.403620 1.211639 14.644379
v 6.415781 -4.950620 12.505936
v 5.530718 -4.950620 12.505905
v 5.430506 -4.198781 12.084106
v 6.516024 -4.198781 12.084122
v 6.516001 -3.705882 12.244278
v 5.430475 -3.705882 12.244263
v 5.530703 -3.345540 13.027420
v 6.415781 -3.345540 13.027435
v 6.415766 -3.478021 13.650681
v 5.530703 -3.478021 13.650665
v 5.542742 -4.229861 14.072464
v 6.403643 -4.229861 14.072479
v 6.952959 -4.010760 13.580399
v 6.952982 -3.883702 12.791550
v 6.415766 -5.209781 13.087982
v 6.952982 -4.376620 12.631393
v 6.952959 -4.737462 13.344284
v 5.530703 -5.209781 13.087952
v 5.542742 -4.849461 13.871140
v 6.403643 -4.849461 13.871170
v 6.415865 -9.609181 9.411148
v 5.530802 -9.609181 9.411118
v 5.430559 -8.750762 9.331573
v 6.516077 -8.750762 9.331604
v 6.516077 -8.365620 9.678421
v 5.430559 -8.365620 9.678375
v 5.530779 -8.354979 10.540405
v 6.415842 -8.354979 10.540421
v 6.415819 -8.729499 11.055893
v 5.530764 -8.729499 11.055878
v 5.542818 -9.587899 11.135391
v 6.403719 -9.587899 11.135422
v 6.953020 -9.187581 10.775009
v 6.953035 -8.750640 10.106033
v 6.415865 -10.082662 9.837479
v 6.953066 -9.135800 9.759262
v 6.953035 -9.755402 10.263718
v 5.530802 -10.082662 9.837463
v 5.542818 -10.072041 10.699478
v 6.403719 -10.072041 10.699493
v 6.415979 -12.606179 4.689117
v 5.530916 -12.606179 4.689102
v 5.430681 -11.789662 4.965599
v 6.516199 -11.789662 4.965622
v 6.516176 -11.578862 5.439087
v 5.430658 -11.578862 5.439056
v 5.530878 -11.919743 6.230881
v 6.415941 -11.919743 6.230896
v 6.415941 -12.471562 6.549469
v 5.530878 -12.471562 6.549438
v 5.542940 -13.288079 6.272964
v 6.403864 -13.288079 6.272980
v 6.953165 -12.775781 6.106537
v 6.953165 -12.104541 5.673141
v 6.415979 -13.212182 4.886017
v 6.953180 -12.315341 5.199677
v 6.953180 -13.086558 5.408493
v 5.530916 -13.212182 4.885994
v 5.542963 -13.553063 5.677811
v 6.403879 -13.553063 5.677826
v 6.416140 -13.423501 -0.843658
v 5.531084 -13.423501 -0.843697
v 5.430819 -12.790000 -0.258980
v 6.516344 -12.790000 -0.258965
v 6.516321 -12.790000 0.259323
v 5.430796 -12.790000 0.259300
v 5.531023 -13.423501 0.844002
v 6.416101 -13.423501 0.844017
v 6.416079 -14.057179 0.910622
v 5.531023 -14.057179 0.910599
v 5.543100 -14.690638 0.325897
v 6.404001 -14.690638 0.325920
v 6.953302 -14.154921 0.382240
v 6.953302 -13.365441 0.259338
v 6.416140 -14.057179 -0.910286
v 6.953318 -13.365441 -0.258942
v 6.953318 -14.154921 -0.381844
v 5.531084 -14.057179 -0.910301
v 5.543123 -14.690638 -0.325577
v 6.404024 -14.690638 -0.325554
v 6.416285 -11.919743 -6.230537
v 5.531221 -11.919743 -6.230553
v 5.430964 -11.578862 -5.438736
v 6.516481 -11.578862 -5.438721
v 6.516459 -11.789662 -4.965240
v 5.430941 -11.789662 -4.965279
v 5.531183 -12.606179 -4.688782
v 6.416239 -12.606179 -4.688759
v 6.416239 -13.212182 -4.885658
v 5.531183 -13.212182 -4.885681
v 5.543261 -13.553063 -5.677483
v 6.404177 -13.553063 -5.677460
v 6.953455 -13.086558 -5.408119
v 6.953440 -12.315341 -5.199280
v 6.416285 -12.471562 -6.549118
v 6.953455 -12.104541 -5.672760
v 6.953485 -12.775781 -6.106140
v 5.531221 -12.471562 -6.549141
v 5.543276 -13.288079 -6.272644
v 6.404200 -13.288079 -6.272621
v 6.416384 -8.354979 -10.540054
v 5.531321 -8.354979 -10.540077
v 5.431063 -8.365620 -9.678062
v 6.516581 -8.365620 -9.678040
v 6.516581 -8.750762 -9.331238
v 5.431063 -8.750762 -9.331253
v 5.531298 -9.609181 -9.410805
v 6.416361 -9.609181 -9.410782
v 6.416384 -10.082662 -9.837120
v 5.531321 -10.082662 -9.837143
v 5.543383 -10.072041 -10.699158
v 6.404284 -10.072041 -10.699142
v 6.953585 -9.755402 -10.263321
v 6.953562 -9.135800 -9.758858
v 6.416399 -8.729499 -11.055534
v 6.953585 -8.750640 -10.105659
v 6.953600 -9.187581 -10.774605
v 5.531336 -8.729499 -11.055557
v 5.543398 -9.587899 -11.135086
v 6.404299 -9.587899 -11.135063
v 6.416460 -3.345540 -13.027077
v 5.531404 -3.345540 -13.027100
v 5.431139 -3.705882 -12.243942
v 6.516665 -3.705882 -12.243919
v 6.516642 -4.198781 -12.083763
v 5.431124 -4.198781 -12.083778
v 5.531382 -4.950620 -12.505577
v 6.416437 -4.950620 -12.505562
v 6.416460 -5.209781 -13.087639
v 5.531404 -5.209781 -13.087654
v 5.543482 -4.849461 -13.870819
v 6.404383 -4.849461 -13.870804
v 6.953661 -4.737462 -13.343880
v 6.953638 -4.376620 -12.630997
v 6.416483 -3.478021 -13.650322
v 6.953638 -3.883702 -12.791161
v 6.953661 -4.010760 -13.580002
v 5.531420 -3.478021 -13.650345
v 5.543482 -4.229861 -14.072144
v 6.404383 -4.229861 -14.072121
v -8.797781 -6.589181 -30.999901
v -8.988039 -6.354701 -29.896698
v -8.988020 -0.000001 -30.564621
v -8.797762 -0.000001 -31.692421
v -9.653898 -6.167119 -29.014175
v -10.605158 -5.815362 -27.359398
v -10.605158 -0.000001 -27.970619
v -9.653879 -0.000001 -29.662361
v -11.080839 -5.018100 -23.608582
v -11.080900 -4.572560 -21.512520
v -11.080900 -0.000001 -21.993126
v -11.080839 -0.000001 -24.136002
v -8.797819 -12.890403 -28.952522
v -8.988100 -12.431661 -27.922180
v -9.653959 -12.064683 -27.097939
v -10.605223 -11.376582 -25.552452
v -11.080900 -9.816901 -22.049362
v -11.080938 -8.945281 -20.091736
v -8.797918 -18.628240 -25.639786
v -8.988180 -17.965299 -24.727333
v -9.654039 -17.434960 -23.997406
v -10.605299 -16.440578 -22.628754
v -11.080961 -14.186622 -19.526505
v -11.080999 -12.927062 -17.792854
v -8.798040 -23.551923 -21.206459
v -8.988298 -22.713781 -20.451805
v -9.654142 -22.043262 -19.848083
v -10.605398 -20.786038 -18.716095
v -11.081038 -17.936340 -16.150238
v -11.081079 -16.343861 -14.716362
v -8.798182 -27.446281 -15.846336
v -8.988420 -26.469542 -15.282402
v -9.654280 -25.688163 -14.831299
v -10.605520 -24.223062 -13.985443
v -11.081163 -20.902139 -12.068138
v -11.081182 -19.046341 -10.996696
v -8.798338 -30.141102 -9.793686
v -8.988581 -29.068462 -9.445145
v -9.654417 -28.210341 -9.166336
v -10.605661 -26.601402 -8.643578
v -11.081282 -22.954441 -7.458641
v -11.081301 -20.916420 -6.796440
v -8.798498 -31.518623 -3.312981
v -8.988737 -30.396959 -3.195076
v -9.654581 -29.499642 -3.100761
v -10.605818 -27.817141 -2.923958
v -11.081400 -24.003502 -2.523155
v -11.081419 -21.872359 -2.299141
v -8.798681 -31.518623 3.312523
v -8.988920 -30.396959 3.194633
v -9.654760 -29.499642 3.100296
v -10.605959 -27.817141 2.923439
v -11.081537 -24.003502 2.522598
v -11.081518 -21.872359 2.298599
v -8.798838 -30.141102 9.793228
v -8.989080 -29.068462 9.444702
v -9.654898 -28.210341 9.165863
v -10.606119 -26.601402 8.643066
v -11.081659 -22.954441 7.458054
v -11.081640 -20.916420 6.795883
v -8.799002 -27.446281 15.845886
v -8.989241 -26.469542 15.281967
v -9.655062 -25.688163 14.830795
v -10.606260 -24.223062 13.984924
v -11.081781 -20.902139 12.067566
v -11.081758 -19.046341 10.996140
v -8.799139 -23.551923 21.205994
v -8.989359 -22.713781 20.451340
v -9.655199 -22.043262 19.847595
v -10.606379 -20.786038 18.715561
v -11.081900 -17.936340 16.149658
v -11.081858 -16.343861 14.715805
v -8.799257 -18.628240 25.639343
v -8.989477 -17.965299 24.726883
v -9.655298 -17.434960 23.996918
v -10.606482 -16.440578 22.628235
v -11.081976 -14.186622 19.525925
v -11.081938 -12.927062 17.792297
v -8.799337 -12.890403 28.952087
v -8.989557 -12.431661 27.921738
v -9.655382 -12.064683 27.097458
v -10.606562 -11.376582 25.551941
v -11.082041 -9.816901 22.048798
v -11.082003 -8.945281 20.091156
v -8.799402 -6.589181 30.999466
v -8.989622 -6.354701 29.896271
v -9.655439 -6.167119 29.013702
v -10.606600 -5.815362 27.358887
v -11.082102 -5.018100 23.608017
v -11.082041 -4.572560 21.511963
v -8.799421 -0.000001 31.692001
v -8.989641 -0.000001 30.564163
v -9.655439 -0.000001 29.661880
v -10.606619 -0.000001 27.970108
v -11.082102 -0.000001 24.135437
v -11.082041 -0.000001 21.992538
v -8.799402 6.589179 30.999466
v -8.989622 6.354701 29.896271
v -9.655439 6.167098 29.013702
v -10.606600 5.815360 27.358887
v -11.082102 5.018100 23.608017
v -11.082041 4.572559 21.511963
v -8.799337 12.890380 28.952087
v -8.989557 12.431659 27.921738
v -9.655382 12.064658 27.097458
v -10.606562 11.376578 25.551941
v -11.082041 9.816878 22.048798
v -11.082003 8.945281 20.091156
v -8.799257 18.628219 25.639343
v -8.989477 17.965301 24.726883
v -9.655298 17.434959 23.996918
v -10.606482 16.440559 22.628235
v -11.081976 14.186618 19.525925
v -11.081938 12.927058 17.792297
v -8.799139 23.551921 21.205994
v -8.989359 22.713779 20.451340
v -9.655199 22.043258 19.847595
v -10.606379 20.786040 18.715561
v -11.081900 17.936339 16.149658
v -11.081858 16.343860 14.715805
v -8.799002 27.446281 15.845886
v -8.989241 26.469539 15.281967
v -9.655062 25.688159 14.830795
v -10.606260 24.223060 13.984924
v -11.081781 20.902141 12.067566
v -11.081758 19.046340 10.996140
v -8.798838 30.141101 9.793228
v -8.989080 29.068458 9.444702
v -9.654898 28.210338 9.165863
v -10.606119 26.601398 8.643066
v -11.081659 22.954440 7.458054
v -11.081640 20.916419 6.795883
v -8.798681 31.518619 3.312523
v -8.988920 30.396960 3.194633
v -9.654760 29.499641 3.100296
v -10.605959 27.817138 2.923439
v -11.081537 24.003501 2.522598
v -11.081518 21.872340 2.298599
v -8.798498 31.518619 -3.312981
v -8.988737 30.396960 -3.195076
v -9.654581 29.499641 -3.100761
v -10.605818 27.817138 -2.923958
v -11.081400 24.003501 -2.523155
v -11.081419 21.872340 -2.299141
v -8.798338 30.141101 -9.793686
v -8.988581 29.068458 -9.445145
v -9.654417 28.210338 -9.166336
v -10.605661 26.601398 -8.643578
v -11.081282 22.954440 -7.458641
v -11.081301 20.916419 -6.796440
v -8.798182 27.446281 -15.846336
v -8.988420 26.469539 -15.282402
v -9.654280 25.688159 -14.831299
v -10.605520 24.223060 -13.985443
v -11.081163 20.902141 -12.068138
v -11.081182 19.046340 -10.996696
v -8.798040 23.551921 -21.206459
v -8.988298 22.713779 -20.451805
v -9.654142 22.043258 -19.848083
v -10.605398 20.786040 -18.716095
v -11.081038 17.936339 -16.150238
v -11.081079 16.343860 -14.716362
v -8.797918 18.628219 -25.639786
v -8.988180 17.965301 -24.727333
v -9.654039 17.434959 -23.997406
v -10.605299 16.440559 -22.628754
v -11.080961 14.186618 -19.526505
v -11.080999 12.927058 -17.792854
v -8.797819 12.890380 -28.952522
v -8.988100 12.431659 -27.922180
v -9.653959 12.064658 -27.097939
v -10.605223 11.376578 -25.552452
v -11.080900 9.816878 -22.049362
v -11.080938 8.945281 -20.091736
v -8.797781 6.589179 -30.999901
v -8.988039 6.354701 -29.896698
v -9.653898 6.167098 -29.014175
v -10.605158 5.815360 -27.359398
v -11.080839 5.018100 -23.608582
v -11.080900 4.572559 -21.512520
v -10.510260 -0.000001 -18.947937
v -10.510260 3.939441 -18.533859
v -10.510298 7.706699 -17.309822
v -10.510340 11.137160 -15.329239
v -10.510420 14.080859 -12.678719
v -10.510496 16.409160 -9.474098
v -10.510599 18.020301 -5.855415
v -10.510698 18.843860 -1.980820
v -10.510798 18.843860 1.980301
v -10.510897 18.020301 5.854889
v -10.511000 16.409160 9.473587
v -10.511080 14.080859 12.678207
v -10.511160 11.137160 15.328720
v -10.511198 7.706699 17.309296
v -10.511240 3.939441 18.533340
v -10.511240 -0.000001 18.947403
v -10.511240 -3.939441 18.533340
v -10.511198 -7.706700 17.309296
v -10.511160 -11.137162 15.328720
v -10.511080 -14.080859 12.678207
v -10.511000 -16.409160 9.473587
v -10.510897 -18.020302 5.854889
v -10.510798 -18.843861 1.980301
v -10.510698 -18.843861 -1.980820
v -10.510599 -18.020302 -5.855415
v -10.510496 -16.409160 -9.474098
v -10.510420 -14.080859 -12.678719
v -10.510340 -11.137162 -15.329239
v -10.510298 -7.706700 -17.309822
v -10.510260 -3.939441 -18.533859
v 4.994661 -6.659539 -31.330498
v 1.950800 -6.706441 -31.551216
v 1.950823 -0.000001 -32.256096
v 4.994677 -0.000001 -32.030441
v -2.614962 -6.706441 -31.551346
v -5.468580 -6.659539 -31.330757
v -5.468561 -0.000001 -32.030701
v -2.614939 -0.000001 -32.256226
v 4.994600 -13.028022 -29.261238
v 1.950739 -13.119761 -29.467400
v -2.615019 -13.119761 -29.467499
v -5.468641 -13.028022 -29.261505
v 4.994524 -18.827101 -25.913162
v 1.950663 -18.959700 -26.095695
v -2.615099 -18.959700 -26.095818
v -5.468721 -18.827101 -25.913437
v 4.994402 -23.803359 -21.432480
v 1.950541 -23.971001 -21.583519
v -2.615217 -23.971001 -21.583641
v -5.468840 -23.803359 -21.432762
v 4.994257 -27.739302 -16.015137
v 1.950403 -27.934662 -16.128014
v -2.615362 -27.934662 -16.128143
v -5.468981 -27.739302 -16.015419
v 4.994104 -30.462900 -9.897865
v 1.950220 -30.677420 -9.967644
v -2.615519 -30.677420 -9.967735
v -5.469141 -30.462881 -9.898117
v 4.993921 -31.855122 -3.347961
v 1.950060 -32.079440 -3.371643
v -2.615702 -32.079440 -3.371765
v -5.469316 -31.855122 -3.348221
v 4.993738 -31.855122 3.348244
v 1.949884 -32.079440 3.371742
v -2.615881 -32.079440 3.371620
v -5.469500 -31.855122 3.347961
v 4.993578 -30.462900 9.898117
v 1.949701 -30.677420 9.967758
v -2.616056 -30.677420 9.967636
v -5.469660 -30.462881 9.897858
v 4.993402 -27.739302 16.015442
v 1.949541 -27.934662 16.128113
v -2.616220 -27.934662 16.128006
v -5.469820 -27.739302 16.015152
v 4.993265 -23.803359 21.432785
v 1.949404 -23.971001 21.583618
v -2.616358 -23.971001 21.583496
v -5.469980 -23.803359 21.432526
v 4.993143 -18.827101 25.913422
v 1.949282 -18.959700 26.095825
v -2.616476 -18.959700 26.095703
v -5.470098 -18.827101 25.913162
v 4.993059 -13.028022 29.261536
v 1.949198 -13.119761 29.467529
v -2.616560 -13.119761 29.467407
v -5.470182 -13.028022 29.261276
v 4.992998 -6.659539 31.330780
v 1.949137 -6.706441 31.551315
v -2.616621 -6.706441 31.551193
v -5.470221 -6.659539 31.330475
v 4.992983 -0.000001 32.030731
v 1.949121 -0.000001 32.256226
v -2.616640 -0.000001 32.256104
v -5.470240 -0.000001 32.030441
v 4.992998 6.659541 31.330780
v 1.949137 6.706439 31.551315
v -2.616621 6.706439 31.551193
v -5.470221 6.659541 31.330475
v 4.993059 13.028018 29.261536
v 1.949198 13.119758 29.467529
v -2.616560 13.119758 29.467407
v -5.470182 13.028018 29.261276
v 4.993143 18.827098 25.913422
v 1.949282 18.959678 26.095825
v -2.616476 18.959678 26.095703
v -5.470098 18.827098 25.913162
v 4.993265 23.803359 21.432785
v 1.949404 23.971000 21.583618
v -2.616358 23.971000 21.583496
v -5.469980 23.803359 21.432526
v 4.993402 27.739299 16.015442
v 1.949541 27.934638 16.128113
v -2.616220 27.934638 16.128006
v -5.469820 27.739299 16.015152
v 4.993578 30.462901 9.898117
v 1.949701 30.677421 9.967758
v -2.616056 30.677421 9.967636
v -5.469660 30.462878 9.897858
v 4.993738 31.855121 3.348244
v 1.949884 32.079440 3.371742
v -2.615881 32.079440 3.371620
v -5.469500 31.855121 3.347961
v 4.993921 31.855121 -3.347961
v 1.950060 32.079440 -3.371643
v -2.615702 32.079440 -3.371765
v -5.469316 31.855121 -3.348221
v 4.994104 30.462901 -9.897865
v 1.950220 30.677421 -9.967644
v -2.615519 30.677421 -9.967735
v -5.469141 30.462878 -9.898117
v 4.994257 27.739299 -16.015137
v 1.950403 27.934638 -16.128014
v -2.615362 27.934638 -16.128143
v -5.468981 27.739299 -16.015419
v 4.994402 23.803359 -21.432480
v 1.950541 23.971000 -21.583519
v -2.615217 23.971000 -21.583641
v -5.468840 23.803359 -21.432762
v 4.994524 18.827098 -25.913162
v 1.950663 18.959678 -26.095695
v -2.615099 18.959678 -26.095818
v -5.468721 18.827098 -25.913437
v 4.994600 13.028018 -29.261238
v 1.950739 13.119758 -29.467400
v -2.615019 13.119758 -29.467499
v -5.468641 13.028018 -29.261505
v 4.994661 6.659541 -31.330498
v 1.950800 6.706439 -31.551216
v -2.614962 6.706439 -31.551346
v -5.468580 6.659541 -31.330757
v 8.419001 -0.000001 -31.579216
v 8.418978 6.565738 -30.889122
v 8.418924 12.844520 -28.849022
v 8.418840 18.561938 -25.548080
v 8.418718 23.468101 -21.130547
v 8.418581 27.348598 -15.789520
v 8.418421 30.033839 -9.758339
v 8.418261 31.406440 -3.300697
v 8.418085 31.406440 3.301178
v 8.417917 30.033839 9.758820
v 8.417757 27.348598 15.789963
v 8.417620 23.468101 21.131012
v 8.417498 18.561938 25.548538
v 8.417398 12.844520 28.849503
v 8.417360 6.565738 30.889603
v 8.417337 -0.000001 31.579681
v 8.417360 -6.565741 30.889603
v 8.417398 -12.844521 28.849503
v 8.417498 -18.561941 25.548538
v 8.417620 -23.468100 21.131012
v 8.417757 -27.348601 15.789963
v 8.417917 -30.033842 9.758820
v 8.418085 -31.406461 3.301178
v 8.418261 -31.406461 -3.300697
v 8.418421 -30.033842 -9.758339
v 8.418581 -27.348601 -15.789520
v 8.418718 -23.468100 -21.130547
v 8.418840 -18.561941 -25.548080
v 8.418924 -12.844521 -28.849022
v 8.418978 -6.565741 -30.889122
v 10.796801 -5.299481 -24.931839
v 9.845697 -5.932620 -27.910484
v 9.845720 -0.000001 -28.534042
v 10.796816 -0.000001 -25.488838
v 8.799402 -6.307801 -29.675621
v 8.799417 -0.000001 -30.338585
v 10.796762 -10.367362 -23.285179
v 9.845659 -11.605941 -26.067093
v 8.799364 -12.339923 -27.715652
v 10.796701 -14.982139 -20.620842
v 9.845583 -16.772042 -23.084480
v 8.799280 -17.832719 -24.544403
v 10.796602 -18.942119 -17.055252
v 9.845484 -21.205121 -19.092873
v 8.799158 -22.546159 -20.300415
v 10.796480 -22.074219 -12.744255
v 9.845339 -24.711419 -14.266861
v 8.799021 -26.274201 -15.169182
v 10.796358 -24.241601 -7.876282
v 9.845201 -27.137719 -8.817322
v 8.798883 -28.853942 -9.374985
v 10.796221 -25.349499 -2.664040
v 9.845064 -28.377982 -2.982376
v 8.798723 -30.172621 -3.171036
v 10.796076 -25.349499 2.664642
v 9.844896 -28.377982 2.982918
v 8.798540 -30.172621 3.171516
v 10.795938 -24.241601 7.876877
v 9.844744 -27.137719 8.817856
v 8.798380 -28.853942 9.375458
v 10.795824 -22.074219 12.744858
v 9.844599 -24.711419 14.267426
v 8.798243 -26.274201 15.169662
v 10.795702 -18.942119 17.055862
v 9.844461 -21.205121 19.093460
v 8.798098 -22.546159 20.300858
v 10.795618 -14.982139 20.621445
v 9.844362 -16.772042 23.085007
v 8.797976 -17.832719 24.544861
v 10.795542 -10.367362 23.285782
v 9.844278 -11.605941 26.067657
v 8.797899 -12.339923 27.716141
v 10.795504 -5.299481 24.932419
v 9.844240 -5.932620 27.911041
v 8.797838 -6.307801 29.676086
v 10.795481 -0.000001 25.489441
v 9.844225 -0.000001 28.534576
v 8.797838 -0.000001 30.339066
v 10.795504 5.299480 24.932419
v 9.844240 5.932620 27.911041
v 8.797838 6.307799 29.676086
v 10.795542 10.367358 23.285782
v 9.844278 11.605941 26.067657
v 8.797899 12.339919 27.716141
v 10.795618 14.982120 20.621445
v 9.844362 16.772021 23.085007
v 8.797976 17.832721 24.544861
v 10.795702 18.942119 17.055862
v 9.844461 21.205119 19.093460
v 8.798098 22.546138 20.300858
v 10.795824 22.074241 12.744858
v 9.844599 24.711421 14.267426
v 8.798243 26.274200 15.169662
v 10.795938 24.241599 7.876877
v 9.844744 27.137721 8.817856
v 8.798380 28.853938 9.375458
v 10.796076 25.349479 2.664642
v 9.844896 28.377978 2.982918
v 8.798540 30.172618 3.171516
v 10.796221 25.349479 -2.664040
v 9.845064 28.377978 -2.982376
v 8.798723 30.172618 -3.171036
v 10.796358 24.241599 -7.876282
v 9.845201 27.137721 -8.817322
v 8.798883 28.853938 -9.374985
v 10.796480 22.074241 -12.744255
v 9.845339 24.711421 -14.266861
v 8.799021 26.274200 -15.169182
v 10.796602 18.942119 -17.055252
v 9.845484 21.205119 -19.092873
v 8.799158 22.546138 -20.300415
v 10.796701 14.982120 -20.620842
v 9.845583 16.772021 -23.084480
v 8.799280 17.832721 -24.544403
v 10.796762 10.367358 -23.285179
v 9.845659 11.605941 -26.067093
v 8.799364 12.339919 -27.715652
v 10.796801 5.299480 -24.931839
v 9.845697 5.932620 -27.910484
v 8.799402 6.307799 -29.675621
v 11.082102 -0.000001 -21.541397
v 11.082079 4.478759 -21.070663
v 11.082041 8.761798 -19.679024
v 11.081980 12.661899 -17.427322
v 11.081903 16.008597 -14.413918
v 11.081820 18.655658 -10.770561
v 11.081697 20.487380 -6.656456
v 11.081583 21.423679 -2.251419
v 11.081484 21.423679 2.252022
v 11.081362 20.487380 6.657043
v 11.081240 18.655658 10.771133
v 11.081163 16.008597 14.414505
v 11.081079 12.661899 17.427902
v 11.081026 8.761798 19.679626
v 11.080980 4.478759 21.071259
v 11.080957 -0.000001 21.542007
v 11.080980 -4.478780 21.071259
v 11.081026 -8.761800 19.679626
v 11.081079 -12.661902 17.427902
v 11.081163 -16.008602 14.414505
v 11.081240 -18.655659 10.771133
v 11.081362 -20.487362 6.657043
v 11.081484 -21.423698 2.252022
v 11.081583 -21.423698 -2.251419
v 11.081697 -20.487362 -6.656456
v 11.081820 -18.655659 -10.770561
v 11.081903 -16.008602 -14.413918
v 11.081980 -12.661902 -17.427322
v 11.082041 -8.761800 -19.679024
v 11.082079 -4.478780 -21.070663
v 4.993883 14.799998 -1.933441
v 4.994036 12.734019 -7.785980
v 4.994158 8.466201 -12.292221
v 4.994219 2.734500 -14.672997
v 4.994219 -3.470021 -14.516663
v 4.994143 -9.074542 -11.850266
v 4.994020 -13.109980 -7.134804
v 4.993860 -14.878598 -1.185616
v 4.993700 -14.074580 4.968559
v 4.993563 -10.836923 10.263687
v 4.993464 -5.725480 13.784119
v 4.993441 0.375959 14.921158
v 4.993479 6.412398 13.478256
v 4.993578 11.340060 9.704880
v 4.993723 14.306918 4.253464
v 4.993784 14.799998 1.933716
v 4.993616 12.734019 7.786285
v 4.993502 8.466201 12.292496
v 4.993441 2.734500 14.673294
v 4.993441 -3.470021 14.516968
v 4.993517 -9.074542 11.850540
v 4.993639 -13.109980 7.135056
v 4.993799 -14.878598 1.185921
v 4.993959 -14.074580 -4.968300
v 4.994104 -10.836923 -10.263359
v 4.994204 -5.725480 -13.783798
v 4.994219 0.375959 -14.920906
v 4.994181 6.412398 -13.478004
v 4.994081 11.340060 -9.704597
v 4.993937 14.306918 -4.253159
v -6.039919 -1.500741 -7.060555
v -6.040121 -0.000001 -0.000145
v -6.039919 -0.000001 -7.218292
v -6.039938 -2.935880 -6.594261
v -6.039957 -4.242722 -5.839760
v -6.039976 -5.364140 -4.830040
v -6.040022 -6.251099 -3.609222
v -6.040041 -6.864880 -2.230682
v -6.040079 -7.178601 -0.754646
v -6.040140 -7.178601 0.754364
v -6.040159 -6.864880 2.230408
v -6.040201 -6.251099 3.608940
v -6.040239 -5.364140 4.829720
v -6.040258 -4.242722 5.839478
v -6.040277 -2.935880 6.593964
v -6.040300 -1.500741 7.060257
v -6.040300 -0.000001 7.218018
v -6.040300 1.500739 7.060257
v -6.040277 2.935882 6.593964
v -6.040258 4.242721 5.839478
v -6.040239 5.364139 4.829720
v -6.040201 6.251102 3.608940
v -6.040159 6.864879 2.230408
v -6.040140 7.178599 0.754364
v -6.040079 7.178599 -0.754646
v -6.040041 6.864879 -2.230682
v -6.040022 6.251102 -3.609222
v -6.039976 5.364139 -4.830040
v -6.039957 4.242721 -5.839760
v -6.039938 2.935882 -6.594261
v -6.039919 1.500739 -7.060555
v -4.517981 -0.000001 -8.120522
v -4.517981 1.688319 -7.943077
v -4.518000 3.302859 -7.418503
v -4.518019 4.773059 -6.569702
v -4.518038 6.034660 -5.433762
v -4.518080 7.032477 -4.060295
v -4.518118 7.722980 -2.509483
v -4.518160 8.075938 -0.848946
v -4.518198 8.075938 0.848724
v -4.518263 7.722980 2.509239
v -4.518301 7.032477 4.060097
v -4.518339 6.034660 5.433517
v -4.518362 4.773059 6.569458
v -4.518381 3.302859 7.418243
v -4.518400 1.688319 7.942841
v -4.518400 -0.000001 8.120300
v -4.518400 -1.688340 7.942841
v -4.518381 -3.302880 7.418243
v -4.518362 -4.773061 6.569458
v -4.518339 -6.034661 5.433517
v -4.518301 -7.032481 4.060097
v -4.518263 -7.722979 2.509239
v -4.518198 -8.075942 0.848724
v -4.518160 -8.075942 -0.848946
v -4.518118 -7.722979 -2.509483
v -4.518080 -7.032481 -4.060295
v -4.518038 -6.034661 -5.433762
v -4.518019 -4.773061 -6.569702
v -4.518000 -3.302880 -7.418503
v -4.517981 -1.688340 -7.943077
v -4.517942 -2.040061 -9.597855
v -4.517942 -0.000001 -9.812279
v -4.517962 -3.990981 -8.963974
v -4.517981 -5.767461 -7.938316
v -4.518019 -7.291880 -6.565765
v -4.518061 -8.497601 -4.906181
v -4.518099 -9.331942 -3.032234
v -4.518160 -9.758422 -1.025780
v -4.518217 -9.758422 1.025558
v -4.518263 -9.331942 3.032043
v -4.518320 -8.497601 4.905960
v -4.518362 -7.291880 6.565521
v -4.518400 -5.767461 7.938095
v -4.518419 -3.990981 8.963791
v -4.518438 -2.040061 9.597656
v -4.518438 -0.000001 9.812057
v -4.518438 2.040057 9.597656
v -4.518419 3.990981 8.963791
v -4.518400 5.767459 7.938095
v -4.518362 7.291858 6.565521
v -4.518320 8.497600 4.905960
v -4.518263 9.331939 3.032043
v -4.518217 9.758418 1.025558
v -4.518160 9.758418 -1.025780
v -4.518099 9.331939 -3.032234
v -4.518061 8.497600 -4.906181
v -4.518019 7.291858 -6.565765
v -4.517981 5.767459 -7.938316
v -4.517962 3.990981 -8.963974
v -4.517942 2.040057 -9.597855
v -13.744459 -3.165620 -14.893440
v -12.032301 -3.189080 -15.003723
v -12.032282 -0.000001 -15.338882
v -13.744459 -0.000001 -15.226135
v -13.744478 -6.192901 -13.909821
v -12.032320 -6.238782 -14.012794
v -13.744520 -8.949500 -12.318275
v -12.032362 -9.015799 -12.409477
v -13.744577 -11.314980 -10.188400
v -12.032419 -11.398803 -10.263817
v -13.744661 -13.185941 -7.613258
v -12.032480 -13.283622 -7.669601
v -13.744722 -14.480601 -4.705399
v -12.032560 -14.587861 -4.740204
v -13.744799 -15.142380 -1.591881
v -12.032637 -15.254560 -1.603622
v -13.744879 -15.142380 1.591202
v -12.032721 -15.254560 1.603020
v -13.744978 -14.480601 4.704704
v -12.032820 -14.587861 4.739578
v -13.745062 -13.185941 7.612564
v -12.032900 -13.283622 7.668976
v -13.745119 -11.314980 10.187698
v -12.032957 -11.398803 10.263229
v -13.745180 -8.949500 12.317581
v -12.033018 -9.015799 12.408890
v -13.745218 -6.192901 13.909103
v -12.033056 -6.238782 14.012207
v -13.745241 -3.165620 14.892715
v -12.033083 -3.189080 15.003098
v -13.745260 -0.000001 15.225464
v -12.033102 -0.000001 15.338272
v -13.745241 3.165618 14.892715
v -12.033083 3.189059 15.003098
v -13.745218 6.192878 13.909103
v -12.033056 6.238780 14.012207
v -13.745180 8.949500 12.317581
v -12.033018 9.015800 12.408890
v -13.745119 11.314979 10.187698
v -12.032957 11.398799 10.263229
v -13.745062 13.185920 7.612564
v -12.032900 13.283599 7.668976
v -13.744978 14.480598 4.704704
v -12.032820 14.587859 4.739578
v -13.744879 15.142398 1.591202
v -12.032721 15.254558 1.603020
v -13.744799 15.142398 -1.591881
v -12.032637 15.254558 -1.603622
v -13.744722 14.480598 -4.705399
v -12.032560 14.587859 -4.740204
v -13.744661 13.185920 -7.613258
v -12.032480 13.283599 -7.669601
v -13.744577 11.314979 -10.188400
v -12.032419 11.398799 -10.263817
v -13.744520 8.949500 -12.318275
v -12.032362 9.015800 -12.409477
v -13.744478 6.192878 -13.909821
v -12.032320 6.238780 -14.012794
v -13.744459 3.165618 -14.893440
v -12.032301 3.189059 -15.003723
v -14.505377 -0.000001 -16.579559
v -14.505377 3.447002 -16.217300
v -14.505419 6.743381 -15.146217
v -14.505457 9.745021 -13.413239
v -14.505522 12.320758 -11.094017
v -14.505602 14.358020 -8.289978
v -14.505678 15.767760 -5.123596
v -14.505758 16.488380 -1.733383
v -14.505857 16.488380 1.732643
v -14.505941 15.767760 5.122879
v -14.506021 14.358020 8.289246
v -14.506098 12.320758 11.093307
v -14.506159 9.745021 13.412506
v -14.506197 6.743381 15.145508
v -14.506239 3.447002 16.216568
v -14.506239 -0.000001 16.578842
v -14.506239 -3.447020 16.216568
v -14.506197 -6.743380 15.145508
v -14.506159 -9.745023 13.412506
v -14.506098 -12.320763 11.093307
v -14.506021 -14.358022 8.289246
v -14.505941 -15.767761 5.122879
v -14.505857 -16.488400 1.732643
v -14.505758 -16.488400 -1.733383
v -14.505678 -15.767761 -5.123596
v -14.505602 -14.358022 -8.289978
v -14.505522 -12.320763 -11.094017
v -14.505457 -9.745023 -13.413239
v -14.505419 -6.743380 -15.146217
v -14.505377 -3.447020 -16.217300
v 0.523561 -2.954579 -13.900192
v -5.944620 -3.048381 -14.341621
v -5.944601 -0.000001 -14.662018
v 0.523561 -0.000001 -14.210724
v -12.222483 -3.564261 -16.768799
v -12.222483 -0.000001 -17.143463
v 0.523539 -5.780040 -12.982162
v -5.944639 -5.963519 -13.394440
v -12.222521 -6.972741 -15.661316
v 0.523500 -8.352881 -11.496719
v -5.944681 -8.618041 -11.861862
v -12.222559 -10.076482 -13.869400
v 0.523439 -10.560662 -9.508842
v -5.944738 -10.895902 -9.810860
v -12.222620 -12.739840 -11.471321
v 0.523378 -12.306882 -7.105362
v -5.944799 -12.697560 -7.331078
v -12.222700 -14.846378 -8.571884
v 0.523302 -13.515241 -4.391335
v -5.944883 -13.944280 -4.530914
v -12.222780 -16.304079 -5.297844
v 0.523241 -14.132901 -1.485413
v -5.944941 -14.581582 -1.532738
v -12.222883 -17.049218 -1.792282
v 0.523165 -14.132901 1.485443
v -5.945040 -14.581582 1.532417
v -12.222982 -17.049218 1.791618
v 0.523081 -13.515241 4.391380
v -5.945120 -13.944280 4.530617
v -12.223059 -16.304079 5.297226
v 0.522997 -12.306882 7.105392
v -5.945177 -12.697560 7.330780
v -12.223158 -14.846378 8.571259
v 0.522943 -10.560662 9.508881
v -5.945238 -10.895902 9.810577
v -12.223238 -12.739840 11.470657
v 0.522882 -8.352881 11.496750
v -5.945303 -8.618041 11.861557
v -12.223303 -10.076482 13.868759
v 0.522860 -5.780040 12.982178
v -5.945341 -5.963519 13.394150
v -12.223341 -6.972741 15.660721
v 0.522821 -2.954579 13.900223
v -5.945360 -3.048381 14.341339
v -12.223360 -3.564261 16.768173
v 0.522821 -0.000001 14.210770
v -5.945379 -0.000001 14.661743
v -12.223379 -0.000001 17.142807
v 0.522821 2.954581 13.900223
v -5.945360 3.048377 14.341339
v -12.223360 3.564258 16.768173
v 0.522860 5.780040 12.982178
v -5.945341 5.963519 13.394150
v -12.223341 6.972739 15.660721
v 0.522882 8.352859 11.496750
v -5.945303 8.618037 11.861557
v -12.223303 10.076480 13.868759
v 0.522943 10.560641 9.508881
v -5.945238 10.895900 9.810577
v -12.223238 12.739818 11.470657
v 0.522997 12.306861 7.105392
v -5.945177 12.697559 7.330780
v -12.223158 14.846381 8.571259
v 0.523081 13.515220 4.391380
v -5.945120 13.944278 4.530617
v -12.223059 16.304080 5.297226
v 0.523165 14.132899 1.485443
v -5.945040 14.581557 1.532417
v -12.222982 17.049220 1.791618
v 0.523241 14.132899 -1.485413
v -5.944941 14.581557 -1.532738
v -12.222883 17.049220 -1.792282
v 0.523302 13.515220 -4.391335
v -5.944883 13.944278 -4.530914
v -12.222780 16.304080 -5.297844
v 0.523378 12.306861 -7.105362
v -5.944799 12.697559 -7.331078
v -12.222700 14.846381 -8.571884
v 0.523439 10.560641 -9.508842
v -5.944738 10.895900 -9.810860
v -12.222620 12.739818 -11.471321
v 0.523500 8.352859 -11.496719
v -5.944681 8.618037 -11.861862
v -12.222559 10.076480 -13.869400
v 0.523539 5.780040 -12.982162
v -5.944639 5.963519 -13.394440
v -12.222521 6.972739 -15.661316
v 0.523561 2.954581 -13.900192
v -5.944620 3.048377 -14.341621
v -12.222483 3.564258 -16.768799
v 0.523600 -0.000001 -15.676918
v 0.523600 3.259418 -15.334343
v 0.523561 6.376380 -14.321579
v 0.523516 9.214679 -12.682899
v 0.523462 11.650241 -10.489906
v 0.523401 13.576621 -7.838463
v 0.523317 14.909660 -4.844421
v 0.523241 15.591060 -1.638664
v 0.523142 15.591060 1.638695
v 0.523058 14.909660 4.844467
v 0.522982 13.576621 7.838470
v 0.522921 11.650241 10.489944
v 0.522860 9.214679 12.682938
v 0.522821 6.376380 14.321625
v 0.522783 3.259418 15.334381
v 0.522783 -0.000001 15.676971
v 0.522783 -3.259421 15.334381
v 0.522821 -6.376401 14.321625
v 0.522860 -9.214681 12.682938
v 0.522921 -11.650239 10.489944
v 0.522982 -13.576619 7.838470
v 0.523058 -14.909659 4.844467
v 0.523142 -15.591060 1.638695
v 0.523241 -15.591060 -1.638664
v 0.523317 -14.909659 -4.844421
v 0.523401 -13.576619 -7.838463
v 0.523462 -11.650239 -10.489906
v 0.523516 -9.214681 -12.682899
v 0.523561 -6.376401 -14.321579
v 0.523600 -3.259421 -15.334343
v -9.083540 -3.470460 -16.327461
v -9.083540 -0.000001 -16.692223
v -6.039701 -3.329760 -15.665459
v -6.039682 -0.000001 -16.015434
v -9.083582 -6.789239 -15.249123
v -6.039721 -6.513999 -14.630844
v -9.083620 -9.811322 -13.504318
v -6.039759 -9.413564 -12.956818
v -9.083681 -12.404582 -11.169342
v -6.039839 -11.901681 -10.716461
v -9.083757 -14.455701 -8.346214
v -6.039900 -13.869658 -8.007774
v -9.083838 -15.875040 -5.158340
v -6.039976 -15.231462 -4.949158
v -9.083921 -16.600562 -1.745018
v -6.040060 -15.927559 -1.674194
v -9.084021 -16.600562 1.744568
v -6.040159 -15.927559 1.673897
v -9.084101 -15.875040 5.157883
v -6.040239 -15.231462 4.948860
v -9.084200 -14.455701 8.345779
v -6.040319 -13.869658 8.007492
v -9.084257 -12.404582 11.168915
v -6.040403 -11.901681 10.716156
v -9.084322 -9.811322 13.503891
v -6.040461 -9.413564 12.956497
v -9.084379 -6.789239 15.248672
v -6.040499 -6.513999 14.630539
v -9.084402 -3.470460 16.326996
v -6.040522 -3.329760 15.665146
v -9.084421 -0.000001 16.691772
v -6.040541 -0.000001 16.015137
v -9.084402 3.470462 16.326996
v -6.040522 3.329761 15.665146
v -9.084379 6.789241 15.248672
v -6.040499 6.513999 14.630539
v -9.084322 9.811301 13.503891
v -6.040461 9.413558 12.956497
v -9.084257 12.404559 11.168915
v -6.040403 11.901679 10.716156
v -9.084200 14.455680 8.345779
v -6.040319 13.869640 8.007492
v -9.084101 15.875018 5.157883
v -6.040239 15.231441 4.948860
v -9.084021 16.600558 1.744568
v -6.040159 15.927558 1.673897
v -9.083921 16.600558 -1.745018
v -6.040060 15.927558 -1.674194
v -9.083838 15.875018 -5.158340
v -6.039976 15.231441 -4.949158
v -9.083757 14.455680 -8.346214
v -6.039900 13.869640 -8.007774
v -9.083681 12.404559 -11.169342
v -6.039839 11.901679 -10.716461
v -9.083620 9.811301 -13.504318
v -6.039759 9.413558 -12.956818
v -9.083582 6.789241 -15.249123
v -6.039721 6.513999 -14.630844
v -9.083540 3.470462 -16.327461
v -6.039701 3.329761 -15.665459
v 4.994219 -3.189080 -15.003281
v 6.325937 -3.329760 -15.665138
v 6.325960 -0.000001 -16.015121
v 4.994242 -0.000001 -15.338440
v 9.560038 -3.470460 -16.326981
v 10.321024 -3.704961 -17.430145
v 10.321024 -0.000001 -17.819557
v 9.560038 -0.000001 -16.691742
v 10.891802 -4.056682 -19.084923
v 10.891802 -0.000001 -19.511299
v 4.994204 -6.238782 -14.012337
v 6.325922 -6.514022 -14.630516
v 9.559999 -6.789239 -15.248642
v 10.320986 -7.247981 -16.278961
v 10.891764 -7.936080 -17.824440
v 4.994158 -9.015799 -12.409042
v 6.325876 -9.413564 -12.956474
v 9.559961 -9.811322 -13.503860
v 10.320917 -10.474240 -14.416275
v 10.891703 -11.468621 -15.784920
v 4.994104 -11.398803 -10.263359
v 6.325823 -11.901681 -10.716141
v 9.559900 -12.404582 -11.168884
v 10.320856 -13.242722 -11.923523
v 10.891642 -14.499942 -13.055496
v 4.994036 -13.283622 -7.669167
v 6.325739 -13.869658 -8.007462
v 9.559824 -14.455701 -8.345741
v 10.320780 -15.432440 -8.909637
v 10.891542 -16.897541 -9.755501
v 4.993959 -14.587880 -4.739761
v 6.325663 -15.231462 -4.948814
v 9.559740 -15.875040 -5.157860
v 10.320704 -16.947680 -5.506363
v 10.891459 -18.556620 -6.029121
v 4.993883 -15.254560 -1.603172
v 6.325579 -15.927559 -1.673882
v 9.559656 -16.600562 -1.744537
v 10.320604 -17.722221 -1.862404
v 10.891344 -19.404698 -2.039223
v 4.993799 -15.254560 1.603462
v 6.325480 -15.927559 1.674225
v 9.559557 -16.600562 1.745041
v 10.320498 -17.722221 1.862961
v 10.891245 -19.404698 2.039825
v 4.993700 -14.587880 4.740021
v 6.325403 -15.231462 4.949181
v 9.559481 -15.875040 5.158356
v 10.320398 -16.947680 5.506927
v 10.891138 -18.556620 6.029694
v 4.993616 -13.283622 7.669418
v 6.325319 -13.869658 8.007828
v 9.559381 -14.455701 8.346268
v 10.320322 -15.432440 8.910202
v 10.891039 -16.897541 9.756104
v 4.993563 -11.398803 10.263687
v 6.325243 -11.901681 10.716492
v 9.559320 -12.404582 11.169403
v 10.320238 -13.242722 11.924088
v 10.890940 -14.499942 13.056091
v 4.993502 -9.015799 12.409348
v 6.325205 -9.413564 12.956818
v 9.559259 -9.811322 13.504379
v 10.320185 -10.474240 14.416824
v 10.890879 -11.468621 15.785507
v 4.993464 -6.238782 14.012665
v 6.325136 -6.514022 14.630859
v 9.559198 -6.789239 15.249161
v 10.320116 -7.247981 16.279495
v 10.890825 -7.936080 17.825027
v 4.993441 -3.189080 15.003540
v 6.325121 -3.329760 15.665482
v 9.559183 -3.470460 16.327499
v 10.320101 -3.704961 17.430725
v 10.890779 -4.056682 19.085526
v 4.993418 -0.000001 15.338730
v 6.325121 -0.000001 16.015488
v 9.559160 -0.000001 16.692261
v 10.320078 -0.000001 17.820099
v 10.890779 -0.000001 19.511887
v 4.993441 3.189078 15.003540
v 6.325121 3.329761 15.665482
v 9.559183 3.470462 16.327499
v 10.320101 3.704959 17.430725
v 10.890779 4.056678 19.085526
v 4.993464 6.238780 14.012665
v 6.325136 6.513999 14.630859
v 9.559198 6.789241 15.249161
v 10.320116 7.247977 16.279495
v 10.890825 7.936080 17.825027
v 4.993502 9.015800 12.409348
v 6.325205 9.413558 12.956818
v 9.559259 9.811320 13.504379
v 10.320185 10.474239 14.416824
v 10.890879 11.468619 15.785507
v 4.993563 11.398799 10.263687
v 6.325243 11.901679 10.716492
v 9.559320 12.404559 11.169403
v 10.320238 13.242721 11.924088
v 10.890940 14.499938 13.056091
v 4.993616 13.283599 7.669418
v 6.325319 13.869640 8.007828
v 9.559381 14.455680 8.346268
v 10.320322 15.432418 8.910202
v 10.891039 16.897540 9.756104
v 4.993700 14.587878 4.740021
v 6.325403 15.231441 4.949181
v 9.559481 15.875018 5.158356
v 10.320398 16.947658 5.506927
v 10.891138 18.556617 6.029694
v 4.993799 15.254558 1.603462
v 6.325480 15.927558 1.674225
v 9.559557 16.600558 1.745041
v 10.320498 17.722221 1.862961
v 10.891245 19.404700 2.039825
v 4.993883 15.254558 -1.603172
v 6.325579 15.927558 -1.673882
v 9.559656 16.600558 -1.744537
v 10.320604 17.722221 -1.862404
v 10.891344 19.404700 -2.039223
v 4.993959 14.587878 -4.739761
v 6.325663 15.231441 -4.948814
v 9.559740 15.875018 -5.157860
v 10.320704 16.947658 -5.506363
v 10.891459 18.556617 -6.029121
v 4.994036 13.283599 -7.669167
v 6.325739 13.869640 -8.007462
v 9.559824 14.455680 -8.345741
v 10.320780 15.432418 -8.909637
v 10.891542 16.897540 -9.755501
v 4.994104 11.398799 -10.263359
v 6.325823 11.901679 -10.716141
v 9.559900 12.404559 -11.168884
v 10.320856 13.242721 -11.923523
v 10.891642 14.499938 -13.055496
v 4.994158 9.015800 -12.409042
v 6.325876 9.413558 -12.956474
v 9.559961 9.811320 -13.503860
v 10.320917 10.474239 -14.416275
v 10.891703 11.468619 -15.784920
v 4.994204 6.238780 -14.012337
v 6.325922 6.513999 -14.630516
v 9.559999 6.789241 -15.248642
v 10.320986 7.247977 -16.278961
v 10.891764 7.936080 -17.824440
v 4.994219 3.189078 -15.003281
v 6.325937 3.329761 -15.665138
v 9.560038 3.470462 -16.326981
v 10.321024 3.704959 -17.430145
v 10.891802 4.056678 -19.084923
v 4.994158 0.375959 -12.631783
v 4.994158 2.258578 -12.433937
v 4.233179 -2.462161 -11.583374
v 4.994143 -2.555941 -12.024658
v 4.994158 -0.000001 -12.293304
v 4.233179 -0.000001 -11.842155
v 4.233156 -4.816701 -10.818336
v 4.994120 -5.000201 -11.230476
v 4.233118 -6.960742 -9.580482
v 4.994104 -7.225901 -9.945457
v 4.233080 -8.800542 -7.923897
v 4.994036 -9.135800 -8.225777
v 4.233019 -10.255738 -5.921043
v 4.993998 -10.646420 -6.146576
v 4.232958 -11.262700 -3.659363
v 4.993921 -11.691762 -3.798744
v 4.232904 -11.777421 -1.237717
v 4.993860 -12.226102 -1.284859
v 4.232843 -11.777421 1.237999
v 4.993799 -12.226102 1.285179
v 4.232775 -11.262700 3.659599
v 4.993723 -11.691762 3.799019
v 4.232721 -10.255738 5.921280
v 4.993662 -10.646420 6.146866
v 4.232660 -8.800542 7.924179
v 4.993616 -9.135800 8.226059
v 4.232622 -6.960742 9.580765
v 4.993578 -7.225901 9.945740
v 4.232584 -4.816701 10.818619
v 4.993540 -5.000201 11.230743
v 4.232561 -2.462161 11.583664
v 4.993517 -2.555941 12.024918
v 4.232561 -0.000001 11.842422
v 4.993502 -0.000001 12.293564
v 4.232561 2.462142 11.583664
v 4.993517 2.555938 12.024918
v 4.232584 4.816699 10.818619
v 4.993540 5.000178 11.230743
v 4.232622 6.960719 9.580765
v 4.993578 7.225898 9.945740
v 4.232660 8.800540 7.924179
v 4.993616 9.135799 8.226059
v 4.232721 10.255721 5.921280
v 4.993662 10.646419 6.146866
v 4.232775 11.262698 3.659599
v 4.993723 11.691741 3.799019
v 4.232843 11.777419 1.237999
v 4.993799 12.226081 1.285179
v 4.232904 11.777419 -1.237717
v 4.993860 12.226081 -1.284859
v 4.232958 11.262698 -3.659363
v 4.993921 11.691741 -3.798744
v 4.233019 10.255721 -5.921043
v 4.993998 10.646419 -6.146576
v 4.233080 8.800540 -7.923897
v 4.994036 9.135799 -8.225777
v 4.233118 6.960719 -9.580482
v 4.994104 7.225898 -9.945457
v 4.233156 4.816699 -10.818336
v 4.994120 5.000178 -11.230476
v 4.233179 2.462142 -11.583374
v 4.994143 2.555938 -12.024658
v 5.374544 -1.969720 -9.266663
v 4.328257 -2.251101 -10.590500
v 4.328279 -0.000001 -10.827126
v 5.374559 -0.000001 -9.473679
v 5.374544 -3.853360 -8.654625
v 4.328257 -4.403840 -9.891060
v 5.374521 -5.568581 -7.664337
v 4.328218 -6.364100 -8.759300
v 5.374475 -7.040440 -6.339081
v 4.328180 -8.046220 -7.244720
v 5.374437 -8.204581 -4.736755
v 4.328142 -9.376660 -5.413498
v 5.374376 -9.010161 -2.927422
v 4.328081 -10.297318 -3.345703
v 5.374338 -9.421941 -0.990143
v 4.328020 -10.767918 -1.131638
v 5.374277 -9.421941 0.990440
v 4.327959 -10.767918 1.131874
v 5.374239 -9.010161 2.927742
v 4.327906 -10.297318 3.345917
v 5.374178 -8.204581 4.737083
v 4.327837 -9.376660 5.413757
v 5.374140 -7.040440 6.339371
v 4.327799 -8.046220 7.244934
v 5.374102 -5.568581 7.664658
v 4.327761 -6.364100 8.759537
v 5.374079 -3.853360 8.654922
v 4.327738 -4.403840 9.891281
v 5.374056 -1.969720 9.266953
v 4.327723 -2.251101 10.590775
v 5.374056 -0.000001 9.473999
v 4.327700 -0.000001 10.827347
v 5.374056 1.969722 9.266953
v 4.327723 2.251098 10.590775
v 5.374079 3.853362 8.654922
v 4.327738 4.403842 9.891281
v 5.374102 5.568580 7.664658
v 4.327761 6.364101 8.759537
v 5.374140 7.040439 6.339371
v 4.327799 8.046199 7.244934
v 5.374178 8.204578 4.737083
v 4.327837 9.376659 5.413757
v 5.374239 9.010158 2.927742
v 4.327906 10.297320 3.345917
v 5.374277 9.421920 0.990440
v 4.327959 10.767940 1.131874
v 5.374338 9.421920 -0.990143
v 4.328020 10.767940 -1.131638
v 5.374376 9.010158 -2.927422
v 4.328081 10.297320 -3.345703
v 5.374437 8.204578 -4.736755
v 4.328142 9.376659 -5.413498
v 5.374475 7.040439 -6.339081
v 4.328180 8.046199 -7.244720
v 5.374521 5.568580 -7.664337
v 4.328218 6.364101 -8.759300
v 5.374544 3.853362 -8.654625
v 4.328257 4.403842 -9.891060
v 5.374544 1.969722 -9.266663
v 4.328257 2.251098 -10.590500
v 5.374506 -0.000001 -7.556366
v 5.374506 1.571097 -7.391243
v 5.374475 3.073520 -6.903061
v 5.374460 4.441600 -6.113197
v 5.374437 5.615581 -5.056145
v 5.374399 6.544139 -3.778099
v 5.374361 7.186660 -2.334923
v 5.374338 7.515121 -0.789719
v 5.374277 7.515121 0.790024
v 5.374239 7.186660 2.335258
v 5.374224 6.544139 3.778419
v 5.374178 5.615581 5.056442
v 5.374140 4.441600 6.113495
v 5.374125 3.073520 6.903381
v 5.374125 1.571097 7.391541
v 5.374125 -0.000001 7.556656
v 5.374125 -1.571082 7.391541
v 5.374125 -3.073521 6.903381
v 5.374140 -4.441621 6.113495
v 5.374178 -5.615580 5.056442
v 5.374224 -6.544141 3.778419
v 5.374239 -7.186681 2.335258
v 5.374277 -7.515122 0.790024
v 5.374338 -7.515122 -0.789719
v 5.374361 -7.186681 -2.334923
v 5.374399 -6.544141 -3.778099
v 5.374437 -5.615580 -5.056145
v 5.374460 -4.441621 -6.113197
v 5.374475 -3.073521 -6.903061
v 5.374506 -1.571082 -7.391243
v 4.423296 -1.500741 -7.060303
v 4.423296 -0.000001 -7.218018
v 4.423281 -2.935880 -6.594002
v 4.423258 -4.242741 -5.839500
v 4.423243 -5.364140 -4.829781
v 4.423197 -6.251122 -3.608963
v 4.423159 -6.864880 -2.230400
v 4.423143 -7.178620 -0.754356
v 4.423082 -7.178620 0.754639
v 4.423059 -6.864880 2.230682
v 4.423021 -6.251122 3.609200
v 4.422976 -5.364140 4.829994
v 4.422960 -4.242741 5.839737
v 4.422937 -2.935880 6.594223
v 4.422922 -1.500741 7.060562
v 4.422922 -0.000001 7.218307
v 4.422922 1.500739 7.060562
v 4.422937 2.935901 6.594223
v 4.422960 4.242721 5.839737
v 4.422976 5.364139 4.829994
v 4.423021 6.251102 3.609200
v 4.423059 6.864879 2.230682
v 4.423082 7.178619 0.754639
v 4.423143 7.178619 -0.754356
v 4.423159 6.864879 -2.230400
v 4.423197 6.251102 -3.608963
v 4.423243 5.364139 -4.829781
v 4.423258 4.242721 -5.839500
v 4.423281 2.935901 -6.594002
v 4.423296 1.500739 -7.060303
v 3.567202 -0.000001 -6.428558
v 3.567202 1.336600 -6.288101
v 3.567179 2.614780 -5.872803
v 3.567163 3.778678 -5.200775
v 3.567141 4.777438 -4.301521
v 3.567118 5.567401 -3.214218
v 3.567080 6.114020 -1.986458
v 3.567041 6.393458 -0.671883
v 3.567019 6.393458 0.672104
v 3.566980 6.114020 1.986687
v 3.566942 5.567401 3.214462
v 3.566919 4.777438 4.301720
v 3.566896 3.778678 5.201019
v 3.566881 2.614780 5.873016
v 3.566858 1.336600 6.288284
v 3.566858 -0.000001 6.428802
v 3.566858 -1.336600 6.288284
v 3.566881 -2.614781 5.873016
v 3.566896 -3.778680 5.201019
v 3.566919 -4.777440 4.301720
v 3.566942 -5.567401 3.214462
v 3.566980 -6.114041 1.986687
v 3.567019 -6.393460 0.672104
v 3.567041 -6.393460 -0.671883
v 3.567080 -6.114041 -1.986458
v 3.567118 -5.567401 -3.214218
v 3.567141 -4.777440 -4.301521
v 3.567163 -3.778680 -5.200775
v 3.567179 -2.614781 -5.872803
v 3.567202 -1.336600 -6.288101
v 3.567163 -0.984860 -4.633301
v 3.567163 -0.000001 -4.736794
v 3.567141 -1.926680 -4.327263
v 3.567118 -2.784301 -3.832161
v 3.567118 -3.520221 -3.169502
v 3.567080 -4.102300 -2.368340
v 3.567064 -4.505080 -1.463699
v 3.567041 -4.710980 -0.495018
v 3.567019 -4.710980 0.495262
v 3.566980 -4.505080 1.463882
v 3.566957 -4.102300 2.368584
v 3.566942 -3.520221 3.169716
v 3.566919 -2.784301 3.832336
v 3.566919 -1.926680 4.327477
v 3.566896 -0.984860 4.633522
v 3.566896 -0.000001 4.737045
v 3.566896 0.984859 4.633522
v 3.566919 1.926677 4.327477
v 3.566919 2.784278 3.832336
v 3.566942 3.520217 3.169716
v 3.566957 4.102302 2.368584
v 3.566980 4.505080 1.463882
v 3.567019 4.710960 0.495262
v 3.567041 4.710960 -0.495018
v 3.567064 4.505080 -1.463699
v 3.567080 4.102302 -2.368340
v 3.567118 3.520217 -3.169502
v 3.567118 2.784278 -3.832161
v 3.567141 1.926677 -4.327263
v 3.567163 0.984859 -4.633301
v 3.662203 -0.000001 -2.142799
v 3.662203 0.445539 -2.095955
v 3.662203 0.871579 -1.957542
v 3.662203 1.259559 -1.733543
v 3.662180 1.592479 -1.433784
v 3.662180 1.855800 -1.071342
v 3.662165 2.038020 -0.662079
v 3.662165 2.131160 -0.223877
v 3.662142 2.131160 0.224106
v 3.662142 2.038020 0.662277
v 3.662119 1.855800 1.071541
v 3.662096 1.592479 1.433998
v 3.662096 1.259559 1.733742
v 3.662096 0.871579 1.957718
v 3.662096 0.445539 2.096184
v 3.662096 -0.000001 2.142998
v 3.662096 -0.445540 2.096184
v 3.662096 -0.871600 1.957718
v 3.662096 -1.259581 1.733742
v 3.662096 -1.592481 1.433998
v 3.662119 -1.855801 1.071541
v 3.662142 -2.038020 0.662277
v 3.662142 -2.131160 0.224106
v 3.662165 -2.131160 -0.223877
v 3.662165 -2.038020 -0.662079
v 3.662180 -1.855801 -1.071342
v 3.662180 -1.592481 -1.433784
v 3.662203 -1.259581 -1.733543
v 3.662203 -0.871600 -1.957542
v 3.662203 -0.445540 -2.095955
v 2.330500 -0.304841 -1.434082
v 2.330500 -0.000001 -1.466141
v 2.330500 -0.596360 -1.339378
v 2.330500 -0.861800 -1.186096
v 2.330500 -1.089600 -0.980995
v 2.330477 -1.269761 -0.733025
v 2.330477 -1.394441 -0.452995
v 2.330477 -1.458159 -0.153198
v 2.330462 -1.458159 0.153343
v 2.330462 -1.394441 0.453156
v 2.330462 -1.269761 0.733185
v 2.330439 -1.089600 0.981117
v 2.330439 -0.861800 1.186264
v 2.330439 -0.596360 1.339500
v 2.330439 -0.304841 1.434219
v 2.330439 -0.000001 1.466263
v 2.330439 0.304839 1.434219
v 2.330439 0.596360 1.339500
v 2.330439 0.861798 1.186264
v 2.330439 1.089580 0.981117
v 2.330462 1.269759 0.733185
v 2.330462 1.394420 0.453156
v 2.330462 1.458160 0.153343
v 2.330477 1.458160 -0.153198
v 2.330477 1.394420 -0.452995
v 2.330477 1.269759 -0.733025
v 2.330500 1.089580 -0.980995
v 2.330500 0.861798 -1.186096
v 2.330500 0.596360 -1.339378
v 2.330500 0.304839 -1.434082
v 2.425577 -0.000001 0.000084
v 4.993784 12.523440 1.694443
v 4.993738 12.129878 3.546059
v 4.993662 10.751598 6.641724
v 4.993616 9.638942 8.173157
v 4.993563 7.120700 10.440582
v 4.993540 5.481341 11.387100
v 4.993502 2.258578 12.434219
v 4.993502 0.375959 12.632126
v 4.993502 -2.994080 12.277878
v 4.993517 -4.794419 11.692947
v 4.993563 -7.729041 9.998611
v 4.993601 -9.135800 8.731964
v 4.993685 -11.127583 5.990540
v 4.993723 -11.897523 4.261177
v 4.993799 -12.602059 0.946617
v 4.993860 -12.602059 -0.946358
v 4.993937 -11.897523 -4.260925
v 4.993982 -11.127583 -5.990242
v 4.994059 -9.135800 -8.731682
v 4.994104 -7.729041 -9.998344
v 4.994143 -4.794419 -11.692642
v 4.994158 -2.994080 -12.277626
v 4.994120 5.481341 -11.386795
v 4.994104 7.120700 -10.440323
v 4.994036 9.638942 -8.172905
v 4.993998 10.751598 -6.641418
v 4.993921 12.129878 -3.545784
v 4.993883 12.523440 -1.694183
vn 0.4380991756916 0.32736149430275 0.83719980716705
vn -0.00002080519698 0.16233861446381 0.98673510551453
vn -0.00001419684577 0.80215460062027 0.59711635112762
vn 0.38235512375832 0.84376060962677 0.37665969133377
vn -0.00000799947156 -0.90877038240433 0.4172964990139
vn -0.00001832936687 -0.49464637041092 0.86909437179565
vn 0.27828302979469 -0.49805241823196 0.82128089666367
vn 0.38235566020012 -0.9036318063736 0.19301229715347
vn 0.00000898633061 -0.91102021932602 -0.41236171126366
vn 0.35056006908417 -0.84478485584259 -0.40428480505943
vn 0.31364858150482 -0.25064200162888 -0.91586196422577
vn 0.00001688730845 -0.30314338207245 -0.95294493436813
vn 0.91284739971161 -0.27309864759445 0.30352380871773
vn 0.84511291980743 -0.43665757775307 -0.30840602517128
vn 0.89067775011063 0.36553657054901 -0.2703261077404
vn 0.87303805351257 0.32402196526527 0.36443695425987
vn 0.35056319832802 0.91037660837173 -0.21981790661812
vn 0.00000327987823 0.97684562206268 -0.21394544839859
vn 0.00001650738341 0.36395075917244 -0.9314181804657
vn 0.27528578042984 0.56239646673203 -0.77969735860825
vn 0.4380963742733 -0.04147163406014 0.89797085523605
vn -0.00001359916587 -0.25305676460266 0.96745145320892
vn -0.00004549855657 0.48992866277695 0.87176251411438
vn 0.38233542442322 0.61761265993118 0.68729490041733
vn 0.00000116409069 -0.99993288516998 0.01158663257957
vn -0.00000833925515 -0.80538892745972 0.5927466750145
vn 0.2782889008522 -0.78904765844345 0.54768520593643
vn 0.38237082958221 -0.90400701761246 -0.19121691584587
vn 0.00001815439464 -0.66453403234482 -0.7472580075264
vn 0.35057878494263 -0.60730391740799 -0.712935090065
vn 0.23004655539989 0.09795887768269 -0.96823686361313
vn 0.00001760467785 0.11064598709345 -0.99385988712311
vn 0.91285252571106 -0.37293383479118 0.16619442403316
vn 0.84683412313461 -0.16006542742252 -0.50719922780991
vn 0.89575612545013 0.44450604915619 0.00594634748995
vn 0.87304073572159 0.14778505265713 0.46471440792084
vn 0.35055419802666 0.92108148336411 0.1694718003273
vn -0.00001639636503 0.97941046953201 0.20187889039516
vn 0.00001590860848 0.71131187677383 -0.70287656784058
vn 0.36560425162315 0.76797837018967 -0.52587336301804
vn 0.37642425298691 -0.48372030258179 0.79013890028
vn -0.00001213081396 -0.50534790754318 0.86291569471359
vn -0.00002420827332 0.20187754929066 0.97941076755524
vn 0.45742771029472 0.22940415143967 0.85914701223373
vn 0.00000872500368 -0.86909294128418 -0.49464878439903
vn -0.0000059541153 -0.9357123374939 0.35276401042938
vn 0.3331244289875 -0.93973851203918 0.0769395455718
vn 0.45746469497681 -0.74619114398956 -0.48365771770477
vn 0.00001719889224 -0.15758311748505 -0.98750573396683
vn 0.2797749042511 -0.36527699232101 -0.8878618478775
vn 0.23004174232483 0.48332363367081 -0.8446769118309
vn 0.00001529305337 0.50533443689346 -0.8629235625267
vn 0.91286152601242 -0.40826922655106 0.00014327629469
vn 0.84683537483215 0.06008429825306 -0.52845031023026
vn 0.89575362205505 0.40366321802139 0.18622960150242
vn 0.87304240465164 -0.0540089905262 0.48464414477348
vn 0.27974519133568 0.73154008388519 0.62176495790482
vn -0.0000151356744 0.89048266410828 0.45501711964607
vn 0.00000749558103 0.93571090698242 -0.35276785492897
vn 0.36559084057808 0.91548186540604 -0.16803656518459
vn 0.38428243994713 -0.21288891136646 0.89833474159241
vn 0.52175569534302 -0.70757782459259 0.47655490040779
vn -0.00000892952812 -0.81262707710266 0.58278405666351
vn -0.0000261145633 -0.10529456287622 0.99444109201431
vn 0.0000166356931 -0.67769652605057 -0.73534172773361
vn 0.000002837382 -0.97941386699677 -0.20186242461205
vn 0.27830773591995 -0.93498665094376 -0.21987456083298
vn 0.38239422440529 -0.46278196573257 -0.79975461959839
vn 0.0000237832046 0.11066168546677 -0.99385815858841
vn 0.35058546066284 0.12345410883427 -0.92835819721222
vn 0.27528920769691 0.71664398908615 -0.64080983400345
vn 0.00000880421794 0.88827830553055 -0.45930561423302
vn 0.91286480426788 -0.37303012609482 -0.16591070592403
vn 0.84683448076248 0.2698427438736 -0.45831891894341
vn 0.89574956893921 0.29303079843521 0.33431369066238
vn 0.87303596735001 -0.24644023180008 0.42080336809158
vn 0.27974709868431 0.41538885235786 0.86555975675583
vn -0.00003006047882 0.62843036651611 0.77786582708359
vn 0.31362089514732 0.93705314397812 0.15353620052338
vn -0.00000535590652 0.97941172122955 0.20187295973301
vn 0.43811830878258 -0.86682361364365 0.23805294930935
vn -0.00000175534785 -0.99829941987991 0.05829451978207
vn -0.00002141180448 -0.59277361631393 0.80536913871765
vn 0.45743006467819 -0.48495569825172 0.74536955356598
vn 0.00001537378012 -0.32002335786819 -0.94740962982178
vn 0.0000081834869 -0.81262397766113 -0.58278840780258
vn 0.27831649780273 -0.76470917463303 -0.58117109537125
vn 0.38239294290543 -0.09749314188957 -0.91884207725525
vn 0.00001867520587 0.50533437728882 -0.86292362213135
vn 0.35058644413948 0.49038907885551 -0.79787701368332
vn 0.36558729410172 0.90468937158585 -0.21882191300392
vn 0.00000103354103 0.99829840660095 -0.05831238999963
vn 0.91286641359329 -0.27327680587769 -0.30330631136894
vn 0.84512412548065 0.35238429903984 -0.40198329091072
vn 0.89065998792648 0.23066675662994 0.39181330800056
vn 0.8730503320694 -0.39627429842949 0.28416514396667
vn 0.2797392308712 0.0274264216423 0.95968419313431
vn -0.00001682261609 0.2576876282692 0.96622830629349
vn 0.23001632094383 0.7851003408432 0.57507389783859
vn -0.00001034019988 0.81262958049774 0.58278059959412
vn 0.3764483332634 -0.90094208717346 -0.2158472687006
vn 0.00000300828674 -0.97684794664383 -0.21393468976021
vn -0.00000661270906 -0.91819339990616 0.39613237977028
vn 0.38235551118851 -0.74806320667267 0.54240733385086
vn 0.00003843997911 0.09299550950527 -0.99566650390625
vn 0.0000109795983 -0.62467670440674 -0.78088349103928
vn 0.33314943313599 -0.36357018351555 -0.86995875835419
vn 0.3823963701725 0.28466388583183 -0.87905603647232
vn 0.00001826677726 0.81262475252151 -0.58278733491898
vn 0.35057467222214 0.77251428365707 -0.52945166826248
vn 0.31362196803093 0.91848742961884 0.24087768793106
vn -0.00000379029871 0.97684723138809 0.21393810212612
vn 0.87228089570999 -0.15126211941242 -0.46502235531807
vn 0.89576214551926 0.4036600291729 -0.18619553744793
vn 0.84680449962616 0.06008803471923 0.52849936485291
vn 0.92070204019547 -0.38223269581795 0.07877773791552
vn 0.35053095221519 -0.2648161649704 0.89833205938339
vn -0.00001655851702 -0.30314117670059 0.95294564962387
vn -0.00001383704785 0.62466025352478 0.78089660406113
vn 0.27525007724762 0.39404165744781 0.87690854072571
vn 0.43815410137177 -0.75692176818848 -0.48486125469208
vn 0.00001537659955 -0.71132129430771 -0.70286703109741
vn -0.00000191021422 -0.99514770507812 0.09839218109846
vn 0.45745202898979 -0.87840396165848 0.13836215436459
vn 0.00001320993124 0.58278024196625 -0.81262981891632
vn 0.00001397144933 -0.11065738648176 -0.99385863542557
vn 0.27833780646324 -0.07979927957058 -0.95716255903244
vn 0.45747995376587 0.55900818109512 -0.69153594970703
vn -0.00000052661295 0.99856781959534 -0.05350060760975
vn 0.27976286411285 0.9211853146553 -0.27046316862106
vn 0.36556375026703 0.7679842710495 0.52589291334152
vn -0.00002491525993 0.71132868528366 0.70285952091217
vn 0.91287511587143 0.04254908487201 -0.4060155749321
vn 0.84511500597 0.5345373749733 -0.00710492348298
vn 0.89065915346146 -0.13682070374489 0.43359696865082
vn 0.8730633854866 -0.47631230950356 -0.10434026271105
vn 0.27974337339401 -0.6948264837265 0.66254037618637
vn -0.00002072300776 -0.54561656713486 0.838034927845
vn 0.22999489307404 0.09797287732363 0.96824771165848
vn -0.00003522288898 0.11066650599241 0.99385762214661
vn 0.33314588665962 -0.57163125276566 -0.74983429908752
vn 0.00003424430543 -0.36393123865128 -0.93142580986023
vn 0.00000935521166 -0.94913250207901 -0.314876973629
vn 0.45745158195496 -0.85873824357986 -0.23088239133358
vn 0.00001086161501 0.86292761564255 -0.50532758235931
vn 0.00002678559576 0.3031624853611 -0.95293885469437
vn 0.3764673769474 0.26353394985199 -0.88815659284592
vn 0.45746067166328 0.79196965694427 -0.40436846017838
vn -0.00000626469455 0.93398839235306 0.35730338096619
vn 0.27975180745125 0.95155191421509 0.12762407958508
vn 0.22999958693981 0.48984804749489 0.84092158079147
vn -0.0000154011741 0.4946414232254 0.86909717321396
vn 0.8730628490448 0.32401955127716 -0.36437967419624
vn 0.89065593481064 0.365542948246 0.27038928866386
vn 0.84509253501892 -0.43665078282356 0.30847147107124
vn 0.91287058591843 -0.27308595180511 -0.30346557497978
vn 0.27973881363869 -0.90423119068146 0.32266411185265
vn -0.00000948659545 -0.83929520845413 0.54367589950562
vn -0.00001747616079 -0.16233126819134 0.98673629760742
vn 0.36554583907127 -0.31219232082367 0.87687641382217
vn 0.38430693745613 -0.6715441942215 -0.6335112452507
vn 0.52179163694382 -0.05891362205148 -0.85103625059128
vn 0.00001885147321 -0.09839420765638 -0.99514752626419
vn 0.00002029463758 -0.80856549739838 -0.58840614557266
vn 0.00000332227819 0.97567129135132 -0.21923860907555
vn 0.00001051273102 0.66452968120575 -0.74726188182831
vn 0.27831709384918 0.6579202413559 -0.69977182149887
vn 0.38237422704697 0.92400711774826 -0.00090039183851
vn -0.0000103329603 0.80537438392639 0.59276652336121
vn 0.35054329037666 0.7422576546669 0.57111549377441
vn 0.36555787920952 0.12307662516832 0.92261564731598
vn -0.0000237747663 -0.04635666310787 0.99892497062683
vn 0.91286766529083 0.33021825551987 -0.2400593906641
vn 0.84510064125061 0.36297190189362 0.39250001311302
vn 0.89066177606583 -0.41376641392708 0.18846461176872
vn 0.87305808067322 -0.24119508266449 -0.42378586530685
vn 0.279760658741 -0.9572868347168 -0.0730474293232
vn -0.00000549867991 -0.98787271976471 0.15526580810547
vn 0.23000213503838 -0.6539922952652 0.72068935632706
vn -0.00002648952614 -0.66454410552979 0.74724906682968
vn 0.27833849191666 0.27706983685493 -0.91965210437775
vn 0.00002668325578 0.31488406658173 -0.94913011789322
vn 0.00003070065941 -0.29799693822861 -0.95456683635712
vn 0.38239493966103 -0.46123042702675 -0.80065011978149
vn -0.00000514530802 0.95294433832169 0.30314540863037
vn 0.00001899191011 0.84192669391632 -0.53959196805954
vn 0.43813335895538 0.84120202064514 -0.31688845157623
vn 0.45744436979294 0.83044689893723 0.317966401577
vn -0.00002264771865 0.35944372415543 0.93316674232483
vn 0.27973598241806 0.54188764095306 0.79253107309341
vn 0.27524030208588 -0.20312735438347 0.93967121839523
vn -0.00002693766328 -0.44865494966507 0.89370507001877
vn 0.92070192098618 0.3902590572834 -0.00240767886862
vn 0.84680688381195 0.0511002317071 0.52944016456604
vn 0.89576297998428 -0.4335543513298 -0.09817968308926
vn 0.87228810787201 0.05127391964197 -0.48629665374756
vn 0.35057532787323 -0.86571592092514 -0.35725751519203
vn 0.00001042911026 -0.91603696346283 -0.40109393000603
vn 0.31362041831017 -0.84833663702011 0.42657607793808
vn -0.00000730878446 -0.91102027893066 0.41236162185669
vn 0.43813979625702 0.56135261058807 -0.70208030939102
vn 0.0000143963216 0.77336925268173 -0.63395577669144
vn 0.00001839422293 0.11606039851904 -0.99324214458466
vn 0.38238343596458 -0.09567373991013 -0.91903722286224
vn -0.00001147092462 0.81577050685883 0.57837569713593
vn 0.0000001748636 0.99998086690903 -0.00618132203817
vn 0.27830398082733 0.96027016639709 0.02068969607353
vn 0.38234961032867 0.61894911527634 0.68608367443085
vn -0.00002585931725 0.09837499260902 0.99514943361282
vn 0.35052251815796 0.07224904000759 0.93376338481903
vn 0.23000329732895 -0.64837670326233 0.72574526071548
vn -0.00001309302115 -0.67369538545609 0.73900920152664
vn 0.91285437345505 0.39938592910767 0.08478084951639
vn 0.84680658578873 -0.16864432394505 0.50445783138275
vn 0.89576286077499 -0.35612297058105 -0.26605516672134
vn 0.87306028604507 0.15358850359917 -0.46279186010361
vn 0.35057240724564 -0.64556163549423 -0.67849034070969
vn 0.00001596386392 -0.67370408773422 -0.73900121450424
vn -0.00000266911456 -0.98860496282578 0.15053308010101
vn 0.36558252573013 -0.93041723966599 -0.02594490349293
vn 0.33314284682274 0.80547922849655 -0.4901214838028
vn 0.00000371926922 0.96436029672623 -0.26459249854088
vn 0.00002686966945 0.41236823797226 -0.91101723909378
vn 0.45748564600945 0.31939280033112 -0.82987654209137
vn -0.00001871245877 0.41235494613647 0.9110232591629
vn -0.00000846536295 0.91603374481201 0.40110114216805
vn 0.37644124031067 0.85575115680695 0.35493937134743
vn 0.45743012428284 0.31938245892525 0.82991117238998
vn -0.00002324840898 -0.45296996831894 0.89152574539185
vn 0.27973482012749 -0.22636988759041 0.93300861120224
vn 0.31361845135689 -0.884656727314 0.3450014591217
vn -0.00001066337518 -0.9160407781601 0.40108507871628
vn 0.87304443120956 0.32853835821152 0.36035534739494
vn 0.8957456946373 -0.21712677180767 0.38793769478798
vn 0.84683740139008 -0.35923910140991 -0.39219084382057
vn 0.91287219524384 0.33036145567894 -0.23984518647194
vn 0.27980116009712 -0.22636036574841 -0.93299102783203
vn 0.00001787162182 -0.45298081636429 -0.89152026176453
vn 0.27528539299965 -0.83423429727554 -0.47777724266052
vn 0.00000704152126 -0.96436339616776 -0.26458132266998
vn 0.43813559412956 0.89736747741699 -0.05261962488294
vn -0.00000520393041 0.98860591650009 0.15052685141563
vn 0.00001308844912 0.7472602725029 -0.66453152894974
vn 0.45747223496437 0.62932503223419 -0.62822699546814
vn -0.00002817869245 0.0061728367582 0.99998092651367
vn -0.00002597603452 0.6737032532692 0.73900198936462
vn 0.27829068899155 0.62717014551163 0.72746950387955
vn 0.45743000507355 -0.0457704141736 0.88806688785553
vn -0.00001640161463 -0.77641892433166 0.63021719455719
vn 0.27974325418472 -0.58627557754517 0.76027935743332
vn 0.31363365054131 -0.94849413633347 -0.04464043304324
vn 0.00000016393146 -0.99998092651367 -0.00617462676018
vn 0.91285109519958 0.20424535870552 0.35353454947472
vn 0.84510231018066 -0.42826184630394 0.31999042630196
vn 0.8906871676445 -0.14415769279003 -0.43115541338921
vn 0.87306153774261 0.44669586420059 -0.19551561772823
vn 0.27978268265724 0.17268647253513 -0.94440513849258
vn 0.00002607653369 -0.05118817836046 -0.99868899583817
vn 0.00001685260759 -0.77336931228638 -0.63395577669144
vn 0.27529254555702 -0.5677610039711 -0.7757973074913
vn 0.3764280974865 0.83637762069702 0.39846500754356
vn -0.00000868606821 0.91102558374405 0.41234984993935
vn 0.00000510354812 0.9804915189743 -0.19656145572662
vn 0.38236889243126 0.8444966673851 -0.3749925494194
vn -0.0000205826891 -0.29799646139145 0.95456695556641
vn -0.0000144338037 0.44866523146629 0.89369988441467
vn 0.33310928940773 0.17473924160004 0.92655515670776
vn 0.38235184550285 -0.46122872829437 0.80067163705826
vn -0.00001039807194 -0.91603696346283 0.40109393000603
vn 0.35055267810822 -0.86571824550629 0.35727402567863
vn 0.23003567755222 -0.89057856798172 -0.39236891269684
vn 0.00000729759813 -0.91102385520935 -0.41235369443893
vn 0.87225651741028 0.05126770958304 0.48635399341583
vn 0.89067113399506 -0.45463195443153 -0.00383024592884
vn 0.84511882066727 0.17196220159531 -0.5061651468277
vn 0.92070132493973 0.39026007056236 0.00247128889896
vn 0.3505754172802 0.4458013176918 -0.82362496852875
vn 0.00002267348646 0.4946483373642 -0.8690932393074
vn 0.00002137554475 -0.44865262508392 -0.89370626211166
vn 0.36560514569283 -0.26282671093941 -0.89289134740829
vn 0.33311468362808 0.71503454446793 0.61462193727493
vn -0.000015207449 0.54965001344681 0.8353950381279
vn -0.00000497634664 0.97567123174667 0.219238743186
vn 0.38238060474396 0.92400443553925 0.00091867800802
vn -0.00001197284018 -0.66047728061676 0.75084602832794
vn -0.00001398951281 -0.09838467091322 0.99514847993851
vn 0.376420378685 -0.07310696691275 0.92355996370316
vn 0.38234719634056 -0.74700832366943 0.54386502504349
vn 0.0000001672164 -0.99998104572296 -0.00616058520973
vn 0.35056141018867 -0.93618643283844 -0.02572273090482
vn 0.36560410261154 -0.64186376333237 -0.67405080795288
vn 0.00001784153937 -0.54964911937714 -0.83539563417435
vn 0.87303531169891 -0.24117556214333 0.42384400963783
vn 0.89576017856598 -0.43602240085602 -0.08659226447344
vn 0.84683883190155 0.26201725006104 -0.46282929182053
vn 0.91285717487335 0.3302147090435 0.24010428786278
vn 0.35057964920998 0.74225664138794 -0.57109451293945
vn 0.00001549396984 0.80537438392639 -0.59276646375656
vn 0.23005071282387 0.10547789931297 -0.96744567155838
vn 0.00002644825327 0.09839087724686 -0.99514782428741
vn -0.68468713760376 -0.12647531926632 -0.71777957677841
vn -0.68491023778915 0.00000000234845 -0.7286274433136
vn -0.93331497907639 0.00915089529008 -0.35894212126732
vn -0.9205510020256 -0.07367670536041 -0.38361132144928
vn -0.93687379360199 -0.06240467354655 -0.34405401349068
vn -0.83959025144577 -0.13147032260895 -0.52707087993622
vn -0.84447318315506 -0.00892894994467 -0.53552341461182
vn -0.96150559186935 -0.00263670296408 -0.27477267384529
vn -0.99571067094803 0.01605888456106 0.09111760556698
vn -0.99751275777817 -0.01464909967035 -0.06894721835852
vn -0.998599588871 0.00185178639367 -0.05287178978324
vn -0.99571585655212 -0.00000000093542 0.09246604144573
vn -0.75957053899765 -0.24743661284447 -0.60152119398117
vn -0.90082567930222 -0.16481029987335 -0.40168473124504
vn -0.94995540380478 -0.12704828381538 -0.28538304567337
vn -0.83289659023285 -0.23645393550396 -0.50037264823914
vn -0.99571025371552 0.0346610955894 0.08578858524561
vn -0.99878197908401 -0.02005775086582 -0.04507992789149
vn -0.90672880411148 -0.24578250944614 -0.34268614649773
vn -0.60197174549103 -0.47187879681587 -0.6441742181778
vn -0.84634983539581 -0.30464938282967 -0.43689894676208
vn -0.94989931583405 -0.19244506955147 -0.24628478288651
vn -0.99685078859329 0.04434806481004 0.06574030220509
vn -0.99725478887558 -0.04138812422752 -0.06139926984906
vn -0.94865274429321 -0.23505891859531 -0.21167263388634
vn -0.68491148948669 -0.54146629571915 -0.48755565285683
vn -0.83489322662354 -0.4040532708168 -0.37375697493553
vn -0.9499004483223 -0.23943944275379 -0.20089264214039
vn -0.99809414148331 -0.0443722307682 -0.04288604110479
vn -0.995709836483 0.0665677934885 0.0642701908946
vn -0.68469572067261 -0.61802995204926 -0.38630396127701
vn -0.90673446655273 -0.36647254228592 -0.20863960683346
vn -0.8463516831398 -0.4560087621212 -0.27521786093712
vn -0.94990104436874 -0.27597281336784 -0.14672096073627
vn -0.99860036373138 -0.04483746737242 -0.02805238775909
vn -0.99237459897995 0.10675678402185 0.06160878017545
vn -0.68469804525375 -0.68483918905258 -0.24936689436436
vn -0.93815541267395 -0.33035504817963 -0.10358556360006
vn -0.83975070714951 -0.51639080047607 -0.16780743002892
vn -0.96151000261307 -0.26211714744568 -0.0824201181531
vn -0.99684971570969 0.07625057548285 0.02182907797396
vn -0.99725556373596 -0.06956015527248 -0.02535181865096
vn -0.68470126390457 -0.72171688079834 -0.10153284668922
vn -0.92055982351303 -0.38758009672165 -0.04848948866129
vn -0.94994062185287 -0.30996340513229 -0.03918565064669
vn -0.83960169553757 -0.54188203811646 -0.03785387054086
vn -0.99809491634369 -0.06109261885285 -0.00861901324242
vn -0.99570828676224 0.09232427179813 0.00642078276724
vn -0.60199117660522 -0.79445123672485 0.08033592998981
vn -0.90673816204071 -0.41911026835442 0.04660950601101
vn -0.94080287218094 -0.33689785003662 0.03727989643812
vn -0.83975821733475 -0.53998827934265 0.05673445016146
vn -0.99809539318085 -0.06154128164053 0.0042713615112
vn -0.99725937843323 0.07357674837112 -0.00775768328458
vn -0.78680962324142 -0.58832448720932 0.18656075000763
vn -0.920505464077 -0.36715859174728 0.13365741074085
vn -0.83960902690887 -0.5221716761589 0.14964443445206
vn -0.94990748167038 -0.29367956519127 0.10690204054117
vn -0.99809581041336 -0.05930242314935 0.01697121188045
vn -0.99439740180969 0.10052478313446 -0.03268960490823
vn -0.68470734357834 -0.64355474710464 0.34207195043564
vn -0.92050504684448 -0.3313455581665 0.20707619190216
vn -0.83961123228073 -0.47964537143707 0.25493773818016
vn -0.94991010427475 -0.26502728462219 0.1656239181757
vn -0.99809604883194 -0.0544738471508 0.02892883867025
vn -0.99570679664612 0.07848048210144 -0.04907973110676
vn -0.68471491336823 -0.55836433172226 0.46839600801468
vn -0.93815863132477 -0.25487503409386 0.23430137336254
vn -0.83976405858994 -0.40350219607353 0.36329361796379
vn -0.96151876449585 -0.20240980386734 0.18577399849892
vn -0.99809628725052 -0.04726284742355 0.03962312266231
vn -0.9957063794136 0.06656753271818 -0.06432425230742
vn -0.6847180724144 -0.44877406954765 0.57424998283386
vn -0.90674489736557 -0.24578554928303 0.34264141321182
vn -0.94994920492172 -0.18889372050762 0.2488284856081
vn -0.84637224674225 -0.30464950203896 0.4368554353714
vn -0.99809646606445 -0.03798666596413 0.04858451336622
vn -0.99725836515427 0.04348237067461 -0.05987513810396
vn -0.60200661420822 -0.32763874530792 0.72817641496658
vn -0.92050868272781 -0.14633539319038 0.36228397488594
vn -0.94081026315689 -0.13614335656166 0.31038862466812
vn -0.83292126655579 -0.23645623028278 0.50033056735992
vn -0.99809658527374 -0.02705236338079 0.05541985109448
vn -0.99439567327499 0.04299070313573 -0.09658705443144
vn -0.75960040092468 -0.11697179824114 0.63978499174118
vn -0.90084904432297 -0.07769909501076 0.42712268233299
vn -0.83961820602417 -0.13147130608559 0.52702611684799
vn -0.94991397857666 -0.05423479154706 0.3077694773674
vn -0.99809676408768 -0.01493182685226 0.05983250960708
vn -0.99725764989853 0.01538328826427 -0.0723914206028
vn -0.93333077430725 0.00915045570582 0.35890102386475
vn -0.68494182825088 0 0.7285977602005
vn -0.84450227022171 -0.00892856810242 0.53547751903534
vn -0.94997006654739 0.00000000094987 0.31234091520309
vn -0.99809914827347 -0.00000000081649 0.06162840873003
vn -0.99236989021301 0.00000000031167 -0.12329641729593
vn -0.6847163438797 0.12647812068462 0.71775126457214
vn -0.92050981521606 0.09457357227802 0.3791010081768
vn -0.94997066259384 0.06494370102882 0.30551281571388
vn -0.83292746543884 0.10280168056488 0.54374957084656
vn -0.99725764989853 -0.01538328826427 -0.07239144295454
vn -0.99878424406052 0.01025506854057 0.0482170060277
vn -0.68471819162369 0.27294465899467 0.67576789855957
vn -0.92050939798355 0.17133048176765 0.35115277767181
vn -0.8396167755127 0.20342969894409 0.50364679098129
vn -0.93689072132111 0.1517289429903 0.31498274207115
vn -0.99439567327499 -0.0429907143116 -0.09658704698086
vn -0.99751615524292 0.02866036817431 0.06434345990419
vn -0.60200709104538 0.46681186556816 0.6478226184845
vn -0.92050796747208 0.24060036242008 0.30785790085793
vn -0.84449768066406 0.30753672122955 0.43845731019974
vn -0.96151965856552 0.15935809910297 0.22379676997662
vn -0.99725836515427 -0.04348239302635 -0.05987515673041
vn -0.99809646606445 0.03798663988709 0.04858464747667
vn -0.75959855318069 0.49559855461121 0.42117947340012
vn -0.92059141397476 0.29022973775864 0.26130092144012
vn -0.94991189241409 0.2247933447361 0.21710684895515
vn -0.83491116762161 0.4139241874218 0.36275351047516
vn -0.9957063794136 -0.06656754761934 -0.0643242970109
vn -0.99809628725052 0.04726284742355 0.0396231263876
vn -0.92050522565842 0.33134517073631 0.20707593858242
vn -0.6847071647644 0.64355480670929 0.34207203984261
vn -0.94990998506546 0.26502761244774 0.16562405228615
vn -0.83961123228073 0.47964537143707 0.25493776798248
vn -0.99570679664612 -0.07848050445318 -0.04907974600792
vn -0.99809604883194 0.05447389185429 0.02892885915935
vn -0.920505464077 0.36715844273567 0.13365745544434
vn -0.78680956363678 0.58832460641861 0.18656066060066
vn -0.94990748167038 0.29367959499359 0.10690205544233
vn -0.83960914611816 0.52217137813568 0.14964455366135
vn -0.99570727348328 -0.08696415275335 -0.03169092535973
vn -0.99809581041336 0.05930246785283 0.01697121188045
vn -0.90673840045929 0.4191098511219 0.04660959914327
vn -0.60199117660522 0.79445123672485 0.08033587038517
vn -0.94080293178558 0.33689764142036 0.03727991133928
vn -0.83975875377655 0.53998744487762 0.05673444271088
vn -0.99570763111114 -0.09164908528328 -0.01291541568935
vn -0.99809539318085 0.06154130771756 0.00427136197686
vn -0.92055988311768 0.38758000731468 -0.04848961532116
vn -0.68470114469528 0.72171700000763 -0.10153283923864
vn -0.83960223197937 0.54188120365143 -0.03785387054086
vn -0.94994068145752 0.30996325612068 -0.03918567299843
vn -0.99439841508865 -0.10512005537748 0.0110237300396
vn -0.99809485673904 0.06109264492989 -0.00861902162433
vn -0.93815535306931 0.33035516738892 -0.10358569025993
vn -0.68469792604446 0.68483930826187 -0.24936679005623
vn -0.8397508263588 0.5163905620575 -0.16780750453472
vn -0.96151006221771 0.26211705803871 -0.08242008835077
vn -0.99809950590134 -0.05861461907625 0.01901886798441
vn -0.99725556373596 0.06956022232771 -0.02535181865096
vn -0.90673464536667 0.3664722442627 -0.20863944292068
vn -0.68469566106796 0.6180300116539 -0.38630390167236
vn -0.9499009847641 0.27597293257713 -0.14672093093395
vn -0.84635150432587 0.45600894093513 -0.27521800994873
vn -0.99860036373138 0.04483749344945 -0.0280523840338
vn -0.99237459897995 -0.10675682127476 0.06160880625248
vn -0.93815135955811 0.2596740424633 -0.22900089621544
vn -0.78679728507996 0.45574235916138 -0.41623187065125
vn -0.94079583883286 0.25315079092979 -0.22542807459831
vn -0.82837510108948 0.416279733181 -0.37484112381935
vn -0.995709836483 -0.06656780838966 0.06427023559809
vn -0.99809414148331 0.04437220841646 -0.04288612678647
vn -0.92049407958984 0.24059651792049 -0.30790248513222
vn -0.60197138786316 0.46681159734726 -0.64785599708557
vn -0.84447491168976 0.30753684043884 -0.438501060009
vn -0.9615079164505 0.16362369060516 -0.22074840962887
vn -0.99685078859329 -0.04434807598591 0.06574030220509
vn -0.99725478887558 0.04138815030456 -0.06139932572842
vn -0.92049115896225 0.17132891714573 -0.35120135545731
vn -0.68468225002289 0.27294570207596 -0.67580389976501
vn -0.94989830255508 0.13703826069832 -0.28091585636139
vn -0.83959138393402 0.20342698693275 -0.50369018316269
vn -0.99809384346008 0.02310139127076 -0.05722744762897
vn -0.99571025371552 -0.03466111049056 0.08578857034445
vn -0.92049199342728 0.094571352005 -0.37914481759071
vn -0.68468725681305 0.1264755576849 -0.71777945756912
vn -0.94995456933975 0.06494356691837 -0.30556279420853
vn -0.83289736509323 0.10280244797468 -0.54379552602768
vn -0.99878180027008 0.01025352068245 -0.04826840385795
vn -0.99571067094803 -0.01605888083577 0.09111760556698
vn -0.98289173841476 -0.0000000009315 0.1841843277216
vn -0.98287129402161 -0.04461077973247 0.17881248891354
vn -0.9828707575798 -0.08081874996424 0.16563023626804
vn -0.98287016153336 -0.11349505186081 0.14520733058453
vn -0.98286950588226 -0.14121083915234 0.11843567341566
vn -0.98288863897324 -0.15953353047371 0.09208105504513
vn -0.98288774490356 -0.17519789934158 0.05689841881394
vn -0.98288667201996 -0.18320482969284 0.01923043839633
vn -0.98286598920822 -0.18387235701084 -0.01285994425416
vn -0.98286509513855 -0.17718479037285 -0.05081137642264
vn -0.98286390304565 -0.16275492310524 -0.08654145151377
vn -0.98286294937134 -0.14121133089066 -0.11848966032267
vn -0.98288267850876 -0.1082766726613 -0.1490565687418
vn -0.98288142681122 -0.07492746412754 -0.1683151870966
vn -0.9828816652298 -0.03830079361796 -0.18021295964718
vn -0.9828816652298 0.00000000465749 -0.18423797190189
vn -0.9828816652298 0.03830079361796 -0.18021295964718
vn -0.98288142681122 0.0749274790287 -0.16831524670124
vn -0.98288267850876 0.10827664285898 -0.14905650913715
vn -0.98286294937134 0.14121130108833 -0.11848960071802
vn -0.98286390304565 0.1627548635006 -0.08654144406319
vn -0.98288524150848 0.17519499361515 -0.05695044994354
vn -0.98288643360138 0.18320095539093 -0.01927956193686
vn -0.98286652565002 0.18252551555634 0.02564823254943
vn -0.9828674197197 0.17319984734058 0.06303492933512
vn -0.98288869857788 0.15953347086906 0.09208104014397
vn -0.98286950588226 0.14121079444885 0.11843559890985
vn -0.98287016153336 0.11349504441023 0.14520727097988
vn -0.9828707575798 0.08081872016191 0.1656302511692
vn -0.98287129402161 0.04461077973247 0.17881248891354
vn 0.0493268892169 -0.00000001124404 -0.99878269433975
vn 0.02960174158216 -0.18720507621765 -0.98187476396561
vn 0.09826448559761 -0.22144915163517 -0.97020840644836
vn 0.11178022623062 -0.00000001498758 -0.99373292922974
vn -0.03941075876355 -0.20780442655087 -0.97737616300583
vn -0.02626163139939 0 -0.99965512752533
vn -0.08994050323963 -0.00000001123763 -0.99594712257385
vn -0.08988190442324 -0.24105283617973 -0.96634089946747
vn 0.03700057044625 -0.40645930171013 -0.9129194021225
vn 0.10232685506344 -0.40460211038589 -0.90874987840652
vn -0.05254810675979 -0.40617480874062 -0.91228324174881
vn -0.09214530140162 -0.42401692271233 -0.90095442533493
vn 0.03697483241558 -0.61533081531525 -0.78740131855011
vn 0.10226018726826 -0.55616909265518 -0.8247537612915
vn -0.08768602460623 -0.56843972206116 -0.81803876161575
vn -0.03941003233194 -0.58728432655334 -0.80842065811157
vn 0.02959551662207 -0.75672608613968 -0.65306186676025
vn 0.10231973975897 -0.73924601078033 -0.66561704874039
vn -0.08994463831186 -0.74013179540634 -0.666419506073
vn -0.03152229636908 -0.72853654623032 -0.68428128957748
vn 0.04931535199285 -0.86497223377228 -0.49939063191414
vn 0.10796417295933 -0.87119716405869 -0.47891467809677
vn -0.03942128270864 -0.86535233259201 -0.49961113929749
vn -0.0921603217721 -0.8726037144661 -0.47965535521507
vn 0.02958122454584 -0.94393223524094 -0.32881137728691
vn 0.0928501188755 -0.94694876670837 -0.30767986178398
vn -0.08834911882877 -0.95184636116028 -0.29356932640076
vn -0.03153148293495 -0.95687252283096 -0.28879189491272
vn 0.03169240429997 -0.99234467744827 -0.11936366558075
vn 0.10230281949043 -0.98931479454041 -0.10387668013573
vn -0.04730185493827 -0.99099791049957 -0.12524236738682
vn -0.08990298956633 -0.99353212118149 -0.06936414539814
vn 0.04224918782711 -0.99195110797882 0.11936481297016
vn 0.107945330441 -0.99067199230194 0.08316708356142
vn -0.04505969583988 -0.9949699640274 0.0894673615694
vn -0.08996197581291 -0.99048942327499 0.10410356521606
vn 0.03696863725781 -0.95040643215179 0.30880570411682
vn 0.10229245573282 -0.94606691598892 0.30739811062813
vn -0.08996932208538 -0.94720023870468 0.30776163935661
vn -0.02629485540092 -0.95072829723358 0.30890825390816
vn 0.03167797997594 -0.87298458814621 0.48671796917915
vn 0.09659146517515 -0.85130029916763 0.51571106910706
vn -0.04732001200318 -0.87534886598587 0.48117065429688
vn -0.08992218971252 -0.8445537686348 0.52786642313004
vn 0.04434328898787 -0.75628316402435 0.65273994207382
vn 0.10228373855352 -0.73917788267136 0.66569823026657
vn -0.0338100604713 -0.75265944004059 0.6575413942337
vn -0.08992440253496 -0.71634876728058 0.69192343950272
vn 0.03166984021664 -0.59954607486725 0.79971343278885
vn 0.10228000581264 -0.58462017774582 0.80483418703079
vn -0.04732385650277 -0.60396128892899 0.79560744762421
vn -0.08992574363947 -0.55683499574661 0.82574099302292
vn 0.0492746271193 -0.40624171495438 0.91243612766266
vn 0.10792577266693 -0.42331451177597 0.89953148365021
vn -0.03381633386016 -0.42014136910439 0.90682834386826
vn -0.08773406594992 -0.38593631982803 0.91834408044815
vn 0.02462150342762 -0.20784910023212 0.97785097360611
vn 0.09820934385061 -0.22144895792007 0.97021406888962
vn -0.04733155295253 -0.2281409651041 0.97247695922852
vn -0.08998588472605 -0.20703385770321 0.97418659925461
vn 0.04927114769816 -0.00000000749603 0.99878543615341
vn 0.11172632128 -0.00000001248964 0.9937390089035
vn -0.03382310643792 -0.0149786695838 0.99931555986404
vn -0.09157040715218 0.01496797520667 0.99568611383438
vn 0.02462141960859 0.20784914493561 0.97785097360611
vn 0.09820934385061 0.22144903242588 0.97021400928497
vn -0.0525974445045 0.20762404799461 0.97679358720779
vn -0.09219523519278 0.22743254899979 0.96941965818405
vn 0.04927403107286 0.40624213218689 0.91243594884872
vn 0.10792567580938 0.42331457138062 0.89953142404556
vn -0.08998546749353 0.40505343675613 0.90985399484634
vn -0.033815857023 0.42014190554619 0.90682810544968
vn 0.03166876733303 0.59954571723938 0.79971373081207
vn 0.10227873921394 0.58462029695511 0.80483424663544
vn -0.08772859722376 0.56844085454941 0.81803339719772
vn -0.04732227697968 0.60396105051041 0.79560774564743
vn 0.04434209689498 0.75628340244293 0.65273970365524
vn 0.10228288918734 0.73917770385742 0.66569852828979
vn -0.08992439508438 0.71634835004807 0.69192385673523
vn -0.03380915895104 0.75265961885452 0.65754115581512
vn 0.02463457919657 0.86576223373413 0.49984881281853
vn 0.09282609075308 0.86228507757187 0.49784308671951
vn -0.08991990238428 0.84455424547195 0.52786606550217
vn -0.04731772094965 0.87534880638123 0.48117098212242
vn 0.04435127973557 0.94342982769012 0.32859256863594
vn 0.10633359104395 0.95018494129181 0.29298770427704
vn -0.08996871858835 0.94720017910004 0.30776199698448
vn -0.02629527077079 0.95072776079178 0.30890974402428
vn 0.04224932938814 0.99195110797882 0.11936471611261
vn 0.10794890671968 0.99067163467407 0.08316694945097
vn -0.04506002366543 0.9949699640274 0.08946735411882
vn -0.08996256440878 0.99048936367035 0.10410369187593
vn 0.03169248998165 0.99234467744827 -0.11936355382204
vn 0.10230504721403 0.98931461572647 -0.10387612879276
vn -0.08990357071161 0.99353206157684 -0.06936421990395
vn -0.04730223491788 0.99099791049957 -0.12524235248566
vn 0.02958122454584 0.94393157958984 -0.32881325483322
vn 0.09284949302673 0.94694864749908 -0.30768048763275
vn -0.08834854513407 0.95184624195099 -0.29356980323792
vn -0.0315320007503 0.95687210559845 -0.28879311680794
vn 0.04931331425905 0.86497217416763 -0.49939090013504
vn 0.10796199738979 0.87119734287262 -0.47891485691071
vn -0.03941979631782 0.86535227298737 -0.49961134791374
vn -0.09215737134218 0.87260401248932 -0.47965532541275
vn 0.02959540300071 0.75672650337219 -0.65306133031845
vn 0.10231841355562 0.73924618959427 -0.66561704874039
vn -0.08994374424219 0.74013167619705 -0.66641968488693
vn -0.03152221441269 0.72853642702103 -0.68428140878677
vn 0.03699710965157 0.58738273382187 -0.8084631562233
vn 0.10796796530485 0.567358314991 -0.8163623213768
vn -0.04728220030665 0.60395967960358 -0.79561114311218
vn -0.08768581598997 0.56843990087509 -0.81803870201111
vn 0.03697919845581 0.37424746155739 -0.9265912771225
vn 0.09662774205208 0.42389842867851 -0.90054047107697
vn -0.04503561928868 0.42000433802605 -0.90640395879745
vn -0.0921468064189 0.42401692271233 -0.90095430612564
vn 0.02960164099932 0.18720512092113 -0.98187470436096
vn 0.09826448559761 0.22144919633865 -0.97020840644836
vn -0.08988218009472 0.24105305969715 -0.96634083986282
vn -0.03941065818071 0.20780447125435 -0.97737610340118
vn 0.64698934555054 0.14435255527496 -0.74871027469635
vn 0.79224479198456 0.00000000759107 -0.61020344495773
vn 0.57460701465607 0.33765783905983 -0.74552935361862
vn 0.64682078361511 0.469606757164 -0.60090965032578
vn 0.7388756275177 0.50561267137527 -0.44544208049774
vn 0.5443497300148 0.71390908956528 -0.44047382473946
vn 0.64704293012619 0.72514146566391 -0.23559562861919
vn 0.64680993556976 0.76080077886581 -0.05309572815895
vn 0.6468078494072 0.75521659851074 0.10624276846647
vn 0.73886013031006 0.63858550786972 0.21516087651253
vn 0.57457768917084 0.70616418123245 0.41375428438187
vn 0.64679557085037 0.54854500293732 0.5298621058464
vn 0.64679074287415 0.42639854550362 0.63233375549316
vn 0.64678806066513 0.2856151163578 0.70716989040375
vn 0.64679002761841 0.13234804570675 0.75109696388245
vn 0.64701652526855 0.00000001332312 0.76247596740723
vn 0.64678996801376 -0.13234804570675 0.75109702348709
vn 0.64678800106049 -0.28561505675316 0.70716995000839
vn 0.64679092168808 -0.42639857530594 0.63233363628387
vn 0.6467946767807 -0.54854553937912 0.52986264228821
vn 0.57457715272903 -0.70616447925568 0.4137544631958
vn 0.79222339391708 -0.5803582072258 0.18859061598778
vn 0.54433876276016 -0.83134877681732 0.11204704642296
vn 0.64680927991867 -0.76080119609833 -0.05309644713998
vn 0.57459396123886 -0.77998477220535 -0.24792240560055
vn 0.71388947963715 -0.59747618436813 -0.36521783471107
vn 0.64704728126526 -0.56661885976791 -0.51016938686371
vn 0.64682054519653 -0.46960693597794 -0.60090976953506
vn 0.57460689544678 -0.33765783905983 -0.74552941322327
vn 0.64698928594589 -0.14435259997845 -0.74871039390564
vn 0.9792732000351 0.001090380596 -0.20254091918468
vn 0.9155045747757 -0.00000000656605 -0.40230751037598
vn 0.91550552845001 -0.08364883810282 -0.3935130238533
vn 0.98653942346573 -0.03251003846526 -0.16025944054127
vn 0.92544108629227 -0.07270153611898 -0.37185117602348
vn 0.9006335735321 -0.00000000062516 -0.43457937240601
vn 0.92425215244293 -0.16103300452232 -0.34615933895111
vn 0.9854274392128 -0.06505371630192 -0.15716463327408
vn 0.90987664461136 -0.16469536721706 -0.38078850507736
vn 0.89988189935684 -0.25636383891106 -0.35283157229424
vn 0.97927260398865 -0.11994602531195 -0.16321203112602
vn 0.92543697357178 -0.21767525374889 -0.31013524532318
vn 0.92178493738174 -0.29314425587654 -0.25373017787933
vn 0.98653829097748 -0.12255581468344 -0.10826949775219
vn 0.92293202877045 -0.28097155690193 -0.26315668225288
vn 0.91541022062302 -0.35543748736382 -0.18891367316246
vn 0.98247998952866 -0.15938253700733 -0.09659337997437
vn 0.90710031986237 -0.35911482572556 -0.21955755352974
vn 0.90622299909592 -0.40526282787323 -0.12050702422857
vn 0.97926980257034 -0.19298741221428 -0.06153487041593
vn 0.91645056009293 -0.37600803375244 -0.1368807554245
vn 0.92424362897873 -0.37900349497795 -0.04615282639861
vn 0.98246508836746 -0.18599583208561 -0.01295901741832
vn 0.90986716747284 -0.41214269399643 -0.04775077104568
vn 0.90894120931625 -0.41508489847183 0.03912088274956
vn 0.98246359825134 -0.18463338911533 0.02599647641182
vn 0.93111485242844 -0.36272549629211 0.03814884647727
vn 0.91548657417297 -0.38152757287025 0.12775385379791
vn 0.98246282339096 -0.17519834637642 0.06381527334452
vn 0.90709006786346 -0.40347868204117 0.11996879428625
vn 0.92177277803421 -0.33192265033722 0.20040543377399
vn 0.98653328418732 -0.14086788892746 0.08311635255814
vn 0.91644209623337 -0.35333812236786 0.18784569203854
vn 0.9062106013298 -0.30701526999474 0.29073011875153
vn 0.97926396131516 -0.14980821311474 0.13638040423393
vn 0.91644042730331 -0.30656567215919 0.25720506906509
vn 0.92176783084869 -0.22172696888447 0.31808996200562
vn 0.98653155565262 -0.09489408135414 0.13323146104813
vn 0.91643911600113 -0.24639597535133 0.31532263755798
vn 0.9153932929039 -0.15075106918812 0.37326830625534
vn 0.98247271776199 -0.079431027174 0.16863606870174
vn 0.91643697023392 -0.17545792460442 0.35966339707375
vn 0.90620619058609 -0.07750990241766 0.41567125916481
vn 0.97926276922226 -0.04104956239462 0.19839181005955
vn 0.91643667221069 -0.09685188531876 0.38828283548355
vn 0.92983329296112 -0.00000000249924 0.36798098683357
vn 0.98248070478439 -0.00000000058612 0.18636439740658
vn 0.91652601957321 0 0.3999750316143
vn 0.90620613098145 0.07750990241766 0.41567131876945
vn 0.9824805855751 0.03874190151691 0.18229350447655
vn 0.91643667221069 0.0968519076705 0.38828286528587
vn 0.91539323329926 0.15075133740902 0.37326830625534
vn 0.97788202762604 0.09078471362591 0.18842750787735
vn 0.91643708944321 0.17545786499977 0.35966312885284
vn 0.92176812887192 0.22172643244267 0.31808942556381
vn 0.98653155565262 0.09489408135414 0.13323161005974
vn 0.916439473629 0.24639549851418 0.31532189249992
vn 0.90621030330658 0.3070156276226 0.29073059558868
vn 0.97926390171051 0.14980816841125 0.13638089597225
vn 0.91644036769867 0.30656576156616 0.25720518827438
vn 0.91539853811264 0.34134504199028 0.21337540447712
vn 0.98247534036636 0.16336588561535 0.08974289149046
vn 0.91644191741943 0.35333839058876 0.18784616887569
vn 0.92177450656891 0.36633175611496 0.12701503932476
vn 0.9865340590477 0.15506520867348 0.05201321467757
vn 0.91644459962845 0.38466650247574 0.11027665436268
vn 0.90894144773483 0.41508439183235 0.03912077471614
vn 0.98246365785599 0.18463297188282 0.02599607408047
vn 0.92542922496796 0.37744045257568 0.03345737606287
vn 0.92424392700195 0.37900286912918 -0.04615239799023
vn 0.98542392253876 0.16959835588932 -0.01326990313828
vn 0.90986663103104 0.412143856287 -0.04775074869394
vn 0.91549265384674 0.38374063372612 -0.12089800089598
vn 0.97788947820663 0.20075218379498 -0.05857263505459
vn 0.90709602832794 0.39692503213882 -0.14009761810303
vn 0.90622544288635 0.37134727835655 -0.20213015377522
vn 0.97927033901215 0.17597407102585 -0.10031326860189
vn 0.9229308962822 0.32954856753349 -0.19898830354214
vn 0.92178440093994 0.29314470291138 -0.25373151898384
vn 0.98653829097748 0.12255547195673 -0.10826980322599
vn 0.91645354032516 0.28781855106354 -0.277980864048
vn 0.89988207817078 0.25636374950409 -0.35283118486404
vn 0.98248964548111 0.10952642560005 -0.15072505176067
vn 0.92543739080429 0.21767497062683 -0.31013426184654
vn 0.92425215244293 0.16103339195251 -0.34615921974182
vn 0.98246908187866 0.06982474774122 -0.17285551130772
vn 0.90987682342529 0.1646952778101 -0.38078814744949
vn 0.91550552845001 0.08364886045456 -0.39351299405098
vn 0.98249012231827 0.03874197974801 -0.18224230408669
vn 0.92544102668762 0.07270157337189 -0.37185123562813
vn 0.99739873409271 0.01499226875603 -0.07050523161888
vn 0.99739551544189 -0.00252625835128 -0.07208193093538
vn 0.99739557504654 0.03163481876254 -0.06481713056564
vn 0.99739873409271 0.04238101840019 -0.05830648168921
vn 0.99739521741867 0.05189286917448 -0.050098516047
vn 0.99739468097687 0.06118438765407 -0.03821479529142
vn 0.99739754199982 0.06857744604349 -0.02225548587739
vn 0.99739724397659 0.07171010226011 -0.00751295080408
vn 0.99739342927933 0.07197792083025 0.00505058374256
vn 0.99739295244217 0.06936111301184 0.01990807615221
vn 0.99739295244217 0.06370855122805 0.03388972580433
vn 0.99739247560501 0.05527644231915 0.04639732837677
vn 0.99739217758179 0.04442801326513 0.05687686800957
vn 0.99739515781403 0.02932846546173 0.06589978933334
vn 0.99739515781403 0.01498948875815 0.07055673748255
vn 0.99739509820938 0.00000000651944 0.07213181257248
vn 0.99739187955856 -0.01746183261275 0.0700323805213
vn 0.99739193916321 -0.03163608908653 0.06487285345793
vn 0.99739217758179 -0.04442799836397 0.05687675252557
vn 0.99739247560501 -0.05527662485838 0.04639734700322
vn 0.99739295244217 -0.06370864063501 0.03388978913426
vn 0.99739295244217 -0.06936087459326 0.0199081953615
vn 0.99739342927933 -0.07197789102793 0.00505078304559
vn 0.99739414453506 -0.07144558429718 -0.01002469565719
vn 0.99739438295364 -0.06779680401087 -0.02465821243823
vn 0.99739462137222 -0.06118471547961 -0.0382147654891
vn 0.99739521741867 -0.05189291015267 -0.05009844154119
vn 0.99739551544189 -0.04033710062504 -0.05979200825095
vn 0.99739873409271 -0.02932810597122 -0.06584523618221
vn 0.99739557504654 -0.01746327243745 -0.06997893750668
vn 0.53614789247513 0.24209669232368 0.80866223573685
vn 0.91364973783493 0.3814343214035 0.14054180681705
vn 0.63007336854935 0.77215546369553 0.08236195147038
vn 0.53616017103195 0.55007427930832 0.64027380943298
vn 0.91365802288055 0.405601978302 -0.02675896137953
vn 0.6300807595253 0.73889458179474 -0.23881576955318
vn 0.5361887216568 0.76291555166244 0.36119458079338
vn 0.91365849971771 0.35964712500572 -0.18942578136921
vn 0.63005101680756 0.57787227630615 -0.51874786615372
vn 0.53617340326309 0.84387922286987 0.01964605413377
vn 0.88072913885117 0.29305011034012 -0.3720723092556
vn 0.63008034229279 0.31692558526993 -0.7089124917984
vn 0.53617984056473 0.77890676259994 -0.32529276609421
vn 0.9136551618576 0.09987513720989 -0.39402937889099
vn 0.63007217645645 0.00117186398711 -0.77653568983078
vn 0.5362189412117 0.57924592494965 -0.61395716667175
vn 0.91366475820541 -0.06903839856386 -0.40056258440018
vn 0.63009428977966 -0.31477609276772 -0.70985722541809
vn 0.53620994091034 0.27944514155388 -0.79648560285568
vn 0.9241908788681 -0.11753591150045 -0.36339589953423
vn 0.53295302391052 -0.6947203874588 -0.48303693532944
vn 0.53619182109833 -0.06869304180145 -0.84129637479782
vn 0.91365814208984 -0.34388875961304 -0.21672396361828
vn 0.63005948066711 -0.73818421363831 -0.24105833470821
vn 0.5362343788147 -0.40492019057274 -0.74060267210007
vn 0.94743251800537 -0.29212519526482 -0.13051640987396
vn 0.53291940689087 -0.82384383678436 0.19307564198971
vn 0.5361824631691 -0.67117989063263 -0.51188462972641
vn 0.92417579889297 -0.38196700811386 -0.00049718492664
vn 0.53292202949524 -0.67408961057663 0.51146590709686
vn 0.53619933128357 -0.82133996486664 -0.19465577602386
vn 0.92417508363724 -0.34914976358414 0.15490263700485
vn 0.5329048037529 -0.40779760479927 0.74142670631409
vn 0.53618592023849 -0.82950961589813 0.15626403689384
vn 0.92416363954544 -0.25598320364952 0.28353875875473
vn 0.53290957212448 -0.07097406685352 0.8431903719902
vn 0.53617835044861 -0.69424164295197 0.48014712333679
vn 0.91363990306854 -0.01576146297157 0.40621876716614
vn 0.63003814220428 0.16031038761139 0.75983715057373
vn 0.53615421056747 -0.43894618749619 0.72101658582687
vn 0.88071393966675 0.17572113871574 0.43984657526016
vn 0.63004189729691 0.45549669861794 0.62894350290298
vn 0.5361692905426 -0.10775243490934 0.83720481395721
vn 0.92416536808014 0.19052447378635 0.33108735084534
vn 0.53292196989059 0.77997726202011 0.32806965708733
vn 0.91365593671799 0.38144189119339 -0.14048106968403
vn 0.53622400760651 0.24208976328373 -0.80861383676529
vn 0.63007181882858 0.77216076850891 -0.0823238119483
vn 0.94743001461029 0.31288400292397 -0.06693241000175
vn 0.53618168830872 0.55008375644684 -0.64024770259857
vn 0.53291022777557 0.76570618152618 0.36013996601105
vn 0.92417353391647 0.37372970581055 0.07892664521933
vn 0.53618514537811 0.76293450593948 -0.36115989089012
vn 0.53290313482285 0.55303311347961 0.64044409990311
vn 0.91364526748657 0.25149589776993 0.31937780976295
vn 0.53617733716965 0.84387755393982 -0.01960944011807
vn 0.63005822896957 0.31691518425941 0.70893681049347
vn 0.91364324092865 0.09986412525177 0.39405992627144
vn 0.53615939617157 0.77891010046005 0.32531863451004
vn 0.63003140687943 0.00117019482423 0.77656877040863
vn 0.91364336013794 -0.06903855502605 0.40061143040657
vn 0.53615736961365 0.57925403118134 0.61400324106216
vn 0.63005328178406 -0.31477379798889 0.70989459753036
vn 0.88070690631866 -0.26332324743271 0.39372101426125
vn 0.53615248203278 0.27943068742752 0.79652935266495
vn 0.63004785776138 -0.57629323005676 0.52050542831421
vn 0.92417401075363 -0.25518876314163 0.28422012925148
vn 0.53615081310272 -0.06867970526218 0.84132361412048
vn 0.53292214870453 -0.8311420083046 0.15873543918133
vn 0.91365176439285 -0.40231561660767 0.05816055089235
vn 0.53614521026611 -0.40494009852409 0.74065637588501
vn 0.63007014989853 -0.77240777015686 -0.07998692989349
vn 0.92417448759079 -0.38197010755539 0.00055417895783
vn 0.53616553544998 -0.67117023468018 0.51191514730453
vn 0.53293830156326 -0.67410069704056 -0.51143425703049
vn 0.92417669296265 -0.34916684031487 -0.15485475957394
vn 0.53619265556335 -0.82133972644806 0.194675385952
vn 0.5329293012619 -0.40780022740364 -0.74140763282776
vn 0.94744080305099 -0.21440926194191 -0.2374545186758
vn 0.53619343042374 -0.82951152324677 -0.15622797608376
vn 0.53294855356216 -0.07097271084785 -0.8431658744812
vn 0.92419147491455 -0.11852906644344 -0.36307156085968
vn 0.53620201349258 -0.69424760341644 -0.48011213541031
vn 0.53293293714523 0.27810943126678 -0.79914802312851
vn 0.92418986558914 0.03940024971962 -0.37989568710327
vn 0.53621399402618 -0.43893781304359 -0.72097718715668
vn 0.53294855356216 0.57910913228989 -0.61692667007446
vn 0.92418503761292 0.19052018225193 -0.33103492856026
vn 0.53618478775024 -0.10773819684982 -0.83719670772552
vn 0.53293818235397 0.77997589111328 -0.32804638147354
vn -0.86945784091949 -0.00000000214805 -0.4940071105957
vn -1 0.00000000000015 -0.00002635068631
vn -0.80773961544037 -0.10230067372322 -0.58059561252594
vn -0.80774283409119 -0.22076845169067 -0.54663777351379
vn -0.76193416118622 -0.38067206740379 -0.52397048473358
vn -0.80774396657944 -0.45164468884468 -0.37890195846558
vn -0.86946141719818 -0.42780780792236 -0.24701675772667
vn -0.76193743944168 -0.61594671010971 -0.20015236735344
vn -0.80775398015976 -0.58808678388596 -0.04107864946127
vn -0.80775541067123 -0.58377468585968 0.08208709955215
vn -0.807756960392 -0.55394595861435 0.20167437195778
vn -0.86947560310364 -0.42780512571335 0.24697156250477
vn -0.8077649474144 -0.45164313912392 0.37885919213295
vn -0.76195627450943 -0.38067230582237 0.52393817901611
vn -0.80776506662369 -0.22077657282352 0.54660153388977
vn -0.86948210000992 -0.10270991176367 0.48316821455956
vn -0.76195567846298 0.00000020840126 0.64762914180756
vn -0.86948162317276 0.10270991921425 0.48316904902458
vn -0.80776369571686 0.2207774668932 0.54660326242447
vn -0.76195561885834 0.38067212700844 0.52393925189972
vn -0.80776458978653 0.45164334774017 0.37885963916779
vn -0.86947500705719 0.42780601978302 0.24697202444077
vn -0.80775684118271 0.55394613742828 0.20167437195778
vn -0.80775535106659 0.58377486467361 0.08208666741848
vn -0.80775362253189 0.58808726072311 -0.04107869416475
vn -0.76193726062775 0.61594706773758 -0.20015212893486
vn -0.86946088075638 0.42780873179436 -0.24701720476151
vn -0.80774366855621 0.45164486765862 -0.37890243530273
vn -0.80774521827698 0.36299505829811 -0.46452370285988
vn -0.80774277448654 0.25848254561424 -0.52984744310379
vn -0.76192784309387 0.13464853167534 -0.63351058959961
vn -0.86945968866348 0.00000014920234 -0.49400386214256
vn -0.86946004629135 0.10270059853792 -0.48320984840393
vn -0.86933076381683 0.18507646024227 -0.45826926827431
vn -0.86933237314224 0.27631205320358 -0.40977177023888
vn -0.9065575003624 0.30357813835144 -0.29324707388878
vn -0.76193225383759 0.56087923049927 -0.32384213805199
vn -0.91977500915527 0.37323072552681 -0.12129600346088
vn -0.90656280517578 0.41795369982719 -0.0588100887835
vn -0.80775713920593 0.58808577060699 0.04103032499552
vn -0.90656507015228 0.40573605895042 0.11626725643873
vn -0.82652497291565 0.48749461770058 0.28143468499184
vn -0.86935061216354 0.35546907782555 0.34332379698753
vn -0.86948084831238 0.29035067558289 0.39962431788445
vn -0.9065705537796 0.18506522476673 0.37931603193283
vn -0.82652962207794 0.11703862994909 0.55059123039246
vn -0.86947947740555 0.00000029857981 0.49396902322769
vn -0.86948090791702 -0.10270803421736 0.4831708073616
vn -0.8693505525589 -0.2166969627142 0.44415321946144
vn -0.86948078870773 -0.29035183787346 0.39962348341942
vn -0.90657091140747 -0.30357998609543 0.29320359230042
vn -0.76195013523102 -0.56087720394135 0.32380357384682
vn -0.90656495094299 -0.40573623776436 0.1162673458457
vn -0.86934375762939 -0.493009775877 0.03439196199179
vn -0.86934047937393 -0.4893933236599 -0.06885707378387
vn -0.91977488994598 -0.37323105335236 -0.12129612267017
vn -0.76193273067474 -0.5608788728714 -0.32384172081947
vn -0.9065575003624 -0.3035780787468 -0.29324713349342
vn -0.91977161169052 -0.2306689620018 -0.31750911474228
vn -0.86933255195618 -0.21669346094131 -0.44419005513191
vn -0.80774223804474 -0.14267665147781 -0.57201039791107
vn -0.89273679256439 0.09368450939655 0.44073140621185
vn -0.8927366733551 -0.00000002718435 0.45057877898216
vn -0.8926248550415 0.1976719647646 0.40515011548996
vn -0.93354070186615 0.21071214973927 0.290003657341
vn -0.84266710281372 0.38728609681129 0.37406107783318
vn -0.8927309513092 0.39023274183273 0.22527739405632
vn -0.89261794090271 0.43337041139603 0.12419082224369
vn -0.89261424541473 0.4497284591198 0.03137173503637
vn -0.93353176116943 0.3565282523632 -0.03749812021852
vn -0.84265619516373 0.51760387420654 -0.14838044345379
vn -0.89272022247314 0.39023086428642 -0.22532294690609
vn -0.89271879196167 0.33486005663872 -0.30153262615204
vn -0.92278230190277 0.23725278675556 -0.30361804366112
vn -0.8579004406929 0.20897999405861 -0.46939772367477
vn -0.89271450042725 0.09368096292019 -0.4407773911953
vn -0.89271420240402 -0.00000008155494 -0.45062333345413
vn -0.93352460861206 -0.07453014701605 -0.35068091750145
vn -0.84264582395554 -0.20164987444878 -0.49928480386734
vn -0.8927161693573 -0.26485919952393 -0.36456477642059
vn -0.89260768890381 -0.3453813791275 -0.28976398706436
vn -0.89260917901993 -0.39807373285294 -0.21162755787373
vn -0.84265625476837 -0.5176038146019 -0.14838021993637
vn -0.95518547296524 -0.29438382387161 -0.03096613287926
vn -0.8426593542099 -0.53714138269424 0.03747452422976
vn -0.89261788129807 -0.43337044119835 0.12419064342976
vn -0.92279434204102 -0.34022361040115 0.18082737922668
vn -0.80530887842178 -0.44058784842491 0.39668622612953
vn -0.93354076147079 -0.21071320772171 0.29000282287598
vn -0.89262491464615 -0.19767187535763 0.40515011548996
vn -0.89273673295975 -0.09368436038494 0.44073155522346
vn -0.33025851845741 0.0159065220505 0.94375646114349
vn -0.21003086864948 0.22498321533203 0.95145654678345
vn -0.55416125059128 0.15582236647606 0.81769472360611
vn -0.36367490887642 -0.02455023117363 0.93120235204697
vn -0.28071403503418 0.39363050460815 0.87535971403122
vn -0.36367094516754 0.35633161664009 0.86068069934845
vn -0.33025366067886 0.56759923696518 0.75416421890259
vn -0.47720882296562 0.49133613705635 0.72860181331635
vn -0.28054764866829 0.73535406589508 0.61688524484634
vn -0.47720542550087 0.6320863366127 0.61052590608597
vn -0.21001914143562 0.85761773586273 0.46945056319237
vn -0.47720205783844 0.74521136283875 0.46576622128487
vn -0.28069657087326 0.91391497850418 0.29320442676544
vn -0.4771968126297 0.82576906681061 0.30064713954926
vn -0.34974801540375 0.9296607375145 0.11578968167305
vn -0.47741806507111 0.87386411428452 0.09183388948441
vn -0.33022993803024 0.9402585029602 -0.08283816277981
vn -0.47718685865402 0.87023377418518 -0.12241661548615
vn -0.28068193793297 0.9139142036438 -0.29322084784508
vn -0.47718706727028 0.82576590776443 -0.30067124962807
vn -0.20999711751938 0.8576186299324 -0.46945866942406
vn -0.36364194750786 0.79417556524277 -0.48687744140625
vn -0.33021733164787 0.7119989991188 -0.61968857049942
vn -0.47737517952919 0.64595657587051 -0.59569537639618
vn -0.23028214275837 0.56152325868607 -0.79477149248123
vn -0.58340030908585 0.48711678385735 -0.64989328384399
vn -0.28066024184227 0.39038449525833 -0.87682938575745
vn -0.39666095376015 0.38128143548965 -0.8350356221199
vn -0.33020544052124 0.21177488565445 -0.91984552145004
vn -0.55412399768829 0.15582533180714 -0.81771939992905
vn -0.16265879571438 -0.00000019515518 -0.9866823554039
vn -0.58340185880661 -0.0120976883918 -0.81209355592728
vn -0.33020547032356 -0.21177479624748 -0.91984552145004
vn -0.47737365961075 -0.17245754599571 -0.86161059141159
vn -0.28050145506859 -0.42086800932884 -0.86266392469406
vn -0.36362606287003 -0.3563257753849 -0.86070203781128
vn -0.28066632151604 -0.56415629386902 -0.77650117874146
vn -0.47739839553833 -0.51647275686264 -0.71087735891342
vn -0.28051123023033 -0.69038110971451 -0.66684889793396
vn -0.4771793782711 -0.67326384782791 -0.56481468677521
vn -0.23029725253582 -0.8362352848053 -0.49766823649406
vn -0.47741430997849 -0.76095163822174 -0.43934971094131
vn -0.28068339824677 -0.91391289234161 -0.29322350025177
vn -0.47718790173531 -0.82576394081116 -0.30067533254623
vn -0.33023479580879 -0.94025683403015 -0.08283795416355
vn -0.47718694806099 -0.87023359537125 -0.1224177852273
vn -0.34975242614746 -0.92965912818909 0.1157893538475
vn -0.47741803526878 -0.87386405467987 0.09183470904827
vn -0.28069797158241 -0.91391372680664 0.29320704936981
vn -0.47719779610634 -0.82576698064804 0.30065128207207
vn -0.280701816082 -0.83298069238663 0.47681191563606
vn -0.47720369696617 -0.74521106481552 0.46576511859894
vn -0.21002244949341 -0.74127167463303 0.63750046491623
vn -0.36366605758667 -0.67559772729874 0.64133816957474
vn -0.33025386929512 -0.56760007143021 0.75416350364685
vn -0.55415642261505 -0.47494691610336 0.68361985683441
vn -0.2807123363018 -0.39362946152687 0.87536072731018
vn -0.47721043229103 -0.32911455631256 0.8148335814476
vn -0.1627087444067 -0.20513990521431 0.96511322259903
vn -0.58343780040741 -0.15700291097164 0.79683774709702
vn -0.87168169021606 -0.00000006900922 0.49007248878479
vn -0.87155115604401 -0.11867463588715 0.47572565078735
vn -0.87154650688171 -0.2149990350008 0.44066098332405
vn -0.87167811393738 -0.28807145357132 0.39647462964058
vn -0.87167453765869 -0.36421698331833 0.32791689038277
vn -0.87154400348663 -0.43295958638191 0.23012390732765
vn -0.87153786420822 -0.47135481238365 0.13507933914661
vn -0.87166559696198 -0.48741856217384 0.05120741575956
vn -0.87153244018555 -0.48914569616318 -0.03417152166367
vn -0.87153273820877 -0.47135174274445 -0.13512310385704
vn -0.87166464328766 -0.4244319498539 -0.24506793916225
vn -0.87153381109238 -0.3526671230793 -0.3406680226326
vn -0.87166178226471 -0.28806799650192 -0.39651301503181
vn -0.87166213989258 -0.19933566451073 -0.44773927330971
vn -0.8715301156044 -0.08508734405041 -0.48290312290192
vn -0.87152945995331 0.01716805249453 -0.49004250764847
vn -0.87165987491608 0.10189365595579 -0.47940254211426
vn -0.87153321504593 0.18362319469452 -0.4546562731266
vn -0.87153369188309 0.27413594722748 -0.40654462575912
vn -0.87153416872025 0.35266661643982 -0.34066760540009
vn -0.87166333198547 0.42443400621414 -0.24506887793541
vn -0.87153434753418 0.47134894132614 -0.13512235879898
vn -0.87153846025467 0.48913490772247 -0.03417171537876
vn -0.87167167663574 0.48740771412849 0.05120769888163
vn -0.87153947353363 0.47135207056999 0.13507856428623
vn -0.87154215574265 0.43296292424202 0.23012462258339
vn -0.87154471874237 0.37565237283707 0.31511121988297
vn -0.8715483546257 0.30191913247108 0.38632670044899
vn -0.8716761469841 0.19934396445751 0.44770830869675
vn -0.87168306112289 0.10189590603113 0.4793598651886
vn 0.22124697268009 0.00000000094721 -0.97521781921387
vn 0.22124499082565 -0.20275984704494 -0.95390731096268
vn 0.06960061192513 -0.20740543305874 -0.97577595710754
vn 0.06960237771273 -0.00000006742279 -0.99757480621338
vn 0.11256623268127 -0.19162109494209 -0.97499239444733
vn 0.0033755407203 0.02137012593448 -0.99976593255997
vn -0.23965525627136 -0.03399700298905 -0.97026264667511
vn -0.23963804543018 -0.23497760295868 -0.94199740886688
vn 0.19963569939137 -0.38559928536415 -0.90081006288528
vn 0.06959726661444 -0.40575003623962 -0.91133040189743
vn 0.02158141694963 -0.41997656226158 -0.90727829933166
vn -0.2397852987051 -0.39486947655678 -0.88689404726028
vn 0.22124096751213 -0.57417911291122 -0.7882707118988
vn 0.06955457478762 -0.55774426460266 -0.82709342241287
vn -0.23979254066944 -0.57063060998917 -0.78541725873947
vn 0.13061414659023 -0.59919279813766 -0.78987842798233
vn 0.27112692594528 -0.71531391143799 -0.64406222105026
vn 0.0695917531848 -0.74134451150894 -0.66750681400299
vn 0.00336883589625 -0.72867119312286 -0.68485540151596
vn -0.23966136574745 -0.74378871917725 -0.62397181987762
vn 0.19962553679943 -0.85557383298874 -0.47764319181442
vn 0.0695870667696 -0.86392796039581 -0.49878466129303
vn 0.06709995865822 -0.84607833623886 -0.52881854772568
vn -0.23966139554977 -0.85726541280746 -0.45569550991058
vn 0.22122898697853 -0.9274914264679 -0.30135917663574
vn 0.06958444416523 -0.94875144958496 -0.30826717615128
vn 0.11254687607288 -0.94018042087555 -0.32154935598373
vn -0.23966862261295 -0.93327397108078 -0.26750436425209
vn 0.19961778819561 -0.97292804718018 -0.11646357178688
vn 0.0695831105113 -0.99211168289185 -0.10427149385214
vn 0.06712810695171 -0.9922006726265 -0.10503160208464
vn -0.23966833949089 -0.96849697828293 -0.06762196868658
vn 0.27110692858696 -0.957275390625 0.10062265396118
vn 0.0695761218667 -0.9921116232872 0.10427707433701
vn -0.03893459588289 -0.99376779794693 0.10444907844067
vn -0.23980949819088 -0.9655020236969 0.1014750674367
vn 0.19092540442944 -0.93989253044128 0.28310689330101
vn 0.06952373683453 -0.9373796582222 0.34130015969276
vn -0.23968005180359 -0.93327462673187 0.26749193668365
vn 0.11253058165312 -0.94018059968948 0.32155448198318
vn 0.19960086047649 -0.85557413101196 0.47765299677849
vn 0.06956192106009 -0.86392772197723 0.49878862500191
vn -0.23982180655003 -0.84075558185577 0.48540252447128
vn 0.13057996332645 -0.84818536043167 0.51335221529007
vn 0.2426522821188 -0.71070927381516 0.66031223535538
vn 0.06951607018709 -0.76426410675049 0.6411457657814
vn 0.00333935930394 -0.75727194547653 0.65309113264084
vn -0.23968230187893 -0.69829875230789 0.6744858622551
vn 0.22107107937336 -0.54526209831238 0.80858939886093
vn 0.06951343268156 -0.61425793170929 0.78603762388229
vn 0.02153792604804 -0.5994348526001 0.80013370513916
vn -0.23982471227646 -0.57063376903534 0.78540515899658
vn 0.25117900967598 -0.37554773688316 0.89211714267731
vn 0.06955432146788 -0.40575107932091 0.91133326292038
vn -0.23969084024429 -0.42569604516029 0.87254291772842
vn 0.06710720062256 -0.40513947606087 0.91178870201111
vn 0.1707094758749 -0.20486007630825 0.96378970146179
vn 0.06955387443304 -0.20740865170956 0.97577863931656
vn -0.23982445895672 -0.20184350013733 0.94960170984268
vn 0.17239409685135 -0.20479708909988 0.96350318193436
vn 0.27108314633369 0.00000002396139 0.96255594491959
vn 0.06955301761627 -0.00000001872856 0.99757826328278
vn -0.03895146027207 0.00000010552973 0.99924111366272
vn -0.23983296751976 0.00000025089025 0.97081416845322
vn 0.17070944607258 0.20486003160477 0.96378976106644
vn 0.06955370306969 0.20740868151188 0.97577863931656
vn -0.23968397080898 0.16847871243954 0.95612055063248
vn 0.11251873522997 0.22151313722134 0.96864414215088
vn 0.25117900967598 0.37554782629013 0.89211708307266
vn 0.06955464929342 0.40575203299522 0.91133278608322
vn -0.23982635140419 0.39486786723137 0.88688367605209
vn 0.1305705755949 0.42187604308128 0.89720231294632
vn 0.22107167541981 0.54526269435883 0.80858886241913
vn 0.06951525062323 0.61425864696503 0.78603684902191
vn 0.02153844386339 0.59943586587906 0.80013298988342
vn -0.2398246973753 0.57063412666321 0.78540486097336
vn 0.19959577918053 0.7186581492424 0.66610205173492
vn 0.06956015527248 0.74134308099747 0.66751170158386
vn -0.23967888951302 0.69830030202866 0.67448550462723
vn 0.06707227230072 0.76439195871353 0.64125365018845
vn 0.24265839159489 0.84760874509811 0.47188594937325
vn 0.06952124089003 0.84593677520752 0.5287321805954
vn -0.23982137441635 0.84075486660004 0.48540386557579
vn 0.06711459904909 0.86407005786896 0.49887734651566
vn 0.22121472656727 0.92749273777008 0.3013656437397
vn 0.06956939399242 0.94875156879425 0.30827030539513
vn 0.1125308200717 0.94018089771271 0.32155352830887
vn -0.23968362808228 0.933274269104 0.26749008893967
vn 0.24266822636127 0.96309357881546 0.116459608078
vn 0.06953234225512 0.99515742063522 0.06947675347328
vn -0.03893839195371 0.99376773834229 0.10444824397564
vn -0.23981864750385 0.96550011634827 0.1014721095562
vn 0.19961768388748 0.97292822599411 -0.11646246910095
vn 0.06957962363958 0.9921116232872 -0.10427463799715
vn -0.23967745900154 0.96849483251572 -0.0676200017333
vn 0.06712666898966 0.99220085144043 -0.10503077507019
vn 0.22123055160046 0.92749220132828 -0.3013556599617
vn 0.06958562880754 0.94875150918961 -0.30826687812805
vn -0.23967219889164 0.93327361345291 -0.26750257611275
vn 0.11254709213972 0.94018071889877 -0.3215483725071
vn 0.22110512852669 0.86114931106567 -0.45774930715561
vn 0.06954769045115 0.84593641757965 -0.5287292599678
vn -0.23966273665428 0.85726499557495 -0.45569556951523
vn 0.06710015982389 0.84607726335526 -0.52882021665573
vn 0.2211090028286 0.74715948104858 -0.62678825855255
vn 0.06955220550299 0.71751976013184 -0.69305694103241
vn -0.23965848982334 0.74378800392151 -0.6239737868309
vn 0.06710314750671 0.71764099597931 -0.69317281246185
vn 0.24269133806229 0.58239680528641 -0.77583169937134
vn 0.06955570727587 0.55774533748627 -0.82709258794785
vn -0.2397912889719 0.57063180208206 -0.78541672229767
vn 0.06714804470539 0.58645635843277 -0.80719268321991
vn 0.19963586330414 0.38559991121292 -0.90080976486206
vn 0.06959727406502 0.40575188398361 -0.91132962703705
vn 0.06710940599442 0.43748250603676 -0.89671921730042
vn -0.23964303731918 0.36358654499054 -0.90020889043808
vn 0.22124487161636 0.20275966823101 -0.95390737056732
vn 0.06960052251816 0.20740540325642 -0.97577595710754
vn 0.11256875097752 0.2215179502964 -0.96863722801208
vn -0.23964585363865 0.16848142445087 -0.95612961053848
vn -0.90005004405975 -0.00000001471145 0.43578660488129
vn -0.48527067899704 -0.1817929148674 0.85525649785995
vn -1 -0.00000003026088 -0.00002435720853
vn -1 -0.00000000000171 -0.0000260176821
vn -0.81239014863968 -0.2556871175766 0.52406710386276
vn -1 -0.00000308643939 -0.00001846233135
vn -0.842169880867 -0.31695154309273 0.43622425198555
vn -1 -0.00000659561829 -0.00001869390326
vn -0.726671397686 -0.49413216114044 0.4772652387619
vn -1 -0.00000376492767 -0.00002277948624
vn -0.62786686420441 -0.67405259609222 0.38914814591408
vn -1 0.0000012135115 -0.00002625607158
vn -0.72666448354721 -0.66040581464767 0.18926943838596
vn -1 0.00000229447232 -0.00002643775588
vn -0.84216022491455 -0.53627580404282 0.05634173750877
vn -1 -0.000000431231 -0.00002359409518
vn -0.72665446996689 -0.68533360958099 -0.04786539450288
vn -1 -0.0000091999118 -0.00002915201185
vn -0.58553898334503 -0.77926230430603 -0.22337044775486
vn -1 -0.00000556136911 -0.00002919125473
vn -0.72665077447891 -0.60661977529526 -0.32247650623322
vn -1 0.00000164492519 -0.00002462742486
vn -0.7268585562706 -0.51037466526031 -0.45955887436867
vn -1 0.00000135777782 -0.00002483795106
vn -0.72664546966553 -0.38409885764122 -0.56960898637772
vn -1 0.00000212837222 -0.00002261174814
vn -0.72664153575897 -0.25727888941765 -0.63702404499054
vn -1 -0.00000008628581 -0.00002523160947
vn -0.84214639663696 -0.11211263388395 -0.5274658203125
vn -1 0.00000144663989 -0.00002782106094
vn -0.4852246940136 -0.00000000000035 -0.87438952922821
vn -1 0.00000000000017 -0.00002601757296
vn -0.81236302852631 0.14113537967205 -0.56581544876099
vn -1 -0.00000090508593 -0.00002679124373
vn -0.72685164213181 0.27933609485626 -0.62742167711258
vn -1 -0.00000079571845 -0.00002569216122
vn -0.72664535045624 0.38409945368767 -0.56960874795914
vn -1 -0.00000212840041 -0.00002261172995
vn -0.62784439325333 0.57841163873672 -0.52081799507141
vn -1 -0.00000124075177 -0.00002398794095
vn -0.81237226724625 0.51490366458893 -0.27372524142265
vn -1 -0.00000260694605 -0.00002533008046
vn -0.58554023504257 0.77926188707352 -0.22336871922016
vn -1 0.00000556140731 -0.00002919124381
vn -0.72665452957153 0.68533354997635 -0.04786539077759
vn -1 0.00000919992544 -0.00002915198638
vn -0.8421602845192 0.53627574443817 0.05634173005819
vn -1 0.00000043121244 -0.00002359408973
vn -0.72687619924545 0.65316104888916 0.21220663189888
vn -1 -0.00000271605791 -0.00002531847349
vn -0.72666919231415 0.58256524801254 0.36410117149353
vn -1 -0.00000180520556 -0.0000282044839
vn -0.72667002677917 0.49413388967514 0.4772655069828
vn -1 0.00000026026527 -0.00002575848703
vn -0.72688150405884 0.40367829799652 0.55559623241425
vn -1 0.00000491245464 -0.00002014672464
vn -0.72667229175568 0.3012304008007 0.61742007732391
vn -1 0.00000309361849 -0.00002167515049
vn -0.6278755068779 0.16182351112366 0.76130509376526
vn -1 -0.00000199191186 -0.00002617557584
vn -0.84513938426971 0.11114317923784 0.52286386489868
vn -0.84514063596725 0.00000001305908 0.53454405069351
vn -0.68250107765198 0.0000000347278 0.73088455200195
vn -0.45801359415054 0.18482488393784 0.86951899528503
vn -0.13475786149502 0.20601554214954 0.96922540664673
vn -0.13475824892521 0.0000000206714 0.99087852239609
vn -0.62315517663956 0.33249059319496 0.70790368318558
vn -0.84514051675797 0.21742567420006 0.48832729458809
vn -0.13467414677143 0.37108683586121 0.91878038644791
vn -0.84499126672745 0.29900494217873 0.44337993860245
vn -0.5755450129509 0.50355184078217 0.64434731006622
vn -0.12286237627268 0.57137101888657 0.81144315004349
vn -0.84498739242554 0.38466173410416 0.37152609229088
vn -0.57554495334625 0.62651509046555 0.52557283639908
vn -0.13474783301353 0.73663318157196 0.66273266077042
vn -0.84498590230942 0.45350408554077 0.2834304869175
vn -0.57554042339325 0.72210049629211 0.3838281929493
vn -0.13474629819393 0.85832339525223 0.49510037899017
vn -0.8449821472168 0.50252884626389 0.18294778466225
vn -0.64146763086319 0.73326879739761 0.22546856105328
vn -0.16236202418804 0.93843829631805 0.30491325259209
vn -0.84512579441071 0.5316413640976 0.05585547164083
vn -0.45799267292023 0.88408756256104 0.09290803223848
vn -0.10700726509094 0.98881208896637 0.10392338037491
vn -0.64146220684052 0.76412439346313 -0.06811836361885
vn -0.84497535228729 0.52958929538727 -0.07451088726521
vn -0.14656834304333 0.98209524154663 -0.11834992468357
vn -0.52623474597931 0.81136178970337 -0.25449764728546
vn -0.84497290849686 0.50252801179886 -0.18299299478531
vn -0.11806960403919 0.93768376111984 -0.32681614160538
vn -0.62312823534012 0.66928488016129 -0.40468373894691
vn -0.84512001276016 0.46294710040092 -0.26730531454086
vn -0.13472026586533 0.85793232917786 -0.49578478932381
vn -0.84511488676071 0.39726290106773 -0.35771912336349
vn -0.50586688518524 0.62603545188904 -0.59344619512558
vn -0.15127727389336 0.74820703268051 -0.64598876237869
vn -0.57572799921036 0.4738273024559 -0.66635197401047
vn -0.84496462345123 0.29900676012039 -0.44342955946922
vn -0.13463367521763 0.61014360189438 -0.7807679772377
vn -0.68246608972549 0.29728180170059 -0.66773021221161
vn -0.84511566162109 0.21742601692677 -0.48837020993233
vn -0.13470926880836 0.40302461385727 -0.90522074699402
vn -0.8449649810791 0.12943868339062 -0.51892179250717
vn -0.52622252702713 0.16828042268753 -0.83352959156036
vn -0.11805190145969 0.18581520020962 -0.9754673242569
vn -0.84511357545853 0.00000001772304 -0.53458678722382
vn -0.57574856281281 0.00000004250605 -0.81762677431107
vn -0.16232983767986 0.00000003506364 -0.986736536026
vn -0.52622258663177 -0.16828040778637 -0.83352953195572
vn -0.84496492147446 -0.12943871319294 -0.51892185211182
vn -0.10697763413191 -0.20671863853931 -0.97253441810608
vn -0.64144825935364 -0.30089274048805 -0.70569664239883
vn -0.84496605396271 -0.23449440300465 -0.48067110776901
vn -0.14654824137688 -0.41603645682335 -0.89746159315109
vn -0.57551276683807 -0.45721834897995 -0.67803865671158
vn -0.8449649810791 -0.32930588722229 -0.42141649127007
vn -0.13463181257248 -0.61014378070831 -0.78076815605164
vn -0.5755164027214 -0.58819788694382 -0.56815850734711
vn -0.84496939182282 -0.40972036123276 -0.34373816847801
vn -0.15127511322498 -0.74820810556412 -0.64598798751831
vn -0.62312924861908 -0.66928446292877 -0.40468284487724
vn -0.84512197971344 -0.46294444799423 -0.2673037648201
vn -0.13471908867359 -0.85793328285217 -0.4957834482193
vn -0.84512311220169 -0.50840121507645 -0.16521225869656
vn -0.45798426866531 -0.84544736146927 -0.27471652626991
vn -0.11806774139404 -0.93768328428268 -0.32681807875633
vn -0.68248069286346 -0.72689777612686 -0.07641856372356
vn -0.84512436389923 -0.53163915872574 -0.05589824542403
vn -0.14656749367714 -0.9820950627327 -0.11835237592459
vn -0.84497720003128 -0.5335054397583 0.03722260519862
vn -0.52624380588531 -0.84472388029099 0.09751441329718
vn -0.10700634866953 -0.98881196975708 0.10392539948225
vn -0.8449814915657 -0.51410102844238 0.14733082056046
vn -0.64147132635117 -0.72576057910919 0.24856802821159
vn -0.1465774923563 -0.93602740764618 0.31994959712029
vn -0.84513521194458 -0.46294549107552 0.26726001501083
vn -0.45800366997719 -0.76985841989517 0.44446671009064
vn -0.13474389910698 -0.85812884569168 0.49543821811676
vn -0.6824968457222 -0.5431649684906 0.48905003070831
vn -0.84513622522354 -0.39725983142853 0.35767221450806
vn -0.1465836763382 -0.74510258436203 0.65064227581024
vn -0.845139503479 -0.31420886516571 0.43244880437851
vn -0.45800653100014 -0.52251732349396 0.71917015314102
vn -0.10701978951693 -0.58441084623337 0.80436980724335
vn -0.68250066041946 -0.29728519916534 0.66769325733185
vn -0.84514039754868 -0.21742580831051 0.48832750320435
vn -0.14659158885479 -0.38855323195457 0.9096907377243
vn -0.84513932466507 -0.11114318668842 0.52286392450333
vn -0.45801362395287 -0.18482480943203 0.86951899528503
vn -0.13475798070431 -0.20601551234722 0.96922540664673
vn 0.85303825139999 0.00000359246064 0.52184838056564
vn 0.33183079957962 0.00000002454466 0.94333893060684
vn 0.3138542175293 0.18417240679264 0.9314376115799
vn 0.8529000878334 0.12635949254036 0.50655180215836
vn 0.89631533622742 0.00000000517459 0.44341719150543
vn 0.89620739221573 0.10736779123545 0.43044677376747
vn 0.62359589338303 0.15012446045876 0.76719671487808
vn 0.44207546114922 0.00000004000682 0.8969778418541
vn 0.99563020467758 0.00326941907406 0.09332621097565
vn 0.99563091993332 0.02259252220392 0.09060149639845
vn 0.97813028097153 0.03609025850892 0.20483814179897
vn 0.98273003101349 -0.00197373842821 0.18503451347351
vn 0.33182880282402 0.38508284091949 0.86116248369217
vn 0.92217457294464 0.16958078742027 0.34761533141136
vn 0.90792644023895 0.17663608491421 0.38009119033813
vn 0.60538423061371 0.30922964215279 0.73340773582458
vn 0.99563091993332 0.04093174636364 0.08392651379108
vn 0.97813069820404 0.07788252830505 0.19285914301872
vn 0.35668084025383 0.53371638059616 0.7667630314827
vn 0.85290271043777 0.32145419716835 0.41136863827705
vn 0.88397014141083 0.26512515544891 0.3851044178009
vn 0.50942295789719 0.51309859752655 0.69080972671509
vn 0.99563634395599 0.0548384450376 0.07550469040871
vn 0.97815644741058 0.12217070907354 0.16817916929722
vn 0.31386658549309 0.6964795589447 0.64529371261597
vn 0.92217320203781 0.29630473256111 0.24859635531902
vn 0.8875983953476 0.33903375267982 0.31180962920189
vn 0.55840867757797 0.61648094654083 0.55509549379349
vn 0.99563151597977 0.06714526563883 0.06487951427698
vn 0.97813093662262 0.15933242440224 0.13369005918503
vn 0.3496188223362 0.81867265701294 0.45556747913361
vn 0.94023907184601 0.29488292336464 0.17027786374092
vn 0.89631366729736 0.38609954714775 0.21805734932423
vn 0.55817484855652 0.703588783741 0.43977680802345
vn 0.99563127756119 0.07916641235352 0.04950842261314
vn 0.97813218832016 0.18363961577415 0.0976417735219
vn 0.33166310191154 0.90688008069992 0.25993859767914
vn 0.85290449857712 0.4905561208725 0.17862977087498
vn 0.89631521701813 0.42299577593803 0.13301706314087
vn 0.55817610025406 0.77964723110199 0.2838830947876
vn 0.99563759565353 0.0887301415205 0.02885696478188
vn 0.9730304479599 0.22137516736984 0.06484445929527
vn 0.30663731694221 0.94855451583862 0.07885353267193
vn 0.8530513048172 0.51896595954895 0.05456965789199
vn 0.89631879329681 0.44140064716339 0.04216811433434
vn 0.55818074941635 0.82162952423096 0.11558186262846
vn 0.99563270807266 0.09312853962183 0.00652552815154
vn 0.97815293073654 0.20712453126907 0.01778341457248
vn 0.34963804483414 0.93008893728256 -0.11264012753963
vn 0.94024270772934 0.33864212036133 -0.03556974232197
vn 0.90467202663422 0.42280870676041 -0.05292776972055
vn 0.55818653106689 0.82770192623138 -0.05776898935437
vn 0.99563807249069 0.09279091656208 -0.00972820539027
vn 0.98548853397369 0.1688147187233 -0.01771844737232
vn 0.33167704939842 0.88646596670151 -0.32275143265724
vn 0.89523875713348 0.42834594845772 -0.12274883687496
vn 0.88398534059525 0.44083458185196 -0.1556751281023
vn 0.55819362401962 0.79759961366653 -0.22859281301498
vn 0.99563330411911 0.08974481374025 -0.02569507062435
vn 0.97456687688828 0.21269664168358 -0.07056603580713
vn 0.33186408877373 0.81694787740707 -0.47165915369987
vn 0.88656812906265 0.4006325006485 -0.23128014802933
vn 0.91534012556076 0.34874287247658 -0.2013227045536
vn 0.55843162536621 0.71841812133789 -0.41476440429688
vn 0.99563413858414 0.08243143558502 -0.04379129037261
vn 0.98273712396622 0.15923634171486 -0.09418861567974
vn 0.33168351650238 0.72275251150131 -0.6063124537468
vn 0.8952397108078 0.32050371170044 -0.30955326557159
vn 0.88398897647858 0.35525557398796 -0.30390295386314
vn 0.55820035934448 0.59678173065186 -0.57642340660095
vn 0.99563378095627 0.07152619957924 -0.05997806787491
vn 0.97456955909729 0.16559317708015 -0.15097366273403
vn 0.31389585137367 0.56895101070404 -0.76010793447494
vn 0.89524149894714 0.24913482367992 -0.36942455172539
vn 0.89622873067856 0.27315327525139 -0.34951591491699
vn 0.62363386154175 0.44918447732925 -0.63977664709091
vn 0.99563419818878 0.05748686566949 -0.07353752106428
vn 0.97813951969147 0.11627601832151 -0.17240357398987
vn 0.37322345376015 0.37734794616699 -0.84753334522247
vn 0.94024896621704 0.13849854469299 -0.31104674935341
vn 0.88761824369431 0.19176037609577 -0.41876217722893
vn 0.44212198257446 0.36482721567154 -0.81940788030624
vn 0.99563449621201 0.04093651846051 -0.08388148993254
vn 0.97813957929611 0.07788752019405 -0.19281214475632
vn 0.31390514969826 0.18417528271675 -0.9314199090004
vn 0.8529200553894 0.12634925544262 -0.50652074813843
vn 0.90795040130615 0.09375777095556 -0.40845507383347
vn 0.66452991962433 0.1553680151701 -0.73093140125275
vn 0.99563449621201 0.02259939722717 -0.09056080132723
vn 0.97814065217972 0.03609076887369 -0.20478856563568
vn 0.33187690377235 0.00000003020883 -0.94332271814346
vn 0.88657367229462 -0.0000029527439 -0.46258744597435
vn 0.89634019136429 0.00000000423375 -0.44336694478989
vn 0.44212135672569 0.0000000413404 -0.89695525169373
vn 0.99563521146774 0.0032679378055 -0.0932729691267
vn 0.98273950815201 -0.00197507557459 -0.18498428165913
vn 0.31390559673309 -0.18417578935623 -0.93141967058182
vn 0.89524203538895 -0.10785309970379 -0.43233022093773
vn 0.90795034170151 -0.09375780075788 -0.40845522284508
vn 0.66452986001968 -0.15536805987358 -0.73093152046204
vn 0.99564003944397 -0.01940035820007 -0.09123880416155
vn 0.97303783893585 -0.04132465645671 -0.22691325843334
vn 0.37322250008583 -0.37734797596931 -0.84753376245499
vn 0.91023689508438 -0.16843162477016 -0.37828499078751
vn 0.88761812448502 -0.19176049530506 -0.41876241564751
vn 0.44212266802788 -0.36482712626457 -0.81940752267838
vn 0.99563449621201 -0.04093650728464 -0.08388152718544
vn 0.97813957929611 -0.07788749039173 -0.19281212985516
vn 0.31389555335045 -0.56895107030869 -0.76010805368423
vn 0.89524030685425 -0.24913704395294 -0.36942586302757
vn 0.89622914791107 -0.27315300703049 -0.34951511025429
vn 0.6236338019371 -0.44918563961983 -0.63977581262588
vn 0.99563980102539 -0.05484167858958 -0.0754569247365
vn 0.98147630691528 -0.10867923498154 -0.15777556598186
vn 0.33168262243271 -0.72275388240814 -0.60631138086319
vn 0.92218655347824 -0.27818262577057 -0.26867535710335
vn 0.88399010896683 -0.35525435209274 -0.30390098690987
vn 0.55820089578629 -0.59678196907043 -0.57642257213593
vn 0.99563926458359 -0.06933835893869 -0.06240754574537
vn 0.96936273574829 -0.1825538277626 -0.16434718668461
vn 0.33186480402946 -0.81694883108139 -0.47165703773499
vn 0.85306090116501 -0.45191112160683 -0.26088964939117
vn 0.90794289112091 -0.35951861739159 -0.2153742313385
vn 0.55843168497086 -0.71841859817505 -0.41476354002953
vn 0.99563419818878 -0.0824311375618 -0.04379129782319
vn 0.97815573215485 -0.1819963157177 -0.10044258087873
vn 0.33167365193367 -0.88646620512009 -0.32275411486626
vn 0.89523738622665 -0.42834985256195 -0.12274551391602
vn 0.89622497558594 -0.4168376326561 -0.15174692869186
vn 0.55819350481033 -0.7975988984108 -0.22859571874142
vn 0.99563330411911 -0.08974454551935 -0.02569484524429
vn 0.97815406322479 -0.19891093671322 -0.06040762364864
vn 0.34963682293892 -0.9300891160965 -0.11264254897833
vn 0.940245449543 -0.33863520622253 -0.03556278347969
vn 0.90467250347137 -0.42280751466751 -0.05292880907655
vn 0.55818670988083 -0.82770174741745 -0.05777037888765
vn 0.99563801288605 -0.0927919447422 -0.00972792133689
vn 0.98548847436905 -0.16881491243839 -0.01771838031709
vn 0.30663731694221 -0.94855433702469 0.07885582745075
vn 0.80420809984207 -0.5910901427269 0.06214371696115
vn 0.89631938934326 -0.44139927625656 0.04216884821653
vn 0.55818086862564 -0.82162898778915 0.11558489501476
vn 0.99563801288605 -0.09278635680676 0.00977698713541
vn 0.97303128242493 -0.23001581430435 0.01740283891559
vn 0.33165949583054 -0.90688061714172 0.25994139909744
vn 0.89522421360016 -0.41871669888496 0.15247945487499
vn 0.89631599187851 -0.42299395799637 0.13301776349545
vn 0.55817574262619 -0.77964705228806 0.28388422727585
vn 0.99563229084015 -0.0877191722393 0.0319645293057
vn 0.97813415527344 -0.19991824030876 0.05732637643814
vn 0.34961783885956 -0.8186736702919 0.45556649565697
vn 0.94023948907852 -0.2948824763298 0.17027638852596
vn 0.89631402492523 -0.3860992193222 0.21805638074875
vn 0.55817496776581 -0.70358937978745 0.43977576494217
vn 0.99563127756119 -0.07916633784771 0.04950856789947
vn 0.97813254594803 -0.18363803625107 0.09764102101326
vn 0.33183574676514 -0.70205539464951 0.63008195161819
vn 0.89522343873978 -0.34138295054436 0.28641349077225
vn 0.89631152153015 -0.33233174681664 0.29356646537781
vn 0.55817264318466 -0.59678280353546 0.57644903659821
vn 0.99563151597977 -0.06714528799057 0.06487955152988
vn 0.97813105583191 -0.15933223068714 0.13368965685368
vn 0.31386262178421 -0.54709541797638 0.77600055932999
vn 0.89522582292557 -0.27437406778336 0.3511261343956
vn 0.8754922747612 -0.28402489423752 0.39095157384872
vn 0.55840504169464 -0.48760119080544 0.67113995552063
vn 0.99563634395599 -0.05483849719167 0.07550472021103
vn 0.97815644741058 -0.12217073887587 0.16817915439606
vn 0.35667464137077 -0.36263734102249 0.86097466945648
vn 0.92217040061951 -0.16958327591419 0.34762522578239
vn 0.90792632102966 -0.17663617432117 0.38009142875671
vn 0.55839967727661 -0.33740958571434 0.75785529613495
vn 0.99563091993332 -0.04093173891306 0.08392655849457
vn 0.97813069820404 -0.07788249850273 0.1928591132164
vn 0.31385463476181 -0.18417291343212 0.93143737316132
vn 0.8952214717865 -0.10784637928009 0.43237438797951
vn 0.89620733261108 -0.10736784338951 0.43044689297676
vn 0.62359583377838 -0.15012444555759 0.76719677448273
vn 0.99563598632812 -0.01939681358635 0.09128385037184
vn 0.97302687168121 -0.04132483899593 0.22696018218994
vn 0.86934036016464 -0.43143644928932 0.24105988442898
vn 0.61758863925934 -0.75004255771637 0.2366863489151
vn 0.78312337398529 0.36504086852074 0.50345104932785
vn 0.61756563186646 0.68446278572083 0.38745763897896
vn 0.84719944000244 -0.00165665289387 0.53127241134644
vn 0.94630509614944 0.00001065564447 0.32327485084534
vn 0.94624155759811 0.05613444000483 0.31855273246765
vn 0.89152455329895 0.10962993651628 0.43950572609901
vn 0.90655511617661 0.15805830061436 0.39137631654739
vn 0.89152681827545 0.1986046731472 0.40710696578026
vn 0.93031692504883 0.20504079759121 0.30408671498299
vn 0.89152485132217 0.27890628576279 0.35692399740219
vn 0.93031740188599 0.26377737522125 0.25481569766998
vn 0.89152705669403 0.34701532125473 0.29113548994064
vn 0.91977310180664 0.33985856175423 0.19624871015549
vn 0.94143444299698 0.2908473610878 0.17061375081539
vn 0.93032145500183 0.35254317522049 0.1010707616806
vn 0.891466319561 0.42439615726471 0.15866856276989
vn 0.93032473325729 0.36584469676018 0.02556463517249
vn 0.89147078990936 0.44810271263123 0.06696096807718
vn 0.96175390481949 0.27241623401642 -0.02861480973661
vn 0.84720921516418 0.52852177619934 -0.05386339873075
vn 0.9065660238266 0.40573120117188 -0.11627673357725
vn 0.89153552055359 0.42562460899353 -0.15494564175606
vn 0.89893317222595 0.37940835952759 -0.21901707351208
vn 0.94144028425217 0.29316291213036 -0.1665705293417
vn 0.97145414352417 0.17630694806576 -0.15872213244438
vn 0.84720891714096 0.39591985940933 -0.35423788428307
vn 0.90657073259354 0.25988644361496 -0.33254864811897
vn 0.89153528213501 0.25325533747673 -0.37553510069847
vn 0.94625663757324 0.14182487130165 -0.29066142439842
vn 0.89153677225113 0.16963744163513 -0.41998249292374
vn 0.89893770217896 0.09107910841703 -0.42850390076637
vn 0.89164739847183 0.09413057565689 -0.44283670186996
vn 0.93032991886139 -0.01284744776785 -0.3664984703064
vn 0.92869591712952 0.01518833916634 -0.37053102254868
vn 0.90656685829163 -0.10216490924358 -0.40951052308083
vn 0.827467918396 -0.09593030810356 -0.55325782299042
vn 0.94625413417816 -0.14182406663895 -0.29067006707191
vn 0.89153599739075 -0.16963881254196 -0.41998362541199
vn 0.93033051490784 -0.22582244873047 -0.28894531726837
vn 0.89153623580933 -0.25325340032578 -0.37553405761719
vn 0.906569480896 -0.32335582375526 -0.27124297618866
vn 0.89153701066971 -0.32579952478409 -0.31466883420944
vn 0.93032741546631 -0.32382935285568 -0.17212045192719
vn 0.92869293689728 -0.31331357359886 -0.1984036564827
vn 0.93032455444336 -0.35255083441734 -0.10101544111967
vn 0.82746696472168 -0.52710795402527 -0.1935346275568
vn 0.96175163984299 -0.27242535352707 -0.02860344015062
vn 0.84720379114151 -0.52853041887283 -0.05386415868998
vn 0.93032109737396 -0.36585378646851 0.02556736953557
vn 0.89146709442139 -0.4481098651886 0.06696207821369
vn 0.94624423980713 -0.31092688441277 0.08914240449667
vn 0.89146494865417 -0.42439889907837 0.15866889059544
vn 0.8694651722908 -0.42780467867851 0.24700899422169
vn 0.94143617153168 -0.29084312915802 0.17061142623425
vn 0.94624608755112 -0.23262922465801 0.22472643852234
vn 0.89152789115906 -0.34701398015022 0.29113447666168
vn 0.93031984567642 -0.20504193007946 0.30407685041428
vn 0.89152652025223 -0.27890399098396 0.35692164301872
vn 0.90655732154846 -0.15805797278881 0.39137133955956
vn 0.89152640104294 -0.19860464334488 0.40710791945457
vn 0.94624370336533 -0.05612317100167 0.31854829192162
vn 0.92868310213089 -0.09189480543137 0.3593091070652
vn 0.94646787643433 -0.00000000035975 -0.32279801368713
vn 0.95001137256622 0.00203934940509 -0.31220859289169
vn 0.91435366868973 -0.08276269584894 -0.39636817574501
vn 0.94646573066711 -0.06711807847023 -0.31574964523315
vn 0.95001059770584 -0.12513074278831 -0.28604573011398
vn 0.92961311340332 -0.14990463852882 -0.33667209744453
vn 0.91435074806213 -0.23683820664883 -0.32843631505966
vn 0.97689354419708 -0.12563739717007 -0.17289941012859
vn 0.95000797510147 -0.23067016899586 -0.21041895449162
vn 0.90386790037155 -0.31793856620789 -0.28624790906906
vn 0.9302561879158 -0.31114712357521 -0.19445033371449
vn 0.94640493392944 -0.28520509600639 -0.15157748758793
vn 0.93025428056717 -0.34478187561035 -0.12550862133503
vn 0.94640219211578 -0.31049531698227 -0.08896921575069
vn 0.91434293985367 -0.40256986021996 -0.0437545068562
vn 0.96625202894211 -0.25618970394135 -0.02690419927239
vn 0.95000237226486 -0.31073653697968 0.03063175082207
vn 0.94645845890045 -0.32105448842049 0.03376916795969
vn 0.91433882713318 -0.38557147979736 0.12377076596022
vn 0.94645744562149 -0.3070208132267 0.0997823625803
vn 0.95000004768372 -0.27141961455345 0.15437386929989
vn 0.92959696054459 -0.31918680667877 0.18430754542351
vn 0.93024694919586 -0.28110304474831 0.23584252595901
vn 0.96101194620132 -0.19886723160744 0.19211426377296
vn 0.93024516105652 -0.22593276202679 0.28913369774818
vn 0.92216539382935 -0.21624545753002 0.32070055603981
vn 0.91433364152908 -0.16603618860245 0.36935883760452
vn 0.9768825173378 -0.08694163709879 0.19529911875725
vn 0.96129047870636 -0.05728073045611 0.26951724290848
vn 0.92959344387054 -0.07662843167782 0.36053305864334
vn 0.89068698883057 -0.00000001031023 0.45461714267731
vn 0.94644796848297 -0.00000003300423 0.32285630702972
vn 0.96129041910172 0.05728068947792 0.26951751112938
vn 0.9295933842659 0.07662839442492 0.3605332672596
vn 0.91433358192444 0.16603638231754 0.36935898661613
vn 0.9768825173378 0.08694173395634 0.19529907405376
vn 0.94999647140503 0.18517941236496 0.25142660737038
vn 0.90385019779205 0.25147318840027 0.34614461660385
vn 0.91433596611023 0.30190446972847 0.26989525556564
vn 0.97688311338425 0.15885116159916 0.14305835962296
vn 0.90743637084961 0.370375841856 0.19844640791416
vn 0.94639331102371 0.27390259504318 0.17122219502926
vn 0.94466948509216 0.31477937102318 0.0922689512372
vn 0.92217063903809 0.36343449354172 0.13235080242157
vn 0.95000380277634 0.31073206663132 0.03063246235251
vn 0.94646030664444 0.32104909420013 0.03376873210073
vn 0.91434550285339 0.4025641977787 -0.04375415295362
vn 0.96625351905823 0.25618427991867 -0.02690253034234
vn 0.9302544593811 0.34478104114532 -0.12550972402096
vn 0.92217844724655 0.37180069088936 -0.10654152929783
vn 0.93025588989258 0.31114721298218 -0.19445145130157
vn 0.96102249622345 0.2441346347332 -0.12974599003792
vn 0.93025827407837 0.26391196250916 -0.25489205121994
vn 0.92218059301376 0.29631590843201 -0.24855545163155
vn 0.93025922775269 0.20514796674252 -0.30419093370438
vn 0.96102470159531 0.17024478316307 -0.21782614290714
vn 0.9500105381012 0.12513071298599 -0.28604590892792
vn 0.92961305379868 0.14990468323231 -0.33667209744453
vn 0.89070999622345 0.09451465308666 -0.44463774561882
vn 0.94646561145782 0.06711808592081 -0.31574991345406
vn 0.92789345979691 -0.07751362025738 0.36469906568527
vn 0.72934579849243 -0.02395058237016 0.68372583389282
vn 0.75617218017578 -0.26614984869957 0.59780257940292
vn 0.72933793067932 -0.4212601184845 0.53907895088196
vn 0.87144005298614 -0.37577044963837 0.31525999307632
vn 0.72934764623642 -0.60409182310104 0.32113087177277
vn 0.8714457154274 -0.47150146961212 0.13516172766685
vn 0.89034479856491 -0.45278987288475 0.04761732369661
vn 0.72936016321182 -0.68247044086456 -0.04762268438935
vn 0.81804579496384 -0.54700797796249 -0.17771701514721
vn 0.8178893327713 -0.48791977763176 -0.30494478344917
vn 0.72937375307083 -0.49206876754761 -0.47527068853378
vn 0.87146371603012 -0.27422785758972 -0.40663266181946
vn 0.72938215732574 -0.25620725750923 -0.63431811332703
vn 0.8903574347496 -0.09465355426073 -0.44531372189522
vn 0.8714616894722 -0.01717452704906 -0.49016273021698
vn 0.81788665056229 0.09984865784645 -0.56664949655533
vn 0.72938400506973 0.25620546936989 -0.6343167424202
vn 0.87146455049515 0.2742255628109 -0.40663239359856
vn 0.72937327623367 0.49207171797752 -0.47526836395264
vn 0.81788623332977 0.48792132735252 -0.30495068430901
vn 0.81804722547531 0.54700654745102 -0.17771479487419
vn 0.72935998439789 0.68247079849243 -0.0476200170815
vn 0.89034473896027 0.45279031991959 0.04761466011405
vn 0.81787294149399 0.55312299728394 0.15855230391026
vn 0.81786519289017 0.5080783367157 0.27009803056717
vn 0.8714388012886 0.37577185034752 0.31526160240173
vn 0.72933793067932 0.42126217484474 0.53907734155655
vn 0.75617325305939 0.26614648103714 0.59780263900757
vn 0.87143933773041 0.08511363714933 0.48306220769882
vn 0.54185521602631 0.01441527996212 0.84034818410873
vn 0.48166093230248 0.20188704133034 0.85278624296188
vn 0.55159831047058 0.32478496432304 0.76827991008759
vn 0.51692891120911 0.47860032320023 0.709736764431
vn 0.51692748069763 0.61570078134537 0.59472560882568
vn 0.5169323682785 0.72589415311813 0.45371639728546
vn 0.5418661236763 0.79475444555283 0.27339798212051
vn 0.45778411626816 0.88419187068939 0.0929434299469
vn 0.54187768697739 0.83422535657883 -0.10215992480516
vn 0.5171844959259 0.81398779153824 -0.26446941494942
vn 0.51695209741592 0.75586587190628 -0.40178024768829
vn 0.54188734292984 0.63413697481155 -0.55156910419464
vn 0.48170465230942 0.53128963708878 -0.69691598415375
vn 0.54189586639404 0.35496571660042 -0.76180589199066
vn 0.51719856262207 0.18154762685299 -0.83638870716095
vn 0.48169243335724 0.0201768502593 -0.87610805034637
vn 0.49196481704712 -0.16997772455215 -0.85386073589325
vn 0.54189491271973 -0.35496887564659 -0.76180511713028
vn 0.48170235753059 -0.53129053115845 -0.69691693782806
vn 0.54188746213913 -0.63413715362549 -0.55156868696213
vn 0.51695209741592 -0.75586730241776 -0.40177750587463
vn 0.5171822309494 -0.81398755311966 -0.26447454094887
vn 0.54187703132629 -0.83422541618347 -0.10216303914785
vn 0.45778161287308 -0.884192943573 0.09294557571411
vn 0.54186552762985 -0.79475438594818 0.2733992934227
vn 0.51693344116211 -0.7258934378624 0.45371630787849
vn 0.51692688465118 -0.61570030450821 0.59472662210464
vn 0.51692599058151 -0.47860339283943 0.709736764431
vn 0.5171480178833 -0.34811732172966 0.78190296888351
vn 0.49192109704018 -0.19201928377151 0.849200963974
vn 0.91611284017563 -0.06956103444099 0.39483988285065
vn 0.96446979045868 0.00000002022336 0.26419320702553
vn 0.84863996505737 -0.21514388918877 0.48324254155159
vn 0.93937438726425 -0.21112784743309 0.27018654346466
vn 0.87759625911713 -0.3672653734684 0.30812487006187
vn 0.91611886024475 -0.35399049520493 0.18819409608841
vn 0.96447438001633 -0.25123897194862 0.08165844529867
vn 0.84864956140518 -0.52605557441711 0.05531210824847
vn 0.94768315553665 -0.31746596097946 -0.0333470068872
vn 0.91621518135071 -0.38108313083649 -0.12379592657089
vn 0.87760430574417 -0.40652427077293 -0.25406423211098
vn 0.96447944641113 -0.19631838798523 -0.17674407362938
vn 0.88939380645752 -0.26871159672737 -0.36982801556587
vn 0.91621840000153 -0.16298028826714 -0.36603459715843
vn 0.93938809633255 -0.08299362659454 -0.33265912532806
vn 0.84866607189178 0.00000001881952 -0.52892899513245
vn 0.93938791751862 0.08299427479506 -0.33265948295593
vn 0.91621720790863 0.16298134624958 -0.36603707075119
vn 0.88939428329468 0.2687104344368 -0.36982762813568
vn 0.96447944641113 0.19631849229336 -0.17674393951893
vn 0.87760651111603 0.40651878714561 -0.25406542420387
vn 0.88938933610916 0.43478310108185 -0.14124524593353
vn 0.96447664499283 0.26272368431091 -0.02758805267513
vn 0.88938570022583 0.45465111732483 0.047806520015
vn 0.91621005535126 0.38107848167419 0.12384787946939
vn 0.9393767118454 0.30275931954384 0.16096033155918
vn 0.87759733200073 0.36726287007332 0.30812475085258
vn 0.93937510251999 0.21112748980522 0.27018445730209
vn 0.8775926232338 0.21019785106182 0.43086892366409
vn 0.88937556743622 0.09503972530365 0.44718965888023
vn 0.99989289045334 -0.003052147571 -0.01431220863014
vn 0.99970215559006 0 -0.02440505847335
vn 0.99983251094818 -0.00745774572715 -0.01671403646469
vn 0.99983245134354 -0.01076864358038 -0.01480222865939
vn 0.99983245134354 -0.01361738704145 -0.01223341934383
vn 0.99975818395615 -0.01943095214665 -0.0102963000536
vn 0.99992549419403 -0.0116164945066 -0.00375063880347
vn 0.99978071451187 -0.02082937583327 -0.00216612452641
vn 0.99983209371567 -0.01822208054364 0.00194649491459
vn 0.99978047609329 -0.01991714350879 0.0065020378679
vn 0.99992525577545 -0.01057880744338 0.00613149208948
vn 0.9997575879097 -0.01685114577413 0.01417013444006
vn 0.99983155727386 -0.01129308529198 0.01446838676929
vn 0.99983167648315 -0.00745356176049 0.01676384732127
vn 0.99975728988647 -0.00381443277001 0.02169849164784
vn 0.99992507696152 0.00000000027168 0.01224165130407
vn 0.99975728988647 0.00381443696097 0.02169848792255
vn 0.99983167648315 0.00745365396142 0.01676376909018
vn 0.99983155727386 0.0112929251045 0.01446852553636
vn 0.9997575879097 0.01685106381774 0.01417023409158
vn 0.99992525577545 0.01057878602296 0.00613149954006
vn 0.99975764751434 0.02067297883332 0.007564089261
vn 0.99983185529709 0.01815545931458 0.00257931929082
vn 0.99983209371567 0.01822575367987 -0.00189162301831
vn 0.99983221292496 0.01742636784911 -0.00564167555422
vn 0.99983209371567 0.01619302481413 -0.00857537519187
vn 0.99983245134354 0.01361723057926 -0.01223358232528
vn 0.99983245134354 0.01076861843467 -0.0148022454232
vn 0.99983251094818 0.00745783746243 -0.01671395823359
vn 0.99989289045334 0.00305215222761 -0.01431220863014
vn 0.86248654127121 -0.10521749407053 0.49502143263817
vn 0.86248707771301 -0.00000000221536 0.50607907772064
vn 0.7911319732666 -0.26874417066574 0.54944217205048
vn 0.94893729686737 -0.18540948629379 0.25522810220718
vn 0.73799312114716 -0.50146329402924 0.45155361294746
vn 0.91966408491135 -0.34053653478622 0.1955833286047
vn 0.86250066757202 -0.48128345608711 0.15639305114746
vn 0.8625020980835 -0.50327914953232 0.0529173836112
vn 0.8129026889801 -0.57914191484451 -0.06151276454329
vn 0.91967421770096 -0.37318855524063 -0.12218687683344
vn 0.86251085996628 -0.43825548887253 -0.25299641489983
vn 0.91968041658401 -0.29243230819702 -0.26205205917358
vn 0.86235511302948 -0.31296563148499 -0.39799022674561
vn 0.73801231384277 -0.27445831894875 -0.61644983291626
vn 0.91968244314194 -0.08076448738575 -0.38426727056503
vn 0.86251789331436 -0.00000000332303 -0.5060265660286
vn 0.91968238353729 0.08076191693544 -0.3842678964138
vn 0.73801445960999 0.2744548022747 -0.6164488196373
vn 0.91967874765396 0.23153327405453 -0.31714868545532
vn 0.86237955093384 0.36416247487068 -0.35169187188148
vn 0.86250919103622 0.43825772404671 -0.25299814343452
vn 0.86250650882721 0.4812841117382 -0.15635891258717
vn 0.86250549554825 0.50327825546265 -0.05287028476596
vn 0.86250197887421 0.50327932834625 0.05291739106178
vn 0.86249953508377 0.48128595948219 0.15639178454876
vn 0.91966414451599 0.34053683280945 0.19558264315128
vn 0.7379919886589 0.50146877765656 0.45154941082001
vn 0.94893801212311 0.18541204929352 0.25522348284721
vn 0.7911342382431 0.26873955130577 0.54944121837616
vn 0.86248672008514 0.10521604120731 0.49502149224281
vn 0.74317544698715 -0.00000000145719 0.66909664869308
vn 0.86953866481781 0.10268245637417 0.48307225108147
vn 0.79730188846588 0.22503750026226 0.56006050109863
vn 0.74318224191666 0.3932873904705 0.54129952192307
vn 0.86954486370087 0.36697900295258 0.33048176765442
vn 0.74318587779999 0.57943290472031 0.33456268906593
vn 0.86954879760742 0.46967706084251 0.15260511636734
vn 0.74319016933441 0.66541332006454 0.06995288282633
vn 0.8695547580719 0.49113419651985 -0.0515918508172
vn 0.74319618940353 0.63632839918137 -0.20675005018711
vn 0.86955559253693 0.42768022418022 -0.24690623581409
vn 0.79732900857925 0.4631060063839 -0.3870390355587
vn 0.74321126937866 0.39325988292694 -0.54127967357636
vn 0.8695615530014 0.20084571838379 -0.45113599300385
vn 0.7432114481926 0.13911160826683 -0.65443462133408
vn 0.86956417560577 0 -0.49381995201111
vn 0.74321103096008 -0.13911367952824 -0.65443468093872
vn 0.86956036090851 -0.20084692537785 -0.45113784074783
vn 0.79732710123062 -0.33655241131783 -0.50100100040436
vn 0.74320805072784 -0.4972268640995 -0.44766870141029
vn 0.86955630779266 -0.42767989635468 -0.24690419435501
vn 0.74319750070572 -0.63632625341415 -0.20675177872181
vn 0.86955517530441 -0.49113169312477 -0.05160823464394
vn 0.74319261312485 -0.66540956497192 0.06996317952871
vn 0.86955112218857 -0.46967247128487 0.15260627865791
vn 0.74318999052048 -0.57942914962769 0.33456018567085
vn 0.86954641342163 -0.36697545647621 0.33048149943352
vn 0.74318110942841 -0.3932897746563 0.54129940271378
vn 0.79730063676834 -0.22504100203514 0.56006091833115
vn 0.86953866481781 -0.10268200188875 0.48307237029076
vn 1 0.00000012165586 0.00002316553946
vn 0.84122425317764 -0.46849691867828 0.26991188526154
vn 0.81306475400925 -0.22927282750607 -0.53512585163116
vn 0.84123241901398 -0.5377624630928 0.05603216588497
vn 0.81304436922073 0.0082183657214 -0.58214372396469
vn 0.8693540096283 0.207365706563 -0.44857901334763
vn 0.78313815593719 -0.59123522043228 -0.19270585477352
vn 0.8412464261055 0.31738737225533 -0.43768683075905
vn 0.81303727626801 -0.50827664136887 -0.28394576907158
vn 0.86934804916382 0.47212910652161 -0.14604134857655
vn 0.78314858675003 -0.25238710641861 -0.56831246614456
vn 0.84123706817627 0.53765362501144 -0.05699799209833
vn 0.81304973363876 -0.12908262014389 -0.56770396232605
vn 0.86935579776764 0.09593020379543 -0.48478639125824
vn 0.78312957286835 0.59159553050995 0.19163189828396
vn 0.84121650457382 0.4021500647068 0.36142796278
vn 0.81304138898849 0.33554238080978 -0.47578877210617
vn 0.84121429920197 0.22037819027901 0.49375286698341
vn 0.81304740905762 0.50004899501801 -0.29816922545433
vn 0.8693453669548 0.4907229244709 -0.05856366455555
vn 0.7831050157547 0.00059280073037 0.62188917398453
vn 0.86932563781738 -0.29610124230385 0.39572337269783
vn 0.78311389684677 0.53825914859772 0.31146374344826
vn 0.8693413734436 -0.4921835064888 0.0447318777442
vn 0.78312063217163 0.12870180606842 0.60840606689453
vn 0.8693300485611 0.00697830831632 0.49418267607689
vn 0.78313320875168 -0.61851054430008 -0.06439765542746
vn 0.84121626615524 -0.31821870803833 0.43714073300362
vn 0.81304335594177 -0.42712500691414 -0.395632147789
vn 0.61758571863174 -0.78146886825562 -0.08884960412979
vn 0.61757934093475 0.46768739819527 0.63234823942184
vn 0.61759185791016 -0.67776137590408 -0.39902350306511
vn 0.61754858493805 0.17008490860462 0.76792246103287
vn 0.61757707595825 -0.45686420798302 -0.64021378755569
vn 0.61755186319351 -0.15697181224823 0.77070713043213
vn 0.61763221025467 -0.15698240697384 -0.77064061164856
vn 0.61756235361099 -0.45687285065651 0.64022177457809
vn 0.61759567260742 0.17006103694439 -0.76788985729218
vn 0.61755532026291 -0.67776501178741 0.39907392859459
vn 0.61760240793228 0.46769237518311 -0.63232201337814
vn 0.61758941411972 -0.78146278858185 0.088877633214
vn 0.61758494377136 0.6844676733017 -0.38741812109947
vn 0.61758732795715 -0.75005447864532 -0.23665207624435
vn 0.61758714914322 0.78286612033844 -0.07554300129414
vn 0.61760318279266 -0.58893615007401 -0.52126824855804
vn 0.61756497621536 0.7459232211113 0.24942353367805
vn 0.61758905649185 -0.32602170109749 -0.71574687957764
vn 0.61756271123886 0.57997786998749 0.53126448392868
vn 0.61764740943909 -0.00668271770701 -0.78642678260803
vn 0.61754029989243 0.31377378106117 0.72124201059341
vn 0.61760002374649 0.31377932429314 -0.72118842601776
vn 0.61754709482193 -0.00668347626925 0.78650552034378
vn 0.61758440732956 0.57999461889267 -0.53122103214264
vn 0.61754524707794 -0.32602661848068 0.71578240394592
vn 0.61760985851288 0.74590039253235 -0.24938057363033
vn 0.6175811290741 -0.58893394470215 0.52129685878754
vn 0.61757153272629 0.7828756570816 0.07557196170092
vn 0.56093412637711 -0.77154105901718 -0.30012887716293
vn 0.63680422306061 -0.76986968517303 0.04220193997025
vn 0.56095737218857 -0.582759141922 -0.5879784822464
vn 0.63685482740402 -0.72044676542282 -0.27454036474228
vn 0.56093657016754 -0.29321995377541 -0.77419137954712
vn 0.63681215047836 -0.54649806022644 -0.54388427734375
vn 0.6368790268898 0.12245681881905 -0.76117634773254
vn 0.56095534563065 -0.21784548461437 -0.79866915941238
vn 0.56092739105225 0.37914723157883 -0.73594009876251
vn 0.63680821657181 0.03850968182087 -0.77005994319916
vn 0.63684517145157 0.64762729406357 -0.41833856701851
vn 0.56095004081726 0.44777181744576 -0.69630128145218
vn 0.63683521747589 0.76179623603821 -0.11877472698689
vn 0.56095266342163 0.6922744512558 -0.45396932959557
vn 0.63680571317673 0.74426406621933 0.20136916637421
vn 0.56091213226318 0.81709724664688 -0.13315279781818
vn 0.63680523633957 0.59802097082138 0.48667243123055
vn 0.56091105937958 0.80061495304108 0.21070013940334
vn 0.63676398992538 0.34840613603592 0.68785518407822
vn 0.56088179349899 0.64572411775589 0.51812350749969
vn 0.5608851313591 0.12585002183914 0.81827235221863
vn 0.63678771257401 0.42148250341415 0.64564228057861
vn 0.56092011928558 -0.21783992648125 0.79869538545609
vn 0.63680559396744 0.12243424355984 0.76124137639999
vn 0.56088185310364 -0.52389496564865 0.64105039834976
vn 0.63676774501801 -0.19778349995613 0.74525737762451
vn 0.63680201768875 -0.72047591209412 0.27458620071411
vn 0.56089669466019 -0.58277368545532 0.5880218744278
vn 0.56093114614487 -0.82691323757172 0.03963296115398
vn 0.63682115077972 -0.6861264705658 0.35169476270676
usemtl grey
f 2//3 3//2 4//1
f 1//4 2//3 4//1
f 5//7 6//6 7//5
f 5//7 7//5 8//8
f 12//11 9//10 10//9
f 10//9 11//12 12//11
f 13//14 14//13 8//8
f 8//8 9//10 13//14
f 1//4 16//16 17//15
f 15//17 1//4 17//15
f 5//7 8//8 14//13
f 1//4 4//1 16//16
f 1//4 15//17 18//18
f 18//18 2//3 1//4
f 10//9 9//10 8//8
f 7//5 10//9 8//8
f 14//13 13//14 17//15
f 17//15 16//16 14//13
f 12//11 11//12 19//19
f 19//19 20//20 12//11
f 17//15 20//20 15//17
f 9//10 12//11 13//14
f 14//13 16//16 4//1
f 4//1 5//7 14//13
f 17//15 13//14 12//11
f 12//11 20//20 17//15
f 18//18 15//17 20//20
f 20//20 19//19 18//18
f 22//23 23//22 24//21
f 21//24 22//23 24//21
f 25//27 26//26 27//25
f 25//27 27//25 28//28
f 32//31 29//30 30//29
f 30//29 31//32 32//31
f 33//34 34//33 28//28
f 28//28 29//30 33//34
f 21//24 36//36 37//35
f 35//37 21//24 37//35
f 25//27 28//28 34//33
f 21//24 24//21 36//36
f 21//24 35//37 38//38
f 38//38 22//23 21//24
f 30//29 29//30 28//28
f 27//25 30//29 28//28
f 34//33 33//34 37//35
f 37//35 36//36 34//33
f 32//31 31//32 39//39
f 39//39 40//40 32//31
f 37//35 40//40 35//37
f 29//30 32//31 33//34
f 34//33 36//36 24//21
f 24//21 25//27 34//33
f 40//40 37//35 33//34
f 32//31 40//40 33//34
f 38//38 35//37 40//40
f 40//40 39//39 38//38
f 42//43 43//42 44//41
f 41//44 42//43 44//41
f 45//47 46//46 47//45
f 45//47 47//45 48//48
f 52//51 49//50 50//49
f 50//49 51//52 52//51
f 53//54 54//53 48//48
f 48//48 49//50 53//54
f 41//44 56//56 57//55
f 55//57 41//44 57//55
f 45//47 48//48 54//53
f 41//44 44//41 56//56
f 55//57 58//58 42//43
f 42//43 41//44 55//57
f 47//45 50//49 49//50
f 47//45 49//50 48//48
f 54//53 53//54 57//55
f 57//55 56//56 54//53
f 52//51 51//52 59//59
f 59//59 60//60 52//51
f 57//55 60//60 55//57
f 49//50 52//51 53//54
f 54//53 56//56 44//41
f 44//41 45//47 54//53
f 60//60 57//55 53//54
f 52//51 60//60 53//54
f 58//58 55//57 60//60
f 60//60 59//59 58//58
f 63//63 64//62 61//61
f 61//61 62//64 63//63
f 65//67 66//66 67//65
f 65//67 67//65 68//68
f 72//71 69//70 70//69
f 70//69 71//72 72//71
f 73//74 74//73 68//68
f 68//68 69//70 73//74
f 61//61 76//76 77//75
f 75//77 61//61 77//75
f 65//67 68//68 74//73
f 61//61 64//62 76//76
f 75//77 78//78 62//64
f 62//64 61//61 75//77
f 70//69 69//70 68//68
f 67//65 70//69 68//68
f 74//73 73//74 77//75
f 77//75 76//76 74//73
f 71//72 79//80 80//79
f 71//72 80//79 72//71
f 77//75 80//79 75//77
f 69//70 72//71 73//74
f 64//62 65//67 74//73
f 64//62 74//73 76//76
f 80//79 77//75 73//74
f 72//71 80//79 73//74
f 78//78 75//77 80//79
f 80//79 79//80 78//78
f 82//83 83//82 84//81
f 81//84 82//83 84//81
f 85//87 86//86 87//85
f 85//87 87//85 88//88
f 92//91 89//90 90//89
f 90//89 91//92 92//91
f 93//94 94//93 88//88
f 88//88 89//90 93//94
f 81//84 96//96 97//95
f 95//97 81//84 97//95
f 85//87 88//88 94//93
f 81//84 84//81 96//96
f 95//97 98//98 82//83
f 82//83 81//84 95//97
f 88//88 87//85 90//89
f 90//89 89//90 88//88
f 94//93 93//94 97//95
f 97//95 96//96 94//93
f 91//92 99//100 100//99
f 91//92 100//99 92//91
f 97//95 100//99 95//97
f 89//90 92//91 93//94
f 94//93 96//96 84//81
f 84//81 85//87 94//93
f 97//95 93//94 92//91
f 92//91 100//99 97//95
f 98//98 95//97 100//99
f 100//99 99//100 98//98
f 102//103 103//102 104//101
f 101//104 102//103 104//101
f 105//107 106//106 107//105
f 105//107 107//105 108//108
f 112//111 109//110 110//109
f 110//109 111//112 112//111
f 113//114 114//113 108//108
f 108//108 109//110 113//114
f 101//104 116//116 117//115
f 115//117 101//104 117//115
f 105//107 108//108 114//113
f 101//104 104//101 116//116
f 118//118 102//103 101//104
f 118//118 101//104 115//117
f 108//108 107//105 110//109
f 110//109 109//110 108//108
f 113//114 117//115 116//116
f 116//116 114//113 113//114
f 112//111 111//112 119//119
f 119//119 120//120 112//111
f 117//115 120//120 115//117
f 109//110 112//111 113//114
f 114//113 116//116 104//101
f 104//101 105//107 114//113
f 117//115 113//114 112//111
f 112//111 120//120 117//115
f 118//118 115//117 120//120
f 120//120 119//119 118//118
f 122//123 123//122 124//121
f 121//124 122//123 124//121
f 125//127 126//126 127//125
f 125//127 127//125 128//128
f 132//131 129//130 130//129
f 130//129 131//132 132//131
f 133//134 134//133 128//128
f 128//128 129//130 133//134
f 121//124 136//136 137//135
f 135//137 121//124 137//135
f 125//127 128//128 134//133
f 121//124 124//121 136//136
f 135//137 138//138 122//123
f 122//123 121//124 135//137
f 127//125 130//129 129//130
f 127//125 129//130 128//128
f 134//133 133//134 137//135
f 137//135 136//136 134//133
f 131//132 139//140 140//139
f 131//132 140//139 132//131
f 137//135 140//139 135//137
f 129//130 132//131 133//134
f 124//121 125//127 134//133
f 124//121 134//133 136//136
f 137//135 133//134 132//131
f 132//131 140//139 137//135
f 138//138 135//137 140//139
f 140//139 139//140 138//138
f 142//143 143//142 144//141
f 141//144 142//143 144//141
f 145//147 146//146 147//145
f 145//147 147//145 148//148
f 152//151 149//150 150//149
f 150//149 151//152 152//151
f 153//154 154//153 148//148
f 148//148 149//150 153//154
f 141//144 156//156 157//155
f 155//157 141//144 157//155
f 145//147 148//148 154//153
f 141//144 144//141 156//156
f 142//143 141//144 155//157
f 158//158 142//143 155//157
f 149//150 148//148 147//145
f 147//145 150//149 149//150
f 153//154 157//155 156//156
f 156//156 154//153 153//154
f 152//151 151//152 159//159
f 159//159 160//160 152//151
f 157//155 160//160 155//157
f 149//150 152//151 153//154
f 145//147 154//153 156//156
f 144//141 145//147 156//156
f 160//160 157//155 153//154
f 152//151 160//160 153//154
f 158//158 155//157 160//160
f 160//160 159//159 158//158
f 163//163 164//162 161//161
f 161//161 162//164 163//163
f 165//167 166//166 167//165
f 165//167 167//165 168//168
f 172//171 169//170 170//169
f 170//169 171//172 172//171
f 173//174 174//173 168//168
f 168//168 169//170 173//174
f 161//161 176//176 177//175
f 175//177 161//161 177//175
f 165//167 168//168 174//173
f 161//161 164//162 176//176
f 175//177 178//178 162//164
f 162//164 161//161 175//177
f 168//168 167//165 170//169
f 170//169 169//170 168//168
f 174//173 173//174 177//175
f 177//175 176//176 174//173
f 171//172 179//180 180//179
f 171//172 180//179 172//171
f 177//175 180//179 175//177
f 169//170 172//171 173//174
f 174//173 176//176 164//162
f 164//162 165//167 174//173
f 177//175 173//174 172//171
f 172//171 180//179 177//175
f 178//178 175//177 180//179
f 180//179 179//180 178//178
f 182//183 183//182 184//181
f 181//184 182//183 184//181
f 185//187 186//186 187//185
f 185//187 187//185 188//188
f 192//191 189//190 190//189
f 190//189 191//192 192//191
f 193//194 194//193 188//188
f 188//188 189//190 193//194
f 181//184 196//196 197//195
f 195//197 181//184 197//195
f 185//187 188//188 194//193
f 181//184 184//181 196//196
f 198//198 182//183 181//184
f 198//198 181//184 195//197
f 187//185 190//189 189//190
f 187//185 189//190 188//188
f 194//193 193//194 197//195
f 197//195 196//196 194//193
f 200//199 192//191 191//192
f 191//192 199//200 200//199
f 197//195 200//199 195//197
f 189//190 192//191 193//194
f 196//196 184//181 185//187
f 185//187 194//193 196//196
f 200//199 197//195 193//194
f 192//191 200//199 193//194
f 198//198 195//197 200//199
f 200//199 199//200 198//198
f 202//203 203//202 204//201
f 201//204 202//203 204//201
f 205//207 206//206 207//205
f 205//207 207//205 208//208
f 212//211 209//210 210//209
f 210//209 211//212 212//211
f 213//214 214//213 208//208
f 208//208 209//210 213//214
f 201//204 216//216 217//215
f 215//217 201//204 217//215
f 205//207 208//208 214//213
f 201//204 204//201 216//216
f 218//218 202//203 201//204
f 218//218 201//204 215//217
f 208//208 207//205 210//209
f 210//209 209//210 208//208
f 214//213 213//214 217//215
f 217//215 216//216 214//213
f 212//211 211//212 219//219
f 219//219 220//220 212//211
f 217//215 220//220 215//217
f 209//210 212//211 213//214
f 204//201 205//207 214//213
f 204//201 214//213 216//216
f 220//220 217//215 213//214
f 212//211 220//220 213//214
f 218//218 215//217 220//220
f 220//220 219//219 218//218
f 222//223 223//222 224//221
f 221//224 222//223 224//221
f 225//227 226//226 227//225
f 225//227 227//225 228//228
f 232//231 229//230 230//229
f 230//229 231//232 232//231
f 233//234 234//233 228//228
f 228//228 229//230 233//234
f 221//224 236//236 237//235
f 235//237 221//224 237//235
f 225//227 228//228 234//233
f 221//224 224//221 236//236
f 222//223 221//224 235//237
f 238//238 222//223 235//237
f 229//230 228//228 227//225
f 227//225 230//229 229//230
f 233//234 237//235 236//236
f 236//236 234//233 233//234
f 239//240 240//239 232//231
f 231//232 239//240 232//231
f 237//235 240//239 235//237
f 229//230 232//231 233//234
f 236//236 224//221 225//227
f 225//227 234//233 236//236
f 237//235 233//234 232//231
f 232//231 240//239 237//235
f 238//238 235//237 240//239
f 240//239 239//240 238//238
f 242//243 243//242 244//241
f 241//244 242//243 244//241
f 245//247 246//246 247//245
f 245//247 247//245 248//248
f 252//251 249//250 250//249
f 250//249 251//252 252//251
f 253//254 254//253 248//248
f 248//248 249//250 253//254
f 241//244 256//256 257//255
f 255//257 241//244 257//255
f 245//247 248//248 254//253
f 241//244 244//241 256//256
f 255//257 258//258 242//243
f 242//243 241//244 255//257
f 247//245 250//249 249//250
f 247//245 249//250 248//248
f 254//253 253//254 257//255
f 257//255 256//256 254//253
f 252//251 251//252 259//259
f 259//259 260//260 252//251
f 257//255 260//260 255//257
f 249//250 252//251 253//254
f 244//241 245//247 254//253
f 244//241 254//253 256//256
f 257//255 253//254 252//251
f 252//251 260//260 257//255
f 258//258 255//257 260//260
f 260//260 259//259 258//258
f 262//263 263//262 264//261
f 261//264 262//263 264//261
f 265//267 266//266 267//265
f 265//267 267//265 268//268
f 272//271 269//270 270//269
f 270//269 271//272 272//271
f 273//274 274//273 268//268
f 268//268 269//270 273//274
f 261//264 276//276 277//275
f 275//277 261//264 277//275
f 265//267 268//268 274//273
f 261//264 264//261 276//276
f 278//278 262//263 261//264
f 278//278 261//264 275//277
f 270//269 269//270 268//268
f 267//265 270//269 268//268
f 273//274 277//275 276//276
f 276//276 274//273 273//274
f 272//271 271//272 279//279
f 279//279 280//280 272//271
f 277//275 280//280 275//277
f 269//270 272//271 273//274
f 274//273 276//276 264//261
f 264//261 265//267 274//273
f 280//280 277//275 273//274
f 272//271 280//280 273//274
f 278//278 275//277 280//280
f 280//280 279//279 278//278
f 282//283 283//282 284//281
f 281//284 282//283 284//281
f 285//287 286//286 287//285
f 285//287 287//285 288//288
f 292//291 289//290 290//289
f 290//289 291//292 292//291
f 293//294 294//293 288//288
f 288//288 289//290 293//294
f 281//284 296//296 297//295
f 295//297 281//284 297//295
f 285//287 288//288 294//293
f 281//284 284//281 296//296
f 281//284 295//297 298//298
f 298//298 282//283 281//284
f 288//288 287//285 290//289
f 290//289 289//290 288//288
f 293//294 297//295 296//296
f 296//296 294//293 293//294
f 291//292 299//300 300//299
f 291//292 300//299 292//291
f 297//295 300//299 295//297
f 289//290 292//291 293//294
f 285//287 294//293 296//296
f 284//281 285//287 296//296
f 297//295 293//294 292//291
f 292//291 300//299 297//295
f 298//298 295//297 300//299
f 300//299 299//300 298//298
f 63//63 66//66 65//67
f 63//63 65//67 64//62
f 44//41 43//42 46//46
f 46//46 45//47 44//41
f 23//22 26//26 25//27
f 23//22 25//27 24//21
f 3//2 6//6 5//7
f 3//2 5//7 4//1
f 283//282 286//286 285//287
f 283//282 285//287 284//281
f 264//261 263//262 266//266
f 266//266 265//267 264//261
f 245//247 244//241 243//242
f 243//242 246//246 245//247
f 223//222 226//226 225//227
f 223//222 225//227 224//221
f 203//202 206//206 205//207
f 203//202 205//207 204//201
f 186//186 185//187 184//181
f 183//182 186//186 184//181
f 163//163 166//166 165//167
f 163//163 165//167 164//162
f 143//142 146//146 145//147
f 143//142 145//147 144//141
f 123//122 126//126 125//127
f 123//122 125//127 124//121
f 104//101 103//102 106//106
f 106//106 105//107 104//101
f 85//87 84//81 83//82
f 83//82 86//86 85//87
usemtl rubber
f 303//303 304//302 301//301
f 301//301 302//304 303//303
f 308//307 305//306 306//305
f 306//305 307//308 308//307
f 312//311 309//310 310//309
f 310//309 311//312 312//311
f 302//304 301//301 313//313
f 313//313 314//314 302//304
f 305//306 315//316 316//315
f 316//315 306//305 305//306
f 309//310 317//318 318//317
f 318//317 310//309 309//310
f 313//313 319//320 320//319
f 320//319 314//314 313//313
f 316//315 315//316 321//321
f 321//321 322//322 316//315
f 317//318 323//324 324//323
f 324//323 318//317 317//318
f 319//320 325//326 326//325
f 326//325 320//319 319//320
f 322//322 321//321 327//327
f 327//327 328//328 322//322
f 324//323 323//324 329//329
f 329//329 330//330 324//323
f 326//325 325//326 331//331
f 331//331 332//332 326//325
f 328//328 327//327 333//333
f 333//333 334//334 328//328
f 330//330 329//329 335//335
f 335//335 336//336 330//330
f 332//332 331//331 337//337
f 337//337 338//338 332//332
f 334//334 333//333 339//339
f 339//339 340//340 334//334
f 335//335 341//342 342//341
f 342//341 336//336 335//335
f 338//338 337//337 343//343
f 343//343 344//344 338//338
f 339//339 345//346 346//345
f 346//345 340//340 339//339
f 342//341 341//342 347//347
f 347//347 348//348 342//341
f 344//344 343//343 349//349
f 349//349 350//350 344//344
f 345//346 351//352 352//351
f 352//351 346//345 345//346
f 348//348 347//347 353//353
f 353//353 354//354 348//348
f 350//350 349//349 355//355
f 355//355 356//356 350//350
f 352//351 351//352 357//357
f 357//357 358//358 352//351
f 354//354 353//353 359//359
f 359//359 360//360 354//354
f 356//356 355//355 361//361
f 361//361 362//362 356//356
f 358//358 357//357 363//363
f 363//363 364//364 358//358
f 360//360 359//359 365//365
f 365//365 366//366 360//360
f 362//362 361//361 367//367
f 367//367 368//368 362//362
f 364//364 363//363 369//369
f 369//369 370//370 364//364
f 366//366 365//365 371//371
f 371//371 372//372 366//366
f 368//368 367//367 373//373
f 373//373 374//374 368//368
f 369//369 375//376 376//375
f 376//375 370//370 369//369
f 372//372 371//371 377//377
f 377//377 378//378 372//372
f 374//374 373//373 379//379
f 379//379 380//380 374//374
f 375//376 381//382 382//381
f 382//381 376//375 375//376
f 378//378 377//377 383//383
f 383//383 384//384 378//378
f 380//380 379//379 385//385
f 385//385 386//386 380//380
f 382//381 381//382 387//387
f 387//387 388//388 382//381
f 384//384 383//383 389//389
f 389//389 390//390 384//384
f 385//385 391//392 392//391
f 392//391 386//386 385//385
f 388//388 387//387 393//393
f 393//393 394//394 388//388
f 390//390 389//389 395//395
f 395//395 396//396 390//390
f 392//391 391//392 397//397
f 397//397 398//398 392//391
f 393//393 399//400 400//399
f 400//399 394//394 393//393
f 395//395 401//402 402//401
f 402//401 396//396 395//395
f 398//398 397//397 403//403
f 403//403 404//404 398//398
f 400//399 399//400 405//405
f 405//405 406//406 400//399
f 401//402 407//408 408//407
f 408//407 402//401 401//402
f 404//404 403//403 409//409
f 409//409 410//410 404//404
f 406//406 405//405 411//411
f 411//411 412//412 406//406
f 407//408 413//414 414//413
f 414//413 408//407 407//408
f 410//410 409//409 415//415
f 415//415 416//416 410//410
f 411//411 417//418 418//417
f 418//417 412//412 411//411
f 413//414 419//420 420//419
f 420//419 414//413 413//414
f 415//415 421//422 422//421
f 422//421 416//416 415//415
f 417//418 423//424 424//423
f 424//423 418//417 417//418
f 419//420 425//426 426//425
f 426//425 420//419 419//420
f 421//422 427//428 428//427
f 428//427 422//421 421//422
f 423//424 429//430 430//429
f 430//429 424//423 423//424
f 425//426 431//432 432//431
f 432//431 426//425 425//426
f 427//428 433//434 434//433
f 434//433 428//427 427//428
f 429//430 435//436 436//435
f 436//435 430//429 429//430
f 431//432 437//438 438//437
f 438//437 432//431 431//432
f 433//434 439//440 440//439
f 440//439 434//433 433//434
f 436//435 435//436 441//441
f 441//441 442//442 436//435
f 437//438 443//444 444//443
f 444//443 438//437 437//438
f 439//440 445//446 446//445
f 446//445 440//439 439//440
f 442//442 441//441 447//447
f 447//447 448//448 442//442
f 443//444 449//450 450//449
f 450//449 444//443 443//444
f 445//446 451//452 452//451
f 452//451 446//445 445//446
f 447//447 453//454 454//453
f 454//453 448//448 447//447
f 450//449 449//450 455//455
f 455//455 456//456 450//449
f 451//452 457//458 458//457
f 458//457 452//451 451//452
f 453//454 459//460 460//459
f 460//459 454//453 453//454
f 455//455 461//462 462//461
f 462//461 456//456 455//455
f 457//458 463//464 464//463
f 464//463 458//457 457//458
f 460//459 459//460 465//465
f 465//465 466//466 460//459
f 461//462 467//468 468//467
f 468//467 462//461 461//462
f 463//464 469//470 470//469
f 470//469 464//463 463//464
f 465//465 471//472 472//471
f 472//471 466//466 465//465
f 468//467 467//468 473//473
f 473//473 474//474 468//467
f 469//470 475//476 476//475
f 476//475 470//469 469//470
f 471//472 477//478 478//477
f 478//477 472//471 471//472
f 474//474 473//473 479//479
f 479//479 480//480 474//474
f 475//476 304//302 303//303
f 303//303 476//475 475//476
f 478//477 477//478 308//307
f 308//307 307//308 478//477
f 480//480 479//479 312//311
f 312//311 311//312 480//480
f 480//480 311//312 481//481
f 481//481 482//482 480//480
f 478//477 307//308 312//311
f 312//311 479//479 478//477
f 477//478 476//475 303//303
f 303//303 308//307 477//478
f 474//474 480//480 482//482
f 482//482 483//483 474//474
f 473//473 472//471 478//477
f 478//477 479//479 473//473
f 471//472 470//469 476//475
f 476//475 477//478 471//472
f 468//467 474//474 483//483
f 483//483 484//484 468//467
f 467//468 466//466 472//471
f 472//471 473//473 467//468
f 465//465 464//463 470//469
f 470//469 471//472 465//465
f 462//461 468//467 484//484
f 484//484 485//485 462//461
f 461//462 460//459 466//466
f 466//466 467//468 461//462
f 459//460 458//457 464//463
f 464//463 465//465 459//460
f 456//456 462//461 485//485
f 485//485 486//486 456//456
f 455//455 454//453 460//459
f 460//459 461//462 455//455
f 452//451 458//457 459//460
f 459//460 453//454 452//451
f 487//487 450//449 456//456
f 456//456 486//486 487//487
f 449//450 448//448 454//453
f 454//453 455//455 449//450
f 447//447 446//445 452//451
f 452//451 453//454 447//447
f 444//443 450//449 487//487
f 487//487 488//488 444//443
f 443//444 442//442 448//448
f 448//448 449//450 443//444
f 440//439 446//445 447//447
f 447//447 441//441 440//439
f 489//489 438//437 444//443
f 444//443 488//488 489//489
f 437//438 436//435 442//442
f 442//442 443//444 437//438
f 434//433 440//439 441//441
f 441//441 435//436 434//433
f 490//490 432//431 438//437
f 438//437 489//489 490//490
f 431//432 430//429 436//435
f 436//435 437//438 431//432
f 429//430 428//427 434//433
f 434//433 435//436 429//430
f 491//491 426//425 432//431
f 432//431 490//490 491//491
f 425//426 424//423 430//429
f 430//429 431//432 425//426
f 423//424 422//421 428//427
f 428//427 429//430 423//424
f 492//492 420//419 426//425
f 426//425 491//491 492//492
f 419//420 418//417 424//423
f 424//423 425//426 419//420
f 417//418 416//416 422//421
f 422//421 423//424 417//418
f 493//493 414//413 420//419
f 420//419 492//492 493//493
f 413//414 412//412 418//417
f 418//417 419//420 413//414
f 410//410 416//416 417//418
f 417//418 411//411 410//410
f 408//407 414//413 493//493
f 493//493 494//494 408//407
f 407//408 406//406 412//412
f 412//412 413//414 407//408
f 404//404 410//410 411//411
f 411//411 405//405 404//404
f 495//495 402//401 408//407
f 408//407 494//494 495//495
f 400//399 406//406 407//408
f 407//408 401//402 400//399
f 398//398 404//404 405//405
f 405//405 399//400 398//398
f 396//396 402//401 495//495
f 495//495 496//496 396//396
f 395//395 394//394 400//399
f 400//399 401//402 395//395
f 392//391 398//398 399//400
f 399//400 393//393 392//391
f 497//497 390//390 396//396
f 396//396 496//496 497//497
f 388//388 394//394 395//395
f 395//395 389//389 388//388
f 386//386 392//391 393//393
f 393//393 387//387 386//386
f 384//384 390//390 497//497
f 497//497 498//498 384//384
f 382//381 388//388 389//389
f 389//389 383//383 382//381
f 380//380 386//386 387//387
f 387//387 381//382 380//380
f 499//499 378//378 384//384
f 384//384 498//498 499//499
f 376//375 382//381 383//383
f 383//383 377//377 376//375
f 374//374 380//380 381//382
f 381//382 375//376 374//374
f 372//372 378//378 499//499
f 499//499 500//500 372//372
f 370//370 376//375 377//377
f 377//377 371//371 370//370
f 369//369 368//368 374//374
f 374//374 375//376 369//369
f 366//366 372//372 500//500
f 500//500 501//501 366//366
f 364//364 370//370 371//371
f 371//371 365//365 364//364
f 362//362 368//368 369//369
f 369//369 363//363 362//362
f 360//360 366//366 501//501
f 501//501 502//502 360//360
f 358//358 364//364 365//365
f 365//365 359//359 358//358
f 356//356 362//362 363//363
f 363//363 357//357 356//356
f 503//503 354//354 360//360
f 360//360 502//502 503//503
f 352//351 358//358 359//359
f 359//359 353//353 352//351
f 350//350 356//356 357//357
f 357//357 351//352 350//350
f 348//348 354//354 503//503
f 503//503 504//504 348//348
f 346//345 352//351 353//353
f 353//353 347//347 346//345
f 345//346 344//344 350//350
f 350//350 351//352 345//346
f 342//341 348//348 504//504
f 504//504 505//505 342//341
f 340//340 346//345 347//347
f 347//347 341//342 340//340
f 339//339 338//338 344//344
f 344//344 345//346 339//339
f 336//336 342//341 505//505
f 505//505 506//506 336//336
f 334//334 340//340 341//342
f 341//342 335//335 334//334
f 332//332 338//338 339//339
f 339//339 333//333 332//332
f 507//507 330//330 336//336
f 336//336 506//506 507//507
f 328//328 334//334 335//335
f 335//335 329//329 328//328
f 327//327 326//325 332//332
f 332//332 333//333 327//327
f 508//508 324//323 330//330
f 330//330 507//507 508//508
f 322//322 328//328 329//329
f 329//329 323//324 322//322
f 320//319 326//325 327//327
f 327//327 321//321 320//319
f 509//509 318//317 324//323
f 324//323 508//508 509//509
f 316//315 322//322 323//324
f 323//324 317//318 316//315
f 315//316 314//314 320//319
f 320//319 321//321 315//316
f 510//510 310//309 318//317
f 318//317 509//509 510//510
f 309//310 306//305 316//315
f 316//315 317//318 309//310
f 305//306 302//304 314//314
f 314//314 315//316 305//306
f 481//481 311//312 310//309
f 310//309 510//510 481//481
f 307//308 306//305 309//310
f 309//310 312//311 307//308
f 308//307 303//303 302//304
f 302//304 305//306 308//307
f 511//513 512//512 513//511
f 511//513 513//511 514//514
f 517//517 518//516 515//515
f 515//515 516//518 517//517
f 520//519 512//512 511//513
f 519//520 520//519 511//513
f 516//518 515//515 521//521
f 521//521 522//522 516//518
f 523//524 524//523 520//519
f 523//524 520//519 519//520
f 521//521 525//526 526//525
f 526//525 522//522 521//521
f 527//528 528//527 524//523
f 527//528 524//523 523//524
f 525//526 529//530 530//529
f 530//529 526//525 525//526
f 532//531 528//527 527//528
f 531//532 532//531 527//528
f 530//529 529//530 533//533
f 533//533 534//534 530//529
f 535//536 536//535 532//531
f 535//536 532//531 531//532
f 533//533 537//538 538//537
f 538//537 534//534 533//533
f 540//539 536//535 535//536
f 539//540 540//539 535//536
f 538//537 537//538 541//541
f 541//541 542//542 538//537
f 544//543 540//539 539//540
f 543//544 544//543 539//540
f 542//542 541//541 545//545
f 545//545 546//546 542//542
f 547//548 548//547 544//543
f 547//548 544//543 543//544
f 545//545 549//550 550//549
f 550//549 546//546 545//545
f 552//551 548//547 547//548
f 551//552 552//551 547//548
f 550//549 549//550 553//553
f 553//553 554//554 550//549
f 556//555 552//551 551//552
f 555//556 556//555 551//552
f 554//554 553//553 557//557
f 557//557 558//558 554//554
f 560//559 556//555 555//556
f 559//560 560//559 555//556
f 558//558 557//557 561//561
f 561//561 562//562 558//558
f 564//563 560//559 559//560
f 563//564 564//563 559//560
f 562//562 561//561 565//565
f 565//565 566//566 562//562
f 567//568 568//567 564//563
f 567//568 564//563 563//564
f 566//566 565//565 569//569
f 569//569 570//570 566//566
f 572//571 568//567 567//568
f 571//572 572//571 567//568
f 570//570 569//569 573//573
f 573//573 574//574 570//570
f 575//576 576//575 572//571
f 575//576 572//571 571//572
f 574//574 573//573 577//577
f 577//577 578//578 574//574
f 580//579 576//575 575//576
f 579//580 580//579 575//576
f 577//577 581//582 582//581
f 582//581 578//578 577//577
f 583//584 584//583 580//579
f 583//584 580//579 579//580
f 581//582 585//586 586//585
f 586//585 582//581 581//582
f 587//588 588//587 584//583
f 587//588 584//583 583//584
f 585//586 589//590 590//589
f 590//589 586//585 585//586
f 591//592 592//591 588//587
f 591//592 588//587 587//588
f 589//590 593//594 594//593
f 594//593 590//589 589//590
f 596//595 592//591 591//592
f 595//596 596//595 591//592
f 593//594 597//598 598//597
f 598//597 594//593 593//594
f 600//599 596//595 595//596
f 599//600 600//599 595//596
f 598//597 597//598 601//601
f 601//601 602//602 598//597
f 603//604 604//603 600//599
f 603//604 600//599 599//600
f 601//601 605//606 606//605
f 606//605 602//602 601//601
f 607//608 608//607 604//603
f 607//608 604//603 603//604
f 605//606 609//610 610//609
f 610//609 606//605 605//606
f 612//611 608//607 607//608
f 611//612 612//611 607//608
f 610//609 609//610 613//613
f 613//613 614//614 610//609
f 615//616 616//615 612//611
f 615//616 612//611 611//612
f 613//613 617//618 618//617
f 618//617 614//614 613//613
f 620//619 616//615 615//616
f 619//620 620//619 615//616
f 618//617 617//618 621//621
f 621//621 622//622 618//617
f 623//624 624//623 620//619
f 623//624 620//619 619//620
f 622//622 621//621 625//625
f 625//625 626//626 622//622
f 627//628 628//627 624//623
f 627//628 624//623 623//624
f 625//625 629//630 630//629
f 630//629 626//626 625//625
f 513//511 628//627 627//628
f 514//514 513//511 627//628
f 629//630 518//516 517//517
f 517//517 630//629 629//630
f 475//476 630//629 517//517
f 517//517 304//302 475//476
f 518//516 629//630 628//627
f 513//511 518//516 628//627
f 514//514 627//628 632//631
f 631//632 514//514 632//631
f 469//470 626//626 630//629
f 630//629 475//476 469//470
f 629//630 625//625 624//623
f 628//627 629//630 624//623
f 627//628 623//624 633//633
f 632//631 627//628 633//633
f 463//464 622//622 626//626
f 626//626 469//470 463//464
f 620//619 624//623 625//625
f 625//625 621//621 620//619
f 633//633 623//624 619//620
f 633//633 619//620 634//634
f 618//617 622//622 463//464
f 463//464 457//458 618//617
f 620//619 621//621 617//618
f 620//619 617//618 616//615
f 634//634 619//620 615//616
f 634//634 615//616 635//635
f 451//452 614//614 618//617
f 618//617 457//458 451//452
f 613//613 612//611 616//615
f 616//615 617//618 613//613
f 615//616 611//612 636//636
f 635//635 615//616 636//636
f 445//446 610//609 614//614
f 614//614 451//452 445//446
f 613//613 609//610 608//607
f 612//611 613//613 608//607
f 611//612 607//608 637//637
f 636//636 611//612 637//637
f 439//440 606//605 610//609
f 610//609 445//446 439//440
f 604//603 608//607 609//610
f 609//610 605//606 604//603
f 637//637 607//608 603//604
f 637//637 603//604 638//638
f 433//434 602//602 606//605
f 606//605 439//440 433//434
f 601//601 600//599 604//603
f 604//603 605//606 601//601
f 638//638 603//604 599//600
f 638//638 599//600 639//639
f 598//597 602//602 433//434
f 433//434 427//428 598//597
f 600//599 601//601 597//598
f 600//599 597//598 596//595
f 639//639 599//600 595//596
f 639//639 595//596 640//640
f 421//422 594//593 598//597
f 598//597 427//428 421//422
f 597//598 593//594 592//591
f 596//595 597//598 592//591
f 595//596 591//592 641//641
f 640//640 595//596 641//641
f 415//415 590//589 594//593
f 594//593 421//422 415//415
f 589//590 588//587 592//591
f 592//591 593//594 589//590
f 641//641 591//592 587//588
f 641//641 587//588 642//642
f 409//409 586//585 590//589
f 590//589 415//415 409//409
f 589//590 585//586 584//583
f 588//587 589//590 584//583
f 642//642 587//588 583//584
f 642//642 583//584 643//643
f 582//581 586//585 409//409
f 409//409 403//403 582//581
f 581//582 580//579 584//583
f 584//583 585//586 581//582
f 643//643 583//584 579//580
f 643//643 579//580 644//644
f 578//578 582//581 403//403
f 403//403 397//397 578//578
f 576//575 580//579 581//582
f 581//582 577//577 576//575
f 644//644 579//580 575//576
f 644//644 575//576 645//645
f 574//574 578//578 397//397
f 397//397 391//392 574//574
f 576//575 577//577 573//573
f 576//575 573//573 572//571
f 645//645 575//576 571//572
f 645//645 571//572 646//646
f 385//385 570//570 574//574
f 574//574 391//392 385//385
f 568//567 572//571 573//573
f 573//573 569//569 568//567
f 571//572 567//568 647//647
f 646//646 571//572 647//647
f 379//379 566//566 570//570
f 570//570 385//385 379//379
f 568//567 569//569 565//565
f 568//567 565//565 564//563
f 567//568 563//564 648//648
f 647//647 567//568 648//648
f 562//562 566//566 379//379
f 379//379 373//373 562//562
f 560//559 564//563 565//565
f 565//565 561//561 560//559
f 563//564 559//560 649//649
f 648//648 563//564 649//649
f 558//558 562//562 373//373
f 373//373 367//367 558//558
f 560//559 561//561 557//557
f 560//559 557//557 556//555
f 559//560 555//556 650//650
f 649//649 559//560 650//650
f 554//554 558//558 367//367
f 367//367 361//361 554//554
f 552//551 556//555 557//557
f 557//557 553//553 552//551
f 555//556 551//552 651//651
f 650//650 555//556 651//651
f 550//549 554//554 361//361
f 361//361 355//355 550//549
f 552//551 553//553 549//550
f 552//551 549//550 548//547
f 651//651 551//552 547//548
f 651//651 547//548 652//652
f 349//349 546//546 550//549
f 550//549 355//355 349//349
f 549//550 545//545 544//543
f 548//547 549//550 544//543
f 547//548 543//544 653//653
f 652//652 547//548 653//653
f 542//542 546//546 349//349
f 349//349 343//343 542//542
f 540//539 544//543 545//545
f 545//545 541//541 540//539
f 543//544 539//540 654//654
f 653//653 543//544 654//654
f 538//537 542//542 343//343
f 343//343 337//337 538//537
f 537//538 536//535 540//539
f 540//539 541//541 537//538
f 539//540 535//536 655//655
f 654//654 539//540 655//655
f 534//534 538//537 337//337
f 337//337 331//331 534//534
f 536//535 537//538 533//533
f 536//535 533//533 532//531
f 655//655 535//536 531//532
f 655//655 531//532 656//656
f 530//529 534//534 331//331
f 331//331 325//326 530//529
f 528//527 532//531 533//533
f 533//533 529//530 528//527
f 656//656 531//532 527//528
f 656//656 527//528 657//657
f 319//320 526//525 530//529
f 530//529 325//326 319//320
f 524//523 528//527 529//530
f 529//530 525//526 524//523
f 527//528 523//524 658//658
f 657//657 527//528 658//658
f 522//522 526//525 319//320
f 319//320 313//313 522//522
f 520//519 524//523 525//526
f 525//526 521//521 520//519
f 523//524 519//520 659//659
f 658//658 523//524 659//659
f 516//518 522//522 313//313
f 313//313 301//301 516//518
f 520//519 521//521 515//515
f 520//519 515//515 512//512
f 659//659 519//520 511//513
f 659//659 511//513 660//660
f 517//517 516//518 301//301
f 301//301 304//302 517//517
f 512//512 515//515 518//516
f 512//512 518//516 513//511
f 660//660 511//513 514//514
f 660//660 514//514 631//632
f 662//663 663//662 664//661
f 661//664 662//663 664//661
f 665//665 660//660 631//632
f 665//665 631//632 666//666
f 667//668 668//667 662//663
f 667//668 662//663 661//664
f 669//669 659//659 660//660
f 669//669 660//660 665//665
f 670//671 671//670 668//667
f 670//671 668//667 667//668
f 672//672 658//658 659//659
f 672//672 659//659 669//669
f 674//673 671//670 670//671
f 673//674 674//673 670//671
f 675//675 657//657 658//658
f 675//675 658//658 672//672
f 676//677 677//676 674//673
f 676//677 674//673 673//674
f 656//656 657//657 675//675
f 678//678 656//656 675//675
f 679//680 680//679 677//676
f 679//680 677//676 676//677
f 681//681 655//655 656//656
f 681//681 656//656 678//678
f 683//682 680//679 679//680
f 682//683 683//682 679//680
f 684//684 654//654 655//655
f 684//684 655//655 681//681
f 686//685 683//682 682//683
f 685//686 686//685 682//683
f 687//687 653//653 654//654
f 687//687 654//654 684//684
f 689//688 686//685 685//686
f 688//689 689//688 685//686
f 652//652 653//653 687//687
f 690//690 652//652 687//687
f 692//691 689//688 688//689
f 691//692 692//691 688//689
f 693//693 651//651 652//652
f 693//693 652//652 690//690
f 694//695 695//694 692//691
f 694//695 692//691 691//692
f 696//696 650//650 651//651
f 696//696 651//651 693//693
f 698//697 695//694 694//695
f 697//698 698//697 694//695
f 699//699 649//649 650//650
f 699//699 650//650 696//696
f 700//701 701//700 698//697
f 700//701 698//697 697//698
f 702//702 648//648 649//649
f 702//702 649//649 699//699
f 703//704 704//703 701//700
f 703//704 701//700 700//701
f 705//705 647//647 648//648
f 705//705 648//648 702//702
f 707//706 704//703 703//704
f 706//707 707//706 703//704
f 708//708 646//646 647//647
f 708//708 647//647 705//705
f 709//710 710//709 707//706
f 709//710 707//706 706//707
f 645//645 646//646 708//708
f 711//711 645//645 708//708
f 713//712 710//709 709//710
f 712//713 713//712 709//710
f 644//644 645//645 711//711
f 714//714 644//644 711//711
f 716//715 713//712 712//713
f 715//716 716//715 712//713
f 643//643 644//644 714//714
f 717//717 643//643 714//714
f 718//719 719//718 716//715
f 718//719 716//715 715//716
f 642//642 643//643 717//717
f 720//720 642//642 717//717
f 722//721 719//718 718//719
f 721//722 722//721 718//719
f 641//641 642//642 720//720
f 723//723 641//641 720//720
f 725//724 722//721 721//722
f 724//725 725//724 721//722
f 640//640 641//641 723//723
f 726//726 640//640 723//723
f 727//728 728//727 725//724
f 727//728 725//724 724//725
f 639//639 640//640 726//726
f 729//729 639//639 726//726
f 730//731 731//730 728//727
f 730//731 728//727 727//728
f 638//638 639//639 729//729
f 732//732 638//638 729//729
f 733//734 734//733 731//730
f 733//734 731//730 730//731
f 637//637 638//638 732//732
f 735//735 637//637 732//732
f 736//737 737//736 734//733
f 736//737 734//733 733//734
f 738//738 636//636 637//637
f 738//738 637//637 735//735
f 740//739 737//736 736//737
f 739//740 740//739 736//737
f 635//635 636//636 738//738
f 741//741 635//635 738//738
f 742//743 743//742 740//739
f 742//743 740//739 739//740
f 634//634 635//635 741//741
f 744//744 634//634 741//741
f 746//745 743//742 742//743
f 745//746 746//745 742//743
f 633//633 634//634 744//744
f 747//747 633//633 744//744
f 749//748 746//745 745//746
f 748//749 749//748 745//746
f 632//631 633//633 747//747
f 750//750 632//631 747//747
f 664//661 663//662 749//748
f 664//661 749//748 748//749
f 631//632 632//631 750//750
f 666//666 631//632 750//750
f 666//666 750//750 749//748
f 663//662 666//666 749//748
f 664//661 748//749 752//751
f 751//752 664//661 752//751
f 749//748 750//750 747//747
f 749//748 747//747 746//745
f 752//751 748//749 745//746
f 752//751 745//746 753//753
f 747//747 744//744 743//742
f 746//745 747//747 743//742
f 753//753 745//746 742//743
f 753//753 742//743 754//754
f 743//742 744//744 741//741
f 743//742 741//741 740//739
f 742//743 739//740 755//755
f 754//754 742//743 755//755
f 740//739 741//741 738//738
f 740//739 738//738 737//736
f 739//740 736//737 756//756
f 755//755 739//740 756//756
f 737//736 738//738 735//735
f 737//736 735//735 734//733
f 736//737 733//734 757//757
f 756//756 736//737 757//757
f 734//733 735//735 732//732
f 734//733 732//732 731//730
f 757//757 733//734 730//731
f 757//757 730//731 758//758
f 732//732 729//729 728//727
f 731//730 732//732 728//727
f 730//731 727//728 759//759
f 758//758 730//731 759//759
f 728//727 729//729 726//726
f 728//727 726//726 725//724
f 727//728 724//725 760//760
f 759//759 727//728 760//760
f 725//724 726//726 723//723
f 725//724 723//723 722//721
f 724//725 721//722 761//761
f 760//760 724//725 761//761
f 722//721 723//723 720//720
f 722//721 720//720 719//718
f 721//722 718//719 762//762
f 761//761 721//722 762//762
f 719//718 720//720 717//717
f 719//718 717//717 716//715
f 718//719 715//716 763//763
f 762//762 718//719 763//763
f 716//715 717//717 714//714
f 716//715 714//714 713//712
f 715//716 712//713 764//764
f 763//763 715//716 764//764
f 713//712 714//714 711//711
f 713//712 711//711 710//709
f 764//764 712//713 709//710
f 764//764 709//710 765//765
f 710//709 711//711 708//708
f 710//709 708//708 707//706
f 709//710 706//707 766//766
f 765//765 709//710 766//766
f 708//708 705//705 704//703
f 707//706 708//708 704//703
f 766//766 706//707 703//704
f 766//766 703//704 767//767
f 705//705 702//702 701//700
f 704//703 705//705 701//700
f 767//767 703//704 700//701
f 767//767 700//701 768//768
f 702//702 699//699 698//697
f 701//700 702//702 698//697
f 768//768 700//701 697//698
f 768//768 697//698 769//769
f 699//699 696//696 695//694
f 698//697 699//699 695//694
f 769//769 697//698 694//695
f 769//769 694//695 770//770
f 696//696 693//693 692//691
f 695//694 696//696 692//691
f 770//770 694//695 691//692
f 770//770 691//692 771//771
f 693//693 690//690 689//688
f 692//691 693//693 689//688
f 771//771 691//692 688//689
f 771//771 688//689 772//772
f 690//690 687//687 686//685
f 689//688 690//690 686//685
f 772//772 688//689 685//686
f 772//772 685//686 773//773
f 686//685 687//687 684//684
f 686//685 684//684 683//682
f 773//773 685//686 682//683
f 773//773 682//683 774//774
f 684//684 681//681 680//679
f 683//682 684//684 680//679
f 774//774 682//683 679//680
f 774//774 679//680 775//775
f 681//681 678//678 677//676
f 680//679 681//681 677//676
f 775//775 679//680 676//677
f 775//775 676//677 776//776
f 678//678 675//675 674//673
f 677//676 678//678 674//673
f 776//776 676//677 673//674
f 776//776 673//674 777//777
f 675//675 672//672 671//670
f 674//673 675//675 671//670
f 777//777 673//674 670//671
f 777//777 670//671 778//778
f 671//670 672//672 669//669
f 671//670 669//669 668//667
f 778//778 670//671 667//668
f 778//778 667//668 779//779
f 669//669 665//665 662//663
f 668//667 669//669 662//663
f 667//668 661//664 780//780
f 779//779 667//668 780//780
f 662//663 665//665 666//666
f 662//663 666//666 663//662
f 661//664 664//661 751//752
f 780//780 661//664 751//752
usemtl flgrey
f 79//783 781//782 78//781
f 59//786 782//785 58//784
f 39//789 783//788 38//787
f 19//792 784//791 18//790
f 299//795 785//794 298//793
f 279//798 786//797 278//796
f 259//801 787//800 258//799
f 239//804 788//803 238//802
f 219//807 789//806 218//805
f 199//810 790//809 198//808
f 179//813 791//812 178//811
f 159//816 792//815 158//814
f 139//819 793//818 138//817
f 119//822 794//821 118//820
f 99//825 795//824 98//823
f 91//828 90//827 796//826
f 111//831 110//830 797//829
f 131//834 130//833 798//832
f 151//837 150//836 799//835
f 171//840 170//839 800//838
f 191//843 190//842 801//841
f 211//846 210//845 802//844
f 231//849 230//848 803//847
f 251//852 250//851 804//850
f 271//855 270//854 805//853
f 291//858 290//857 806//856
f 11//861 10//860 807//859
f 31//864 30//863 808//862
f 51//867 50//866 809//865
f 71//870 70//869 810//868
f 811//873 812//872 813//871
f 814//874 812//872 811//873
f 815//875 812//872 814//874
f 816//876 812//872 815//875
f 817//877 812//872 816//876
f 818//878 812//872 817//877
f 819//879 812//872 818//878
f 820//880 812//872 819//879
f 821//881 812//872 820//880
f 822//882 812//872 821//881
f 823//883 812//872 822//882
f 824//884 812//872 823//883
f 825//885 812//872 824//884
f 826//886 812//872 825//885
f 827//887 812//872 826//886
f 828//888 812//872 827//887
f 829//889 812//872 828//888
f 830//890 812//872 829//889
f 831//891 812//872 830//890
f 832//892 812//872 831//891
f 833//893 812//872 832//892
f 834//894 812//872 833//893
f 835//895 812//872 834//894
f 836//896 812//872 835//895
f 837//897 812//872 836//896
f 838//898 812//872 837//897
f 839//899 812//872 838//898
f 840//900 812//872 839//899
f 841//901 812//872 840//900
f 813//871 812//872 841//901
f 841//901 843//903 842//902
f 842//902 813//871 841//901
f 844//904 843//903 841//901
f 841//901 840//900 844//904
f 845//905 844//904 840//900
f 840//900 839//899 845//905
f 846//906 845//905 839//899
f 839//899 838//898 846//906
f 847//907 846//906 838//898
f 838//898 837//897 847//907
f 836//896 848//908 847//907
f 847//907 837//897 836//896
f 849//909 848//908 836//896
f 836//896 835//895 849//909
f 850//910 849//909 835//895
f 835//895 834//894 850//910
f 851//911 850//910 834//894
f 834//894 833//893 851//911
f 852//912 851//911 833//893
f 833//893 832//892 852//912
f 831//891 853//913 852//912
f 852//912 832//892 831//891
f 830//890 854//914 853//913
f 853//913 831//891 830//890
f 855//915 854//914 830//890
f 830//890 829//889 855//915
f 856//916 855//915 829//889
f 829//889 828//888 856//916
f 827//887 857//917 856//916
f 856//916 828//888 827//887
f 858//918 857//917 827//887
f 827//887 826//886 858//918
f 825//885 859//919 858//918
f 858//918 826//886 825//885
f 824//884 860//920 859//919
f 859//919 825//885 824//884
f 861//921 860//920 824//884
f 824//884 823//883 861//921
f 862//922 861//921 823//883
f 823//883 822//882 862//922
f 821//881 863//923 862//922
f 862//922 822//882 821//881
f 820//880 864//924 863//923
f 863//923 821//881 820//880
f 819//879 865//925 864//924
f 864//924 820//880 819//879
f 818//878 866//926 865//925
f 865//925 819//879 818//878
f 867//927 866//926 818//878
f 818//878 817//877 867//927
f 816//876 868//928 867//927
f 867//927 817//877 816//876
f 815//875 869//929 868//928
f 868//928 816//876 815//875
f 870//930 869//929 815//875
f 815//875 814//874 870//930
f 871//931 870//930 814//874
f 814//874 811//873 871//931
f 842//902 871//931 811//873
f 811//873 813//871 842//902
f 842//902 873//933 872//932
f 872//932 871//931 842//902
f 872//932 874//934 870//930
f 870//930 871//931 872//932
f 874//934 875//935 869//929
f 869//929 870//930 874//934
f 875//935 876//936 868//928
f 868//928 869//929 875//935
f 868//928 876//936 877//937
f 877//937 867//927 868//928
f 877//937 878//938 866//926
f 866//926 867//927 877//937
f 878//938 879//939 865//925
f 865//925 866//926 878//938
f 879//939 880//940 864//924
f 864//924 865//925 879//939
f 880//940 881//941 863//923
f 863//923 864//924 880//940
f 863//923 881//941 882//942
f 882//942 862//922 863//923
f 882//942 883//943 861//921
f 861//921 862//922 882//942
f 861//921 883//943 884//944
f 884//944 860//920 861//921
f 884//944 885//945 859//919
f 859//919 860//920 884//944
f 885//945 886//946 858//918
f 858//918 859//919 885//945
f 858//918 886//946 887//947
f 887//947 857//917 858//918
f 887//947 888//948 856//916
f 856//916 857//917 887//947
f 888//948 889//949 855//915
f 855//915 856//916 888//948
f 855//915 889//949 890//950
f 890//950 854//914 855//915
f 890//950 891//951 853//913
f 853//913 854//914 890//950
f 891//951 892//952 852//912
f 852//912 853//913 891//951
f 892//952 893//953 851//911
f 851//911 852//912 892//952
f 851//911 893//953 894//954
f 894//954 850//910 851//911
f 894//954 895//955 849//909
f 849//909 850//910 894//954
f 849//909 895//955 896//956
f 896//956 848//908 849//909
f 848//908 896//956 897//957
f 897//957 847//907 848//908
f 897//957 898//958 846//906
f 846//906 847//907 897//957
f 846//906 898//958 899//959
f 899//959 845//905 846//906
f 845//905 899//959 900//960
f 900//960 844//904 845//905
f 844//904 900//960 901//961
f 901//961 843//903 844//904
f 901//961 873//933 842//902
f 842//902 843//903 901//961
f 902//964 903//963 904//962
f 902//964 904//962 905//965
f 906//967 907//966 903//963
f 906//967 903//963 902//964
f 908//969 909//968 907//966
f 908//969 907//966 906//967
f 910//971 911//970 909//968
f 910//971 909//968 908//969
f 912//973 913//972 911//970
f 912//973 911//970 910//971
f 914//975 915//974 913//972
f 914//975 913//972 912//973
f 916//977 917//976 915//974
f 916//977 915//974 914//975
f 919//978 917//976 916//977
f 918//979 919//978 916//977
f 921//980 919//978 918//979
f 920//981 921//980 918//979
f 923//982 921//980 920//981
f 922//983 923//982 920//981
f 925//984 923//982 922//983
f 924//985 925//984 922//983
f 927//986 925//984 924//985
f 926//987 927//986 924//985
f 928//989 929//988 927//986
f 928//989 927//986 926//987
f 931//990 929//988 928//989
f 930//991 931//990 928//989
f 933//992 931//990 930//991
f 932//993 933//992 930//991
f 934//995 935//994 933//992
f 934//995 933//992 932//993
f 936//997 937//996 935//994
f 936//997 935//994 934//995
f 938//999 939//998 937//996
f 938//999 937//996 936//997
f 941//1000 939//998 938//999
f 940//1001 941//1000 938//999
f 943//1002 941//1000 940//1001
f 942//1003 943//1002 940//1001
f 944//1005 945//1004 943//1002
f 944//1005 943//1002 942//1003
f 946//1007 947//1006 945//1004
f 946//1007 945//1004 944//1005
f 948//1009 949//1008 947//1006
f 948//1009 947//1006 946//1007
f 951//1010 949//1008 948//1009
f 950//1011 951//1010 948//1009
f 953//1012 951//1010 950//1011
f 952//1013 953//1012 950//1011
f 955//1014 953//1012 952//1013
f 954//1015 955//1014 952//1013
f 957//1016 955//1014 954//1015
f 956//1017 957//1016 954//1015
f 959//1018 957//1016 956//1017
f 958//1019 959//1018 956//1017
f 961//1020 959//1018 958//1019
f 960//1021 961//1020 958//1019
f 905//965 904//962 961//1020
f 905//965 961//1020 960//1021
f 901//961 961//1020 904//962
f 904//962 873//933 901//961
f 959//1018 961//1020 901//961
f 901//961 900//960 959//1018
f 957//1016 959//1018 900//960
f 900//960 899//959 957//1016
f 898//958 955//1014 957//1016
f 957//1016 899//959 898//958
f 953//1012 955//1014 898//958
f 898//958 897//957 953//1012
f 951//1010 953//1012 897//957
f 897//957 896//956 951//1010
f 949//1008 951//1010 896//956
f 896//956 895//955 949//1008
f 947//1006 949//1008 895//955
f 895//955 894//954 947//1006
f 893//953 945//1004 947//1006
f 947//1006 894//954 893//953
f 892//952 943//1002 945//1004
f 945//1004 893//953 892//952
f 891//951 941//1000 943//1002
f 943//1002 892//952 891//951
f 890//950 939//998 941//1000
f 941//1000 891//951 890//950
f 937//996 939//998 890//950
f 890//950 889//949 937//996
f 935//994 937//996 889//949
f 889//949 888//948 935//994
f 887//947 933//992 935//994
f 935//994 888//948 887//947
f 931//990 933//992 887//947
f 887//947 886//946 931//990
f 885//945 929//988 931//990
f 931//990 886//946 885//945
f 927//986 929//988 885//945
f 885//945 884//944 927//986
f 925//984 927//986 884//944
f 884//944 883//943 925//984
f 882//942 923//982 925//984
f 925//984 883//943 882//942
f 921//980 923//982 882//942
f 882//942 881//941 921//980
f 919//978 921//980 881//941
f 881//941 880//940 919//978
f 879//939 917//976 919//978
f 919//978 880//940 879//939
f 878//938 915//974 917//976
f 917//976 879//939 878//938
f 877//937 913//972 915//974
f 915//974 878//938 877//937
f 911//970 913//972 877//937
f 877//937 876//936 911//970
f 909//968 911//970 876//936
f 876//936 875//935 909//968
f 874//934 907//966 909//968
f 909//968 875//935 874//934
f 872//932 903//963 907//966
f 907//966 874//934 872//932
f 904//962 903//963 872//932
f 872//932 873//933 904//962
f 960//1021 963//1023 962//1022
f 962//1022 905//965 960//1021
f 958//1019 964//1024 963//1023
f 963//1023 960//1021 958//1019
f 956//1017 965//1025 964//1024
f 964//1024 958//1019 956//1017
f 966//1026 965//1025 956//1017
f 956//1017 954//1015 966//1026
f 952//1013 967//1027 966//1026
f 966//1026 954//1015 952//1013
f 950//1011 968//1028 967//1027
f 967//1027 952//1013 950//1011
f 948//1009 969//1029 968//1028
f 968//1028 950//1011 948//1009
f 970//1030 969//1029 948//1009
f 948//1009 946//1007 970//1030
f 971//1031 970//1030 946//1007
f 946//1007 944//1005 971//1031
f 972//1032 971//1031 944//1005
f 944//1005 942//1003 972//1032
f 940//1001 973//1033 972//1032
f 972//1032 942//1003 940//1001
f 938//999 974//1034 973//1033
f 973//1033 940//1001 938//999
f 975//1035 974//1034 938//999
f 938//999 936//997 975//1035
f 934//995 976//1036 975//1035
f 975//1035 936//997 934//995
f 932//993 977//1037 976//1036
f 976//1036 934//995 932//993
f 930//991 978//1038 977//1037
f 977//1037 932//993 930//991
f 979//1039 978//1038 930//991
f 930//991 928//989 979//1039
f 980//1040 979//1039 928//989
f 928//989 926//987 980//1040
f 981//1041 980//1040 926//987
f 926//987 924//985 981//1041
f 982//1042 981//1041 924//985
f 924//985 922//983 982//1042
f 920//981 983//1043 982//1042
f 982//1042 922//983 920//981
f 918//979 984//1044 983//1043
f 983//1043 920//981 918//979
f 916//977 985//1045 984//1044
f 984//1044 918//979 916//977
f 986//1046 985//1045 916//977
f 916//977 914//975 986//1046
f 987//1047 986//1046 914//975
f 914//975 912//973 987//1047
f 988//1048 987//1047 912//973
f 912//973 910//971 988//1048
f 989//1049 988//1048 910//971
f 910//971 908//969 989//1049
f 990//1050 989//1049 908//969
f 908//969 906//967 990//1050
f 902//964 991//1051 990//1050
f 990//1050 906//967 902//964
f 962//1022 991//1051 902//964
f 902//964 905//965 962//1022
f 992//1054 993//1053 994//1052
f 992//1054 994//1052 995//1055
f 962//1058 997//1057 996//1056
f 996//1056 991//1059 962//1058
f 999//1060 993//1053 992//1054
f 998//1061 999//1060 992//1054
f 991//1059 996//1056 1000//1062
f 1000//1062 990//1063 991//1059
f 1001//1065 1002//1064 999//1060
f 1001//1065 999//1060 998//1061
f 1000//1062 1003//1067 989//1066
f 989//1066 990//1063 1000//1062
f 1004//1069 1005//1068 1002//1064
f 1004//1069 1002//1064 1001//1065
f 989//1066 1003//1067 1006//1070
f 1006//1070 988//1071 989//1066
f 1008//1072 1005//1068 1004//1069
f 1007//1073 1008//1072 1004//1069
f 988//1071 1006//1070 1009//1074
f 1009//1074 987//1075 988//1071
f 1010//1077 1011//1076 1008//1072
f 1010//1077 1008//1072 1007//1073
f 987//1075 1009//1074 1012//1078
f 1012//1078 986//1079 987//1075
f 1014//1080 1011//1076 1010//1077
f 1013//1081 1014//1080 1010//1077
f 986//1079 1012//1078 1015//1082
f 1015//1082 985//1083 986//1079
f 1016//1085 1017//1084 1014//1080
f 1016//1085 1014//1080 1013//1081
f 985//1083 1015//1082 1018//1086
f 1018//1086 984//1087 985//1083
f 1020//1088 1017//1084 1016//1085
f 1019//1089 1020//1088 1016//1085
f 1018//1086 1021//1091 983//1090
f 983//1090 984//1087 1018//1086
f 1023//1092 1020//1088 1019//1089
f 1022//1093 1023//1092 1019//1089
f 1021//1091 1024//1095 982//1094
f 982//1094 983//1090 1021//1091
f 1025//1097 1026//1096 1023//1092
f 1025//1097 1023//1092 1022//1093
f 982//1094 1024//1095 1027//1098
f 1027//1098 981//1099 982//1094
f 1028//1101 1029//1100 1026//1096
f 1028//1101 1026//1096 1025//1097
f 981//1099 1027//1098 1030//1102
f 1030//1102 980//1103 981//1099
f 1031//1105 1032//1104 1029//1100
f 1031//1105 1029//1100 1028//1101
f 1030//1102 1033//1107 979//1106
f 979//1106 980//1103 1030//1102
f 1035//1108 1032//1104 1031//1105
f 1034//1109 1035//1108 1031//1105
f 1033//1107 1036//1111 978//1110
f 978//1110 979//1106 1033//1107
f 1037//1113 1038//1112 1035//1108
f 1037//1113 1035//1108 1034//1109
f 978//1110 1036//1111 1039//1114
f 1039//1114 977//1115 978//1110
f 1041//1116 1038//1112 1037//1113
f 1040//1117 1041//1116 1037//1113
f 1039//1114 1042//1119 976//1118
f 976//1118 977//1115 1039//1114
f 1043//1121 1044//1120 1041//1116
f 1043//1121 1041//1116 1040//1117
f 1042//1119 1045//1123 975//1122
f 975//1122 976//1118 1042//1119
f 1047//1124 1044//1120 1043//1121
f 1046//1125 1047//1124 1043//1121
f 975//1122 1045//1123 1048//1126
f 1048//1126 974//1127 975//1122
f 1050//1128 1047//1124 1046//1125
f 1049//1129 1050//1128 1046//1125
f 1048//1126 1051//1131 973//1130
f 973//1130 974//1127 1048//1126
f 1052//1133 1053//1132 1050//1128
f 1052//1133 1050//1128 1049//1129
f 1051//1131 1054//1135 972//1134
f 972//1134 973//1130 1051//1131
f 1055//1137 1056//1136 1053//1132
f 1055//1137 1053//1132 1052//1133
f 972//1134 1054//1135 1057//1138
f 1057//1138 971//1139 972//1134
f 1059//1140 1056//1136 1055//1137
f 1058//1141 1059//1140 1055//1137
f 971//1139 1057//1138 1060//1142
f 1060//1142 970//1143 971//1139
f 1062//1144 1059//1140 1058//1141
f 1061//1145 1062//1144 1058//1141
f 1060//1142 1063//1147 969//1146
f 969//1146 970//1143 1060//1142
f 1064//1149 1065//1148 1062//1144
f 1064//1149 1062//1144 1061//1145
f 1063//1147 1066//1151 968//1150
f 968//1150 969//1146 1063//1147
f 1068//1152 1065//1148 1064//1149
f 1067//1153 1068//1152 1064//1149
f 1066//1151 1069//1155 967//1154
f 967//1154 968//1150 1066//1151
f 1071//1156 1068//1152 1067//1153
f 1070//1157 1071//1156 1067//1153
f 1069//1155 1072//1159 966//1158
f 966//1158 967//1154 1069//1155
f 1074//1160 1071//1156 1070//1157
f 1073//1161 1074//1160 1070//1157
f 1072//1159 1075//1163 965//1162
f 965//1162 966//1158 1072//1159
f 1077//1164 1074//1160 1073//1161
f 1076//1165 1077//1164 1073//1161
f 965//1162 1075//1163 1078//1166
f 1078//1166 964//1167 965//1162
f 1079//1169 1080//1168 1077//1164
f 1079//1169 1077//1164 1076//1165
f 964//1167 1078//1166 1081//1170
f 1081//1170 963//1171 964//1167
f 994//1052 1080//1168 1079//1169
f 995//1055 994//1052 1079//1169
f 963//1171 1081//1170 997//1057
f 997//1057 962//1058 963//1171
f 994//1052 997//1057 1081//1170
f 994//1052 1081//1170 1080//1168
f 1081//1170 1078//1166 1077//1164
f 1080//1168 1081//1170 1077//1164
f 1078//1166 1075//1163 1074//1160
f 1077//1164 1078//1166 1074//1160
f 1074//1160 1075//1163 1072//1159
f 1074//1160 1072//1159 1071//1156
f 1071//1156 1072//1159 1069//1155
f 1071//1156 1069//1155 1068//1152
f 1068//1152 1069//1155 1066//1151
f 1068//1152 1066//1151 1065//1148
f 1066//1151 1063//1147 1062//1144
f 1065//1148 1066//1151 1062//1144
f 1063//1147 1060//1142 1059//1140
f 1062//1144 1063//1147 1059//1140
f 1059//1140 1060//1142 1057//1138
f 1059//1140 1057//1138 1056//1136
f 1057//1138 1054//1135 1053//1132
f 1056//1136 1057//1138 1053//1132
f 1053//1132 1054//1135 1051//1131
f 1053//1132 1051//1131 1050//1128
f 1050//1128 1051//1131 1048//1126
f 1050//1128 1048//1126 1047//1124
f 1047//1124 1048//1126 1045//1123
f 1047//1124 1045//1123 1044//1120
f 1044//1120 1045//1123 1042//1119
f 1044//1120 1042//1119 1041//1116
f 1042//1119 1039//1114 1038//1112
f 1041//1116 1042//1119 1038//1112
f 1038//1112 1039//1114 1036//1111
f 1038//1112 1036//1111 1035//1108
f 1036//1111 1033//1107 1032//1104
f 1035//1108 1036//1111 1032//1104
f 1033//1107 1030//1102 1029//1100
f 1032//1104 1033//1107 1029//1100
f 1030//1102 1027//1098 1026//1096
f 1029//1100 1030//1102 1026//1096
f 1026//1096 1027//1098 1024//1095
f 1026//1096 1024//1095 1023//1092
f 1023//1092 1024//1095 1021//1091
f 1023//1092 1021//1091 1020//1088
f 1021//1091 1018//1086 1017//1084
f 1020//1088 1021//1091 1017//1084
f 1017//1084 1018//1086 1015//1082
f 1017//1084 1015//1082 1014//1080
f 1014//1080 1015//1082 1012//1078
f 1014//1080 1012//1078 1011//1076
f 1012//1078 1009//1074 1008//1072
f 1011//1076 1012//1078 1008//1072
f 1009//1074 1006//1070 1005//1068
f 1008//1072 1009//1074 1005//1068
f 1005//1068 1006//1070 1003//1067
f 1005//1068 1003//1067 1002//1064
f 1002//1064 1003//1067 1000//1062
f 1002//1064 1000//1062 999//1060
f 999//1060 1000//1062 996//1056
f 999//1060 996//1056 993//1053
f 996//1056 997//1057 994//1052
f 993//1053 996//1056 994//1052
f 1079//1174 1083//1173 1082//1172
f 1082//1172 995//1175 1079//1174
f 1084//1176 1083//1173 1079//1174
f 1079//1174 1076//1177 1084//1176
f 1073//1179 1085//1178 1084//1176
f 1084//1176 1076//1177 1073//1179
f 1070//1181 1086//1180 1085//1178
f 1085//1178 1073//1179 1070//1181
f 1067//1183 1087//1182 1086//1180
f 1086//1180 1070//1181 1067//1183
f 1064//1185 1088//1184 1087//1182
f 1087//1182 1067//1183 1064//1185
f 1061//1187 1089//1186 1088//1184
f 1088//1184 1064//1185 1061//1187
f 1058//1189 1090//1188 1089//1186
f 1089//1186 1061//1187 1058//1189
f 1055//1191 1091//1190 1090//1188
f 1090//1188 1058//1189 1055//1191
f 1092//1192 1091//1190 1055//1191
f 1055//1191 1052//1193 1092//1192
f 1093//1194 1092//1192 1052//1193
f 1052//1193 1049//1195 1093//1194
f 1046//1197 1094//1196 1093//1194
f 1093//1194 1049//1195 1046//1197
f 1043//1199 1095//1198 1094//1196
f 1094//1196 1046//1197 1043//1199
f 1040//1201 1096//1200 1095//1198
f 1095//1198 1043//1199 1040//1201
f 1037//1203 1097//1202 1096//1200
f 1096//1200 1040//1201 1037//1203
f 1098//1204 1097//1202 1037//1203
f 1037//1203 1034//1205 1098//1204
f 1031//1207 1099//1206 1098//1204
f 1098//1204 1034//1205 1031//1207
f 1100//1208 1099//1206 1031//1207
f 1031//1207 1028//1209 1100//1208
f 1101//1210 1100//1208 1028//1209
f 1028//1209 1025//1211 1101//1210
f 1102//1212 1101//1210 1025//1211
f 1025//1211 1022//1213 1102//1212
f 1019//1215 1103//1214 1102//1212
f 1102//1212 1022//1213 1019//1215
f 1104//1216 1103//1214 1019//1215
f 1019//1215 1016//1217 1104//1216
f 1105//1218 1104//1216 1016//1217
f 1016//1217 1013//1219 1105//1218
f 1106//1220 1105//1218 1013//1219
f 1013//1219 1010//1221 1106//1220
f 1007//1223 1107//1222 1106//1220
f 1106//1220 1010//1221 1007//1223
f 1004//1225 1108//1224 1107//1222
f 1107//1222 1007//1223 1004//1225
f 1001//1227 1109//1226 1108//1224
f 1108//1224 1004//1225 1001//1227
f 1110//1228 1109//1226 1001//1227
f 1001//1227 998//1229 1110//1228
f 1111//1230 1110//1228 998//1229
f 998//1229 992//1231 1111//1230
f 1082//1172 1111//1230 992//1231
f 992//1231 995//1175 1082//1172
f 1113//1234 481//1233 510//1232
f 510//1232 1112//1235 1113//1234
f 1115//1237 1114//1236 1111//1230
f 1111//1230 1082//1172 1115//1237
f 510//1232 509//1239 1116//1238
f 1116//1238 1112//1235 510//1232
f 1111//1230 1114//1236 1117//1240
f 1117//1240 1110//1228 1111//1230
f 1116//1238 509//1239 508//1241
f 508//1241 1118//1242 1116//1238
f 1110//1228 1117//1240 1119//1243
f 1119//1243 1109//1226 1110//1228
f 1118//1242 508//1241 507//1244
f 507//1244 1120//1245 1118//1242
f 1119//1243 1121//1246 1108//1224
f 1108//1224 1109//1226 1119//1243
f 1120//1245 507//1244 506//1247
f 506//1247 1122//1248 1120//1245
f 1121//1246 1123//1249 1107//1222
f 1107//1222 1108//1224 1121//1246
f 1122//1248 506//1247 505//1250
f 505//1250 1124//1251 1122//1248
f 1123//1249 1125//1252 1106//1220
f 1106//1220 1107//1222 1123//1249
f 1124//1251 505//1250 504//1253
f 504//1253 1126//1254 1124//1251
f 1106//1220 1125//1252 1127//1255
f 1127//1255 1105//1218 1106//1220
f 504//1253 503//1257 1128//1256
f 1128//1256 1126//1254 504//1253
f 1127//1255 1129//1258 1104//1216
f 1104//1216 1105//1218 1127//1255
f 503//1257 502//1260 1130//1259
f 1130//1259 1128//1256 503//1257
f 1129//1258 1131//1261 1103//1214
f 1103//1214 1104//1216 1129//1258
f 502//1260 501//1263 1132//1262
f 1132//1262 1130//1259 502//1260
f 1131//1261 1133//1264 1102//1212
f 1102//1212 1103//1214 1131//1261
f 1132//1262 501//1263 500//1265
f 500//1265 1134//1266 1132//1262
f 1133//1264 1135//1267 1101//1210
f 1101//1210 1102//1212 1133//1264
f 500//1265 499//1269 1136//1268
f 1136//1268 1134//1266 500//1265
f 1101//1210 1135//1267 1137//1270
f 1137//1270 1100//1208 1101//1210
f 499//1269 498//1272 1138//1271
f 1138//1271 1136//1268 499//1269
f 1100//1208 1137//1270 1139//1273
f 1139//1273 1099//1206 1100//1208
f 1138//1271 498//1272 497//1274
f 497//1274 1140//1275 1138//1271
f 1139//1273 1141//1276 1098//1204
f 1098//1204 1099//1206 1139//1273
f 1140//1275 497//1274 496//1277
f 496//1277 1142//1278 1140//1275
f 1141//1276 1143//1279 1097//1202
f 1097//1202 1098//1204 1141//1276
f 496//1277 495//1281 1144//1280
f 1144//1280 1142//1278 496//1277
f 1097//1202 1143//1279 1145//1282
f 1145//1282 1096//1200 1097//1202
f 495//1281 494//1284 1146//1283
f 1146//1283 1144//1280 495//1281
f 1145//1282 1147//1285 1095//1198
f 1095//1198 1096//1200 1145//1282
f 494//1284 493//1287 1148//1286
f 1148//1286 1146//1283 494//1284
f 1147//1285 1149//1288 1094//1196
f 1094//1196 1095//1198 1147//1285
f 493//1287 492//1290 1150//1289
f 1150//1289 1148//1286 493//1287
f 1149//1288 1151//1291 1093//1194
f 1093//1194 1094//1196 1149//1288
f 492//1290 491//1293 1152//1292
f 1152//1292 1150//1289 492//1290
f 1093//1194 1151//1291 1153//1294
f 1153//1294 1092//1192 1093//1194
f 1152//1292 491//1293 490//1295
f 490//1295 1154//1296 1152//1292
f 1092//1192 1153//1294 1155//1297
f 1155//1297 1091//1190 1092//1192
f 490//1295 489//1299 1156//1298
f 1156//1298 1154//1296 490//1295
f 1091//1190 1155//1297 1157//1300
f 1157//1300 1090//1188 1091//1190
f 1156//1298 489//1299 488//1301
f 488//1301 1158//1302 1156//1298
f 1090//1188 1157//1300 1159//1303
f 1159//1303 1089//1186 1090//1188
f 1158//1302 488//1301 487//1304
f 487//1304 1160//1305 1158//1302
f 1159//1303 1161//1306 1088//1184
f 1088//1184 1089//1186 1159//1303
f 1160//1305 487//1304 486//1307
f 486//1307 1162//1308 1160//1305
f 1161//1306 1163//1309 1087//1182
f 1087//1182 1088//1184 1161//1306
f 486//1307 485//1311 1164//1310
f 1164//1310 1162//1308 486//1307
f 1087//1182 1163//1309 1165//1312
f 1165//1312 1086//1180 1087//1182
f 1164//1310 485//1311 484//1313
f 484//1313 1166//1314 1164//1310
f 1086//1180 1165//1312 1167//1315
f 1167//1315 1085//1178 1086//1180
f 484//1313 483//1317 1168//1316
f 1168//1316 1166//1314 484//1313
f 1167//1315 1169//1318 1084//1176
f 1084//1176 1085//1178 1167//1315
f 1168//1316 483//1317 482//1319
f 482//1319 1170//1320 1168//1316
f 1169//1318 1171//1321 1083//1173
f 1083//1173 1084//1176 1169//1318
f 482//1319 481//1233 1113//1234
f 1113//1234 1170//1320 482//1319
f 1083//1173 1171//1321 1115//1237
f 1115//1237 1082//1172 1083//1173
f 1170//1320 1113//1234 1115//1237
f 1115//1237 1171//1321 1170//1320
f 1169//1318 1168//1316 1170//1320
f 1170//1320 1171//1321 1169//1318
f 1166//1314 1168//1316 1169//1318
f 1169//1318 1167//1315 1166//1314
f 1165//1312 1164//1310 1166//1314
f 1166//1314 1167//1315 1165//1312
f 1162//1308 1164//1310 1165//1312
f 1165//1312 1163//1309 1162//1308
f 1161//1306 1160//1305 1162//1308
f 1162//1308 1163//1309 1161//1306
f 1158//1302 1160//1305 1161//1306
f 1161//1306 1159//1303 1158//1302
f 1157//1300 1156//1298 1158//1302
f 1158//1302 1159//1303 1157//1300
f 1154//1296 1156//1298 1157//1300
f 1157//1300 1155//1297 1154//1296
f 1153//1294 1152//1292 1154//1296
f 1154//1296 1155//1297 1153//1294
f 1151//1291 1150//1289 1152//1292
f 1152//1292 1153//1294 1151//1291
f 1149//1288 1148//1286 1150//1289
f 1150//1289 1151//1291 1149//1288
f 1147//1285 1146//1283 1148//1286
f 1148//1286 1149//1288 1147//1285
f 1144//1280 1146//1283 1147//1285
f 1147//1285 1145//1282 1144//1280
f 1143//1279 1142//1278 1144//1280
f 1144//1280 1145//1282 1143//1279
f 1140//1275 1142//1278 1143//1279
f 1143//1279 1141//1276 1140//1275
f 1139//1273 1138//1271 1140//1275
f 1140//1275 1141//1276 1139//1273
f 1136//1268 1138//1271 1139//1273
f 1139//1273 1137//1270 1136//1268
f 1134//1266 1136//1268 1137//1270
f 1137//1270 1135//1267 1134//1266
f 1132//1262 1134//1266 1135//1267
f 1135//1267 1133//1264 1132//1262
f 1130//1259 1132//1262 1133//1264
f 1133//1264 1131//1261 1130//1259
f 1129//1258 1128//1256 1130//1259
f 1130//1259 1131//1261 1129//1258
f 1126//1254 1128//1256 1129//1258
f 1129//1258 1127//1255 1126//1254
f 1125//1252 1124//1251 1126//1254
f 1126//1254 1127//1255 1125//1252
f 1122//1248 1124//1251 1125//1252
f 1125//1252 1123//1249 1122//1248
f 1120//1245 1122//1248 1123//1249
f 1123//1249 1121//1246 1120//1245
f 1118//1242 1120//1245 1121//1246
f 1121//1246 1119//1243 1118//1242
f 1116//1238 1118//1242 1119//1243
f 1119//1243 1117//1240 1116//1238
f 1112//1235 1116//1238 1117//1240
f 1117//1240 1114//1236 1112//1235
f 1115//1237 1113//1234 1112//1235
f 1112//1235 1114//1236 1115//1237
f 1173//1324 1174//1323 1175//1322
f 1172//1325 1173//1324 1175//1322
f 1176//1328 1177//1327 1178//1326
f 1176//1328 1178//1326 1179//1329
f 1180//1332 780//1331 751//1330
f 1180//1332 751//1330 1181//1333
f 1183//1334 1173//1324 1172//1325
f 1182//1335 1183//1334 1172//1325
f 1184//1337 1185//1336 1177//1327
f 1184//1337 1177//1327 1176//1328
f 1186//1339 779//1338 780//1331
f 1186//1339 780//1331 1180//1332
f 1188//1340 1183//1334 1182//1335
f 1187//1341 1188//1340 1182//1335
f 1190//1342 1185//1336 1184//1337
f 1189//1343 1190//1342 1184//1337
f 1191//1345 778//1344 779//1338
f 1191//1345 779//1338 1186//1339
f 1193//1346 1188//1340 1187//1341
f 1192//1347 1193//1346 1187//1341
f 1195//1348 1190//1342 1189//1343
f 1194//1349 1195//1348 1189//1343
f 777//1350 778//1344 1191//1345
f 1196//1351 777//1350 1191//1345
f 1198//1352 1193//1346 1192//1347
f 1197//1353 1198//1352 1192//1347
f 1199//1355 1200//1354 1195//1348
f 1199//1355 1195//1348 1194//1349
f 776//1356 777//1350 1196//1351
f 1201//1357 776//1356 1196//1351
f 1202//1359 1203//1358 1198//1352
f 1202//1359 1198//1352 1197//1353
f 1204//1361 1205//1360 1200//1354
f 1204//1361 1200//1354 1199//1355
f 775//1362 776//1356 1201//1357
f 1206//1363 775//1362 1201//1357
f 1207//1365 1208//1364 1203//1358
f 1207//1365 1203//1358 1202//1359
f 1209//1367 1210//1366 1205//1360
f 1209//1367 1205//1360 1204//1361
f 1211//1369 774//1368 775//1362
f 1211//1369 775//1362 1206//1363
f 1213//1370 1208//1364 1207//1365
f 1212//1371 1213//1370 1207//1365
f 1214//1373 1215//1372 1210//1366
f 1214//1373 1210//1366 1209//1367
f 1216//1375 773//1374 774//1368
f 1216//1375 774//1368 1211//1369
f 1217//1377 1218//1376 1213//1370
f 1217//1377 1213//1370 1212//1371
f 1219//1379 1220//1378 1215//1372
f 1219//1379 1215//1372 1214//1373
f 772//1380 773//1374 1216//1375
f 1221//1381 772//1380 1216//1375
f 1222//1383 1223//1382 1218//1376
f 1222//1383 1218//1376 1217//1377
f 1224//1385 1225//1384 1220//1378
f 1224//1385 1220//1378 1219//1379
f 771//1386 772//1380 1221//1381
f 1226//1387 771//1386 1221//1381
f 1228//1388 1223//1382 1222//1383
f 1227//1389 1228//1388 1222//1383
f 1230//1390 1225//1384 1224//1385
f 1229//1391 1230//1390 1224//1385
f 770//1392 771//1386 1226//1387
f 1231//1393 770//1392 1226//1387
f 1233//1394 1228//1388 1227//1389
f 1232//1395 1233//1394 1227//1389
f 1235//1396 1230//1390 1229//1391
f 1234//1397 1235//1396 1229//1391
f 769//1398 770//1392 1231//1393
f 1236//1399 769//1398 1231//1393
f 1238//1400 1233//1394 1232//1395
f 1237//1401 1238//1400 1232//1395
f 1240//1402 1235//1396 1234//1397
f 1239//1403 1240//1402 1234//1397
f 768//1404 769//1398 1236//1399
f 1241//1405 768//1404 1236//1399
f 1242//1407 1243//1406 1238//1400
f 1242//1407 1238//1400 1237//1401
f 1244//1409 1245//1408 1240//1402
f 1244//1409 1240//1402 1239//1403
f 767//1410 768//1404 1241//1405
f 1246//1411 767//1410 1241//1405
f 1247//1413 1248//1412 1243//1406
f 1247//1413 1243//1406 1242//1407
f 1250//1414 1245//1408 1244//1409
f 1249//1415 1250//1414 1244//1409
f 766//1416 767//1410 1246//1411
f 1251//1417 766//1416 1246//1411
f 1253//1418 1248//1412 1247//1413
f 1252//1419 1253//1418 1247//1413
f 1254//1421 1255//1420 1250//1414
f 1254//1421 1250//1414 1249//1415
f 765//1422 766//1416 1251//1417
f 1256//1423 765//1422 1251//1417
f 1258//1424 1253//1418 1252//1419
f 1257//1425 1258//1424 1252//1419
f 1260//1426 1255//1420 1254//1421
f 1259//1427 1260//1426 1254//1421
f 1261//1429 764//1428 765//1422
f 1261//1429 765//1422 1256//1423
f 1262//1431 1263//1430 1258//1424
f 1262//1431 1258//1424 1257//1425
f 1264//1433 1265//1432 1260//1426
f 1264//1433 1260//1426 1259//1427
f 1266//1435 763//1434 764//1428
f 1266//1435 764//1428 1261//1429
f 1267//1437 1268//1436 1263//1430
f 1267//1437 1263//1430 1262//1431
f 1269//1439 1270//1438 1265//1432
f 1269//1439 1265//1432 1264//1433
f 762//1440 763//1434 1266//1435
f 1271//1441 762//1440 1266//1435
f 1272//1443 1273//1442 1268//1436
f 1272//1443 1268//1436 1267//1437
f 1274//1445 1275//1444 1270//1438
f 1274//1445 1270//1438 1269//1439
f 1276//1447 761//1446 762//1440
f 1276//1447 762//1440 1271//1441
f 1278//1448 1273//1442 1272//1443
f 1277//1449 1278//1448 1272//1443
f 1280//1450 1275//1444 1274//1445
f 1279//1451 1280//1450 1274//1445
f 1281//1453 760//1452 761//1446
f 1281//1453 761//1446 1276//1447
f 1283//1454 1278//1448 1277//1449
f 1282//1455 1283//1454 1277//1449
f 1285//1456 1280//1450 1279//1451
f 1284//1457 1285//1456 1279//1451
f 1286//1459 759//1458 760//1452
f 1286//1459 760//1452 1281//1453
f 1287//1461 1288//1460 1283//1454
f 1287//1461 1283//1454 1282//1455
f 1290//1462 1285//1456 1284//1457
f 1289//1463 1290//1462 1284//1457
f 758//1464 759//1458 1286//1459
f 1291//1465 758//1464 1286//1459
f 1293//1466 1288//1460 1287//1461
f 1292//1467 1293//1466 1287//1461
f 1295//1468 1290//1462 1289//1463
f 1294//1469 1295//1468 1289//1463
f 1296//1471 757//1470 758//1464
f 1296//1471 758//1464 1291//1465
f 1298//1472 1293//1466 1292//1467
f 1297//1473 1298//1472 1292//1467
f 1300//1474 1295//1468 1294//1469
f 1299//1475 1300//1474 1294//1469
f 1301//1477 756//1476 757//1470
f 1301//1477 757//1470 1296//1471
f 1302//1479 1303//1478 1298//1472
f 1302//1479 1298//1472 1297//1473
f 1305//1480 1300//1474 1299//1475
f 1304//1481 1305//1480 1299//1475
f 1306//1483 755//1482 756//1476
f 1306//1483 756//1476 1301//1477
f 1307//1485 1308//1484 1303//1478
f 1307//1485 1303//1478 1302//1479
f 1310//1486 1305//1480 1304//1481
f 1309//1487 1310//1486 1304//1481
f 1311//1489 754//1488 755//1482
f 1311//1489 755//1482 1306//1483
f 1312//1491 1313//1490 1308//1484
f 1312//1491 1308//1484 1307//1485
f 1314//1493 1315//1492 1310//1486
f 1314//1493 1310//1486 1309//1487
f 753//1494 754//1488 1311//1489
f 1316//1495 753//1494 1311//1489
f 1317//1497 1318//1496 1313//1490
f 1317//1497 1313//1490 1312//1491
f 1320//1498 1315//1492 1314//1493
f 1319//1499 1320//1498 1314//1493
f 752//1500 753//1494 1316//1495
f 1321//1501 752//1500 1316//1495
f 1175//1322 1174//1323 1318//1496
f 1175//1322 1318//1496 1317//1497
f 1178//1326 1320//1498 1319//1499
f 1179//1329 1178//1326 1319//1499
f 1181//1333 751//1330 752//1500
f 1181//1333 752//1500 1321//1501
f 1178//1326 1181//1333 1321//1501
f 1178//1326 1321//1501 1320//1498
f 1179//1329 1319//1499 1318//1496
f 1174//1323 1179//1329 1318//1496
f 1320//1498 1321//1501 1316//1495
f 1320//1498 1316//1495 1315//1492
f 1318//1496 1319//1499 1314//1493
f 1318//1496 1314//1493 1313//1490
f 1315//1492 1316//1495 1311//1489
f 1315//1492 1311//1489 1310//1486
f 1314//1493 1309//1487 1308//1484
f 1313//1490 1314//1493 1308//1484
f 1311//1489 1306//1483 1305//1480
f 1310//1486 1311//1489 1305//1480
f 1308//1484 1309//1487 1304//1481
f 1308//1484 1304//1481 1303//1478
f 1306//1483 1301//1477 1300//1474
f 1305//1480 1306//1483 1300//1474
f 1303//1478 1304//1481 1299//1475
f 1303//1478 1299//1475 1298//1472
f 1301//1477 1296//1471 1295//1468
f 1300//1474 1301//1477 1295//1468
f 1298//1472 1299//1475 1294//1469
f 1298//1472 1294//1469 1293//1466
f 1296//1471 1291//1465 1290//1462
f 1295//1468 1296//1471 1290//1462
f 1293//1466 1294//1469 1289//1463
f 1293//1466 1289//1463 1288//1460
f 1291//1465 1286//1459 1285//1456
f 1290//1462 1291//1465 1285//1456
f 1288//1460 1289//1463 1284//1457
f 1288//1460 1284//1457 1283//1454
f 1285//1456 1286//1459 1281//1453
f 1285//1456 1281//1453 1280//1450
f 1283//1454 1284//1457 1279//1451
f 1283//1454 1279//1451 1278//1448
f 1280//1450 1281//1453 1276//1447
f 1280//1450 1276//1447 1275//1444
f 1278//1448 1279//1451 1274//1445
f 1278//1448 1274//1445 1273//1442
f 1275//1444 1276//1447 1271//1441
f 1275//1444 1271//1441 1270//1438
f 1274//1445 1269//1439 1268//1436
f 1273//1442 1274//1445 1268//1436
f 1271//1441 1266//1435 1265//1432
f 1270//1438 1271//1441 1265//1432
f 1269//1439 1264//1433 1263//1430
f 1268//1436 1269//1439 1263//1430
f 1266//1435 1261//1429 1260//1426
f 1265//1432 1266//1435 1260//1426
f 1263//1430 1264//1433 1259//1427
f 1263//1430 1259//1427 1258//1424
f 1261//1429 1256//1423 1255//1420
f 1260//1426 1261//1429 1255//1420
f 1259//1427 1254//1421 1253//1418
f 1258//1424 1259//1427 1253//1418
f 1256//1423 1251//1417 1250//1414
f 1255//1420 1256//1423 1250//1414
f 1253//1418 1254//1421 1249//1415
f 1253//1418 1249//1415 1248//1412
f 1250//1414 1251//1417 1246//1411
f 1250//1414 1246//1411 1245//1408
f 1249//1415 1244//1409 1243//1406
f 1248//1412 1249//1415 1243//1406
f 1245//1408 1246//1411 1241//1405
f 1245//1408 1241//1405 1240//1402
f 1243//1406 1244//1409 1239//1403
f 1243//1406 1239//1403 1238//1400
f 1240//1402 1241//1405 1236//1399
f 1240//1402 1236//1399 1235//1396
f 1239//1403 1234//1397 1233//1394
f 1238//1400 1239//1403 1233//1394
f 1235//1396 1236//1399 1231//1393
f 1235//1396 1231//1393 1230//1390
f 1233//1394 1234//1397 1229//1391
f 1233//1394 1229//1391 1228//1388
f 1231//1393 1226//1387 1225//1384
f 1230//1390 1231//1393 1225//1384
f 1228//1388 1229//1391 1224//1385
f 1228//1388 1224//1385 1223//1382
f 1225//1384 1226//1387 1221//1381
f 1225//1384 1221//1381 1220//1378
f 1224//1385 1219//1379 1218//1376
f 1223//1382 1224//1385 1218//1376
f 1221//1381 1216//1375 1215//1372
f 1220//1378 1221//1381 1215//1372
f 1219//1379 1214//1373 1213//1370
f 1218//1376 1219//1379 1213//1370
f 1215//1372 1216//1375 1211//1369
f 1215//1372 1211//1369 1210//1366
f 1214//1373 1209//1367 1208//1364
f 1213//1370 1214//1373 1208//1364
f 1210//1366 1211//1369 1206//1363
f 1210//1366 1206//1363 1205//1360
f 1209//1367 1204//1361 1203//1358
f 1208//1364 1209//1367 1203//1358
f 1205//1360 1206//1363 1201//1357
f 1205//1360 1201//1357 1200//1354
f 1204//1361 1199//1355 1198//1352
f 1203//1358 1204//1361 1198//1352
f 1200//1354 1201//1357 1196//1351
f 1200//1354 1196//1351 1195//1348
f 1199//1355 1194//1349 1193//1346
f 1198//1352 1199//1355 1193//1346
f 1195//1348 1196//1351 1191//1345
f 1195//1348 1191//1345 1190//1342
f 1193//1346 1194//1349 1189//1343
f 1193//1346 1189//1343 1188//1340
f 1191//1345 1186//1339 1185//1336
f 1190//1342 1191//1345 1185//1336
f 1189//1343 1184//1337 1183//1334
f 1188//1340 1189//1343 1183//1334
f 1186//1339 1180//1332 1177//1327
f 1185//1336 1186//1339 1177//1327
f 1184//1337 1176//1328 1173//1324
f 1183//1334 1184//1337 1173//1324
f 1180//1332 1181//1333 1178//1326
f 1177//1327 1180//1332 1178//1326
f 1173//1324 1176//1328 1179//1329
f 1173//1324 1179//1329 1174//1323
f 11//861 807//859 784//791
f 784//791 19//792 11//861
f 1322//1502 807//859 10//860
f 1322//1502 10//860 7//1503
f 18//790 784//791 1323//1504
f 1323//1504 2//1505 18//790
f 1325//1508 1326//1507 1327//1506
f 1324//1509 1325//1508 1327//1506
f 1329//1510 1325//1508 1324//1509
f 1328//1511 1329//1510 1324//1509
f 1331//1512 1329//1510 1328//1511
f 1330//1513 1331//1512 1328//1511
f 1333//1514 1331//1512 1330//1513
f 1332//1515 1333//1514 1330//1513
f 1335//1516 1333//1514 1332//1515
f 1334//1517 1335//1516 1332//1515
f 1336//1519 1337//1518 1335//1516
f 1336//1519 1335//1516 1334//1517
f 1338//1521 1339//1520 1337//1518
f 1338//1521 1337//1518 1336//1519
f 1340//1523 1341//1522 1339//1520
f 1340//1523 1339//1520 1338//1521
f 1343//1524 1341//1522 1340//1523
f 1342//1525 1343//1524 1340//1523
f 1345//1526 1343//1524 1342//1525
f 1344//1527 1345//1526 1342//1525
f 1346//1529 1347//1528 1345//1526
f 1346//1529 1345//1526 1344//1527
f 1349//1530 1347//1528 1346//1529
f 1348//1531 1349//1530 1346//1529
f 1351//1532 1349//1530 1348//1531
f 1350//1533 1351//1532 1348//1531
f 1353//1534 1351//1532 1350//1533
f 1352//1535 1353//1534 1350//1533
f 1354//1537 1355//1536 1353//1534
f 1354//1537 1353//1534 1352//1535
f 1356//1539 1357//1538 1355//1536
f 1356//1539 1355//1536 1354//1537
f 1358//1541 1359//1540 1357//1538
f 1358//1541 1357//1538 1356//1539
f 1360//1543 1361//1542 1359//1540
f 1360//1543 1359//1540 1358//1541
f 1362//1545 1363//1544 1361//1542
f 1362//1545 1361//1542 1360//1543
f 1364//1547 1365//1546 1363//1544
f 1364//1547 1363//1544 1362//1545
f 1366//1549 1367//1548 1365//1546
f 1366//1549 1365//1546 1364//1547
f 1368//1551 1369//1550 1367//1548
f 1368//1551 1367//1548 1366//1549
f 1371//1552 1369//1550 1368//1551
f 1370//1553 1371//1552 1368//1551
f 1373//1554 1371//1552 1370//1553
f 1372//1555 1373//1554 1370//1553
f 1375//1556 1373//1554 1372//1555
f 1374//1557 1375//1556 1372//1555
f 1376//1559 1377//1558 1375//1556
f 1376//1559 1375//1556 1374//1557
f 1378//1561 1379//1560 1377//1558
f 1378//1561 1377//1558 1376//1559
f 1380//1563 1381//1562 1379//1560
f 1380//1563 1379//1560 1378//1561
f 1382//1565 1383//1564 1381//1562
f 1382//1565 1381//1562 1380//1563
f 1327//1506 1326//1507 1383//1564
f 1327//1506 1383//1564 1382//1565
f 1385//1568 1386//1567 1387//1566
f 1384//1569 1385//1568 1387//1566
f 1388//1571 1389//1570 1385//1568
f 1388//1571 1385//1568 1384//1569
f 1391//1572 1389//1570 1388//1571
f 1390//1573 1391//1572 1388//1571
f 1392//1575 1393//1574 1391//1572
f 1392//1575 1391//1572 1390//1573
f 1395//1576 1393//1574 1392//1575
f 1394//1577 1395//1576 1392//1575
f 1397//1578 1395//1576 1394//1577
f 1396//1579 1397//1578 1394//1577
f 1399//1580 1397//1578 1396//1579
f 1398//1581 1399//1580 1396//1579
f 1400//1583 1401//1582 1399//1580
f 1400//1583 1399//1580 1398//1581
f 1403//1584 1401//1582 1400//1583
f 1402//1585 1403//1584 1400//1583
f 1404//1587 1405//1586 1403//1584
f 1404//1587 1403//1584 1402//1585
f 1407//1588 1405//1586 1404//1587
f 1406//1589 1407//1588 1404//1587
f 1409//1590 1407//1588 1406//1589
f 1408//1591 1409//1590 1406//1589
f 1411//1592 1409//1590 1408//1591
f 1410//1593 1411//1592 1408//1591
f 1412//1595 1413//1594 1411//1592
f 1412//1595 1411//1592 1410//1593
f 1415//1596 1413//1594 1412//1595
f 1414//1597 1415//1596 1412//1595
f 1416//1599 1417//1598 1415//1596
f 1416//1599 1415//1596 1414//1597
f 1419//1600 1417//1598 1416//1599
f 1418//1601 1419//1600 1416//1599
f 1420//1603 1421//1602 1419//1600
f 1420//1603 1419//1600 1418//1601
f 1423//1604 1421//1602 1420//1603
f 1422//1605 1423//1604 1420//1603
f 1424//1607 1425//1606 1423//1604
f 1424//1607 1423//1604 1422//1605
f 1426//1609 1427//1608 1425//1606
f 1426//1609 1425//1606 1424//1607
f 1428//1611 1429//1610 1427//1608
f 1428//1611 1427//1608 1426//1609
f 1431//1612 1429//1610 1428//1611
f 1430//1613 1431//1612 1428//1611
f 1432//1615 1433//1614 1431//1612
f 1432//1615 1431//1612 1430//1613
f 1434//1617 1435//1616 1433//1614
f 1434//1617 1433//1614 1432//1615
f 1436//1619 1437//1618 1435//1616
f 1436//1619 1435//1616 1434//1617
f 1438//1621 1439//1620 1437//1618
f 1438//1621 1437//1618 1436//1619
f 1440//1623 1441//1622 1439//1620
f 1440//1623 1439//1620 1438//1621
f 1443//1624 1441//1622 1440//1623
f 1442//1625 1443//1624 1440//1623
f 1387//1566 1386//1567 1443//1624
f 1387//1566 1443//1624 1442//1625
f 1386//1567 1327//1506 1382//1565
f 1386//1567 1382//1565 1443//1624
f 1387//1566 1442//1625 1445//1626
f 1444//1627 1387//1566 1445//1626
f 1382//1565 1380//1563 1441//1622
f 1443//1624 1382//1565 1441//1622
f 1445//1626 1442//1625 1440//1623
f 1445//1626 1440//1623 1446//1628
f 1380//1563 1378//1561 1439//1620
f 1441//1622 1380//1563 1439//1620
f 1446//1628 1440//1623 1438//1621
f 1446//1628 1438//1621 1447//1629
f 1378//1561 1376//1559 1437//1618
f 1439//1620 1378//1561 1437//1618
f 1438//1621 1436//1619 1448//1630
f 1447//1629 1438//1621 1448//1630
f 1376//1559 1374//1557 1435//1616
f 1437//1618 1376//1559 1435//1616
f 1448//1630 1436//1619 1434//1617
f 1448//1630 1434//1617 1449//1631
f 1374//1557 1372//1555 1433//1614
f 1435//1616 1374//1557 1433//1614
f 1434//1617 1432//1615 1450//1632
f 1449//1631 1434//1617 1450//1632
f 1372//1555 1370//1553 1431//1612
f 1433//1614 1372//1555 1431//1612
f 1450//1632 1432//1615 1430//1613
f 1450//1632 1430//1613 1451//1633
f 1370//1553 1368//1551 1429//1610
f 1431//1612 1370//1553 1429//1610
f 1451//1633 1430//1613 1428//1611
f 1451//1633 1428//1611 1452//1634
f 1368//1551 1366//1549 1427//1608
f 1429//1610 1368//1551 1427//1608
f 1428//1611 1426//1609 1453//1635
f 1452//1634 1428//1611 1453//1635
f 1427//1608 1366//1549 1364//1547
f 1427//1608 1364//1547 1425//1606
f 1453//1635 1426//1609 1424//1607
f 1453//1635 1424//1607 1454//1636
f 1364//1547 1362//1545 1423//1604
f 1425//1606 1364//1547 1423//1604
f 1454//1636 1424//1607 1422//1605
f 1454//1636 1422//1605 1455//1637
f 1362//1545 1360//1543 1421//1602
f 1423//1604 1362//1545 1421//1602
f 1422//1605 1420//1603 1456//1638
f 1455//1637 1422//1605 1456//1638
f 1360//1543 1358//1541 1419//1600
f 1421//1602 1360//1543 1419//1600
f 1456//1638 1420//1603 1418//1601
f 1456//1638 1418//1601 1457//1639
f 1358//1541 1356//1539 1417//1598
f 1419//1600 1358//1541 1417//1598
f 1418//1601 1416//1599 1458//1640
f 1457//1639 1418//1601 1458//1640
f 1417//1598 1356//1539 1354//1537
f 1417//1598 1354//1537 1415//1596
f 1416//1599 1414//1597 1459//1641
f 1458//1640 1416//1599 1459//1641
f 1354//1537 1352//1535 1413//1594
f 1415//1596 1354//1537 1413//1594
f 1459//1641 1414//1597 1412//1595
f 1459//1641 1412//1595 1460//1642
f 1413//1594 1352//1535 1350//1533
f 1413//1594 1350//1533 1411//1592
f 1460//1642 1412//1595 1410//1593
f 1460//1642 1410//1593 1461//1643
f 1411//1592 1350//1533 1348//1531
f 1411//1592 1348//1531 1409//1590
f 1410//1593 1408//1591 1462//1644
f 1461//1643 1410//1593 1462//1644
f 1409//1590 1348//1531 1346//1529
f 1409//1590 1346//1529 1407//1588
f 1462//1644 1408//1591 1406//1589
f 1462//1644 1406//1589 1463//1645
f 1407//1588 1346//1529 1344//1527
f 1407//1588 1344//1527 1405//1586
f 1406//1589 1404//1587 1464//1646
f 1463//1645 1406//1589 1464//1646
f 1405//1586 1344//1527 1342//1525
f 1405//1586 1342//1525 1403//1584
f 1404//1587 1402//1585 1465//1647
f 1464//1646 1404//1587 1465//1647
f 1403//1584 1342//1525 1340//1523
f 1403//1584 1340//1523 1401//1582
f 1465//1647 1402//1585 1400//1583
f 1465//1647 1400//1583 1466//1648
f 1401//1582 1340//1523 1338//1521
f 1401//1582 1338//1521 1399//1580
f 1400//1583 1398//1581 1467//1649
f 1466//1648 1400//1583 1467//1649
f 1399//1580 1338//1521 1336//1519
f 1399//1580 1336//1519 1397//1578
f 1398//1581 1396//1579 1468//1650
f 1467//1649 1398//1581 1468//1650
f 1397//1578 1336//1519 1334//1517
f 1397//1578 1334//1517 1395//1576
f 1396//1579 1394//1577 1469//1651
f 1468//1650 1396//1579 1469//1651
f 1395//1576 1334//1517 1332//1515
f 1395//1576 1332//1515 1393//1574
f 1394//1577 1392//1575 1470//1652
f 1469//1651 1394//1577 1470//1652
f 1393//1574 1332//1515 1330//1513
f 1393//1574 1330//1513 1391//1572
f 1470//1652 1392//1575 1390//1573
f 1470//1652 1390//1573 1471//1653
f 1391//1572 1330//1513 1328//1511
f 1391//1572 1328//1511 1389//1570
f 1390//1573 1388//1571 1472//1654
f 1471//1653 1390//1573 1472//1654
f 1389//1570 1328//1511 1324//1509
f 1389//1570 1324//1509 1385//1568
f 1388//1571 1384//1569 1473//1655
f 1472//1654 1388//1571 1473//1655
f 1385//1568 1324//1509 1327//1506
f 1385//1568 1327//1506 1386//1567
f 1473//1655 1384//1569 1387//1566
f 1473//1655 1387//1566 1444//1627
f 1473//1655 1444//1627 1475//1656
f 1474//1657 1473//1655 1475//1656
f 1472//1654 1473//1655 1474//1657
f 1476//1658 1472//1654 1474//1657
f 1477//1659 1471//1653 1472//1654
f 1477//1659 1472//1654 1476//1658
f 1478//1660 1470//1652 1471//1653
f 1478//1660 1471//1653 1477//1659
f 1479//1661 1469//1651 1470//1652
f 1479//1661 1470//1652 1478//1660
f 1480//1662 1468//1650 1469//1651
f 1480//1662 1469//1651 1479//1661
f 1481//1663 1467//1649 1468//1650
f 1481//1663 1468//1650 1480//1662
f 1466//1648 1467//1649 1481//1663
f 1482//1664 1466//1648 1481//1663
f 1465//1647 1466//1648 1482//1664
f 1483//1665 1465//1647 1482//1664
f 1484//1666 1464//1646 1465//1647
f 1484//1666 1465//1647 1483//1665
f 1485//1667 1463//1645 1464//1646
f 1485//1667 1464//1646 1484//1666
f 1486//1668 1462//1644 1463//1645
f 1486//1668 1463//1645 1485//1667
f 1487//1669 1461//1643 1462//1644
f 1487//1669 1462//1644 1486//1668
f 1488//1670 1460//1642 1461//1643
f 1488//1670 1461//1643 1487//1669
f 1489//1671 1459//1641 1460//1642
f 1489//1671 1460//1642 1488//1670
f 1490//1672 1458//1640 1459//1641
f 1490//1672 1459//1641 1489//1671
f 1457//1639 1458//1640 1490//1672
f 1491//1673 1457//1639 1490//1672
f 1456//1638 1457//1639 1491//1673
f 1492//1674 1456//1638 1491//1673
f 1455//1637 1456//1638 1492//1674
f 1493//1675 1455//1637 1492//1674
f 1454//1636 1455//1637 1493//1675
f 1494//1676 1454//1636 1493//1675
f 1453//1635 1454//1636 1494//1676
f 1495//1677 1453//1635 1494//1676
f 1496//1678 1452//1634 1453//1635
f 1496//1678 1453//1635 1495//1677
f 1497//1679 1451//1633 1452//1634
f 1497//1679 1452//1634 1496//1678
f 1450//1632 1451//1633 1497//1679
f 1498//1680 1450//1632 1497//1679
f 1449//1631 1450//1632 1498//1680
f 1499//1681 1449//1631 1498//1680
f 1448//1630 1449//1631 1499//1681
f 1500//1682 1448//1630 1499//1681
f 1447//1629 1448//1630 1500//1682
f 1501//1683 1447//1629 1500//1682
f 1446//1628 1447//1629 1501//1683
f 1502//1684 1446//1628 1501//1683
f 1503//1685 1445//1626 1446//1628
f 1503//1685 1446//1628 1502//1684
f 1444//1627 1445//1626 1503//1685
f 1475//1656 1444//1627 1503//1685
f 1475//1656 1503//1685 1505//1686
f 1504//1687 1475//1656 1505//1686
f 1503//1685 1502//1684 1506//1688
f 1505//1686 1503//1685 1506//1688
f 1506//1688 1502//1684 1501//1683
f 1506//1688 1501//1683 1507//1689
f 1507//1689 1501//1683 1500//1682
f 1507//1689 1500//1682 1508//1690
f 1508//1690 1500//1682 1499//1681
f 1508//1690 1499//1681 1509//1691
f 1509//1691 1499//1681 1498//1680
f 1509//1691 1498//1680 1510//1692
f 1498//1680 1497//1679 1511//1693
f 1510//1692 1498//1680 1511//1693
f 1511//1693 1497//1679 1496//1678
f 1511//1693 1496//1678 1512//1694
f 1496//1678 1495//1677 1513//1695
f 1512//1694 1496//1678 1513//1695
f 1513//1695 1495//1677 1494//1676
f 1513//1695 1494//1676 1514//1696
f 1514//1696 1494//1676 1493//1675
f 1514//1696 1493//1675 1515//1697
f 1493//1675 1492//1674 1516//1698
f 1515//1697 1493//1675 1516//1698
f 1516//1698 1492//1674 1491//1673
f 1516//1698 1491//1673 1517//1699
f 1491//1673 1490//1672 1518//1700
f 1517//1699 1491//1673 1518//1700
f 1490//1672 1489//1671 1519//1701
f 1518//1700 1490//1672 1519//1701
f 1519//1701 1489//1671 1488//1670
f 1519//1701 1488//1670 1520//1702
f 1520//1702 1488//1670 1487//1669
f 1520//1702 1487//1669 1521//1703
f 1487//1669 1486//1668 1522//1704
f 1521//1703 1487//1669 1522//1704
f 1522//1704 1486//1668 1485//1667
f 1522//1704 1485//1667 1523//1705
f 1485//1667 1484//1666 1524//1706
f 1523//1705 1485//1667 1524//1706
f 1484//1666 1483//1665 1525//1707
f 1524//1706 1484//1666 1525//1707
f 1525//1707 1483//1665 1482//1664
f 1525//1707 1482//1664 1526//1708
f 1482//1664 1481//1663 1527//1709
f 1526//1708 1482//1664 1527//1709
f 1527//1709 1481//1663 1480//1662
f 1527//1709 1480//1662 1528//1710
f 1480//1662 1479//1661 1529//1711
f 1528//1710 1480//1662 1529//1711
f 1479//1661 1478//1660 1530//1712
f 1529//1711 1479//1661 1530//1712
f 1478//1660 1477//1659 1531//1713
f 1530//1712 1478//1660 1531//1713
f 1477//1659 1476//1658 1532//1714
f 1531//1713 1477//1659 1532//1714
f 1476//1658 1474//1657 1533//1715
f 1532//1714 1476//1658 1533//1715
f 1533//1715 1474//1657 1475//1656
f 1533//1715 1475//1656 1504//1687
f 1534//1716 1533//1715 1504//1687
f 1534//1716 1504//1687 1535//1717
f 1536//1718 1532//1714 1533//1715
f 1536//1718 1533//1715 1534//1716
f 1531//1713 1532//1714 1536//1718
f 1537//1719 1531//1713 1536//1718
f 1538//1720 1530//1712 1531//1713
f 1538//1720 1531//1713 1537//1719
f 1529//1711 1530//1712 1538//1720
f 1539//1721 1529//1711 1538//1720
f 1540//1722 1528//1710 1529//1711
f 1540//1722 1529//1711 1539//1721
f 1527//1709 1528//1710 1540//1722
f 1541//1723 1527//1709 1540//1722
f 1526//1708 1527//1709 1541//1723
f 1542//1724 1526//1708 1541//1723
f 1543//1725 1525//1707 1526//1708
f 1543//1725 1526//1708 1542//1724
f 1544//1726 1524//1706 1525//1707
f 1544//1726 1525//1707 1543//1725
f 1523//1705 1524//1706 1544//1726
f 1545//1727 1523//1705 1544//1726
f 1546//1728 1522//1704 1523//1705
f 1546//1728 1523//1705 1545//1727
f 1547//1729 1521//1703 1522//1704
f 1547//1729 1522//1704 1546//1728
f 1520//1702 1521//1703 1547//1729
f 1548//1730 1520//1702 1547//1729
f 1549//1731 1519//1701 1520//1702
f 1549//1731 1520//1702 1548//1730
f 1518//1700 1519//1701 1549//1731
f 1550//1732 1518//1700 1549//1731
f 1551//1733 1517//1699 1518//1700
f 1551//1733 1518//1700 1550//1732
f 1516//1698 1517//1699 1551//1733
f 1552//1734 1516//1698 1551//1733
f 1515//1697 1516//1698 1552//1734
f 1553//1735 1515//1697 1552//1734
f 1554//1736 1514//1696 1515//1697
f 1554//1736 1515//1697 1553//1735
f 1513//1695 1514//1696 1554//1736
f 1555//1737 1513//1695 1554//1736
f 1556//1738 1512//1694 1513//1695
f 1556//1738 1513//1695 1555//1737
f 1557//1739 1511//1693 1512//1694
f 1557//1739 1512//1694 1556//1738
f 1510//1692 1511//1693 1557//1739
f 1558//1740 1510//1692 1557//1739
f 1559//1741 1509//1691 1510//1692
f 1559//1741 1510//1692 1558//1740
f 1560//1742 1508//1690 1509//1691
f 1560//1742 1509//1691 1559//1741
f 1507//1689 1508//1690 1560//1742
f 1561//1743 1507//1689 1560//1742
f 1562//1744 1506//1688 1507//1689
f 1562//1744 1507//1689 1561//1743
f 1505//1686 1506//1688 1562//1744
f 1563//1745 1505//1686 1562//1744
f 1504//1687 1505//1686 1563//1745
f 1535//1717 1504//1687 1563//1745
f 1535//1717 1563//1745 1565//1746
f 1564//1747 1535//1717 1565//1746
f 1565//1746 1563//1745 1562//1744
f 1565//1746 1562//1744 1566//1748
f 1562//1744 1561//1743 1567//1749
f 1566//1748 1562//1744 1567//1749
f 1567//1749 1561//1743 1560//1742
f 1567//1749 1560//1742 1568//1750
f 1560//1742 1559//1741 1569//1751
f 1568//1750 1560//1742 1569//1751
f 1559//1741 1558//1740 1570//1752
f 1569//1751 1559//1741 1570//1752
f 1570//1752 1558//1740 1557//1739
f 1570//1752 1557//1739 1571//1753
f 1557//1739 1556//1738 1572//1754
f 1571//1753 1557//1739 1572//1754
f 1556//1738 1555//1737 1573//1755
f 1572//1754 1556//1738 1573//1755
f 1555//1737 1554//1736 1574//1756
f 1573//1755 1555//1737 1574//1756
f 1574//1756 1554//1736 1553//1735
f 1574//1756 1553//1735 1575//1757
f 1575//1757 1553//1735 1552//1734
f 1575//1757 1552//1734 1576//1758
f 1576//1758 1552//1734 1551//1733
f 1576//1758 1551//1733 1577//1759
f 1551//1733 1550//1732 1578//1760
f 1577//1759 1551//1733 1578//1760
f 1550//1732 1549//1731 1579//1761
f 1578//1760 1550//1732 1579//1761
f 1579//1761 1549//1731 1548//1730
f 1579//1761 1548//1730 1580//1762
f 1580//1762 1548//1730 1547//1729
f 1580//1762 1547//1729 1581//1763
f 1547//1729 1546//1728 1582//1764
f 1581//1763 1547//1729 1582//1764
f 1546//1728 1545//1727 1583//1765
f 1582//1764 1546//1728 1583//1765
f 1545//1727 1544//1726 1584//1766
f 1583//1765 1545//1727 1584//1766
f 1584//1766 1544//1726 1543//1725
f 1584//1766 1543//1725 1585//1767
f 1543//1725 1542//1724 1586//1768
f 1585//1767 1543//1725 1586//1768
f 1586//1768 1542//1724 1541//1723
f 1586//1768 1541//1723 1587//1769
f 1541//1723 1540//1722 1588//1770
f 1587//1769 1541//1723 1588//1770
f 1588//1770 1540//1722 1539//1721
f 1588//1770 1539//1721 1589//1771
f 1589//1771 1539//1721 1538//1720
f 1589//1771 1538//1720 1590//1772
f 1538//1720 1537//1719 1591//1773
f 1590//1772 1538//1720 1591//1773
f 1591//1773 1537//1719 1536//1718
f 1591//1773 1536//1718 1592//1774
f 1536//1718 1534//1716 1593//1775
f 1592//1774 1536//1718 1593//1775
f 1593//1775 1534//1716 1535//1717
f 1593//1775 1535//1717 1564//1747
f 1593//1775 1564//1747 1595//1776
f 1594//1777 1593//1775 1595//1776
f 1596//1778 1592//1774 1593//1775
f 1596//1778 1593//1775 1594//1777
f 1597//1779 1591//1773 1592//1774
f 1597//1779 1592//1774 1596//1778
f 1590//1772 1591//1773 1597//1779
f 1598//1780 1590//1772 1597//1779
f 1599//1781 1589//1771 1590//1772
f 1599//1781 1590//1772 1598//1780
f 1588//1770 1589//1771 1599//1781
f 1600//1782 1588//1770 1599//1781
f 1601//1783 1587//1769 1588//1770
f 1601//1783 1588//1770 1600//1782
f 1586//1768 1587//1769 1601//1783
f 1602//1784 1586//1768 1601//1783
f 1603//1785 1585//1767 1586//1768
f 1603//1785 1586//1768 1602//1784
f 1584//1766 1585//1767 1603//1785
f 1604//1786 1584//1766 1603//1785
f 1605//1787 1583//1765 1584//1766
f 1605//1787 1584//1766 1604//1786
f 1606//1788 1582//1764 1583//1765
f 1606//1788 1583//1765 1605//1787
f 1581//1763 1582//1764 1606//1788
f 1607//1789 1581//1763 1606//1788
f 1608//1790 1580//1762 1581//1763
f 1608//1790 1581//1763 1607//1789
f 1579//1761 1580//1762 1608//1790
f 1609//1791 1579//1761 1608//1790
f 1610//1792 1578//1760 1579//1761
f 1610//1792 1579//1761 1609//1791
f 1577//1759 1578//1760 1610//1792
f 1611//1793 1577//1759 1610//1792
f 1612//1794 1576//1758 1577//1759
f 1612//1794 1577//1759 1611//1793
f 1613//1795 1575//1757 1576//1758
f 1613//1795 1576//1758 1612//1794
f 1574//1756 1575//1757 1613//1795
f 1614//1796 1574//1756 1613//1795
f 1615//1797 1573//1755 1574//1756
f 1615//1797 1574//1756 1614//1796
f 1572//1754 1573//1755 1615//1797
f 1616//1798 1572//1754 1615//1797
f 1617//1799 1571//1753 1572//1754
f 1617//1799 1572//1754 1616//1798
f 1570//1752 1571//1753 1617//1799
f 1618//1800 1570//1752 1617//1799
f 1619//1801 1569//1751 1570//1752
f 1619//1801 1570//1752 1618//1800
f 1568//1750 1569//1751 1619//1801
f 1620//1802 1568//1750 1619//1801
f 1621//1803 1567//1749 1568//1750
f 1621//1803 1568//1750 1620//1802
f 1566//1748 1567//1749 1621//1803
f 1622//1804 1566//1748 1621//1803
f 1565//1746 1566//1748 1622//1804
f 1623//1805 1565//1746 1622//1804
f 1595//1776 1564//1747 1565//1746
f 1595//1776 1565//1746 1623//1805
f 1624//1806 1595//1776 1623//1805
f 1624//1806 1623//1805 1622//1804
f 1624//1806 1622//1804 1621//1803
f 1624//1806 1621//1803 1620//1802
f 1624//1806 1620//1802 1619//1801
f 1624//1806 1619//1801 1618//1800
f 1624//1806 1618//1800 1617//1799
f 1624//1806 1617//1799 1616//1798
f 1624//1806 1616//1798 1615//1797
f 1624//1806 1615//1797 1614//1796
f 1624//1806 1614//1796 1613//1795
f 1624//1806 1613//1795 1612//1794
f 1624//1806 1612//1794 1611//1793
f 1624//1806 1611//1793 1610//1792
f 1624//1806 1610//1792 1609//1791
f 1624//1806 1609//1791 1608//1790
f 1624//1806 1608//1790 1607//1789
f 1624//1806 1607//1789 1606//1788
f 1624//1806 1606//1788 1605//1787
f 1624//1806 1605//1787 1604//1786
f 1624//1806 1604//1786 1603//1785
f 1624//1806 1603//1785 1602//1784
f 1624//1806 1602//1784 1601//1783
f 1624//1806 1601//1783 1600//1782
f 1624//1806 1600//1782 1599//1781
f 1624//1806 1599//1781 1598//1780
f 1624//1806 1598//1780 1597//1779
f 1624//1806 1597//1779 1596//1778
f 1624//1806 1596//1778 1594//1777
f 1624//1806 1594//1777 1595//1776
f 796//826 1282//1455 1277//1449
f 1277//1449 795//824 796//826
f 1626//1807 1367//1548 1369//1550
f 1369//1550 1625//1808 1626//1807
f 797//829 1272//1443 1267//1437
f 1267//1437 794//821 797//829
f 1628//1809 1363//1544 1365//1546
f 1365//1546 1627//1810 1628//1809
f 1262//1431 1257//1425 793//818
f 1262//1431 793//818 798//832
f 1359//1540 1361//1542 1629//1811
f 1359//1540 1629//1811 1630//1812
f 799//835 1252//1419 1247//1413
f 1247//1413 792//815 799//835
f 1355//1536 1357//1538 1631//1813
f 1355//1536 1631//1813 1632//1814
f 800//838 1242//1407 1237//1401
f 1237//1401 791//812 800//838
f 1351//1532 1353//1534 1633//1815
f 1351//1532 1633//1815 1634//1816
f 801//841 1232//1395 1227//1389
f 1227//1389 790//809 801//841
f 1347//1528 1349//1530 1635//1817
f 1347//1528 1635//1817 1636//1818
f 1222//1383 1217//1377 789//806
f 1222//1383 789//806 802//844
f 1638//1819 1343//1524 1345//1526
f 1345//1526 1637//1820 1638//1819
f 1212//1371 1207//1365 788//803
f 1212//1371 788//803 803//847
f 1339//1520 1341//1522 1639//1821
f 1339//1520 1639//1821 1640//1822
f 804//850 1202//1359 1197//1353
f 1197//1353 787//800 804//850
f 1335//1516 1337//1518 1641//1823
f 1335//1516 1641//1823 1642//1824
f 1192//1347 1187//1341 786//797
f 1192//1347 786//797 805//853
f 1644//1825 1331//1512 1333//1514
f 1333//1514 1643//1826 1644//1825
f 1182//1335 1172//1325 785//794
f 1182//1335 785//794 806//856
f 1325//1508 1329//1510 1645//1827
f 1325//1508 1645//1827 1646//1828
f 807//859 1175//1322 1317//1497
f 1317//1497 784//791 807//859
f 1383//1564 1326//1507 1322//1502
f 1383//1564 1322//1502 1323//1504
f 1312//1491 1307//1485 783//788
f 1312//1491 783//788 808//862
f 1379//1560 1381//1562 1647//1829
f 1379//1560 1647//1829 1648//1830
f 1302//1479 1297//1473 782//785
f 1302//1479 782//785 809//865
f 1650//1831 1375//1556 1377//1558
f 1377//1558 1649//1832 1650//1831
f 1292//1467 1287//1461 781//782
f 1292//1467 781//782 810//868
f 1652//1833 1371//1552 1373//1554
f 1373//1554 1651//1834 1652//1833
f 1383//1564 1317//1497 1312//1491
f 1383//1564 1312//1491 1381//1562
f 1307//1485 1302//1479 1377//1558
f 1379//1560 1307//1485 1377//1558
f 1297//1473 1292//1467 1373//1554
f 1375//1556 1297//1473 1373//1554
f 1371//1552 1287//1461 1282//1455
f 1371//1552 1282//1455 1369//1550
f 1367//1548 1277//1449 1272//1443
f 1367//1548 1272//1443 1365//1546
f 1267//1437 1262//1431 1361//1542
f 1363//1544 1267//1437 1361//1542
f 1359//1540 1257//1425 1252//1419
f 1359//1540 1252//1419 1357//1538
f 1247//1413 1242//1407 1353//1534
f 1355//1536 1247//1413 1353//1534
f 1351//1532 1237//1401 1232//1395
f 1351//1532 1232//1395 1349//1530
f 1347//1528 1227//1389 1222//1383
f 1347//1528 1222//1383 1345//1526
f 1217//1377 1212//1371 1341//1522
f 1343//1524 1217//1377 1341//1522
f 1207//1365 1202//1359 1337//1518
f 1339//1520 1207//1365 1337//1518
f 1335//1516 1197//1353 1192//1347
f 1335//1516 1192//1347 1333//1514
f 1331//1512 1187//1341 1182//1335
f 1331//1512 1182//1335 1329//1510
f 1325//1508 1172//1325 1175//1322
f 1325//1508 1175//1322 1326//1507
f 1373//1554 1292//1467 810//868
f 1373//1554 810//868 1651//1834
f 781//782 1287//1461 1371//1552
f 1371//1552 1652//1833 781//782
f 1377//1558 1302//1479 809//865
f 1377//1558 809//865 1649//1832
f 782//785 1297//1473 1375//1556
f 1375//1556 1650//1831 782//785
f 1381//1562 1312//1491 808//862
f 1381//1562 808//862 1647//1829
f 783//788 1307//1485 1379//1560
f 1379//1560 1648//1830 783//788
f 1326//1507 1175//1322 807//859
f 1326//1507 807//859 1322//1502
f 784//791 1317//1497 1383//1564
f 1383//1564 1323//1504 784//791
f 1329//1510 1182//1335 806//856
f 1329//1510 806//856 1645//1827
f 785//794 1172//1325 1325//1508
f 1325//1508 1646//1828 785//794
f 1333//1514 1192//1347 805//853
f 1333//1514 805//853 1643//1826
f 786//797 1187//1341 1331//1512
f 1331//1512 1644//1825 786//797
f 1337//1518 1202//1359 804//850
f 1337//1518 804//850 1641//1823
f 787//800 1197//1353 1335//1516
f 1335//1516 1642//1824 787//800
f 1341//1522 1212//1371 803//847
f 1341//1522 803//847 1639//1821
f 788//803 1207//1365 1339//1520
f 1339//1520 1640//1822 788//803
f 1345//1526 1222//1383 802//844
f 1345//1526 802//844 1637//1820
f 789//806 1217//1377 1343//1524
f 1343//1524 1638//1819 789//806
f 1349//1530 1232//1395 801//841
f 1349//1530 801//841 1635//1817
f 790//809 1227//1389 1347//1528
f 1347//1528 1636//1818 790//809
f 1353//1534 1242//1407 800//838
f 1353//1534 800//838 1633//1815
f 791//812 1237//1401 1351//1532
f 1351//1532 1634//1816 791//812
f 1357//1538 1252//1419 799//835
f 1357//1538 799//835 1631//1813
f 792//815 1247//1413 1355//1536
f 1355//1536 1632//1814 792//815
f 1361//1542 1262//1431 798//832
f 1361//1542 798//832 1629//1811
f 793//818 1257//1425 1359//1540
f 1359//1540 1630//1812 793//818
f 1365//1546 1272//1443 797//829
f 1365//1546 797//829 1627//1810
f 794//821 1267//1437 1363//1544
f 1363//1544 1628//1809 794//821
f 1369//1550 1282//1455 796//826
f 1369//1550 796//826 1625//1808
f 795//824 1277//1449 1367//1548
f 1367//1548 1626//1807 795//824
f 31//864 808//862 783//788
f 783//788 39//789 31//864
f 1647//1829 808//862 30//863
f 1647//1829 30//863 27//1835
f 38//787 783//788 1648//1830
f 1648//1830 22//1836 38//787
f 51//867 809//865 782//785
f 782//785 59//786 51//867
f 1649//1832 809//865 50//866
f 1649//1832 50//866 47//1837
f 58//784 782//785 1650//1831
f 1650//1831 42//1838 58//784
f 71//870 810//868 781//782
f 781//782 79//783 71//870
f 1651//1834 810//868 70//869
f 1651//1834 70//869 67//1839
f 78//781 781//782 1652//1833
f 1652//1833 62//1840 78//781
f 796//826 795//824 99//825
f 796//826 99//825 91//828
f 1625//1808 796//826 90//827
f 1625//1808 90//827 87//1841
f 98//823 795//824 1626//1807
f 1626//1807 82//1842 98//823
f 111//831 797//829 794//821
f 794//821 119//822 111//831
f 1627//1810 797//829 110//830
f 1627//1810 110//830 107//1843
f 118//820 794//821 1628//1809
f 1628//1809 102//1844 118//820
f 131//834 798//832 793//818
f 793//818 139//819 131//834
f 1629//1811 798//832 130//833
f 1629//1811 130//833 127//1845
f 138//817 793//818 1630//1812
f 1630//1812 122//1846 138//817
f 799//835 792//815 159//816
f 799//835 159//816 151//837
f 1631//1813 799//835 150//836
f 1631//1813 150//836 147//1847
f 158//814 792//815 1632//1814
f 1632//1814 142//1848 158//814
f 800//838 791//812 179//813
f 800//838 179//813 171//840
f 1633//1815 800//838 170//839
f 1633//1815 170//839 167//1849
f 178//811 791//812 1634//1816
f 1634//1816 162//1850 178//811
f 801//841 790//809 199//810
f 801//841 199//810 191//843
f 1635//1817 801//841 190//842
f 1635//1817 190//842 187//1851
f 198//808 790//809 1636//1818
f 1636//1818 182//1852 198//808
f 802//844 789//806 219//807
f 802//844 219//807 211//846
f 1637//1820 802//844 210//845
f 1637//1820 210//845 207//1853
f 218//805 789//806 1638//1819
f 1638//1819 202//1854 218//805
f 231//849 803//847 788//803
f 788//803 239//804 231//849
f 1639//1821 803//847 230//848
f 1639//1821 230//848 227//1855
f 238//802 788//803 1640//1822
f 1640//1822 222//1856 238//802
f 804//850 787//800 259//801
f 804//850 259//801 251//852
f 1641//1823 804//850 250//851
f 1641//1823 250//851 247//1857
f 258//799 787//800 1642//1824
f 1642//1824 242//1858 258//799
f 271//855 805//853 786//797
f 786//797 279//798 271//855
f 1643//1826 805//853 270//854
f 1643//1826 270//854 267//1859
f 278//796 786//797 1644//1825
f 1644//1825 262//1860 278//796
f 291//858 806//856 785//794
f 785//794 299//795 291//858
f 1645//1827 806//856 290//857
f 1645//1827 290//857 287//1861
f 298//793 785//794 1646//1828
f 1646//1828 282//1862 298//793
f 87//1841 86//1863 1625//1808
f 83//1864 82//1842 1626//1807
f 1626//1807 1625//1808 86//1863
f 1626//1807 86//1863 83//1864
f 107//1843 106//1865 1627//1810
f 103//1866 102//1844 1628//1809
f 1628//1809 1627//1810 106//1865
f 1628//1809 106//1865 103//1866
f 127//1845 126//1867 1629//1811
f 123//1868 122//1846 1630//1812
f 1630//1812 1629//1811 126//1867
f 1630//1812 126//1867 123//1868
f 147//1847 146//1869 1631//1813
f 143//1870 142//1848 1632//1814
f 143//1870 1632//1814 1631//1813
f 1631//1813 146//1869 143//1870
f 167//1849 166//1871 1633//1815
f 163//1872 162//1850 1634//1816
f 1634//1816 1633//1815 166//1871
f 1634//1816 166//1871 163//1872
f 187//1851 186//1873 1635//1817
f 183//1874 182//1852 1636//1818
f 183//1874 1636//1818 1635//1817
f 1635//1817 186//1873 183//1874
f 207//1853 206//1875 1637//1820
f 203//1876 202//1854 1638//1819
f 203//1876 1638//1819 1637//1820
f 1637//1820 206//1875 203//1876
f 227//1855 226//1877 1639//1821
f 223//1878 222//1856 1640//1822
f 223//1878 1640//1822 1639//1821
f 1639//1821 226//1877 223//1878
f 247//1857 246//1879 1641//1823
f 243//1880 242//1858 1642//1824
f 243//1880 1642//1824 1641//1823
f 1641//1823 246//1879 243//1880
f 267//1859 266//1881 1643//1826
f 263//1882 262//1860 1644//1825
f 263//1882 1644//1825 1643//1826
f 1643//1826 266//1881 263//1882
f 287//1861 286//1883 1645//1827
f 283//1884 282//1862 1646//1828
f 1646//1828 1645//1827 286//1883
f 1646//1828 286//1883 283//1884
f 7//1503 6//1885 1322//1502
f 3//1886 2//1505 1323//1504
f 1323//1504 1322//1502 6//1885
f 1323//1504 6//1885 3//1886
f 27//1835 26//1887 1647//1829
f 23//1888 22//1836 1648//1830
f 1648//1830 1647//1829 26//1887
f 1648//1830 26//1887 23//1888
f 47//1837 46//1889 1649//1832
f 43//1890 42//1838 1650//1831
f 43//1890 1650//1831 1649//1832
f 1649//1832 46//1889 43//1890
f 67//1839 66//1891 1651//1834
f 63//1892 62//1840 1652//1833
f 1652//1833 1651//1834 66//1891
f 1652//1833 66//1891 63//1892
