# Humvee FL wheel, origin at the hub
mtllib Humvee.mtl
v -6.415741 2.374820 -13.885159
v -5.530678 2.374820 -13.885136
v -5.542717 1.859538 -14.576275
v -6.403641 1.859538 -14.576298
v -6.952957 1.099618 -14.117519
v -6.952957 1.859538 -14.037663
v -6.403641 1.211639 -14.644398
v -6.952980 1.654800 -13.265301
v -6.952980 1.139339 -13.319477
v -6.515999 1.079198 -12.747211
v -6.515999 1.594642 -12.693035
v -6.415741 0.563918 -14.075504
v -5.542717 1.211639 -14.644375
v -6.415756 0.563918 -13.438343
v -5.530678 0.563918 -14.075481
v -5.530693 0.563918 -13.438313
v -6.415756 2.242358 -13.261944
v -5.530693 2.242358 -13.261921
v -5.430496 1.079198 -12.747173
v -5.430496 1.594642 -12.692997
v -6.415794 7.817039 -11.718822
v -5.530739 7.817039 -11.718800
v -5.542778 7.627418 -12.559780
v -6.403702 7.627418 -12.559795
v -6.952995 6.746600 -12.449718
v -6.953018 7.408321 -12.067677
v -6.403702 7.063220 -12.885517
v -6.953041 6.907142 -11.445438
v -6.953018 6.458301 -11.704578
v -6.516037 6.170581 -11.206242
v -6.516037 6.619418 -10.947079
v -6.415779 6.240119 -12.629253
v -5.542778 7.063220 -12.885494
v -6.415779 5.980960 -12.047176
v -5.530724 6.240119 -12.629215
v -5.530739 5.980960 -12.047161
v -6.415817 7.442538 -11.203342
v -5.530762 7.442519 -11.203342
v -5.430534 6.170581 -11.206219
v -5.430534 6.619418 -10.947056
v -6.415894 11.907619 -7.526218
v -5.530861 11.907619 -7.526203
v -5.542877 12.076438 -8.371578
v -6.403801 12.076438 -8.371593
v -6.953094 11.227019 -8.629314
v -6.953117 11.676120 -8.011150
v -6.403801 11.693519 -8.898663
v -6.953117 10.965179 -7.646534
v -6.953117 10.660560 -8.065838
v -6.516121 10.195022 -7.727596
v -6.516136 10.499637 -7.308315
v -6.415878 10.837340 -8.999340
v -5.542877 11.693519 -8.898640
v -6.415878 10.363841 -8.573002
v -5.530815 10.837340 -8.999325
v -5.530815 10.363841 -8.572979
v -6.415916 11.355819 -7.207615
v -5.530861 11.355819 -7.207577
v -5.430618 10.195022 -7.727581
v -5.430634 10.499637 -7.308277
v -6.416061 13.939281 -2.032276
v -5.530998 13.939281 -2.032238
v -5.543037 14.437339 -2.735897
v -6.403954 14.437339 -2.735912
v -6.953239 13.766177 -3.316853
v -6.953262 13.925040 -2.569477
v -6.403938 14.301898 -3.373180
v -6.953262 13.127238 -2.525539
v -6.953262 13.019481 -3.032475
v -6.516258 12.456638 -2.912861
v -6.516258 12.564399 -2.405895
v -6.416000 13.560680 -3.813374
v -5.543015 14.301898 -3.373158
v -6.416016 12.954700 -3.616497
v -5.530960 13.560680 -3.813335
v -5.530960 12.954700 -3.616482
v -6.416061 13.305598 -1.965679
v -5.530998 13.305598 -1.965656
v -5.430756 12.456638 -2.912838
v -5.430756 12.564399 -2.405857
v -6.416199 13.560680 3.813023
v -5.531158 13.560680 3.813061
v -5.543198 14.301898 3.372822
v -6.404121 14.301898 3.372799
v -6.953400 13.925040 2.569080
v -6.953415 13.766177 3.316486
v -6.404099 14.437339 2.735561
v -6.953400 13.019481 3.032101
v -6.953400 13.127238 2.525181
v -6.516403 12.564399 2.405544
v -6.516403 12.456638 2.912479
v -6.416161 13.939281 2.031925
v -5.543182 14.437339 2.735584
v -6.416161 13.305598 1.965321
v -5.531097 13.939281 2.031963
v -5.531097 13.305598 1.965336
v -6.416199 12.954700 3.616123
v -5.531143 12.954700 3.616138
v -5.430901 12.564399 2.405582
v -5.430901 12.456638 2.912502
v -6.416336 10.837340 8.998966
v -5.531281 10.837340 8.998981
v -5.543335 11.693519 8.898319
v -6.404259 11.693519 8.898304
v -6.953537 11.676120 8.010792
v -6.953560 11.227019 8.628971
v -6.404236 12.076438 8.371250
v -6.953537 10.660560 8.065464
v -6.953537 10.965179 7.646183
v -6.516518 10.499637 7.307972
v -6.516541 10.195022 7.727238
v -6.416298 11.907619 7.525837
v -5.543320 12.076438 8.371265
v -6.416298 11.355819 7.207264
v -5.531242 11.907619 7.525867
v -5.531242 11.355819 7.207310
v -6.416336 10.363841 8.572636
v -5.531281 10.363841 8.572666
v -5.431015 10.499637 7.308002
v -5.431015 10.195022 7.727253
v -6.416435 6.240119 12.628910
v -5.531380 6.240119 12.628941
v -5.543434 7.063220 12.885181
v -6.404358 7.063220 12.885151
v -6.953636 7.408321 12.067326
v -6.953659 6.746600 12.449360
v -6.404358 7.627418 12.559422
v -6.953636 6.458301 11.704197
v -6.953636 6.907142 11.445042
v -6.516617 6.619418 10.946720
v -6.516617 6.170581 11.205860
v -6.416420 7.817039 11.718449
v -5.543434 7.627418 12.559437
v -6.416397 7.442538 11.202976
v -5.531357 7.817039 11.718464
v -5.531342 7.442538 11.203007
v -6.416420 5.980960 12.046818
v -5.531357 5.980960 12.046833
v -5.431122 6.619418 10.946735
v -5.431122 6.170581 11.205875
v -6.416481 0.563918 14.075138
v -5.531418 0.563918 14.075169
v -5.543503 1.211639 14.644032
v -6.404419 1.211639 14.644016
v -6.953697 1.859538 14.037266
v -6.953697 1.099618 14.117146
v -6.404419 1.859538 14.575932
v -6.953682 1.139339 13.319111
v -6.953682 1.654800 13.264942
v -6.516655 1.594642 12.692677
v -6.516655 1.079198 12.746845
v -6.416481 2.374820 13.884815
v -5.543503 1.859538 14.575947
v -6.416458 2.242358 13.261585
v -5.531418 2.374820 13.884846
v -5.531395 2.242358 13.261600
v -6.416458 0.563918 13.437977
v -5.531395 0.563918 13.438007
v -5.431160 1.594642 12.692722
v -5.431160 1.079198 12.746891
v -6.416458 -5.209781 13.087620
v -5.531395 -5.209781 13.087635
v -5.543472 -4.849461 13.870823
v -6.404396 -4.849461 13.870792
v -6.953697 -4.010760 13.580021
v -6.953682 -4.737462 13.343906
v -6.404396 -4.229861 14.072117
v -6.953659 -4.376620 12.631016
v -6.953659 -3.883702 12.791187
v -6.516640 -3.705882 12.243931
v -6.516640 -4.198781 12.083759
v -6.416458 -3.478021 13.650318
v -5.543472 -4.229861 14.072132
v -6.416435 -3.345540 13.027088
v -5.531395 -3.478021 13.650333
v -5.531380 -3.345540 13.027103
v -6.416435 -4.950620 12.505573
v -5.531380 -4.950620 12.505604
v -5.431137 -3.705882 12.243961
v -5.431137 -4.198781 12.083805
v -6.416359 -10.082662 9.837116
v -5.531296 -10.082662 9.837132
v -5.543396 -10.072041 10.699162
v -6.404320 -10.072041 10.699146
v -6.953613 -9.187581 10.774601
v -6.953598 -9.755402 10.263340
v -6.404320 -9.587899 11.135059
v -6.953575 -9.135800 9.758854
v -6.953598 -8.750640 10.105671
v -6.516579 -8.365620 9.678043
v -6.516579 -8.750762 9.331242
v -6.416397 -8.729499 11.055546
v -5.543396 -9.587899 11.135075
v -6.416382 -8.354979 10.540058
v -5.531342 -8.729499 11.055561
v -5.531319 -8.354979 10.540089
v -6.416359 -9.609181 9.410786
v -5.531296 -9.609181 9.410801
v -5.431084 -8.365620 9.678089
v -5.431084 -8.750762 9.331257
v -6.416237 -13.212182 4.885662
v -5.531181 -13.212182 4.885677
v -5.543259 -13.553063 5.677479
v -6.404175 -13.553063 5.677464
v -6.953476 -12.775781 6.106159
v -6.953476 -13.086558 5.408115
v -6.404198 -13.288079 6.272617
v -6.953461 -12.315341 5.199299
v -6.953476 -12.104541 5.672764
v -6.516479 -11.578862 5.438725
v -6.516457 -11.789662 4.965267
v -6.416275 -12.471562 6.549091
v -5.543282 -13.288079 6.272648
v -6.416275 -11.919743 6.230549
v -5.531219 -12.471562 6.549122
v -5.531219 -11.919743 6.230564
v -6.416237 -12.606179 4.688763
v -5.531181 -12.606179 4.688801
v -5.430977 -11.578862 5.438770
v -5.430954 -11.789662 4.965305
v -6.416077 -14.057179 -0.910641
v -5.531013 -14.057179 -0.910618
v -5.543098 -14.690638 -0.325901
v -6.404022 -14.690638 -0.325924
v -6.953339 -14.154921 0.381840
v -6.953316 -14.154921 -0.382214
v -6.404037 -14.690638 0.325565
v -6.953316 -13.365441 -0.259319
v -6.953339 -13.365441 0.258938
v -6.516335 -12.790000 0.258961
v -6.516319 -12.790000 -0.259319
v -6.416138 -14.057179 0.910259
v -5.543121 -14.690638 0.325581
v -6.416115 -13.423501 0.843662
v -5.531075 -14.057179 0.910282
v -5.531075 -13.423501 0.843700
v -6.416077 -13.423501 -0.844036
v -5.531013 -13.423501 -0.843998
v -5.430840 -12.790000 0.258984
v -5.430817 -12.790000 -0.259296
v -6.415939 -12.471562 -6.549473
v -5.530876 -12.471562 -6.549435
v -5.542938 -13.288079 -6.272961
v -6.403854 -13.288079 -6.272976
v -6.953178 -13.086558 -5.408520
v -6.953178 -12.775781 -6.106510
v -6.403877 -13.553063 -5.677814
v -6.953178 -12.104541 -5.673138
v -6.953194 -12.315341 -5.199657
v -6.516197 -11.789662 -4.965611
v -6.516174 -11.578862 -5.439075
v -6.415977 -13.212182 -4.886021
v -5.542953 -13.553063 -5.677799
v -6.415977 -12.606179 -4.689114
v -5.530914 -13.212182 -4.885998
v -5.530914 -12.606179 -4.689075
v -6.415939 -11.919743 -6.230900
v -5.530876 -11.919743 -6.230885
v -5.430702 -11.789662 -4.965572
v -5.430679 -11.578862 -5.439037
v -6.415817 -8.729499 -11.055904
v -5.530762 -8.729499 -11.055882
v -5.542816 -9.587899 -11.135403
v -6.403740 -9.587899 -11.135418
v -6.953056 -9.755402 -10.263691
v -6.953041 -9.187581 -10.774975
v -6.403740 -10.072041 -10.699497
v -6.953056 -8.750640 -10.106060
v -6.953079 -9.135800 -9.759235
v -6.516075 -8.750762 -9.331600
v -6.516075 -8.365620 -9.678394
v -6.415840 -10.082662 -9.837475
v -5.542816 -10.072041 -10.699474
v -6.415855 -9.609181 -9.411137
v -5.530777 -10.082662 -9.837460
v -5.530800 -9.609181 -9.411121
v -6.415840 -8.354979 -10.540424
v -5.530777 -8.354979 -10.540401
v -5.430580 -8.750762 -9.331585
v -5.430580 -8.365620 -9.678356
v -6.415741 -3.478021 -13.650677
v -5.530678 -3.478021 -13.650661
v -5.542740 -4.229861 -14.072460
v -6.403656 -4.229861 -14.072475
v -6.952980 -4.737462 -13.344280
v -6.952980 -4.010760 -13.580379
v -6.403656 -4.849461 -13.871159
v -6.952995 -3.883702 -12.791561
v -6.952995 -4.376620 -12.631397
v -6.516022 -4.198781 -12.084118
v -6.515999 -3.705882 -12.244274
v -6.415756 -5.209781 -13.088001
v -5.542740 -4.849461 -13.871136
v -6.415779 -4.950620 -12.505917
v -5.530693 -5.209781 -13.087978
v -5.530724 -4.950620 -12.505878
v -6.415756 -3.345540 -13.027439
v -5.530693 -3.345540 -13.027416
v -5.430519 -4.198781 -12.084080
v -5.430496 -3.705882 -12.244236
v 8.989643 -0.000001 -30.564175
v 9.655441 -0.000001 -29.661877
v 9.655441 -6.167119 -29.013691
v 8.989620 -6.354701 -29.896236
v 10.606602 -0.000001 -27.970097
v 11.082100 -0.000001 -24.135441
v 11.082100 -5.018100 -23.608021
v 10.606583 -5.815362 -27.358875
v 11.082062 -0.000001 -21.992565
v 10.511242 -0.000001 -18.947414
v 10.511242 -3.939441 -18.533337
v 11.082043 -4.572560 -21.511959
v 9.655380 -12.064683 -27.097454
v 8.989563 -12.431661 -27.921719
v 11.082062 -9.816901 -22.048801
v 10.606541 -11.376582 -25.551945
v 10.511204 -7.706700 -17.309277
v 11.082001 -8.945281 -20.091175
v 9.655304 -17.434960 -23.996922
v 8.989483 -17.965299 -24.726902
v 11.081982 -14.186622 -19.525944
v 10.606461 -16.440578 -22.628231
v 10.511166 -11.137162 -15.328693
v 11.081944 -12.927062 -17.792294
v 9.655205 -22.043262 -19.847599
v 8.989361 -22.713781 -20.451359
v 11.081902 -17.936340 -16.149677
v 10.606361 -20.786038 -18.715557
v 10.511082 -14.080859 -12.678181
v 11.081863 -16.343861 -14.715801
v 9.655060 -25.688163 -14.830822
v 8.989243 -26.469542 -15.281940
v 11.081779 -20.902139 -12.067577
v 10.606239 -24.223062 -13.984921
v 10.511002 -16.409160 -9.473553
v 11.081760 -19.046341 -10.996136
v 9.654922 -28.210341 -9.165859
v 8.989082 -29.068462 -9.444698
v 11.081661 -22.954441 -7.458080
v 10.606102 -26.601402 -8.643055
v 10.510902 -18.020302 -5.854877
v 11.081661 -20.916420 -6.795879
v 9.654739 -29.499642 -3.100277
v 8.988922 -30.396959 -3.194637
v 11.081543 -24.003502 -2.522594
v 10.605942 -27.817141 -2.923412
v 10.510803 -18.843861 -1.980297
v 11.081543 -21.872359 -2.298580
v 9.654583 -29.499642 3.100780
v 8.988743 -30.396959 3.195080
v 11.081406 -24.003502 2.523159
v 10.605801 -27.817141 2.923962
v 10.510700 -18.843861 1.980824
v 11.081425 -21.872359 2.299160
v 9.654423 -28.210341 9.166340
v 8.988579 -29.068462 9.445133
v 11.081280 -22.954441 7.458622
v 10.605640 -26.601402 8.643589
v 10.510601 -18.020302 5.855427
v 11.081303 -20.916420 6.796436
v 9.654282 -25.688163 14.831287
v 8.988441 -26.469542 15.282398
v 11.081161 -20.902139 12.068119
v 10.605503 -24.223062 13.985447
v 10.510502 -16.409160 9.474125
v 11.081181 -19.046341 10.996708
v 9.654140 -22.043262 19.848087
v 8.988304 -22.713781 20.451786
v 11.081043 -17.936340 16.150227
v 10.605381 -20.786038 18.716099
v 10.510422 -14.080859 12.678745
v 11.081081 -16.343861 14.716358
v 9.654041 -17.434960 23.997395
v 8.988178 -17.965299 24.727329
v 11.080959 -14.186622 19.526478
v 10.605282 -16.440578 22.628757
v 10.510345 -11.137162 15.329258
v 11.081005 -12.927062 17.792866
v 9.653965 -12.064683 27.097935
v 8.988102 -12.431661 27.922184
v 11.080902 -9.816901 22.049366
v 10.605202 -11.376582 25.552464
v 10.510300 -7.706700 17.309849
v 11.080940 -8.945281 20.091724
v 9.653900 -6.167119 29.014179
v 8.988041 -6.354701 29.896748
v 11.080841 -5.018100 23.608585
v 10.605145 -5.815362 27.359409
v 10.510262 -3.939441 18.533878
v 11.080902 -4.572560 21.512531
v 9.653900 -0.000001 29.662357
v 8.988022 -0.000001 30.564594
v 11.080841 -0.000001 24.136005
v 10.605145 -0.000001 27.970646
v 10.510262 -0.000001 18.947941
v 11.080902 -0.000001 21.993107
v 9.653900 6.167098 29.014179
v 8.988041 6.354701 29.896748
v 11.080841 5.018100 23.608585
v 10.605145 5.815360 27.359409
v 10.510262 3.939441 18.533878
v 11.080902 4.572559 21.512531
v 9.653965 12.064658 27.097935
v 8.988102 12.431659 27.922184
v 11.080902 9.816878 22.049366
v 10.605202 11.376578 25.552464
v 10.510300 7.706699 17.309849
v 11.080940 8.945281 20.091724
v 9.654041 17.434959 23.997395
v 8.988178 17.965301 24.727329
v 11.080959 14.186618 19.526478
v 10.605282 16.440559 22.628757
v 10.510345 11.137160 15.329258
v 11.081005 12.927058 17.792866
v 9.654140 22.043258 19.848087
v 8.988304 22.713779 20.451786
v 11.081043 17.936339 16.150227
v 10.605381 20.786040 18.716099
v 10.510422 14.080859 12.678745
v 11.081081 16.343860 14.716358
v 9.654282 25.688159 14.831287
v 8.988441 26.469539 15.282398
v 11.081161 20.902141 12.068119
v 10.605503 24.223060 13.985447
v 10.510502 16.409160 9.474125
v 11.081181 19.046340 10.996708
v 9.654423 28.210338 9.166340
v 8.988579 29.068458 9.445133
v 11.081280 22.954440 7.458622
v 10.605640 26.601398 8.643589
v 10.510601 18.020301 5.855427
v 11.081303 20.916419 6.796436
v 9.654583 29.499641 3.100780
v 8.988743 30.396960 3.195080
v 11.081406 24.003501 2.523159
v 10.605801 27.817138 2.923962
v 10.510700 18.843860 1.980824
v 11.081425 21.872340 2.299160
v 9.654739 29.499641 -3.100277
v 8.988922 30.396960 -3.194637
v 11.081543 24.003501 -2.522594
v 10.605942 27.817138 -2.923412
v 10.510803 18.843860 -1.980297
v 11.081543 21.872340 -2.298580
v 9.654922 28.210338 -9.165859
v 8.989082 29.068458 -9.444698
v 11.081661 22.954440 -7.458080
v 10.606102 26.601398 -8.643055
v 10.510902 18.020301 -5.854877
v 11.081661 20.916419 -6.795879
v 9.655060 25.688159 -14.830822
v 8.989243 26.469539 -15.281940
v 11.081779 20.902141 -12.067577
v 10.606239 24.223060 -13.984921
v 10.511002 16.409160 -9.473553
v 11.081760 19.046340 -10.996136
v 9.655205 22.043258 -19.847599
v 8.989361 22.713779 -20.451359
v 11.081902 17.936339 -16.149677
v 10.606361 20.786040 -18.715557
v 10.511082 14.080859 -12.678181
v 11.081863 16.343860 -14.715801
v 9.655304 17.434959 -23.996922
v 8.989483 17.965301 -24.726902
v 11.081982 14.186618 -19.525944
v 10.606461 16.440559 -22.628231
v 10.511166 11.137160 -15.328693
v 11.081944 12.927058 -17.792294
v 9.655380 12.064658 -27.097454
v 8.989563 12.431659 -27.921719
v 11.082062 9.816878 -22.048801
v 10.606541 11.376578 -25.551945
v 10.511204 7.706699 -17.309277
v 11.082001 8.945281 -20.091175
v 9.655441 6.167098 -29.013691
v 8.989620 6.354701 -29.896236
v 11.082100 5.018100 -23.608021
v 10.606583 5.815360 -27.358875
v 10.511242 3.939441 -18.533337
v 11.082043 4.572559 -21.511959
v 8.799400 6.589179 -30.999454
v 8.799423 -0.000001 -31.692005
v 8.799362 12.890380 -28.952076
v 8.799263 18.628219 -25.639339
v 8.799141 23.551921 -21.206020
v 8.799004 27.446281 -15.845905
v 8.798843 30.141101 -9.793240
v 8.798679 31.518619 -3.312534
v 8.798504 31.518619 3.312969
v 8.798321 30.141101 9.793659
v 8.798183 27.446281 15.846333
v 8.798023 23.551921 21.206440
v 8.797920 18.628219 25.639774
v 8.797821 12.890380 28.952518
v 8.797783 6.589179 30.999912
v 8.797764 -0.000001 31.692448
v 8.797783 -6.589181 30.999912
v 8.797821 -12.890403 28.952518
v 8.797920 -18.628240 25.639774
v 8.798023 -23.551923 21.206440
v 8.798183 -27.446281 15.846333
v 8.798321 -30.141102 9.793659
v 8.798504 -31.518623 3.312969
v 8.798679 -31.518623 -3.312534
v 8.798843 -30.141102 -9.793240
v 8.799004 -27.446281 -15.845905
v 8.799141 -23.551923 -21.206020
v 8.799263 -18.628240 -25.639339
v 8.799362 -12.890403 -28.952076
v 8.799400 -6.589181 -30.999454
v -8.417343 -0.000001 -31.579700
v -4.992973 -0.000001 -32.030720
v -4.992996 -6.659539 -31.330776
v -8.417358 -6.565741 -30.889584
v -1.949142 -0.000001 -32.256214
v 2.616642 -0.000001 -32.256100
v 2.616623 -6.706441 -31.551220
v -1.949158 -6.706441 -31.551334
v 5.470242 -0.000001 -32.030445
v 5.470222 -6.659539 -31.330502
v -4.993057 -13.028022 -29.261532
v -8.417419 -12.844521 -28.849483
v 2.616562 -13.119761 -29.467396
v -1.949219 -13.119761 -29.467518
v 5.470161 -13.028022 -29.261242
v -4.993156 -18.827101 -25.913441
v -8.417496 -18.561941 -25.548534
v 2.616482 -18.959700 -26.095699
v -1.949295 -18.959700 -26.095821
v 5.470081 -18.827101 -25.913158
v -4.993256 -23.803359 -21.432774
v -8.417618 -23.468100 -21.130993
v 2.616364 -23.971001 -21.583523
v -1.949417 -23.971001 -21.583637
v 5.469959 -23.803359 -21.432499
v -4.993393 -27.739302 -16.015438
v -8.417763 -27.348601 -15.789982
v 2.616222 -27.934662 -16.128017
v -1.949562 -27.934662 -16.128139
v 5.469822 -27.739302 -16.015163
v -4.993561 -30.462900 -9.898144
v -8.417915 -30.033842 -9.758816
v 2.616062 -30.677420 -9.967632
v -1.949715 -30.677420 -9.967762
v 5.469662 -30.462881 -9.897854
v -4.993736 -31.855122 -3.348240
v -8.418076 -31.406461 -3.301159
v 2.615879 -32.079440 -3.371639
v -1.949898 -32.079440 -3.371754
v 5.469482 -31.855122 -3.347965
v -4.993919 -31.855122 3.347965
v -8.418259 -31.406461 3.300724
v 2.615704 -32.079440 3.371738
v -1.950081 -32.079440 3.371624
v 5.469303 -31.855122 3.348240
v -4.994080 -30.462900 9.897846
v -8.418419 -30.033842 9.758366
v 2.615524 -30.677420 9.967762
v -1.950256 -30.677420 9.967640
v 5.469139 -30.462881 9.898121
v -4.994263 -27.739302 16.015141
v -8.418579 -27.348601 15.789509
v 2.615360 -27.934662 16.128117
v -1.950417 -27.934662 16.128010
v 5.468983 -27.739302 16.015415
v -4.994400 -23.803359 21.432499
v -8.418716 -23.468100 21.130558
v 2.615223 -23.971001 21.583622
v -1.950562 -23.971001 21.583500
v 5.468822 -23.803359 21.432774
v -4.994514 -18.827101 25.913136
v -8.418839 -18.561941 25.548084
v 2.615105 -18.959700 26.095829
v -1.950676 -18.959700 26.095707
v 5.468700 -18.827101 25.913425
v -4.994598 -13.028022 29.261265
v -8.418915 -12.844521 28.849049
v 2.615021 -13.119761 29.467518
v -1.950752 -13.119761 29.467396
v 5.468620 -13.028022 29.261539
v -4.994659 -6.659539 31.330509
v -8.418983 -6.565741 30.889149
v 2.614960 -6.706441 31.551319
v -1.950821 -6.706441 31.551212
v 5.468582 -6.659539 31.330769
v -4.994682 -0.000001 32.030445
v -8.418999 -0.000001 31.579227
v 2.614941 -0.000001 32.256214
v -1.950836 -0.000001 32.256107
v 5.468563 -0.000001 32.030720
v -4.994659 6.659541 31.330509
v -8.418983 6.565738 30.889149
v 2.614960 6.706439 31.551319
v -1.950821 6.706439 31.551212
v 5.468582 6.659541 31.330769
v -4.994598 13.028018 29.261265
v -8.418915 12.844520 28.849049
v 2.615021 13.119758 29.467518
v -1.950752 13.119758 29.467396
v 5.468620 13.028018 29.261539
v -4.994514 18.827098 25.913136
v -8.418839 18.561938 25.548084
v 2.615105 18.959678 26.095829
v -1.950676 18.959678 26.095707
v 5.468700 18.827098 25.913425
v -4.994400 23.803359 21.432499
v -8.418716 23.468101 21.130558
v 2.615223 23.971000 21.583622
v -1.950562 23.971000 21.583500
v 5.468822 23.803359 21.432774
v -4.994263 27.739299 16.015141
v -8.418579 27.348598 15.789509
v 2.615360 27.934638 16.128117
v -1.950417 27.934638 16.128010
v 5.468983 27.739299 16.015415
v -4.994080 30.462901 9.897846
v -8.418419 30.033839 9.758366
v 2.615524 30.677421 9.967762
v -1.950256 30.677421 9.967640
v 5.469139 30.462878 9.898121
v -4.993919 31.855121 3.347965
v -8.418259 31.406440 3.300724
v 2.615704 32.079440 3.371738
v -1.950081 32.079440 3.371624
v 5.469303 31.855121 3.348240
v -4.993736 31.855121 -3.348240
v -8.418076 31.406440 -3.301159
v 2.615879 32.079440 -3.371639
v -1.949898 32.079440 -3.371754
v 5.469482 31.855121 -3.347965
v -4.993561 30.462901 -9.898144
v -8.417915 30.033839 -9.758816
v 2.616062 30.677421 -9.967632
v -1.949715 30.677421 -9.967762
v 5.469662 30.462878 -9.897854
v -4.993393 27.739299 -16.015438
v -8.417763 27.348598 -15.789982
v 2.616222 27.934638 -16.128017
v -1.949562 27.934638 -16.128139
v 5.469822 27.739299 -16.015163
v -4.993256 23.803359 -21.432774
v -8.417618 23.468101 -21.130993
v 2.616364 23.971000 -21.583523
v -1.949417 23.971000 -21.583637
v 5.469959 23.803359 -21.432499
v -4.993156 18.827098 -25.913441
v -8.417496 18.561938 -25.548534
v 2.616482 18.959678 -26.095699
v -1.949295 18.959678 -26.095821
v 5.470081 18.827098 -25.913158
v -4.993057 13.028018 -29.261532
v -8.417419 12.844520 -28.849483
v 2.616562 13.119758 -29.467396
v -1.949219 13.119758 -29.467518
v 5.470161 13.028018 -29.261242
v -4.992996 6.659541 -31.330776
v -8.417358 6.565738 -30.889584
v 2.616623 6.706439 -31.551220
v -1.949158 6.706439 -31.551334
v 5.470222 6.659541 -31.330502
v -11.080956 -0.000001 -21.541996
v -10.795502 -0.000001 -25.489437
v -10.795517 -5.299481 -24.932438
v -11.080978 -4.478780 -21.071255
v -9.844215 -0.000001 -28.534580
v -8.797836 -0.000001 -30.339054
v -8.797859 -6.307801 -29.676098
v -9.844238 -5.932620 -27.911015
v -10.795555 -10.367362 -23.285770
v -11.081017 -8.761800 -19.679615
v -8.797920 -12.339923 -27.716137
v -9.844276 -11.605941 -26.067638
v -10.795616 -14.982139 -20.621433
v -11.081078 -12.661902 -17.427914
v -8.797997 -17.832719 -24.544880
v -9.844353 -16.772042 -23.084995
v -10.795715 -18.942119 -17.055859
v -11.081139 -16.008602 -14.414516
v -8.798119 -22.546159 -20.300900
v -9.844460 -21.205121 -19.093418
v -10.795837 -22.074219 -12.744862
v -11.081238 -18.655659 -10.771152
v -8.798241 -26.274201 -15.169659
v -9.844597 -24.711419 -14.267399
v -10.795959 -24.241601 -7.876873
v -11.081360 -20.487362 -6.657063
v -8.798401 -28.853942 -9.375462
v -9.844734 -27.137719 -8.817837
v -10.796097 -25.349499 -2.664639
v -11.081459 -21.423698 -2.252018
v -8.798553 -30.172621 -3.171513
v -9.844902 -28.377982 -2.982914
v -10.796234 -25.349499 2.664036
v -11.081573 -21.423698 2.251423
v -8.798737 -30.172621 3.171040
v -9.845039 -28.377982 2.982388
v -10.796379 -24.241601 7.876286
v -11.081696 -20.487362 6.656437
v -8.798897 -28.853942 9.374973
v -9.845200 -27.137719 8.817326
v -10.796501 -22.074219 12.744267
v -11.081818 -18.655659 10.770542
v -8.799042 -26.274201 15.169178
v -9.845337 -24.711419 14.266880
v -10.796616 -18.942119 17.055256
v -11.081894 -16.008602 14.413898
v -8.799179 -22.546159 20.300388
v -9.845474 -21.205121 19.092915
v -10.796722 -14.982139 20.620838
v -11.081978 -12.661902 17.427296
v -8.799294 -17.832719 24.544376
v -9.845573 -16.772042 23.084461
v -10.796776 -10.367362 23.285191
v -11.082039 -8.761800 19.679020
v -8.799377 -12.339923 27.715656
v -9.845657 -11.605941 26.067127
v -10.796822 -5.299481 24.931812
v -11.082077 -4.478780 21.070652
v -8.799423 -6.307801 29.675602
v -9.845695 -5.932620 27.910511
v -10.796837 -0.000001 25.488834
v -11.082100 -0.000001 21.541401
v -8.799438 -0.000001 30.338581
v -9.845718 -0.000001 28.534031
v -10.796822 5.299480 24.931812
v -11.082077 4.478759 21.070652
v -8.799423 6.307799 29.675602
v -9.845695 5.932620 27.910511
v -10.796776 10.367358 23.285191
v -11.082039 8.761798 19.679020
v -8.799377 12.339919 27.715656
v -9.845657 11.605941 26.067127
v -10.796722 14.982120 20.620838
v -11.081978 12.661899 17.427296
v -8.799294 17.832721 24.544376
v -9.845573 16.772021 23.084461
v -10.796616 18.942119 17.055256
v -11.081894 16.008597 14.413898
v -8.799179 22.546138 20.300388
v -9.845474 21.205119 19.092915
v -10.796501 22.074241 12.744267
v -11.081818 18.655658 10.770542
v -8.799042 26.274200 15.169178
v -9.845337 24.711421 14.266880
v -10.796379 24.241599 7.876286
v -11.081696 20.487380 6.656437
v -8.798897 28.853938 9.374973
v -9.845200 27.137721 8.817326
v -10.796234 25.349479 2.664036
v -11.081573 21.423679 2.251423
v -8.798737 30.172618 3.171040
v -9.845039 28.377978 2.982388
v -10.796097 25.349479 -2.664639
v -11.081459 21.423679 -2.252018
v -8.798553 30.172618 -3.171513
v -9.844902 28.377978 -2.982914
v -10.795959 24.241599 -7.876873
v -11.081360 20.487380 -6.657063
v -8.798401 28.853938 -9.375462
v -9.844734 27.137721 -8.817837
v -10.795837 22.074241 -12.744862
v -11.081238 18.655658 -10.771152
v -8.798241 26.274200 -15.169659
v -9.844597 24.711421 -14.267399
v -10.795715 18.942119 -17.055859
v -11.081139 16.008597 -14.414516
v -8.798119 22.546138 -20.300900
v -9.844460 21.205119 -19.093418
v -10.795616 14.982120 -20.621433
v -11.081078 12.661899 -17.427914
v -8.797997 17.832721 -24.544880
v -9.844353 16.772021 -23.084995
v -10.795555 10.367358 -23.285770
v -11.081017 8.761798 -19.679615
v -8.797920 12.339919 -27.716137
v -9.844276 11.605941 -26.067638
v -10.795517 5.299480 -24.932438
v -11.080978 4.478759 -21.071255
v -8.797859 6.307799 -29.676098
v -9.844238 5.932620 -27.911015
v -4.993736 14.306918 -4.253437
v -4.993599 11.340060 -9.704876
v -4.993500 6.412398 -13.478283
v -4.993462 0.375959 -14.921185
v -4.993477 -5.725480 -13.784100
v -4.993576 -10.836923 -10.263653
v -4.993713 -14.074580 -4.968578
v -4.993881 -14.878598 1.185627
v -4.994041 -13.109980 7.134785
v -4.994156 -9.074542 11.850254
v -4.994240 -3.470021 14.516666
v -4.994240 2.734500 14.673023
v -4.994179 8.466201 12.292225
v -4.994057 12.734019 7.785984
v -4.993896 14.799998 1.933437
v -4.993958 14.306918 4.253162
v -4.994095 11.340060 9.704609
v -4.994194 6.412398 13.477985
v -4.994240 0.375959 14.920887
v -4.994217 -5.725480 13.783817
v -4.994118 -10.836923 10.263386
v -4.993980 -14.074580 4.968281
v -4.993813 -14.878598 -1.185917
v -4.993660 -13.109980 -7.135082
v -4.993538 -9.074542 -11.850544
v -4.993462 -3.470021 -14.516956
v -4.993462 2.734500 -14.673275
v -4.993523 8.466201 -12.292500
v -4.993637 12.734019 -7.786259
v -4.993797 14.799998 -1.933720
v 6.040302 1.500739 -7.060276
v 6.040100 -0.000001 0.000141
v 6.040302 -0.000001 -7.218021
v 6.040283 2.935882 -6.593975
v 6.040264 4.242721 -5.839474
v 6.040245 5.364139 -4.829762
v 6.040199 6.251102 -3.608936
v 6.040180 6.864879 -2.230396
v 6.040142 7.178599 -0.754360
v 6.040081 7.178599 0.754642
v 6.040062 6.864879 2.230679
v 6.040024 6.251102 3.609226
v 6.039982 5.364139 4.830021
v 6.039963 4.242721 5.839771
v 6.039944 2.935882 6.594242
v 6.039925 1.500739 7.060566
v 6.039925 -0.000001 7.218296
v 6.039925 -1.500741 7.060566
v 6.039944 -2.935880 6.594242
v 6.039963 -4.242722 5.839771
v 6.039982 -5.364140 4.830021
v 6.040024 -6.251099 3.609226
v 6.040062 -6.864880 2.230679
v 6.040081 -7.178601 0.754642
v 6.040142 -7.178601 -0.754360
v 6.040180 -6.864880 -2.230396
v 6.040199 -6.251099 -3.608936
v 6.040245 -5.364140 -4.829762
v 6.040264 -4.242722 -5.839474
v 6.040283 -2.935880 -6.593975
v 6.040302 -1.500741 -7.060276
v 4.518379 -0.000001 -8.120319
v 4.518379 -1.688340 -7.942883
v 4.518360 -3.302880 -7.418285
v 4.518341 -4.773061 -6.569477
v 4.518322 -6.034661 -5.433537
v 4.518284 -7.032481 -4.060101
v 4.518242 -7.722979 -2.509251
v 4.518204 -8.075942 -0.848713
v 4.518143 -8.075942 0.848919
v 4.518105 -7.722979 2.509441
v 4.518059 -7.032481 4.060322
v 4.518021 -6.034661 5.433720
v 4.518002 -4.773061 6.569660
v 4.517982 -3.302880 7.418461
v 4.517960 -1.688340 7.943058
v 4.517960 -0.000001 8.120518
v 4.517960 1.688319 7.943058
v 4.517982 3.302859 7.418461
v 4.518002 4.773059 6.569660
v 4.518021 6.034660 5.433720
v 4.518059 7.032477 4.060322
v 4.518105 7.722980 2.509441
v 4.518143 8.075938 0.848919
v 4.518204 8.075938 -0.848713
v 4.518242 7.722980 -2.509251
v 4.518284 7.032477 -4.060101
v 4.518322 6.034660 -5.433537
v 4.518341 4.773059 -6.569477
v 4.518360 3.302859 -7.418285
v 4.518379 1.688319 -7.942883
v 4.518421 2.040057 -9.597637
v 4.518421 -0.000001 -9.812084
v 4.518402 3.990981 -8.963779
v 4.518379 5.767459 -7.938122
v 4.518341 7.291858 -6.565533
v 4.518303 8.497600 -4.905979
v 4.518242 9.331939 -3.032040
v 4.518204 9.758418 -1.025555
v 4.518143 9.758418 1.025761
v 4.518105 9.331939 3.032261
v 4.518040 8.497600 4.906185
v 4.518002 7.291858 6.565723
v 4.517960 5.767459 7.938328
v 4.517941 3.990981 8.963978
v 4.517921 2.040057 9.597858
v 4.517921 -0.000001 9.812290
v 4.517921 -2.040061 9.597858
v 4.517941 -3.990981 8.963978
v 4.517960 -5.767461 7.938328
v 4.518002 -7.291880 6.565723
v 4.518040 -8.497601 4.906185
v 4.518105 -9.331942 3.032261
v 4.518143 -9.758422 1.025761
v 4.518204 -9.758422 -1.025555
v 4.518242 -9.331942 -3.032040
v 4.518303 -8.497601 -4.905979
v 4.518341 -7.291880 -6.565533
v 4.518379 -5.767461 -7.938122
v 4.518402 -3.990981 -8.963779
v 4.518421 -2.040061 -9.597637
v 12.033081 -0.000001 -15.338284
v 12.033062 -3.189080 -15.003124
v 12.033043 -6.238782 -14.012180
v 12.033005 -9.015799 -12.408878
v 12.032944 -11.398803 -10.263195
v 12.032879 -13.283622 -7.668995
v 12.032803 -14.587861 -4.739605
v 12.032722 -15.254560 -1.603016
v 12.032642 -15.254560 1.603619
v 12.032543 -14.587861 4.740177
v 12.032459 -13.283622 7.669575
v 12.032402 -11.398803 10.263828
v 12.032341 -9.015799 12.409504
v 12.032303 -6.238782 14.012806
v 12.032284 -3.189080 15.003712
v 12.032261 -0.000001 15.338886
v 12.032284 3.189059 15.003712
v 12.032303 6.238780 14.012806
v 12.032341 9.015800 12.409504
v 12.032402 11.398799 10.263828
v 12.032459 13.283599 7.669575
v 12.032543 14.587859 4.740177
v 12.032642 15.254558 1.603619
v 12.032722 15.254558 -1.603016
v 12.032803 14.587859 -4.739605
v 12.032879 13.283599 -7.668995
v 12.032944 11.398799 -10.263195
v 12.033005 9.015800 -12.408878
v 12.033043 6.238780 -14.012180
v 12.033062 3.189059 -15.003124
v 13.745239 3.165618 -14.892735
v 13.745239 -0.000001 -15.225445
v 13.745220 6.192878 -13.909115
v 13.745182 8.949500 -12.317577
v 13.745121 11.314979 -10.187695
v 13.745041 13.185920 -7.612537
v 13.744984 14.480598 -4.704700
v 13.744904 15.142398 -1.591183
v 13.744801 15.142398 1.591900
v 13.744720 14.480598 4.705395
v 13.744640 13.185920 7.613270
v 13.744583 11.314979 10.188404
v 13.744522 8.949500 12.318287
v 13.744484 6.192878 13.909824
v 13.744465 3.165618 14.893436
v 13.744446 -0.000001 15.226154
v 13.744465 -3.165620 14.893436
v 13.744484 -6.192901 13.909824
v 13.744522 -8.949500 12.318287
v 13.744583 -11.314980 10.188404
v 13.744640 -13.185941 7.613270
v 13.744720 -14.480601 4.705395
v 13.744801 -15.142380 1.591900
v 13.744904 -15.142380 -1.591183
v 13.744984 -14.480601 -4.704700
v 13.745041 -13.185941 -7.612537
v 13.745121 -11.314980 -10.187695
v 13.745182 -8.949500 -12.317577
v 13.745220 -6.192901 -13.909115
v 13.745239 -3.165620 -14.892735
v 14.506245 -0.000001 -16.578823
v 14.506245 -3.447020 -16.216557
v 14.506203 -6.743380 -15.145473
v 14.506165 -9.745023 -13.412495
v 14.506100 -12.320763 -11.093273
v 14.506020 -14.358022 -8.289234
v 14.505943 -15.767761 -5.122852
v 14.505863 -16.488400 -1.732639
v 14.505764 -16.488400 1.733387
v 14.505680 -15.767761 5.123615
v 14.505600 -14.358022 8.289982
v 14.505524 -12.320763 11.094044
v 14.505463 -9.745023 13.413242
v 14.505424 -6.743380 15.146244
v 14.505383 -3.447020 16.217304
v 14.505383 -0.000001 16.579594
v 14.505383 3.447002 16.217304
v 14.505424 6.743381 15.146244
v 14.505463 9.745021 13.413242
v 14.505524 12.320758 11.094044
v 14.505600 14.358020 8.289982
v 14.505680 15.767760 5.123615
v 14.505764 16.488380 1.733387
v 14.505863 16.488380 -1.732639
v 14.505943 15.767760 -5.122852
v 14.506020 14.358020 -8.289234
v 14.506100 12.320758 -11.093273
v 14.506165 9.745021 -13.412495
v 14.506203 6.743381 -15.145473
v 14.506245 3.447002 -16.216557
v 5.945381 -0.000001 -14.661732
v 12.223381 -0.000001 -17.142841
v 12.223381 -3.564261 -16.768200
v 5.945362 -3.048381 -14.341335
v 12.223343 -6.972741 -15.660717
v 5.945343 -5.963519 -13.394161
v 12.223301 -10.076482 -13.868771
v 5.945301 -8.618041 -11.861576
v 12.223244 -12.739840 -11.470699
v 5.945244 -10.895902 -9.810574
v 12.223164 -14.846378 -8.571255
v 5.945183 -12.697560 -7.330799
v 12.223080 -16.304079 -5.297215
v 5.945099 -13.944280 -4.530643
v 12.222980 -17.049218 -1.791660
v 5.945042 -14.581582 -1.532459
v 12.222881 -17.049218 1.792248
v 5.944962 -14.581582 1.532726
v 12.222801 -16.304079 5.297825
v 5.944862 -13.944280 4.530926
v 12.222706 -14.846378 8.571857
v 5.944801 -12.697560 7.331089
v 12.222641 -12.739840 11.471272
v 5.944744 -10.895902 9.810871
v 12.222561 -10.076482 13.869358
v 5.944679 -8.618041 11.861851
v 12.222523 -6.972741 15.661320
v 5.944641 -5.963519 13.394413
v 12.222504 -3.564261 16.768803
v 5.944622 -3.048381 14.341618
v 12.222481 -0.000001 17.143421
v 5.944603 -0.000001 14.662022
v 12.222504 3.564258 16.768803
v 5.944622 3.048377 14.341618
v 12.222523 6.972739 15.661320
v 5.944641 5.963519 13.394413
v 12.222561 10.076480 13.869358
v 5.944679 8.618037 11.861851
v 12.222641 12.739818 11.471272
v 5.944744 10.895900 9.810871
v 12.222706 14.846381 8.571857
v 5.944801 12.697559 7.331089
v 12.222801 16.304080 5.297825
v 5.944862 13.944278 4.530926
v 12.222881 17.049220 1.792248
v 5.944962 14.581557 1.532726
v 12.222980 17.049220 -1.791660
v 5.945042 14.581557 -1.532459
v 12.223080 16.304080 -5.297215
v 5.945099 13.944278 -4.530643
v 12.223164 14.846381 -8.571255
v 5.945183 12.697559 -7.330799
v 12.223244 12.739818 -11.470699
v 5.945244 10.895900 -9.810574
v 12.223301 10.076480 -13.868771
v 5.945301 8.618037 -11.861576
v 12.223343 6.972739 -15.660717
v 5.945343 5.963519 -13.394161
v 12.223381 3.564258 -16.768200
v 5.945362 3.048377 -14.341335
v -0.522820 2.954581 -13.900234
v -0.522820 -0.000001 -14.210758
v -0.522835 5.780040 -12.982220
v -0.522873 8.352859 -11.496754
v -0.522942 10.560641 -9.508900
v -0.523003 12.306861 -7.105404
v -0.523079 13.515220 -4.391376
v -0.523155 14.132899 -1.485455
v -0.523239 14.132899 1.485401
v -0.523293 13.515220 4.391346
v -0.523376 12.306861 7.105366
v -0.523438 10.560641 9.508839
v -0.523499 8.352859 11.496708
v -0.523537 5.780040 12.982151
v -0.523560 2.954581 13.900181
v -0.523560 -0.000001 14.210743
v -0.523560 -2.954579 13.900181
v -0.523537 -5.780040 12.982151
v -0.523499 -8.352881 11.496708
v -0.523438 -10.560662 9.508839
v -0.523376 -12.306882 7.105366
v -0.523293 -13.515241 4.391346
v -0.523239 -14.132901 1.485401
v -0.523155 -14.132901 -1.485455
v -0.523079 -13.515241 -4.391376
v -0.523003 -12.306882 -7.105404
v -0.522942 -10.560662 -9.508900
v -0.522873 -8.352881 -11.496754
v -0.522835 -5.780040 -12.982220
v -0.522820 -2.954579 -13.900234
v -0.522774 -0.000001 -15.676975
v -0.522774 -3.259421 -15.334377
v -0.522820 -6.376401 -14.321613
v -0.522858 -9.214681 -12.682934
v -0.522919 -11.650239 -10.489933
v -0.522980 -13.576619 -7.838520
v -0.523056 -14.909659 -4.844479
v -0.523155 -15.591060 -1.638699
v -0.523239 -15.591060 1.638660
v -0.523323 -14.909659 4.844425
v -0.523399 -13.576619 7.838444
v -0.523460 -11.650239 10.489902
v -0.523521 -9.214681 12.682896
v -0.523560 -6.376401 14.321583
v -0.523598 -3.259421 15.334339
v -0.523598 -0.000001 15.676929
v -0.523598 3.259418 15.334339
v -0.523560 6.376380 14.321583
v -0.523521 9.214679 12.682896
v -0.523460 11.650241 10.489902
v -0.523399 13.576621 7.838444
v -0.523323 14.909660 4.844425
v -0.523239 15.591060 1.638660
v -0.523155 15.591060 -1.638699
v -0.523056 14.909660 -4.844479
v -0.522980 13.576621 -7.838520
v -0.522919 11.650241 -10.489933
v -0.522858 9.214679 -12.682934
v -0.522820 6.376380 -14.321613
v -0.522774 3.259418 -15.334377
v 9.084400 -0.000001 -16.691753
v 6.040543 -0.000001 -16.015163
v 6.040520 -3.329760 -15.665180
v 9.084400 -3.470460 -16.327023
v 6.040501 -6.513999 -14.630558
v 9.084381 -6.789239 -15.248653
v 6.040462 -9.413564 -12.956516
v 9.084324 -9.811322 -13.503880
v 6.040382 -11.901681 -10.716175
v 9.084263 -12.404582 -11.168873
v 6.040321 -13.869658 -8.007504
v 9.084183 -14.455701 -8.345776
v 6.040245 -15.231462 -4.948856
v 9.084099 -15.875040 -5.157871
v 6.040161 -15.927559 -1.673923
v 9.084023 -16.600562 -1.744579
v 6.040062 -15.927559 1.674183
v 9.083923 -16.600562 1.744999
v 6.039982 -15.231462 4.949139
v 9.083843 -15.875040 5.158344
v 6.039902 -13.869658 8.007786
v 9.083763 -14.455701 8.346226
v 6.039825 -11.901681 10.716450
v 9.083679 -12.404582 11.169376
v 6.039761 -9.413564 12.956776
v 9.083622 -9.811322 13.504322
v 6.039722 -6.513999 14.630817
v 9.083561 -6.789239 15.249149
v 6.039700 -3.329760 15.665440
v 9.083542 -3.470460 16.327457
v 6.039680 -0.000001 16.015415
v 9.083542 -0.000001 16.692249
v 6.039700 3.329761 15.665440
v 9.083542 3.470462 16.327457
v 6.039722 6.513999 14.630817
v 9.083561 6.789241 15.249149
v 6.039761 9.413558 12.956776
v 9.083622 9.811301 13.504322
v 6.039825 11.901679 10.716450
v 9.083679 12.404559 11.169376
v 6.039902 13.869640 8.007786
v 9.083763 14.455680 8.346226
v 6.039982 15.231441 4.949139
v 9.083843 15.875018 5.158344
v 6.040062 15.927558 1.674183
v 9.083923 16.600558 1.744999
v 6.040161 15.927558 -1.673923
v 9.084023 16.600558 -1.744579
v 6.040245 15.231441 -4.948856
v 9.084099 15.875018 -5.157871
v 6.040321 13.869640 -8.007504
v 9.084183 14.455680 -8.345776
v 6.040382 11.901679 -10.716175
v 9.084263 12.404559 -11.168873
v 6.040462 9.413558 -12.956516
v 9.084324 9.811301 -13.503880
v 6.040501 6.513999 -14.630558
v 9.084381 6.789241 -15.248653
v 6.040520 3.329761 -15.665180
v 9.084400 3.470462 -16.327023
v -6.325096 -0.000001 -16.015476
v -9.559158 -0.000001 -16.692257
v -9.559158 -3.470460 -16.327518
v -6.325119 -3.329760 -15.665493
v -10.320099 -0.000001 -17.820110
v -10.890778 -0.000001 -19.511890
v -10.890778 -4.056682 -19.085514
v -10.320099 -3.704961 -17.430698
v -9.559196 -6.789239 -15.249157
v -6.325134 -6.514022 -14.630871
v -10.890816 -7.936080 -17.825031
v -10.320137 -7.247981 -16.279522
v -9.559235 -9.811322 -13.504375
v -6.325180 -9.413564 -12.956844
v -10.890877 -11.468621 -15.785519
v -10.320175 -10.474240 -14.416843
v -9.559296 -12.404582 -11.169415
v -6.325233 -11.901681 -10.716496
v -10.890938 -14.499942 -13.056103
v -10.320259 -13.242722 -11.924076
v -9.559380 -14.455701 -8.346256
v -6.325317 -13.869658 -8.007816
v -10.891037 -16.897541 -9.756100
v -10.320343 -15.432440 -8.910198
v -9.559464 -15.875040 -5.158382
v -6.325401 -15.231462 -4.949184
v -10.891136 -18.556620 -6.029713
v -10.320419 -16.947680 -5.506916
v -9.559540 -16.600562 -1.745052
v -6.325478 -15.927559 -1.674236
v -10.891235 -19.404698 -2.039799
v -10.320518 -17.722221 -1.862957
v -9.559639 -16.600562 1.744526
v -6.325577 -15.927559 1.673855
v -10.891335 -19.404698 2.039219
v -10.320618 -17.722221 1.862400
v -9.559715 -15.875040 5.157841
v -6.325661 -15.231462 4.948826
v -10.891441 -18.556620 6.029102
v -10.320717 -16.947680 5.506367
v -9.559814 -14.455701 8.345737
v -6.325737 -13.869658 8.007465
v -10.891541 -16.897541 9.755497
v -10.320801 -15.432440 8.909641
v -9.559883 -12.404582 11.168873
v -6.325821 -11.901681 10.716114
v -10.891640 -14.499942 13.055515
v -10.320877 -13.242722 11.923527
v -9.559937 -9.811322 13.503864
v -6.325859 -9.413564 12.956470
v -10.891701 -11.468621 15.784901
v -10.320938 -10.474240 14.416264
v -9.559998 -6.789239 15.248646
v -6.325920 -6.514022 14.630512
v -10.891754 -7.936080 17.824421
v -10.320999 -7.247981 16.278934
v -9.560020 -3.470460 16.326984
v -6.325935 -3.329760 15.665119
v -10.891792 -4.056682 19.084919
v -10.321014 -3.704961 17.430164
v -9.560020 -0.000001 16.691746
v -6.325935 -0.000001 16.015125
v -10.891792 -0.000001 19.511280
v -10.321037 -0.000001 17.819538
v -9.560020 3.470462 16.326984
v -6.325935 3.329761 15.665119
v -10.891792 4.056678 19.084919
v -10.321014 3.704959 17.430164
v -9.559998 6.789241 15.248646
v -6.325920 6.513999 14.630512
v -10.891754 7.936080 17.824421
v -10.320999 7.247977 16.278934
v -9.559937 9.811320 13.503864
v -6.325859 9.413558 12.956470
v -10.891701 11.468619 15.784901
v -10.320938 10.474239 14.416264
v -9.559883 12.404559 11.168873
v -6.325821 11.901679 10.716114
v -10.891640 14.499938 13.055515
v -10.320877 13.242721 11.923527
v -9.559814 14.455680 8.345737
v -6.325737 13.869640 8.007465
v -10.891541 16.897540 9.755497
v -10.320801 15.432418 8.909641
v -9.559715 15.875018 5.157841
v -6.325661 15.231441 4.948826
v -10.891441 18.556617 6.029102
v -10.320717 16.947658 5.506367
v -9.559639 16.600558 1.744526
v -6.325577 15.927558 1.673855
v -10.891335 19.404700 2.039219
v -10.320618 17.722221 1.862400
v -9.559540 16.600558 -1.745052
v -6.325478 15.927558 -1.674236
v -10.891235 19.404700 -2.039799
v -10.320518 17.722221 -1.862957
v -9.559464 15.875018 -5.158382
v -6.325401 15.231441 -4.949184
v -10.891136 18.556617 -6.029713
v -10.320419 16.947658 -5.506916
v -9.559380 14.455680 -8.346256
v -6.325317 13.869640 -8.007816
v -10.891037 16.897540 -9.756100
v -10.320343 15.432418 -8.910198
v -9.559296 12.404559 -11.169415
v -6.325233 11.901679 -10.716496
v -10.890938 14.499938 -13.056103
v -10.320259 13.242721 -11.924076
v -9.559235 9.811320 -13.504375
v -6.325180 9.413558 -12.956844
v -10.890877 11.468619 -15.785519
v -10.320175 10.474239 -14.416843
v -9.559196 6.789241 -15.249157
v -6.325134 6.513999 -14.630871
v -10.890816 7.936080 -17.825031
v -10.320137 7.247977 -16.279522
v -9.559158 3.470462 -16.327518
v -6.325119 3.329761 -15.665493
v -10.890778 4.056678 -19.085514
v -10.320099 3.704959 -17.430698
v -4.993462 3.189078 -15.003559
v -4.993439 -0.000001 -15.338718
v -4.993477 6.238780 -14.012638
v -4.993523 9.015800 -12.409321
v -4.993576 11.398799 -10.263653
v -4.993637 13.283599 -7.669445
v -4.993713 14.587878 -4.740040
v -4.993797 15.254558 -1.603451
v -4.993881 15.254558 1.603184
v -4.993980 14.587878 4.739742
v -4.994057 13.283599 7.669147
v -4.994118 11.398799 10.263386
v -4.994179 9.015800 12.409046
v -4.994217 6.238780 14.012363
v -4.994240 3.189078 15.003254
v -4.994263 -0.000001 15.338444
v -4.994240 -3.189080 15.003254
v -4.994217 -6.238782 14.012363
v -4.994179 -9.015799 12.409046
v -4.994118 -11.398803 10.263386
v -4.994057 -13.283622 7.669147
v -4.993980 -14.587880 4.739742
v -4.993881 -15.254560 1.603184
v -4.993797 -15.254560 -1.603451
v -4.993713 -14.587880 -4.740040
v -4.993637 -13.283622 -7.669445
v -4.993576 -11.398803 -10.263653
v -4.993523 -9.015799 -12.409321
v -4.993477 -6.238782 -14.012638
v -4.993462 -3.189080 -15.003559
v -4.993523 2.258578 -12.434216
v -4.993523 0.375959 -12.632076
v -4.232559 2.462142 -11.583637
v -4.993538 2.555938 -12.024937
v -4.993523 -0.000001 -12.293583
v -4.232559 -0.000001 -11.842419
v -4.232582 4.816699 -10.818600
v -4.993561 5.000178 -11.230755
v -4.232620 6.960719 -9.580738
v -4.993576 7.225898 -9.945736
v -4.232658 8.800540 -7.924160
v -4.993637 9.135799 -8.226055
v -4.232719 10.255721 -5.921284
v -4.993675 10.646419 -6.146854
v -4.232780 11.262698 -3.659595
v -4.993759 11.691741 -3.799023
v -4.232834 11.777419 -1.237980
v -4.993813 12.226081 -1.285152
v -4.232895 11.777419 1.237743
v -4.993881 12.226081 1.284885
v -4.232964 11.262698 3.659344
v -4.993958 11.691741 3.798740
v -4.233017 10.255721 5.921040
v -4.994019 10.646419 6.146580
v -4.233078 8.800540 7.923923
v -4.994057 9.135799 8.225788
v -4.233116 6.960719 9.580509
v -4.994095 7.225898 9.945469
v -4.233154 4.816699 10.818363
v -4.994141 5.000178 11.230473
v -4.233177 2.462142 11.583408
v -4.994156 2.555938 12.024632
v -4.233177 -0.000001 11.842167
v -4.994179 -0.000001 12.293278
v -4.233177 -2.462161 11.583408
v -4.994156 -2.555941 12.024632
v -4.233154 -4.816701 10.818363
v -4.994141 -5.000201 11.230473
v -4.233116 -6.960742 9.580509
v -4.994095 -7.225901 9.945469
v -4.233078 -8.800542 7.923923
v -4.994057 -9.135800 8.225788
v -4.233017 -10.255738 5.921040
v -4.994019 -10.646420 6.146580
v -4.232964 -11.262700 3.659344
v -4.993958 -11.691762 3.798740
v -4.232895 -11.777421 1.237743
v -4.993881 -12.226102 1.284885
v -4.232834 -11.777421 -1.237980
v -4.993813 -12.226102 -1.285152
v -4.232780 -11.262700 -3.659595
v -4.993759 -11.691762 -3.799023
v -4.232719 -10.255738 -5.921284
v -4.993675 -10.646420 -6.146854
v -4.232658 -8.800542 -7.924160
v -4.993637 -9.135800 -8.226055
v -4.232620 -6.960742 -9.580738
v -4.993576 -7.225901 -9.945736
v -4.232582 -4.816701 -10.818600
v -4.993561 -5.000201 -11.230755
v -4.232559 -2.462161 -11.583637
v -4.993538 -2.555941 -12.024937
v -5.374115 -0.000001 -7.556683
v -5.374077 -0.000001 -9.473972
v -5.374077 -1.969720 -9.266979
v -5.374138 -1.571082 -7.391560
v -4.327698 -0.000001 -10.827351
v -4.327698 -2.251101 -10.590755
v -5.374100 -3.853360 -8.654942
v -5.374138 -3.073521 -6.903355
v -4.327721 -4.403840 -9.891293
v -5.374115 -5.568581 -7.664639
v -5.374161 -4.441621 -6.113522
v -4.327759 -6.364100 -8.759541
v -5.374161 -7.040440 -6.339397
v -5.374199 -5.615580 -5.056461
v -4.327797 -8.046220 -7.244961
v -5.374199 -8.204581 -4.737057
v -5.374214 -6.544141 -3.778423
v -4.327835 -9.376660 -5.413738
v -5.374237 -9.010161 -2.927715
v -5.374252 -7.186681 -2.335217
v -4.327896 -10.297318 -3.345943
v -5.374298 -9.421941 -0.990459
v -5.374298 -7.515122 -0.790020
v -4.327957 -10.767918 -1.131878
v -5.374359 -9.421941 0.990124
v -5.374336 -7.515122 0.789722
v -4.328018 -10.767918 1.131649
v -5.374397 -9.010161 2.927441
v -5.374397 -7.186681 2.334965
v -4.328079 -10.297318 3.345684
v -5.374458 -8.204581 4.736782
v -5.374420 -6.544141 3.778103
v -4.328140 -9.376660 5.413502
v -5.374496 -7.040440 6.339054
v -5.374458 -5.615580 5.056126
v -4.328178 -8.046220 7.244694
v -5.374519 -5.568581 7.664356
v -5.374481 -4.441621 6.113209
v -4.328217 -6.364100 8.759312
v -5.374557 -3.853360 8.654606
v -5.374519 -3.073521 6.903080
v -4.328239 -4.403840 9.891041
v -5.374580 -1.969720 9.266636
v -5.374519 -1.571082 7.391224
v -4.328255 -2.251101 10.590519
v -5.374580 -0.000001 9.473698
v -5.374519 -0.000001 7.556339
v -4.328278 -0.000001 10.827106
v -5.374580 1.969722 9.266636
v -5.374519 1.571097 7.391224
v -4.328255 2.251098 10.590519
v -5.374557 3.853362 8.654606
v -5.374519 3.073520 6.903080
v -4.328239 4.403842 9.891041
v -5.374519 5.568580 7.664356
v -5.374481 4.441600 6.113209
v -4.328217 6.364101 8.759312
v -5.374496 7.040439 6.339054
v -5.374458 5.615581 5.056126
v -4.328178 8.046199 7.244694
v -5.374458 8.204578 4.736782
v -5.374420 6.544139 3.778103
v -4.328140 9.376659 5.413502
v -5.374397 9.010158 2.927441
v -5.374397 7.186660 2.334965
v -4.328079 10.297320 3.345684
v -5.374359 9.421920 0.990124
v -5.374336 7.515121 0.789722
v -4.328018 10.767940 1.131649
v -5.374298 9.421920 -0.990459
v -5.374298 7.515121 -0.790020
v -4.327957 10.767940 -1.131878
v -5.374237 9.010158 -2.927715
v -5.374252 7.186660 -2.335217
v -4.327896 10.297320 -3.345943
v -5.374199 8.204578 -4.737057
v -5.374214 6.544139 -3.778423
v -4.327835 9.376659 -5.413738
v -5.374161 7.040439 -6.339397
v -5.374199 5.615581 -5.056461
v -4.327797 8.046199 -7.244961
v -5.374115 5.568580 -7.664639
v -5.374161 4.441600 -6.113522
v -4.327759 6.364101 -8.759541
v -5.374100 3.853362 -8.654942
v -5.374138 3.073520 -6.903355
v -4.327721 4.403842 -9.891293
v -5.374077 1.969722 -9.266979
v -5.374138 1.571097 -7.391560
v -4.327698 2.251098 -10.590755
v -3.566879 -0.000001 -6.428776
v -4.422920 -0.000001 -7.218281
v -4.422920 -1.500741 -7.060543
v -3.566879 -1.336600 -6.288303
v -4.422935 -2.935880 -6.594242
v -3.566902 -2.614781 -5.872997
v -4.422958 -4.242741 -5.839741
v -3.566917 -3.778680 -5.201000
v -4.422981 -5.364140 -4.830021
v -3.566940 -4.777440 -4.301723
v -4.423019 -6.251122 -3.609203
v -3.566956 -5.567401 -3.214436
v -4.423035 -6.864880 -2.230656
v -3.567001 -6.114041 -1.986675
v -4.423080 -7.178620 -0.754620
v -3.567039 -6.393460 -0.672077
v -4.423119 -7.178620 0.754383
v -3.567055 -6.393460 0.671879
v -4.423157 -6.864880 2.230419
v -3.567101 -6.114041 1.986462
v -4.423203 -6.251122 3.608959
v -3.567139 -5.567401 3.214245
v -4.423241 -5.364140 4.829769
v -3.567154 -4.777440 4.301525
v -4.423256 -4.242741 5.839497
v -3.567177 -3.778680 5.200809
v -4.423279 -2.935880 6.593983
v -3.567200 -2.614781 5.872807
v -4.423302 -1.500741 7.060322
v -3.567223 -1.336600 6.288090
v -4.423302 -0.000001 7.218037
v -3.567223 -0.000001 6.428577
v -4.423302 1.500739 7.060322
v -3.567223 1.336600 6.288090
v -4.423279 2.935901 6.593983
v -3.567200 2.614780 5.872807
v -4.423256 4.242721 5.839497
v -3.567177 3.778678 5.200809
v -4.423241 5.364139 4.829769
v -3.567154 4.777438 4.301525
v -4.423203 6.251102 3.608959
v -3.567139 5.567401 3.214245
v -4.423157 6.864879 2.230419
v -3.567101 6.114020 1.986462
v -4.423119 7.178619 0.754383
v -3.567055 6.393458 0.671879
v -4.423080 7.178619 -0.754620
v -3.567039 6.393458 -0.672077
v -4.423035 6.864879 -2.230656
v -3.567001 6.114020 -1.986675
v -4.423019 6.251102 -3.609203
v -3.566956 5.567401 -3.214436
v -4.422981 5.364139 -4.830021
v -3.566940 4.777438 -4.301723
v -4.422958 4.242721 -5.839741
v -3.566917 3.778678 -5.201000
v -4.422935 2.935901 -6.594242
v -3.566902 2.614780 -5.872997
v -4.422920 1.500739 -7.060543
v -3.566879 1.336600 -6.288303
v -3.662102 -0.000001 -2.142994
v -3.566917 -0.000001 -4.737019
v -3.566917 -0.984860 -4.633495
v -3.662102 -0.445540 -2.096180
v -3.566940 -1.926680 -4.327480
v -3.662102 -0.871600 -1.957737
v -3.566940 -2.784301 -3.832363
v -3.662102 -1.259581 -1.733738
v -3.566956 -3.520221 -3.169720
v -3.662117 -1.592481 -1.433979
v -3.566978 -4.102300 -2.368557
v -3.662117 -1.855801 -1.071560
v -3.567017 -4.505080 -1.463902
v -3.662140 -2.038020 -0.662304
v -3.567039 -4.710980 -0.495235
v -3.662140 -2.131160 -0.224094
v -3.567055 -4.710980 0.495037
v -3.662155 -2.131160 0.223881
v -3.567078 -4.505080 1.463688
v -3.662155 -2.038020 0.662083
v -3.567116 -4.102300 2.368359
v -3.662178 -1.855801 1.071346
v -3.567139 -3.520221 3.169521
v -3.662178 -1.592481 1.433781
v -3.567139 -2.784301 3.832150
v -3.662193 -1.259581 1.733540
v -3.567154 -1.926680 4.327282
v -3.662193 -0.871600 1.957516
v -3.567154 -0.984860 4.633297
v -3.662193 -0.445540 2.095966
v -3.567177 -0.000001 4.736820
v -3.662193 -0.000001 2.142796
v -3.567154 0.984859 4.633297
v -3.662193 0.445539 2.095966
v -3.567154 1.926677 4.327282
v -3.662193 0.871579 1.957516
v -3.567139 2.784278 3.832150
v -3.662193 1.259559 1.733540
v -3.567139 3.520217 3.169521
v -3.662178 1.592479 1.433781
v -3.567116 4.102302 2.368359
v -3.662178 1.855800 1.071346
v -3.567078 4.505080 1.463688
v -3.662155 2.038020 0.662083
v -3.567055 4.710960 0.495037
v -3.662155 2.131160 0.223881
v -3.567039 4.710960 -0.495235
v -3.662140 2.131160 -0.224094
v -3.567017 4.505080 -1.463902
v -3.662140 2.038020 -0.662304
v -3.566978 4.102302 -2.368557
v -3.662117 1.855800 -1.071560
v -3.566956 3.520217 -3.169720
v -3.662117 1.592479 -1.433979
v -3.566940 2.784278 -3.832363
v -3.662102 1.259559 -1.733738
v -3.566940 1.926677 -4.327480
v -3.662102 0.871579 -1.957737
v -3.566917 0.984859 -4.633495
v -3.662102 0.445539 -2.096180
v -2.330437 0.304839 -1.434231
v -2.330437 -0.000001 -1.466274
v -2.330437 0.596360 -1.339512
v -2.330437 0.861798 -1.186260
v -2.330437 1.089580 -0.981159
v -2.330460 1.269759 -0.733181
v -2.330460 1.394420 -0.453159
v -2.330460 1.458160 -0.153332
v -2.330482 1.458160 0.153187
v -2.330482 1.394420 0.452999
v -2.330498 1.269759 0.733021
v -2.330498 1.089580 0.980984
v -2.330498 0.861798 1.186100
v -2.330498 0.596360 1.339344
v -2.330521 0.304839 1.434086
v -2.330521 -0.000001 1.466099
v -2.330521 -0.304841 1.434086
v -2.330498 -0.596360 1.339344
v -2.330498 -0.861800 1.186100
v -2.330498 -1.089600 0.980984
v -2.330498 -1.269761 0.733021
v -2.330482 -1.394441 0.452999
v -2.330482 -1.458159 0.153187
v -2.330460 -1.458159 -0.153332
v -2.330460 -1.394441 -0.453159
v -2.330460 -1.269761 -0.733181
v -2.330437 -1.089600 -0.981159
v -2.330437 -0.861800 -1.186260
v -2.330437 -0.596360 -1.339512
v -2.330437 -0.304841 -1.434231
v -2.425598 -0.000001 -0.000080
v -4.993942 12.129878 3.545788
v -4.993896 12.523440 1.694164
v -4.994057 9.638942 8.172886
v -4.994019 10.751598 6.641438
v -4.994141 5.481341 11.386814
v -4.994118 7.120700 10.440296
v -4.994179 0.375959 12.631824
v -4.994179 2.258578 12.433949
v -4.994156 -4.794419 11.692646
v -4.994179 -2.994080 12.277607
v -4.994080 -9.135800 8.731693
v -4.994118 -7.729041 9.998341
v -4.993958 -11.897523 4.260899
v -4.993996 -11.127583 5.990238
v -4.993813 -12.602059 -0.946636
v -4.993881 -12.602059 0.946339
v -4.993698 -11.127583 -5.990520
v -4.993736 -11.897523 -4.261204
v -4.993576 -7.729041 -9.998623
v -4.993614 -9.135800 -8.731960
v -4.993523 -2.994080 -12.277905
v -4.993538 -4.794419 -11.692921
v -4.993576 7.120700 -10.440601
v -4.993561 5.481341 -11.387074
v -4.993675 10.751598 -6.641712
v -4.993637 9.638942 -8.173183
v -4.993797 12.523440 -1.694454
v -4.993759 12.129878 -3.546062
vn 0.00000939633446 0.93399602174759 -0.35728341341019
vn -0.27974501252174 0.95155656337738 -0.12760418653488
vn -0.22999215126038 0.48986256122589 -0.84091514348984
vn 0.00002310278251 0.4946528673172 -0.86909061670303
vn -0.89065498113632 0.36555036902428 -0.27038234472275
vn -0.84508919715881 -0.43666517734528 -0.30846026539803
vn -0.36554753780365 -0.31220424175262 -0.87687140703201
vn -0.91286087036133 -0.27310159802437 0.30348065495491
vn -0.8730496764183 0.32403847575188 0.36439445614815
vn -0.43668070435524 0.17572416365147 0.88228732347488
vn -0.33312982320786 -0.57163965702057 0.74983501434326
vn -0.27973625063896 -0.90423583984375 -0.32265329360962
vn 0.0000262376052 -0.1623352766037 -0.98673564195633
vn -0.00001096490269 -0.94913303852081 0.31487530469894
vn 0.0000142724266 -0.83930027484894 -0.54366809129715
vn -0.45743650197983 -0.85874581336975 0.23088409006596
vn -0.00001053582764 0.91324543952942 0.40740990638733
vn -0.3842978477478 0.78859359025955 0.48003673553467
vn -0.0000327321286 -0.36394888162613 0.93141889572144
vn -0.00002908774695 0.43760398030281 0.89916777610779
vn -0.00000203126979 0.99856746196747 0.05350733920932
vn -0.27974608540535 0.92118972539902 0.27046555280685
vn -0.31362223625183 0.74110072851181 -0.59364193677902
vn 0.00001049547609 0.80536848306656 -0.59277445077896
vn -0.84510308504105 0.53455609083176 0.00710936635733
vn -0.89065790176392 -0.13683725893497 -0.43359434604645
vn -0.34568226337433 0.0892097055912 -0.93410140275955
vn -0.9128702878952 0.04253465682268 0.40602785348892
vn -0.27832025289536 -0.07981437444687 0.95716637372971
vn -0.52177530527115 -0.67188692092896 0.52566009759903
vn -0.87304323911667 -0.4763525724411 0.10432526469231
vn -0.27889454364777 -0.55138593912125 -0.78625148534775
vn 0.00002862009569 0.11064025759697 -0.9938605427742
vn 0.00002376848897 -0.7685809135437 -0.63975262641907
vn -0.32948565483093 -0.93522721529007 -0.12957344949245
vn 0.00000168796726 -0.99514698982239 -0.09839968383312
vn -0.0000030257454 0.58278888463974 0.81262362003326
vn -0.45744100213051 0.55903226137161 0.69154226779938
vn -0.00001227511984 -0.8053885102272 0.59274727106094
vn -0.00002095335003 -0.11066932976246 0.99385726451874
vn -0.0000162217184 0.81263983249664 0.58276629447937
vn -0.35055002570152 0.77253341674805 0.52944004535675
vn -0.31362381577492 0.91848975419998 -0.2408664226532
vn 0.00000379009271 0.97684848308563 -0.21393221616745
vn -0.89575266838074 0.40367835760117 0.18620128929615
vn -0.84681433439255 0.06008315086365 -0.52848410606384
vn -0.275261759758 0.39405345916748 -0.87689954042435
vn -0.43667015433311 -0.85195553302765 0.28894793987274
vn -0.92069953680038 -0.38223907351494 -0.07877597212791
vn -0.87227314710617 -0.15127268433571 0.46503350138664
vn -0.4197416305542 -0.42359778285027 0.80273401737213
vn -0.35055074095726 -0.26482152938843 -0.89832270145416
vn 0.00001888156294 0.62467211484909 -0.78088712692261
vn 0.00002073493488 -0.30314549803734 -0.95294427871704
vn -0.32948473095894 -0.8016751408577 -0.49875527620316
vn 0.00001278861146 -0.86909520626068 -0.49464485049248
vn -0.0000422191406 0.20189106464386 0.97940796613693
vn -0.3295151591301 0.22662034630775 0.91654950380325
vn -0.00000015858832 -0.99750405550003 0.07060956209898
vn -0.0000290929911 -0.50535440444946 0.86291188001633
vn -0.00002846377356 0.5053339600563 0.86292386054993
vn -0.35058733820915 0.49038729071617 0.79787766933441
vn -0.36558538675308 0.90468990802765 0.21882300078869
vn -0.00000037019518 0.99829834699631 0.05831348523498
vn -0.8957616686821 0.29303523898125 0.33427739143372
vn -0.84680509567261 0.26984325051308 -0.45837292075157
vn -0.23001228272915 0.78509372472763 -0.57508456707001
vn -0.37644124031067 -0.76326763629913 0.52508521080017
vn -0.41971135139465 -0.87999981641769 -0.22235710918903
vn -0.91285586357117 -0.37303403019905 -0.16595129668713
vn -0.87304842472076 -0.24645571410656 0.42076843976974
vn -0.27972474694252 0.02744059078395 -0.95968800783157
vn 0.00001548832734 0.81261992454529 -0.58279401063919
vn -0.38428482413292 -0.5598521232605 -0.73409181833267
vn 0.00002350714385 -0.50062894821167 -0.86566197872162
vn 0.00003649113933 0.2576904296875 -0.96622753143311
vn -0.3823863863945 -0.09749539196491 0.91884452104568
vn -0.00002728834806 -0.32002240419388 0.94740998744965
vn 0.0000028480265 -0.97941321134567 -0.20186561346054
vn -0.0000204850021 -0.8126255273819 0.58278620243073
vn -0.00003219074279 0.11065322160721 0.99385905265808
vn -0.35057935118675 0.12345218658447 0.92836076021194
vn -0.27528634667397 0.71665143966675 0.64080274105072
vn -0.00001221080402 0.88828092813492 0.45930060744286
vn -0.89067792892456 0.23065260052681 0.39178085327148
vn -0.84509342908859 0.35238915681839 -0.40204352140427
vn -0.31361776590347 0.93705320358276 -0.15354199707508
vn -0.87226408720016 -0.44682711362839 0.19874820113182
vn -0.27830716967583 -0.93498802185059 0.21986922621727
vn -0.52175253629684 -0.70758277177811 -0.47655111551285
vn -0.92069351673126 -0.19725187122822 -0.33677172660828
vn -0.27972257137299 0.41540902853012 -0.86555796861649
vn 0.0000053778349 0.97941088676453 -0.20187689363956
vn 0.00002611573473 -0.10527182370424 -0.9944434762001
vn 0.0000300886968 0.62843334674835 -0.7778634428978
vn -0.38427200913429 -0.21288771927357 -0.89833950996399
vn -0.00001344689281 -0.67771273851395 0.73532676696777
vn -0.38238325715065 -0.46280360221863 0.79974734783173
vn 0.00001547035208 -0.81262844800949 -0.58278208971024
vn -0.00000424730024 -0.9794152379036 0.20185574889183
vn -0.00001719870852 -0.15758717060089 0.98750507831573
vn -0.27975508570671 -0.3652783036232 0.8878675699234
vn -0.27527439594269 0.39404019713402 0.87690156698227
vn -0.00001384044481 0.62466013431549 0.78089672327042
vn -0.84682589769363 0.06008076667786 0.52846586704254
vn -0.89574861526489 0.40367114543915 -0.18623644113541
vn -0.31362810730934 0.91849005222321 0.24085977673531
vn -0.37641203403473 -0.48371529579163 -0.79014778137207
vn -0.87303918600082 -0.05401268228889 -0.48464953899384
vn -0.91285717487335 -0.4082790017128 -0.00015146149963
vn -0.33312064409256 -0.93973922729492 -0.07694713026285
vn -0.27973595261574 0.7315302491188 -0.62178069353104
vn -0.00000379040489 0.97684723138809 0.21393816173077
vn -0.45741629600525 0.22939541935921 -0.85915541648865
vn 0.00004054588135 0.20185223221779 -0.97941601276398
vn 0.0000145045924 0.89047598838806 -0.45503023266792
vn -0.00001262845399 -0.86908912658691 0.49465554952621
vn -0.45745092630386 -0.74619692564011 0.48366180062294
vn 0.00002426228457 -0.50532847642899 -0.86292707920074
vn 0.000007935545 -0.9357043504715 -0.35278508067131
vn -0.00002409250919 -0.66453069448471 0.74726092815399
vn -0.35056802630424 -0.60730057954788 0.71294319629669
vn -0.31364545226097 0.14355298876762 0.93862617015839
vn -0.00003523730629 0.11067443341017 0.99385672807693
vn -0.84511268138886 -0.27345055341721 0.45935750007629
vn -0.89066761732101 0.44390481710434 0.09828366339207
vn -0.27527725696564 0.83090698719025 0.48354530334473
vn -0.87225544452667 0.05096090957522 -0.48638808727264
vn -0.92069685459137 -0.38123241066933 -0.08354154229164
vn -0.37642365694046 -0.73525637388229 -0.56365180015564
vn -0.41969519853592 -0.06046484038234 -0.90564888715744
vn -0.35055223107338 0.92108178138733 -0.16947427392006
vn -0.00001798795165 0.71132379770279 0.70286440849304
vn 0.00000623393225 0.97941166162491 -0.20187330245972
vn -0.32947310805321 0.57982045412064 -0.7451548576355
vn 0.00002802263407 0.58278864622116 -0.8126237988472
vn -0.00000004208921 -0.99993282556534 -0.01158867031336
vn -0.38236147165298 -0.9040116071701 0.19121387600899
vn 0.00001929455539 -0.11066450178623 -0.99385780096054
vn 0.00000833093327 -0.80537873506546 -0.59276056289673
vn -0.00001076392164 -0.91101402044296 0.41237539052963
vn -0.35054850578308 -0.84478414058685 0.40429624915123
vn -0.31363323330879 -0.2506400346756 0.91586774587631
vn -0.00001689066266 -0.30313864350319 0.9529464840889
vn -0.84510183334351 -0.4366657435894 0.30842483043671
vn -0.89067095518112 0.36554428935051 0.27033790946007
vn -0.27528327703476 0.5623824596405 0.77970832586288
vn -0.52173054218292 0.23457273840904 -0.82022732496262
vn -0.87303304672241 0.32403185963631 -0.36444017291069
vn -0.91284567117691 -0.27310091257095 -0.30352699756622
vn -0.33509102463722 -0.41063770651817 -0.84799212217331
vn -0.35055881738663 0.91037732362747 0.21982191503048
vn -0.00001651203092 0.36392816901207 0.93142700195312
vn -0.32947516441345 0.83277362585068 -0.44489791989326
vn 0.00000871964858 0.86292642354965 -0.50532954931259
vn -0.00000560732815 0.97684293985367 0.21395765244961
vn -0.32947418093681 -0.90707218647003 -0.26204350590706
vn 0.00001085729218 -0.94913130998611 -0.31488046050072
vn 0.00003507925794 0.30314919352531 -0.95294308662415
vn 0.00003159865446 -0.6149742603302 -0.78854715824127
vn -0.00000027800652 -0.99998110532761 0.00614466145635
vn -0.35055178403854 -0.936190366745 0.0257116984576
vn -0.27527815103531 -0.71222287416458 0.64572483301163
vn -0.00002354315257 -0.54964876174927 0.83539587259293
vn -0.89066934585571 -0.41377228498459 0.18841601908207
vn -0.84510833024979 0.36299821734428 0.39245909452438
vn -0.31363663077354 0.05474641174078 0.94796353578568
vn -0.9128457903862 0.33023723959923 -0.24011640250683
vn -0.87303256988525 -0.24118046462536 -0.42384675145149
vn -0.4380906522274 -0.14614206552505 -0.88697189092636
vn -0.33510249853134 0.57798093557358 -0.74407285451889
vn -0.35054531693459 0.74227035045624 0.57109779119492
vn -0.00001763898581 0.09840188920498 0.99514675140381
vn -0.00001033648186 0.80537289381027 0.59276849031448
vn -0.32948577404022 0.94172805547714 -0.0677300915122
vn 0.00000189774926 0.99385762214661 -0.11066608130932
vn -0.38233777880669 -0.74700766801834 -0.54387259483337
vn 0.00002822588795 -0.6604745388031 -0.75084841251373
vn 0.00001644713484 0.76547956466675 -0.64346015453339
vn 0.00003731217657 0.04637292027473 -0.99892419576645
vn -0.00000730696229 -0.91102033853531 0.41236147284508
vn 0.00000691506739 -0.91603511571884 -0.40109810233116
vn -0.23319892585278 -0.89602053165436 -0.37784323096275
vn -0.34571060538292 -0.86080580949783 0.3734937608242
vn -0.84682089090347 -0.53185921907425 0.00448616174981
vn -0.89576554298401 0.1429985165596 0.42089846730232
vn -0.31364879012108 -0.33556151390076 0.88826960325241
vn -0.43664294481277 0.77326798439026 -0.459782153368
vn -0.87304335832596 0.48763287067413 -0.00307247112505
vn -0.91284710168838 0.04280199483037 -0.40605193376541
vn -0.4197074174881 0.24743138253689 -0.87328308820724
vn -0.35057371854782 0.44580072164536 0.82362598180771
vn -0.00001682214133 -0.31487959623337 0.94913160800934
vn -0.32949212193489 0.88785582780838 0.32116502523422
vn -0.00001045245426 0.95294433832169 0.30314528942108
vn -0.00001789655835 0.49464070796967 0.86909759044647
vn 0.00001493694526 -0.49935919046402 -0.86639505624771
vn -0.38427662849426 -0.35581701993942 -0.85189533233643
vn 0.00001162277113 0.96102738380432 -0.27645319700241
vn 0.00001990750388 0.31489288806915 -0.94912719726562
vn 0.00001093454921 -0.77641236782074 -0.63022518157959
vn -0.27973282337189 -0.58627128601074 -0.76028645038605
vn -0.31362918019295 -0.94849544763565 0.0446439050138
vn -0.00000010441062 -0.99998092651367 0.00617219693959
vn -0.8957491517067 -0.35612827539444 -0.26609408855438
vn -0.84681975841522 -0.16865174472332 0.5044332742691
vn -0.34571003913879 -0.62122410535812 0.70325326919556
vn -0.52176952362061 0.85254466533661 -0.03040084429085
vn -0.92070633172989 0.35750988125801 0.15648184716702
vn -0.87225019931793 0.24465773999691 -0.42346453666687
vn -0.2782769203186 0.62717819213867 -0.72746789455414
vn -0.23322188854218 0.08243181556463 0.96892338991165
vn -0.00002398059587 -0.67369699478149 0.73900765180588
vn -0.0000180075931 0.6696612238884 0.74266672134399
vn -0.00003431191362 0.09837418049574 0.99514949321747
vn -0.38431078195572 0.70023596286774 0.60164338350296
vn 0.00003463940084 0.00619024876505 -0.99998086690903
vn -0.45741465687752 -0.04575711488724 -0.88807553052902
vn 0.00000218152741 0.99998092651367 -0.00617670686916
vn 0.00002597622915 0.67370855808258 -0.73899710178375
vn 0.00002939660953 -0.31488534808159 -0.94912970066071
vn -0.35055154561996 -0.31378579139709 -0.88241267204285
vn -0.2300182133913 -0.88751292228699 -0.39926487207413
vn 0.00001066293316 -0.91604340076447 -0.40107908844948
vn -0.89066398143768 -0.30707496404648 -0.33529487252235
vn -0.84512037038803 -0.26109942793846 0.46647465229034
vn -0.36559280753136 -0.83942240476608 0.40213426947594
vn -0.87225943803787 0.39572033286095 -0.28734800219536
vn -0.3351272046566 0.88625103235245 -0.31976372003555
vn -0.52178001403809 0.79119008779526 0.31900459527969
vn -0.92070955038071 0.26294416189194 0.28836479783058
vn -0.35058531165123 -0.31377986073494 0.88240134716034
vn -0.00000468472672 -0.96436184644699 0.26458701491356
vn -0.00002760065217 -0.31489458680153 0.94912666082382
vn -0.32951638102531 0.35540065169334 0.87470531463623
vn -0.00003926942009 0.41235053539276 0.91102528572083
vn 0.00003926607314 0.41236838698387 -0.91101717948914
vn -0.32947325706482 0.3554113805294 -0.87471717596054
vn -0.00001287801388 0.91603565216064 0.40109691023827
vn 0.00001698339656 0.8485032916069 -0.52919012308121
vn 0.00003015190487 0.09837036579847 -0.99514985084534
vn -0.35052677989006 0.07224373519421 -0.93376219272614
vn -0.31360939145088 -0.66784876585007 -0.67500156164169
vn 0.00001310761127 -0.67369705438614 -0.73900759220123
vn -0.89574527740479 -0.04057518392801 -0.44271209836006
vn -0.84681862592697 -0.48772525787354 0.21218466758728
vn -0.27527451515198 -0.95644134283066 0.09717985987663
vn -0.52177768945694 0.59304666519165 0.61322402954102
vn -0.92070758342743 0.12291271984577 0.37039172649384
vn -0.87225621938705 0.47839027643204 -0.10154699534178
vn -0.27829971909523 0.96027147769928 -0.02068601548672
vn -0.35058012604713 -0.6455614566803 0.67848652601242
vn 0.00000267371524 -0.9886057972908 -0.15052768588066
vn -0.32951959967613 -0.03109921142459 0.94363641738892
vn -0.00004310740405 0.00616260245442 0.99998098611832
vn -0.00002273461723 -0.67371207475662 0.73899394273758
vn -0.38234752416611 0.61894863843918 -0.68608528375626
vn 0.00001243810675 0.81577199697494 -0.57837361097336
vn -0.00002803436655 0.67370706796646 0.73899853229523
vn -0.00000022300337 0.99998086690903 0.00618341472
vn 0.00002120099998 0.35944291949272 -0.93316704034805
vn -0.27974265813828 0.54188853502274 -0.79252815246582
vn -0.27525714039803 -0.20312556624413 -0.93966668844223
vn 0.0000182110889 -0.44865521788597 -0.89370489120483
vn -0.89065957069397 0.0436864644289 -0.45256716012955
vn -0.8451035618782 -0.52139472961426 0.11809930205345
vn -0.31362521648407 -0.8483379483223 -0.42656996846199
vn -0.91286826133728 0.04281106591225 0.40600344538689
vn -0.87304162979126 0.48763635754585 0.00300943874754
vn -0.43812504410744 0.841204226017 0.31689405441284
vn -0.27831563353539 0.27705952525139 0.91966211795807
vn -0.27975803613663 -0.84482431411743 0.45607817173004
vn 0.00001096267442 -0.91102385520935 -0.41235369443893
vn -0.45744845271111 -0.40303465723991 0.79265624284744
vn -0.0000149599191 -0.40110531449318 0.91603195667267
vn -0.0000044414096 -0.96562296152115 0.25994664430618
vn 0.00000780923074 0.95294535160065 -0.30314218997955
vn -0.4574345946312 0.83045083284378 -0.31797021627426
vn -0.00001333642831 0.31486675143242 0.94913589954376
vn -0.00001331787917 0.84191238880157 0.53961420059204
vn 0.00001232918294 0.7079268693924 -0.70628571510315
vn -0.27973625063896 0.81739294528961 -0.50360345840454
vn -0.36555659770966 0.12307937443256 -0.92261576652527
vn 0.00002073959331 -0.04636052250862 -0.9989247918129
vn -0.89574384689331 0.30184948444366 -0.32638913393021
vn -0.84680444002151 -0.48405909538269 -0.22047454118729
vn -0.23000000417233 -0.6539911031723 -0.72069108486176
vn -0.52179473638535 -0.05890540406108 0.85103487968445
vn -0.92070710659027 -0.19303168356419 0.33917126059532
vn -0.87226921319962 0.39555126428604 0.28755110502243
vn -0.27832266688347 0.65792369842529 0.69976627826691
vn -0.2797504067421 -0.95729130506516 0.07302813231945
vn 0.00001987240103 -0.66453862190247 -0.74725389480591
vn -0.00002292071804 -0.80857706069946 0.58839029073715
vn 0.00000413402404 -0.98786956071854 -0.1552861481905
vn -0.3843061029911 -0.67154747247696 0.63350838422775
vn -0.00000436212258 0.99385821819305 0.11066111177206
vn -0.45743855834007 0.88798242807388 0.04729820415378
vn -0.00003687859498 -0.09839069843292 0.99514788389206
vn -0.00002627357208 0.66453337669373 0.7472585439682
vn 0.84450531005859 -0.00892942678183 -0.53547269105911
vn 0.93333119153976 0.00915073323995 -0.35889998078346
vn 0.90674734115601 -0.09018731117249 -0.41191694140434
vn 0.84637612104416 -0.12081127613783 -0.51870232820511
vn 0.99809885025024 -0.00000000134326 -0.061633720994
vn 0.94997102022171 0 -0.3123379945755
vn 0.95834988355637 -0.05203454568982 -0.28081655502319
vn 0.99878418445587 -0.01025332417339 -0.04821790754795
vn 0.98288136720657 0.0000000009315 0.18423949182034
vn 0.99571096897125 0.00000000042843 0.09251853078604
vn 0.99570566415787 0.01606112159789 0.09117144346237
vn 0.98286151885986 0.0446120351553 0.17886589467525
vn 0.90085011720657 -0.18820823729038 -0.3912119269371
vn 0.83292090892792 -0.21361584961414 -0.51050078868866
vn 0.92747133970261 -0.15208554267883 -0.34156528115273
vn 0.99751603603363 -0.02866038121283 -0.06434503942728
vn 0.99570566415787 0.03466043248773 0.08584236353636
vn 0.98286211490631 0.08081984519958 0.165681168437
vn 0.93816328048706 -0.20058140158653 -0.28216445446014
vn 0.83491611480713 -0.31751793622971 -0.44955253601074
vn 0.95834863185883 -0.17388673126698 -0.22656404972076
vn 0.99809861183166 -0.0362426713109 -0.04985662922263
vn 0.99684751033783 0.04434765130281 0.06578958779573
vn 0.98286271095276 0.11349462717772 0.14525808393955
vn 0.92059242725372 -0.29022866487503 -0.26129841804504
vn 0.84637397527695 -0.38882011175156 -0.3639642894268
vn 0.94991230964661 -0.23943695425987 -0.20083945989609
vn 0.99809610843658 -0.0443755351007 -0.04283599928021
vn 0.99570643901825 0.06656599789858 0.0643248334527
vn 0.98286300897598 0.14121079444885 0.11848989874125
vn 0.92050409317017 -0.34502759575844 -0.18337987363338
vn 0.83961218595505 -0.46062561869621 -0.28788080811501
vn 0.93688809871674 -0.30790483951569 -0.16563618183136
vn 0.99809813499451 -0.05339774489403 -0.03080257587135
vn 0.99381428956985 0.09416160732508 0.05887889862061
vn 0.98286372423172 0.16275654733181 0.086540363729
vn 0.93815648555756 -0.3303661942482 -0.10354030877352
vn 0.83976298570633 -0.51638573408127 -0.16776134073734
vn 0.96837884187698 -0.23728132247925 -0.07707161456347
vn 0.99809771776199 -0.05864138528705 -0.01902908831835
vn 0.99571263790131 0.08796559274197 0.02860694564879
vn 0.98288434743881 0.17519943416119 0.05695166811347
vn 0.90084153413773 -0.43024623394012 -0.05807476490736
vn 0.83960860967636 -0.54187452793121 -0.03780721127987
vn 0.94994348287582 -0.30996099114418 -0.03913455083966
vn 0.99809515476227 -0.06109580025077 -0.0085674058646
vn 0.99570792913437 0.09232450276613 0.0064715933986
vn 0.98286491632462 0.18252697587013 0.02569925226271
vn 0.93332129716873 -0.35791397094727 0.02844240702689
vn 0.83290994167328 -0.54892700910568 0.07028651237488
vn 0.92746078968048 -0.37186950445175 0.03910950571299
vn 0.9980970621109 -0.0613215751946 0.00647137360647
vn 0.99571371078491 0.09198527783155 -0.00964186526835
vn 0.98288667201996 0.18320474028587 -0.01922990567982
vn 0.90083539485931 -0.4166833460331 0.12194516509771
vn 0.84448426961899 -0.50653052330017 0.17399179935455
vn 0.96837395429611 -0.2372841835022 0.0771237835288
vn 0.99809676408768 -0.05864147469401 0.01907940395176
vn 0.99684971570969 0.0762505158782 -0.02182830311358
vn 0.98286753892899 0.17319941520691 -0.06303454190493
vn 0.92049676179886 -0.34502372145653 0.18342383205891
vn 0.83959931135178 -0.46062296628952 0.28792279958725
vn 0.94993835687637 -0.27378210425377 0.15053413808346
vn 0.99809432029724 -0.05447564274073 0.0289843454957
vn 0.99570900201797 0.08172395080328 -0.04341354966164
vn 0.98286885023117 0.15630111098289 -0.09766645729542
vn 0.92049330472946 -0.2993540763855 0.25115567445755
vn 0.83290296792984 -0.40278938412666 0.37951734662056
vn 0.92745530605316 -0.27787509560585 0.25022414326668
vn 0.99751323461533 -0.05236308276653 0.04717449098825
vn 0.99570965766907 0.07090317457914 -0.05945556610823
vn 0.9828696846962 0.13257372379303 -0.12802866101265
vn 0.92057836055756 -0.22955268621445 0.31597632169724
vn 0.85075837373734 -0.30890434980392 0.4251920580864
vn 0.96150761842728 -0.16362416744232 0.22074937820435
vn 0.99809372425079 -0.03449421003461 0.05117670446634
vn 0.995709836483 0.0569880977273 -0.0728987082839
vn 0.98287010192871 0.10305381566286 -0.1527948230505
vn 0.90082770586014 -0.16481040418148 0.40168023109436
vn 0.83289879560471 -0.23645323514938 0.50036936998367
vn 0.94079464673996 -0.13958424329758 0.3089040517807
vn 0.99809366464615 -0.02310307882726 0.05723013356328
vn 0.99440056085587 0.04299299791455 -0.09653557837009
vn 0.98289114236832 0.07492499798536 -0.16825945675373
vn 0.92055171728134 -0.07367574423552 0.38360977172852
vn 0.83959633111954 -0.13146975636482 0.5270614027977
vn 0.95833486318588 -0.0520363971591 0.28086733818054
vn 0.99878168106079 -0.01025379169732 0.04826983809471
vn 0.99726176261902 0.0153795145452 -0.07233592867851
vn 0.98289155960083 0.03829845413566 -0.1801595389843
vn 0.93331372737885 0.00915087386966 0.35894539952278
vn 0.84447312355042 -0.00892764143646 0.53552353382111
vn 0.94995439052582 0.00000000308708 0.31238856911659
vn 0.99809575080872 -0.00000000015748 0.06168360635638
vn 0.99237656593323 0.00000000249334 -0.12324274331331
vn 0.9828913807869 0.00000000652048 -0.18418624997139
vn 0.92049443721771 0.09456956386566 0.37913927435875
vn 0.83290082216263 0.1028003692627 0.54379063844681
vn 0.94995498657227 0.06494410336018 0.3055614233017
vn 0.99878168106079 0.01025382615626 0.04826983436942
vn 0.99726176261902 -0.01537951175123 -0.07233593612909
vn 0.98289155960083 -0.03829845041037 -0.18015950918198
vn 0.92049139738083 0.17132996022701 0.35120031237602
vn 0.8395956158638 0.20342582464218 0.50368350744247
vn 0.93687492609024 0.1517276018858 0.31503027677536
vn 0.99661463499069 0.03342922031879 0.07511191815138
vn 0.99571537971497 -0.0376214645803 -0.08447168767452
vn 0.98289114236832 -0.07492499053478 -0.16825942695141
vn 0.92049294710159 0.24059893190861 0.30790412425995
vn 0.84447699785233 0.30753517150879 0.43849819898605
vn 0.96837145090103 0.14664824306965 0.20186893641949
vn 0.99915438890457 0.02415530197322 0.03327138721943
vn 0.99381792545319 -0.06837473064661 -0.08746880292892
vn 0.98287010192871 -0.1030538380146 -0.15279483795166
vn 0.9204934835434 0.29935383796692 0.25115537643433
vn 0.83290296792984 0.40278941392899 0.37951716780663
vn 0.92745530605316 0.27787494659424 0.25022420287132
vn 0.99751323461533 0.05236308649182 0.04717456549406
vn 0.99570965766907 -0.07090318202972 -0.05945559591055
vn 0.9828696846962 -0.13257373869419 -0.12802875041962
vn 0.92049688100815 0.34502348303795 0.18342368304729
vn 0.83959919214249 0.46062305569649 0.28792282938957
vn 0.94993829727173 0.27378222346306 0.15053415298462
vn 0.99809432029724 0.05447568744421 0.02898436039686
vn 0.99570900201797 -0.08172396570444 -0.04341355711222
vn 0.98286885023117 -0.15630117058754 -0.09766647219658
vn 0.90083545446396 0.41668313741684 0.12194526195526
vn 0.84448432922363 0.50653046369553 0.17399184405804
vn 0.96837395429611 0.23728419840336 0.07712376862764
vn 0.99809676408768 0.0586415193975 0.01907940208912
vn 0.99809950590134 -0.05861438438296 -0.01901794597507
vn 0.98288774490356 -0.1751978546381 -0.05689803138375
vn 0.93332141637802 0.3579136133194 0.02844245918095
vn 0.83291029930115 0.54892641305923 0.07028663158417
vn 0.92746084928513 0.37186932563782 0.03910952806473
vn 0.9980970621109 0.06132161617279 0.00647138059139
vn 0.99381613731384 -0.1099596992135 -0.01544039603323
vn 0.98286581039429 -0.18387664854527 -0.01281133573502
vn 0.90084165334702 0.43024599552155 -0.05807491764426
vn 0.83960914611816 0.54187369346619 -0.03780720755458
vn 0.94994354248047 0.30996084213257 -0.03913456574082
vn 0.99809515476227 0.06109583005309 -0.00856741517782
vn 0.99439781904221 -0.10512059181929 0.01107459142804
vn 0.98288547992706 -0.18320575356483 0.01928086206317
vn 0.93815642595291 0.33036634325981 -0.10354045033455
vn 0.83976316452026 0.51638543605804 -0.16776141524315
vn 0.96837884187698 0.23728123307228 -0.07707156985998
vn 0.99809771776199 0.05864143744111 -0.01902908086777
vn 0.99684858322144 -0.07453221827745 0.02716234326363
vn 0.98286408185959 -0.17718987166882 0.05081230774522
vn 0.92050421237946 0.34502735733986 -0.18337973952293
vn 0.8396121263504 0.4606257379055 -0.28788086771965
vn 0.93688803911209 0.3079049885273 -0.16563618183136
vn 0.99809813499451 0.05339777469635 -0.03080257773399
vn 0.99381428956985 -0.0941616371274 0.05887892097235
vn 0.98286372423172 -0.16275659203529 0.086540363729
vn 0.92059254646301 0.29022854566574 -0.26129832863808
vn 0.83976686000824 0.40349936485291 -0.3632904291153
vn 0.94080948829651 0.25314739346504 -0.22537489235401
vn 0.99809610843658 0.04437550529838 -0.0428360812366
vn 0.99570643901825 -0.06656601279974 0.06432487815619
vn 0.98286294937134 -0.1412108540535 0.11848996579647
vn 0.92059594392776 0.22955092787743 -0.31592646241188
vn 0.83977037668228 0.31914269924164 -0.43924218416214
vn 0.96838212013245 0.14664795994759 -0.20181773602962
vn 0.99809855222702 0.03624270111322 -0.04985678568482
vn 0.99684751033783 -0.04434766620398 0.0657896026969
vn 0.98286265134811 -0.1134946346283 0.14525815844536
vn 0.92051166296005 0.17132723331451 -0.35114842653275
vn 0.83961713314056 0.20342838764191 -0.50364673137665
vn 0.93689113855362 0.15172797441483 -0.3149818778038
vn 0.99751603603363 0.0286603923887 -0.06434500962496
vn 0.99570566415787 -0.03466043993831 0.08584234118462
vn 0.98286211490631 -0.08081988245249 0.16568115353584
vn 0.92050927877426 0.09457332640886 -0.37910231947899
vn 0.83292704820633 0.10280309617519 -0.54374992847443
vn 0.94997102022171 0.06494304537773 -0.30551174283028
vn 0.99878418445587 0.01025335863233 -0.04821790382266
vn 0.99570566415787 -0.0160611178726 0.09117145091295
vn 0.98286151885986 -0.0446120351553 0.17886590957642
vn 0.68471968173981 0.12647692859173 -0.7177482843399
vn 0.68494147062302 -0.00000000469688 -0.72859805822372
vn 0.68472230434418 0.2729440331459 -0.67576390504837
vn 0.75960201025009 0.36708804965019 -0.53689026832581
vn 0.56703895330429 0.59447026252747 -0.57015085220337
vn 0.684710085392 0.61803418397903 -0.38627162575722
vn 0.68470525741577 0.68484443426132 -0.24933271110058
vn 0.75958865880966 0.64463359117508 -0.08644456416368
vn 0.48415449261665 0.87018781900406 0.09147443622351
vn 0.8430500626564 0.51150524616241 0.16621965169907
vn 0.6848002076149 0.63998448848724 0.34852343797684
vn 0.68479639291763 0.55354088544846 0.47396874427795
vn 0.60197347402573 0.46681201457977 0.64785373210907
vn 0.68468368053436 0.27294546365738 0.67580246925354
vn 0.68468660116196 0.12647671997547 0.71777987480164
vn 0.68491232395172 0 0.72862553596497
vn 0.68468648195267 -0.12647649645805 0.71777993440628
vn 0.68490767478943 -0.29635405540466 0.66563934087753
vn 0.5670103430748 -0.50490307807922 0.65082424879074
vn 0.68479663133621 -0.55354112386703 0.47396817803383
vn 0.68480032682419 -0.63998436927795 0.34852334856987
vn 0.8430500626564 -0.51150518655777 0.16621974110603
vn 0.48415434360504 -0.87018793821335 0.09147448092699
vn 0.75958877801895 -0.6446333527565 -0.08644457906485
vn 0.68470531702042 -0.68484437465668 -0.24933284521103
vn 0.68471020460129 -0.61803412437439 -0.38627162575722
vn 0.68493664264679 -0.54146653413773 -0.48752000927925
vn 0.6847158074379 -0.44877561926842 -0.57425141334534
vn 0.68494391441345 -0.29635265469551 -0.66560262441635
vn 0.68471956253052 -0.12647670507431 -0.71774840354919
vn -0.57456666231155 -0.16504901647568 -0.80164331197739
vn -0.09281704574823 -0.20701365172863 -0.97392523288727
vn -0.10631414502859 0.0149776590988 -0.99421977996826
vn -0.64701795578003 0.00000001165781 -0.76247471570969
vn 0.03156337887049 -0.18719121813774 -0.98181629180908
vn 0.04733380675316 -0.02096674963832 -0.99865907430649
vn -0.0316663980484 -0.01498239394277 -0.9993861913681
vn -0.02954980358481 -0.22834561765194 -0.97313159704208
vn 0.09157288074493 0.01496733166277 -0.9956858754158
vn 0.08838453143835 -0.22168666124344 -0.9711040854454
vn -0.10792660713196 -0.38522753119469 -0.91648870706558
vn -0.71386170387268 -0.30078238248825 -0.63240128755569
vn 0.03945618122816 -0.40642094612122 -0.91283363103867
vn -0.04927422851324 -0.40624222159386 -0.91243588924408
vn 0.08998384326696 -0.40508744120598 -0.90983903408051
vn -0.10221763700247 -0.55616927146912 -0.8247589468956
vn -0.64678597450256 -0.4696082174778 -0.6009458899498
vn -0.03166944906116 -0.59954512119293 -0.79971414804459
vn 0.04732705280185 -0.60396015644073 -0.79560816287994
vn 0.08992578834295 -0.55683434009552 -0.82574141025543
vn -0.10632449388504 -0.72882497310638 -0.67639434337616
vn -0.64701598882675 -0.56662118434906 -0.51020658016205
vn -0.04434795677662 -0.75628209114075 -0.65274089574814
vn 0.02630532719195 -0.74288713932037 -0.6688996553421
vn 0.08997934311628 -0.74013131856918 -0.66641533374786
vn -0.64679330587387 -0.64672285318375 -0.4042375087738
vn -0.10229025781155 -0.86143058538437 -0.4974676668644
vn -0.03696519136429 -0.86540949344635 -0.49969983100891
vn 0.04507421329618 -0.87256062030792 -0.48642191290855
vn 0.09218464791775 -0.87260377407074 -0.47965049743652
vn -0.64702880382538 -0.72514307498932 -0.23562955856323
vn -0.0928331464529 -0.94694900512695 -0.30768430233002
vn -0.02464062161744 -0.95076805353165 -0.30892223119736
vn 0.03944198042154 -0.95031726360321 -0.30877405405045
vn 0.08836483955383 -0.95184630155563 -0.29356470704079
vn -0.1022971495986 -0.98931479454041 -0.10388208180666
vn -0.64680224657059 -0.76080483198166 -0.05313115939498
vn -0.0369731746614 -0.99384677410126 -0.10441054403782
vn 0.03941060602665 -0.98948299884796 -0.13917687535286
vn 0.08990647643805 -0.99353212118149 -0.06935937702656
vn -0.10794990509748 -0.99067199230194 0.08316133916378
vn -0.54433798789978 -0.83135306835175 0.11201877892017
vn -0.04225574806333 -0.99195110797882 0.11936251819134
vn 0.04505521804094 -0.9949699640274 0.08946973085403
vn 0.08995641767979 -0.99048942327499 0.10410844534636
vn -0.10224539041519 -0.95625579357147 0.27408164739609
vn -0.71388095617294 -0.66036170721054 0.23301592469215
vn 0.02627932652831 -0.95072823762894 0.30890971422195
vn -0.04437118396163 -0.94343024492264 0.32858881354332
vn 0.08995329588652 -0.94720023870468 0.30776634812355
vn -0.09825099259615 -0.86918538808823 0.48462721705437
vn -0.6468111872673 -0.64672553539276 0.40420463681221
vn -0.02466418407857 -0.86576235294342 0.4998471736908
vn 0.04729581996799 -0.87534886598587 0.4811729490757
vn 0.08989394456148 -0.84455358982086 0.52787148952484
vn -0.10231869667768 -0.73917806148529 0.66569262742996
vn -0.64681375026703 -0.54855126142502 0.52983349561691
vn -0.0369960963726 -0.74260479211807 0.66870725154877
vn 0.03939145058393 -0.76552242040634 0.64220225811005
vn 0.08988942950964 -0.71634846925735 0.69192826747894
vn -0.10636107623577 -0.57226985692978 0.81313872337341
vn -0.73887199163437 -0.39017415046692 0.54939264059067
vn 0.03377331420779 -0.59950160980225 0.79966062307358
vn -0.04438439011574 -0.60404473543167 0.79571354389191
vn 0.08988415449858 -0.5568351149559 0.82574540376663
vn -0.57460355758667 -0.3281115591526 0.74978238344192
vn -0.09662630409002 -0.38559222221375 0.91759580373764
vn -0.03171360865235 -0.42017409205437 0.90688920021057
vn 0.05254432186484 -0.40617364645004 0.91228395700455
vn 0.08993643522263 -0.40508744120598 0.90984374284744
vn -0.10232594609261 -0.20672211050987 0.97303408384323
vn -0.64682513475418 -0.13234792649746 0.75106680393219
vn -0.03699937462807 -0.20772469043732 0.97748732566834
vn 0.03151120617986 -0.22833475470543 0.97307258844376
vn 0.08832987397909 -0.22168609499931 0.97110921144485
vn -0.11177892237902 -0.00000002123239 0.99373310804367
vn -0.64705526828766 0.0000000111026 0.76244306564331
vn 0.03376917541027 -0.01497834641486 0.99931740760803
vn -0.04932465031743 -0.00000000874537 0.99878281354904
vn 0.09151773899794 0.01496765483171 0.99569094181061
vn -0.64682519435883 0.13234789669514 0.7510666847229
vn -0.10232594609261 0.20672214031219 0.97303408384323
vn -0.03699929267168 0.20772480964661 0.97748732566834
vn 0.03940534964204 0.20780330896378 0.97737658023834
vn 0.08987875282764 0.24105182290077 0.96634143590927
vn -0.57460361719131 0.32811152935028 0.74978232383728
vn -0.09286273270845 0.40498140454292 0.90959692001343
vn -0.02467183768749 0.40661346912384 0.91326707601547
vn 0.05254371091723 0.40617409348488 0.91228383779526
vn 0.0921488404274 0.4240180850029 0.90095353126526
vn -0.11177118122578 0.58410441875458 0.80394601821899
vn -0.73887187242508 0.39017418026924 0.5493928194046
vn -0.04931971430779 0.58707094192505 0.80803173780441
vn 0.03377215191722 0.59950143098831 0.79966086149216
vn 0.08768756687641 0.5684409737587 0.81803774833679
vn -0.64681452512741 0.5485508441925 0.52983301877975
vn -0.10231786221266 0.73917800188065 0.6656928062439
vn -0.0369950979948 0.74260479211807 0.66870737075806
vn 0.03939039632678 0.76552295684814 0.64220172166824
vn 0.08988934010267 0.7163479924202 0.69192880392075
vn -0.64681160449982 0.64672529697418 0.40420436859131
vn -0.09824938327074 0.86918538808823 0.48462745547295
vn -0.02466219291091 0.86576217412949 0.49984756112099
vn 0.04729355499148 0.87534886598587 0.48117327690125
vn 0.08989160507917 0.84455406665802 0.52787113189697
vn -0.6468071937561 0.71663570404053 0.26090952754021
vn -0.10224668681622 0.95625579357147 0.27408120036125
vn -0.04436990618706 0.94342982769012 0.3285901248455
vn 0.02627976238728 0.95072770118713 0.3089112341404
vn 0.08995269984007 0.94720017910004 0.30776673555374
vn -0.64680463075638 0.75522392988205 0.10621004551649
vn -0.10795345902443 0.99067163467407 0.08316121250391
vn -0.04225588589907 0.99195110797882 0.11936241388321
vn 0.04505553841591 0.99496990442276 0.08946972340345
vn 0.0899570286274 0.99048936367035 0.10410858690739
vn -0.64680272340775 0.76080441474915 -0.05313044786453
vn -0.1022993773222 0.98931461572647 -0.10388153791428
vn -0.03697327151895 0.99384677410126 -0.10441044718027
vn 0.03941092640162 0.98948299884796 -0.13917681574821
vn 0.08990706503391 0.99353206157684 -0.06935946643353
vn -0.6470291018486 0.72514295578003 -0.2356289178133
vn -0.09283250570297 0.94694882631302 -0.30768489837646
vn -0.02464062534273 0.95076757669449 -0.3089237511158
vn 0.03944259881973 0.95031678676605 -0.30877554416656
vn 0.08836425840855 0.95184624195099 -0.29356515407562
vn -0.10793603211641 0.87119752168655 -0.47892040014267
vn -0.54432666301727 0.71390867233276 -0.44050300121307
vn -0.04224083200097 0.85764271020889 -0.51250827312469
vn 0.04507251083851 0.87256038188934 -0.48642244935036
vn 0.09218171238899 0.87260413169861 -0.47965049743652
vn -0.10228411853313 0.73924571275711 -0.66562277078629
vn -0.73884814977646 0.50561583042145 -0.44548410177231
vn 0.02630525454879 0.74288731813431 -0.66889941692352
vn -0.03696295619011 0.74263590574265 -0.66867458820343
vn 0.08837439864874 0.75014972686768 -0.65533602237701
vn -0.64678621292114 0.46960806846619 -0.60094577074051
vn -0.10221635550261 0.55616945028305 -0.82475900650024
vn -0.03166836127639 0.59954488277435 -0.79971432685852
vn 0.05259116739035 0.58697181940079 -0.80789738893509
vn 0.09218963980675 0.60207051038742 -0.79310286045074
vn -0.64678585529327 0.33440443873405 -0.68545001745224
vn -0.1079266294837 0.38522762060165 -0.91648870706558
vn -0.0492736287415 0.40624272823334 -0.91243571043015
vn 0.03381960466504 0.39277699589729 -0.91901171207428
vn 0.08992879092693 0.43669801950455 -0.89510202407837
vn -0.64701598882675 0.15852481126785 -0.74581515789032
vn -0.0965806171298 0.22740142047405 -0.9689998626709
vn -0.03695273399353 0.2078163921833 -0.97746962308884
vn 0.03943407163024 0.17340205609798 -0.98406130075455
vn 0.08993312716484 0.24105288088322 -0.96633613109589
vn -0.98653119802475 -0.03250983729959 -0.16031004488468
vn -0.97455924749374 -0.0000000027334 -0.22413004934788
vn -0.99739545583725 0.00000000640303 -0.07212676107883
vn -0.99739223718643 -0.01746129244566 -0.07002751529217
vn -0.91548430919647 -0.08364928513765 -0.39356222748756
vn -0.9254195690155 -0.08483850955963 -0.36932507157326
vn -0.91652655601501 0 -0.39997380971909
vn -0.91548228263855 -0.00000000656605 -0.40235835313797
vn -0.98541873693466 -0.06505636870861 -0.1572181135416
vn -0.9973953962326 -0.029326653108 -0.06589626520872
vn -0.90061336755753 -0.17676754295826 -0.39705017209053
vn -0.92423361539841 -0.16103574633598 -0.34620761871338
vn -0.99739223718643 -0.04034010693431 -0.05984439328313
vn -0.98247313499451 -0.10630503296852 -0.15312024950981
vn -0.90893632173538 -0.24868796765804 -0.33464762568474
vn -0.92542147636414 -0.21767377853394 -0.31018251180649
vn -0.99739599227905 -0.05358212813735 -0.04827173054218
vn -0.97788333892822 -0.15112519264221 -0.14458666741848
vn -0.92291879653931 -0.2809699177742 -0.26320484280586
vn -0.91539925336838 -0.30838686227798 -0.25873106718063
vn -0.98542094230652 -0.14502409100533 -0.08895828574896
vn -0.99739652872086 -0.06243885681033 -0.03607745096087
vn -0.91652715206146 -0.34452757239342 -0.20317167043686
vn -0.91539990901947 -0.35543814301491 -0.18896220624447
vn -0.99739670753479 -0.06857257336378 -0.02230644412339
vn -0.97788506746292 -0.19685943424702 -0.07061977684498
vn -0.90709030628204 -0.39692226052284 -0.14014260470867
vn -0.91540163755417 -0.38695415854454 -0.11093391478062
vn -0.98246389627457 -0.18463179469109 -0.02599546127021
vn -0.99739408493042 -0.07196867465973 -0.00504891527817
vn -0.91644424200058 -0.39625832438469 -0.05576083809137
vn -0.91540312767029 -0.40155923366547 -0.02805829234421
vn -0.98246490955353 -0.18599651753902 0.01295943185687
vn -0.99739456176758 -0.07144020497799 0.0100217666477
vn -0.92292493581772 -0.38359072804451 0.03267526626587
vn -0.91540652513504 -0.3986100256443 0.05604376271367
vn -0.9824658036232 -0.17923301458359 0.05134610459208
vn -0.99739480018616 -0.0677914172411 0.02465565502644
vn -0.90709573030472 -0.40347948670387 0.11992329359055
vn -0.91540867090225 -0.37824231386185 0.13769429922104
vn -0.98542535305023 -0.14952956140041 0.08110389858484
vn -0.99739807844162 -0.06244383379817 0.03602636232972
vn -0.91645109653473 -0.3533399105072 0.18779867887497
vn -0.91541057825088 -0.34134447574615 0.21332477033138
vn -0.9973953962326 -0.05527094006538 0.04634188488126
vn -0.98248118162155 -0.14114227890968 0.12169479578733
vn -0.91645187139511 -0.3065702021122 0.25715890526772
vn -0.9154115319252 -0.28952872753143 0.27963334321976
vn -0.99739593267441 -0.04442228376865 0.05681608989835
vn -0.98248159885406 -0.11274999380112 0.14838245511055
vn -0.91645377874374 -0.2463987916708 0.31527778506279
vn -0.9154127240181 -0.22505734860897 0.3337194621563
vn -0.99739915132523 -0.02932515926659 0.06584089249372
vn -0.97789233922958 -0.0907833352685 0.1883744597435
vn -0.91645407676697 -0.17546005547047 0.3596188724041
vn -0.91541415452957 -0.15074980258942 0.37321770191193
vn -0.9824903011322 -0.03874225541949 0.18224120140076
vn -0.99739915132523 -0.01499210111797 0.07049939781427
vn -0.91645592451096 -0.09685133397579 0.38823744654655
vn -0.90623015165329 -0.0775071978569 0.41561940312386
vn -0.99739915132523 0.0000000068687 0.07207610458136
vn -0.98249006271362 -0.00000000093779 0.1863149702549
vn -0.91654717922211 -0.00000000093827 0.39992651343346
vn -0.92985236644745 -0.00000000749771 0.36793288588524
vn -0.9824903011322 0.03874223679304 0.18224114179611
vn -0.99739915132523 0.01499205268919 0.07049934566021
vn -0.90623015165329 0.0775071978569 0.41561940312386
vn -0.91645592451096 0.09685137122869 0.38823753595352
vn -0.99739915132523 0.02932517789304 0.06584089994431
vn -0.97789233922958 0.09078351408243 0.18837431073189
vn -0.91541409492493 0.15075005590916 0.37321764230728
vn -0.91645419597626 0.17546001076698 0.35961857438087
vn -0.98894500732422 0.08717085421085 0.11995428800583
vn -0.99739915132523 0.04237822070718 0.05830099061131
vn -0.92178577184677 0.22172528505325 0.31803917884827
vn -0.91645419597626 0.24639831483364 0.31527695059776
vn -0.99739569425583 0.05188888683915 0.05009408295155
vn -0.97927129268646 0.15126612782478 0.13470819592476
vn -0.90622746944427 0.30701339244843 0.29067948460579
vn -0.91645181179047 0.30657026171684 0.25715896487236
vn -0.99739825725555 0.06244101002812 0.03602474927902
vn -0.97788941860199 0.18418662250042 0.09903304278851
vn -0.91540998220444 0.34134531021118 0.21332582831383
vn -0.91645091772079 0.35334002971649 0.18779911100864
vn -0.98247891664505 0.17845012247562 0.05376517027617
vn -0.99739480018616 0.06935138255358 0.01984919421375
vn -0.91540837287903 0.37824302911758 0.13769418001175
vn -0.91644841432571 0.38467043638229 0.11023126542568
vn -0.98542392253876 0.16959823668003 0.01326986402273
vn -0.99739766120911 0.07170464843512 0.00750985508785
vn -0.91540670394897 0.39860963821411 0.05604345723987
vn -0.91644638776779 0.39918759465218 0.02784352190793
vn -0.99739408493042 0.07196871191263 -0.00504871550947
vn -0.98246401548386 0.18463137745857 -0.02599506638944
vn -0.91540348529816 0.40155842900276 -0.02805810794234
vn -0.91644364595413 0.39625972509384 -0.05576079711318
vn -0.99739354848862 0.06935396790504 -0.01990440860391
vn -0.98246246576309 0.17520013451576 -0.06381573528051
vn -0.91540163755417 0.38695427775383 -0.11093368381262
vn -0.90709000825882 0.39692276716232 -0.14014272391796
vn -0.99739640951157 0.0624405182898 -0.03607740625739
vn -0.97788429260254 0.17787866294384 -0.1100065112114
vn -0.9153995513916 0.35543900728226 -0.18896245956421
vn -0.92292058467865 0.32954838871956 -0.19903644919395
vn -0.98247414827347 0.13580931723118 -0.12767298519611
vn -0.99739271402359 0.05189264565706 -0.05014900490642
vn -0.91539859771729 0.30838745832443 -0.25873255729675
vn -0.91643989086151 0.28781628608704 -0.27802827954292
vn -0.98893827199936 0.0871729850769 -0.1200083643198
vn -0.9973953962326 0.04238467290998 -0.05836072191596
vn -0.91548830270767 0.2364806085825 -0.32551205158234
vn -0.92542189359665 0.21767345070839 -0.31018155813217
vn -0.99739217758179 0.03163551166654 -0.06486926227808
vn -0.97926247119904 0.08139757066965 -0.18552462756634
vn -0.90985828638077 0.16469457745552 -0.38083282113075
vn -0.91548651456833 0.16364207863808 -0.36756730079651
vn -0.99739223718643 0.01746126264334 -0.07002748548985
vn -0.98653119802475 0.0325098335743 -0.16030998528004
vn -0.91548430919647 0.08364930003881 -0.39356225728989
vn -0.91652607917786 0.08315308392048 -0.39123591780663
vn 0.8807128071785 -0.33942952752113 0.33035218715668
vn 0.53613746166229 0.10772752761841 0.83722841739655
vn 0.63004249334335 -0.67192983627319 0.3893029987812
vn 0.88071125745773 -0.17572726309299 0.43984958529472
vn 0.53618478775024 0.43893927335739 0.72099804878235
vn 0.63004183769226 -0.4555070400238 0.62893611192703
vn 0.88071441650391 0.01837186329067 0.47329127788544
vn 0.53618085384369 0.69424653053284 0.48013737797737
vn 0.63008522987366 -0.16027706861496 0.75980514287949
vn 0.94742602109909 0.21442191302776 0.23750196397305
vn 0.53620398044586 0.82949990034103 0.15625360608101
vn 0.5329110622406 0.07096383720636 0.8431903719902
vn 0.92417687177658 0.34914481639862 0.15490332245827
vn 0.53620034456253 0.82134252786636 -0.19464218616486
vn 0.53290438652039 0.40779715776443 0.74142724275589
vn 0.9241800904274 0.38195669651031 -0.00049900298472
vn 0.53620409965515 0.67116206884384 -0.51188534498215
vn 0.53292006254196 0.67409765720367 0.51145720481873
vn 0.91365468502045 0.4023172557354 -0.0581032782793
vn 0.53618961572647 0.4049423635006 -0.74062293767929
vn 0.6300790309906 0.77239686250687 0.0800219848752
vn 0.91365718841553 0.34389111399651 -0.21672438085079
vn 0.53619211912155 0.06868880987167 -0.84129655361176
vn 0.63007962703705 0.73816788196564 -0.24105583131313
vn 0.88074225187302 0.26332491636276 -0.39364078640938
vn 0.5361944437027 -0.27944251894951 -0.79649698734283
vn 0.63008856773376 0.57629090547562 -0.52045863866806
vn 0.9474413394928 -0.03388678282499 -0.31812983751297
vn 0.53621655702591 -0.57924312353134 -0.61396187543869
vn 0.53294670581818 0.43819034099579 -0.72384876012802
vn 0.9136620759964 -0.0998796671629 -0.3940122127533
vn 0.53620111942291 -0.7788981795311 -0.32527837157249
vn 0.63011717796326 -0.00118486478459 -0.77649915218353
vn 0.91366589069366 -0.25150221586227 -0.31931382417679
vn 0.53618776798248 -0.84387004375458 0.01964576914907
vn 0.63010531663895 -0.3169005215168 -0.70890152454376
vn 0.91366237401962 -0.35964614152908 -0.18940894305706
vn 0.53618007898331 -0.762924015522 0.36118960380554
vn 0.63010370731354 -0.57785183191299 -0.51870656013489
vn 0.91366052627563 -0.4055962562561 -0.02676041424274
vn 0.53619283437729 -0.55004811286926 0.64026898145676
vn 0.6301001906395 -0.7388750910759 -0.23882491886616
vn 0.91365057229996 -0.38143366575241 0.14053805172443
vn 0.53616064786911 -0.24210518598557 0.80865120887756
vn 0.63007748126984 -0.772152364254 0.08235934376717
vn 0.53623485565186 0.107746347785 -0.83716362714767
vn 0.92418771982193 -0.19053073227406 -0.33102124929428
vn 0.5329378247261 -0.77998059988022 -0.32803589105606
vn 0.53620934486389 0.43893972039223 -0.72097951173782
vn 0.92419397830963 -0.03939755260944 -0.37988594174385
vn 0.53297257423401 -0.57910269498825 -0.61691188812256
vn 0.53621977567673 0.69423681497574 -0.48010784387588
vn 0.92418962717056 0.11852751672268 -0.36307686567307
vn 0.53296488523483 -0.27811482548714 -0.79912483692169
vn 0.53620851039886 0.8295019865036 -0.15622693300247
vn 0.92419135570526 0.25596204400063 -0.28346747159958
vn 0.53297466039658 0.07098220288754 -0.84314858913422
vn 0.53621405363083 0.82132345438004 0.19468504190445
vn 0.92418074607849 0.34915754199028 -0.15485128760338
vn 0.53296810388565 0.40777990221977 -0.74139100313187
vn 0.53615790605545 0.67116749286652 0.51192665100098
vn 0.8807275891304 0.45578670501709 -0.12875315546989
vn 0.63007473945618 0.67309182882309 -0.38723790645599
vn 0.53620374202728 0.40491259098053 0.74062901735306
vn 0.9474321603775 0.2921090722084 0.13055503368378
vn 0.53293931484222 0.82383871078491 -0.19304260611534
vn 0.53618037700653 0.06866984814405 0.84130555391312
vn 0.92417019605637 0.25519552826881 0.28422653675079
vn 0.53293132781982 0.83113652467728 0.15873342752457
vn 0.53616046905518 -0.27943840622902 0.7965213060379
vn 0.92416745424271 0.11752693355083 0.36345827579498
vn 0.53293716907501 0.69471579790115 0.48306095600128
vn 0.53617566823959 -0.57925027608871 0.61399084329605
vn 0.91364419460297 0.06903685629368 0.40060982108116
vn 0.63005387783051 0.31478387117386 0.7098895907402
vn 0.53617715835571 -0.77890199422836 0.32530868053436
vn 0.91364592313766 -0.09986212104559 0.39405417442322
vn 0.63004463911057 -0.00117499195039 0.77655798196793
vn 0.53619462251663 -0.8438663482666 -0.01962061226368
vn 0.88071775436401 -0.29303547739983 0.37211075425148
vn 0.63005167245865 -0.31691887974739 0.70894092321396
vn 0.53621655702591 -0.7629114985466 -0.36116173863411
vn 0.94742870330811 -0.31306156516075 0.06611552834511
vn 0.53293085098267 -0.5530156493187 0.64043605327606
vn 0.53618568181992 -0.5500892996788 -0.64023947715759
vn 0.9474328160286 -0.31287667155266 -0.06692725419998
vn 0.53291493654251 -0.76570385694504 0.36013785004616
vn 0.53621309995651 -0.24208618700504 -0.80862212181091
vn 0.94743478298187 -0.25860187411308 -0.18839430809021
vn 0.53291231393814 -0.84598809480667 0.01756758801639
vn 0.80776613950729 0.02063930593431 -0.58914166688919
vn 1 -0.00000000000018 0.00002621126987
vn 0.80776792764664 0.14268517494202 -0.57197195291519
vn 0.80776607990265 0.2584890127182 -0.52980881929398
vn 0.8077649474144 0.36299434304237 -0.46448999643326
vn 0.80776208639145 0.45164713263512 -0.37886044383049
vn 0.86947494745255 0.42780646681786 -0.24697165191174
vn 0.76194536685944 0.61594796180725 -0.20011827349663
vn 0.86947292089462 0.49127787351608 -0.05160322412848
vn 0.76193952560425 0.64409828186035 0.06771674752235
vn 0.80774384737015 0.55395221710205 0.20170976221561
vn 0.86946141719818 0.4278047978878 0.24702198803425
vn 0.76192700862885 0.48129853606224 0.43338081240654
vn 0.80773651599884 0.32960188388824 0.48879888653755
vn 0.86945706605911 0.20091952383518 0.4513044655323
vn 0.80773359537125 0.14268513023853 0.57202041149139
vn 0.80773401260376 0.02064279653132 0.58918553590775
vn 0.76192134618759 -0.13465555012226 0.6335169672966
vn 0.86945813894272 -0.20091859996319 0.45130282640457
vn 0.80773723125458 -0.32960212230682 0.48879754543304
vn 0.76192730665207 -0.48129838705063 0.43338045477867
vn 0.86946201324463 -0.42780387401581 0.24702152609825
vn 0.80774396657944 -0.55395209789276 0.20170976221561
vn 0.76193970441818 -0.64409798383713 0.06771710515022
vn 0.8694731593132 -0.49127748608589 -0.05160316452384
vn 0.76194560527802 -0.61594766378403 -0.20011854171753
vn 0.86947548389435 -0.42780551314354 -0.24697121977806
vn 0.80776238441467 -0.4516469836235 -0.37886002659798
vn 0.80776488780975 -0.36299410462379 -0.46449017524719
vn 0.76195812225342 -0.26342123746872 -0.591632604599
vn 0.80776762962341 -0.10230275243521 -0.58055633306503
vn 0.90657180547714 -0.01477878075093 -0.42179283499718
vn 0.80776822566986 -0.14268174767494 -0.57197237014771
vn 0.91978752613068 -0.15961988270283 -0.35848620533943
vn 0.86935120820999 -0.27631080150604 -0.40973258018494
vn 0.90656918287277 -0.30358046293259 -0.29320850968361
vn 0.76194703578949 -0.56088209152222 -0.32380247116089
vn 0.94631016254425 -0.30744513869286 -0.09987295418978
vn 0.82652008533478 -0.55982625484467 -0.05881373211741
vn 0.86947077512741 -0.49127554893494 0.05166190117598
vn 0.90655940771103 -0.40573513507843 0.11631423979998
vn 0.82650876045227 -0.48749628663063 0.28147938847542
vn 0.86946254968643 -0.36710312962532 0.33056044578552
vn 0.86932748556137 -0.30431750416756 0.38943618535995
vn 0.82650184631348 -0.22895585000515 0.51427030563354
vn 0.91976636648178 -0.081593349576 0.38389101624489
vn 0.9065505862236 -0.01477797329426 0.42183840274811
vn 0.80773341655731 0.10230437666178 0.5806035399437
vn 0.82650130987167 0.22895473241806 0.51427161693573
vn 0.90655189752579 0.25989505648613 0.33259326219559
vn 0.86946254968643 0.36710327863693 0.33056029677391
vn 0.82650846242905 0.48749658465385 0.28147977590561
vn 0.90655952692032 0.40573492646217 0.11631413549185
vn 0.919777572155 0.39028742909431 0.04104838147759
vn 0.76194316148758 0.64409869909286 -0.06767232716084
vn 0.9463102221489 0.30744490027428 -0.09987284988165
vn 0.76194655895233 0.56088244915009 -0.3238028883934
vn 0.86934775114059 0.35546985268593 -0.34333023428917
vn 0.90657103061676 0.23597733676434 -0.34991955757141
vn 0.86935144662857 0.18508388102055 -0.45822703838348
vn 0.80776661634445 0.10230343043804 -0.58055752515793
vn 0.8927139043808 -0.09368526190519 0.44077762961388
vn 0.89271366596222 -0.00000001672986 0.45062437653542
vn 0.93352431058884 -0.14581018686295 0.32752370834351
vn 0.80528604984283 -0.34848129749298 0.47966152429581
vn 0.93352776765823 -0.26641064882278 0.23989836871624
vn 0.92278552055359 -0.32672971487045 0.20424161851406
vn 0.84265524148941 -0.50595277547836 0.1842388510704
vn 0.92278897762299 -0.38154658675194 0.05369045585394
vn 0.8579124212265 -0.51098364591599 -0.05368435010314
vn 0.84266173839569 -0.5059574842453 -0.18419620394707
vn 0.93353718519211 -0.31046399474144 -0.17922167479992
vn 0.92279595136642 -0.29518902301788 -0.24761064350605
vn 0.80531346797943 -0.34847915172577 -0.47961696982384
vn 0.9335423707962 -0.14580847322941 -0.32747286558151
vn 0.8927366733551 -0.09368494898081 -0.44073167443275
vn 0.89273655414581 0.00000003136723 -0.45057907700539
vn 0.85792464017868 0.10682345926762 -0.50254762172699
vn 0.93354195356369 0.14581042528152 -0.32747328281403
vn 0.85792398452759 0.30200093984604 -0.41564637422562
vn 0.92279601097107 0.29518869519234 -0.24761095643044
vn 0.93353736400604 0.31046426296234 -0.17922027409077
vn 0.84266185760498 0.50595760345459 -0.18419526517391
vn 0.89272612333298 0.44813373684883 -0.04707630723715
vn 0.93353325128555 0.35652479529381 0.03749357908964
vn 0.84265619516373 0.51760458946228 0.14837789535522
vn 0.89272034168243 0.39023005962372 0.22532406449318
vn 0.89271855354309 0.33486139774323 0.30153176188469
vn 0.85790073871613 0.30200359225273 0.41569235920906
vn 0.93352431058884 0.14581021666527 0.32752367854118
vn 0.89271396398544 0.09368542581797 0.44077751040459
vn 0.2806610763073 -0.0000001712954 0.9598069190979
vn 0.20997782051563 0.22498480975628 0.95146787166595
vn 0.33021253347397 0.39839759469032 0.85570967197418
vn 0.20998311042786 0.5925281047821 0.77770018577576
vn 0.39449068903923 0.68287068605423 0.61486965417862
vn 0.20998957753181 0.83537018299103 0.50799709558487
vn 0.28052264451981 0.9019216299057 0.32839673757553
vn 0.33022999763489 0.93693280220032 0.11447738856077
vn 0.21000368893147 0.97441881895065 -0.0800399556756
vn 0.28054061532021 0.92269229888916 -0.26445397734642
vn 0.33025085926056 0.82527804374695 -0.4580944776535
vn 0.23032657802105 0.71449202299118 -0.66064423322678
vn 0.28070724010468 0.56415575742722 -0.77648675441742
vn 0.33025738596916 0.39839479327202 -0.85569363832474
vn 0.16271096467972 0.20514009892941 -0.96511280536652
vn 0.39453291893005 -0.00000018447582 -0.91888183355331
vn 0.16271103918552 -0.20514008402824 -0.96511274576187
vn 0.33025601506233 -0.39839401841164 -0.85569453239441
vn 0.28070732951164 -0.56415599584579 -0.77648657560349
vn 0.23032733798027 -0.71449398994446 -0.66064184904099
vn 0.33025056123734 -0.82527714967728 -0.45809626579285
vn 0.28054225444794 -0.92269098758698 -0.26445671916008
vn 0.21001106500626 -0.97441726922989 -0.08003970235586
vn 0.28068813681602 -0.95416241884232 0.10386621206999
vn 0.28067997097969 -0.91171890497208 0.299978941679
vn 0.28067368268967 -0.82942801713943 0.48298189043999
vn 0.39449122548103 -0.68287163972855 0.61486828327179
vn 0.20998325943947 -0.59252828359604 0.77770000696182
vn 0.33021116256714 -0.39839673042297 0.8557106256485
vn 0.20997789502144 -0.22498477995396 0.95146787166595
vn 0.55411458015442 -0.15582533180714 0.81772577762604
vn 0.47738820314407 -0.00000000220895 0.87869250774384
vn 0.36362835764885 -0.35633128881454 0.86069881916046
vn 0.55412369966507 -0.47494518756866 0.68364757299423
vn 0.28644070029259 -0.71200257539749 0.64109599590302
vn 0.47737962007523 -0.76613807678223 0.43028023838997
vn 0.47738641500473 -0.83885306119919 0.26158705353737
vn 0.55413955450058 -0.82951617240906 0.06951424479485
vn 0.47719338536263 -0.87023365497589 -0.12239214032888
vn 0.47719866037369 -0.8257669210434 -0.30065003037453
vn 0.47720423340797 -0.74521160125732 -0.46576362848282
vn 0.47743239998817 -0.65298390388489 -0.58793729543686
vn 0.4774326980114 -0.51647394895554 -0.71085345745087
vn 0.47721257805824 -0.32911092042923 -0.81483381986618
vn 0.47744455933571 -0.18268606066704 -0.8594605922699
vn 0.39671093225479 -0.00868297088891 -0.91790252923965
vn 0.58343851566315 0.15700566768646 -0.79683667421341
vn 0.5541610121727 0.32243230938911 -0.76742619276047
vn 0.3967013657093 0.5465624332428 -0.73749405145645
vn 0.58342641592026 0.61159175634384 -0.53438663482666
vn 0.36366364359856 0.79417711496353 -0.48685881495476
vn 0.47719764709473 0.82576900720596 -0.30064591765404
vn 0.4771933555603 0.87023383378983 -0.12239096313715
vn 0.5541398525238 0.82951605319977 0.06951312720776
vn 0.47738382220268 0.83885538578033 0.26158437132835
vn 0.36363711953163 0.81872987747192 0.44435283541679
vn 0.39666795730591 0.68795251846313 0.60776305198669
vn 0.55412417650223 0.47494560480118 0.68364691734314
vn 0.36362862586975 0.35633221268654 0.8606983423233
vn 0.55411404371262 0.15582489967346 0.8177262544632
vn 0.87165111303329 -0.00000007926738 0.49012687802315
vn 0.87165313959122 0.10189709812403 0.47941395640373
vn 0.87165558338165 0.19934159517288 0.447749376297
vn 0.87165999412537 0.2880691587925 0.39651617407799
vn 0.87153136730194 0.35266989469528 0.34067144989967
vn 0.87166059017181 0.42443826794624 0.24507123231888
vn 0.87153619527817 0.47134637832642 0.13511921465397
vn 0.87167090177536 0.48740428686142 0.05125295370817
vn 0.87154257297516 0.48913100361824 -0.03412375226617
vn 0.87153905630112 0.47135296463966 -0.1350781172514
vn 0.87166887521744 0.42444509267807 -0.24502997100353
vn 0.87154757976532 0.35267326235771 -0.34062647819519
vn 0.87154722213745 0.27414253354073 -0.40651112794876
vn 0.87167501449585 0.19934515655041 -0.44770994782448
vn 0.87155300378799 0.11867371201515 -0.4757225215435
vn 0.87155163288116 0.01716844923794 -0.49000304937363
vn 0.8716806769371 -0.10189702361822 -0.47936391830444
vn 0.87154805660248 -0.21499735116959 -0.44065874814987
vn 0.87167608737946 -0.28807330131531 -0.39647763967514
vn 0.87167435884476 -0.36421594023705 -0.32791846990585
vn 0.87154024839401 -0.43296650052071 -0.23012518882751
vn 0.87153738737106 -0.47135579586029 -0.13507887721062
vn 0.87153649330139 -0.48914182186127 -0.03412356972694
vn 0.87166494131088 -0.48741507530212 0.05125266686082
vn 0.87153458595276 -0.47134917974472 0.13511995971203
vn 0.87153393030167 -0.43295761942863 0.2301657050848
vn 0.87166005373001 -0.36421129107475 0.32796165347099
vn 0.87165981531143 -0.28806954622269 0.39651629328728
vn 0.87165606021881 -0.19934085011482 0.4477487206459
vn 0.87165254354477 -0.10189708322287 0.47941502928734
vn -0.22119644284248 -0.20275822281837 -0.95391887426376
vn -0.00332533242181 -0.18695890903473 -0.98236209154129
vn -0.1723844408989 0.00000003126341 -0.98502975702286
vn -0.22119861841202 0.0000000340997 -0.97522878646851
vn -0.11251322180033 -0.39014559984207 -0.91385293006897
vn -0.22119601070881 -0.39665740728378 -0.89091819524765
vn -0.22107055783272 -0.5452641248703 -0.80858820676804
vn -0.0671039223671 -0.58585602045059 -0.80763220787048
vn -0.22120329737663 -0.72473275661468 -0.65255773067474
vn -0.00333079043776 -0.72867119312286 -0.68485563993454
vn -0.11252418160439 -0.85278218984604 -0.51000088453293
vn -0.22120715677738 -0.84456807374954 -0.48761889338493
vn -0.22121262550354 -0.92749238014221 -0.30136829614639
vn -0.00334068224765 -0.94422954320908 -0.32927104830742
vn -0.06708101183176 -0.98802107572556 -0.1389767229557
vn -0.25120043754578 -0.96449798345566 -0.08149843662977
vn -0.11254252493382 -0.98968428373337 0.08865240961313
vn -0.19093576073647 -0.97821366786957 0.08149585127831
vn -0.22122795879841 -0.92749267816544 0.30135613679886
vn -0.00335983652622 -0.95743745565414 0.28862124681473
vn -0.11255291104317 -0.86806285381317 0.48352742195129
vn -0.19094371795654 -0.83929628133774 0.50904047489166
vn -0.27112433314323 -0.71531313657761 0.64406424760818
vn -0.00337518658489 -0.7572717666626 0.65309119224548
vn -0.11256518959999 -0.59634375572205 0.79479759931564
vn -0.17075303196907 -0.57915192842484 0.79713642597198
vn -0.22124247252941 -0.39557474851608 0.89138787984848
vn -0.06715743988752 -0.4065001308918 0.91117918491364
vn -0.27113378047943 -0.20012778043747 0.94150692224503
vn 0.03889897838235 -0.20775416493416 0.97740733623505
vn -0.11256987601519 0.01528129912913 0.9935262799263
vn -0.17075850069523 0 0.98531293869019
vn -0.27113375067711 0.20012767612934 0.94150698184967
vn -0.00338542251848 0.22876784205437 0.97347509860992
vn -0.06715752184391 0.40649998188019 0.91117924451828
vn -0.19963575899601 0.4114186167717 0.88931453227997
vn -0.11256562918425 0.59634470939636 0.79479682445526
vn -0.1909523755312 0.59398275613785 0.78148686885834
vn -0.24268560111523 0.73097729682922 0.63778984546661
vn -0.00337624642998 0.75727117061615 0.65309190750122
vn -0.11255227029324 0.86806207895279 0.48352885246277
vn -0.22123356163502 0.84456825256348 0.48760658502579
vn -0.22122924029827 0.92749273777008 0.30135509371758
vn -0.0033578092698 0.95743781328201 0.28862008452415
vn -0.11254026740789 0.98968458175659 0.08865153044462
vn -0.1909351348877 0.97821402549744 0.08149302005768
vn -0.2512012720108 0.96449798345566 -0.08149562031031
vn -0.06707905977964 0.98802149295807 -0.13897477090359
vn -0.2212139070034 0.92749243974686 -0.30136725306511
vn -0.00334017816931 0.94422954320908 -0.32927098870277
vn -0.11252444237471 0.85278123617172 -0.5100023150444
vn -0.2212086468935 0.84456777572632 -0.48761868476868
vn -0.22120393812656 0.72473233938217 -0.65255790948868
vn -0.00333213829435 0.72867077589035 -0.68485599756241
vn -0.06710375845432 0.58585715293884 -0.8076314330101
vn -0.221071138978 0.5452646613121 -0.80858767032623
vn -0.17238771915436 0.40064525604248 -0.89986991882324
vn -0.22119596600533 0.39665749669075 -0.89091813564301
vn -0.221196398139 0.20275816321373 -0.95391887426376
vn 0.03896196186543 0.2077559530735 -0.97740441560745
vn 0.23984345793724 0.00000013293446 -0.97081154584885
vn 0.23983371257782 0.201844394207 -0.9495992064476
vn -0.06955179572105 -0.00000001872855 -0.99757832288742
vn -0.06955140829086 0.20740048587322 -0.97578054666519
vn 0.2398374080658 0.39486822485924 -0.88688051700592
vn -0.06955268234015 0.40575087070465 -0.91133344173431
vn 0.23969522118568 0.59780305624008 -0.76496911048889
vn -0.06951566785574 0.61426186561584 -0.78603434562683
vn 0.23969393968582 0.7437881231308 -0.62395995855331
vn -0.06955776363611 0.74134230613708 -0.66751271486282
vn 0.23968850076199 0.85726451873779 -0.45568296313286
vn -0.06956481188536 0.86392724514008 -0.49878904223442
vn 0.23968711495399 0.93327325582504 -0.26749035716057
vn -0.06957156956196 0.94875138998032 -0.30827039480209
vn 0.23968024551868 0.9684950709343 -0.06760723143816
vn -0.0695747807622 0.99211168289185 -0.10427709668875
vn 0.23967310786247 0.96138900518417 0.13523307442665
vn -0.06953850388527 0.98785543441772 0.13894626498222
vn 0.23966418206692 0.91226643323898 0.33216112852097
vn -0.06958665698767 0.94875150918961 0.30826655030251
vn 0.2396502494812 0.82327455282211 0.51457434892654
vn -0.0695905610919 0.86392688751221 0.49878603219986
vn 0.23964039981365 0.69829970598221 0.67449986934662
vn -0.06955325603485 0.71751767396927 0.69305896759033
vn 0.23963767290115 0.54280614852905 0.80494427680969
vn -0.06955503672361 0.55774360895157 0.82709383964539
vn 0.23963782191277 0.36358726024628 0.90020996332169
vn -0.06959512829781 0.40575194358826 0.91132974624634
vn 0.23963625729084 0.16847789287567 0.95613265037537
vn -0.06959990411997 0.20741021633148 0.97577500343323
vn 0.23963503539562 -0.03399236872792 0.97026777267456
vn -0.06960002332926 -0.00000006742285 0.99757498502731
vn 0.23977407813072 -0.20184527337551 0.94961404800415
vn -0.06960000097752 -0.20741030573845 0.97577500343323
vn 0.23963735997677 -0.36358779668808 0.90020990371704
vn -0.06955407559872 -0.43740931153297 0.89656865596771
vn 0.23963783681393 -0.54280585050583 0.80494445562363
vn -0.0695975497365 -0.58635979890823 0.80705541372299
vn 0.23964381217957 -0.69829821586609 0.67450016736984
vn -0.06959269940853 -0.74134296178818 0.6675084233284
vn 0.23965100944042 -0.82327562570572 0.51457232236862
vn -0.06954483687878 -0.88086384534836 0.4682332277298
vn 0.23966309428215 -0.91226607561111 0.33216300606728
vn -0.06958387047052 -0.94875264167786 0.30826365947723
vn 0.23966686427593 -0.96139031648636 0.13523498177528
vn -0.0695398375392 -0.98785525560379 0.13894660770893
vn 0.23967109620571 -0.96849715709686 -0.06760922074318
vn -0.06957667320967 -0.99211156368256 -0.10427735000849
vn 0.23968358337879 -0.93327367305756 -0.26749217510223
vn -0.06956879794598 -0.94875252246857 -0.30826750397682
vn 0.23968715965748 -0.85726493597031 -0.45568290352821
vn -0.06956228613853 -0.86392736434937 -0.49878913164139
vn 0.23969684541225 -0.74378889799118 -0.62395793199539
vn -0.06955558806658 -0.74134260416031 -0.66751271486282
vn 0.23969677090645 -0.59780156612396 -0.76496976613998
vn -0.06951385736465 -0.61426109075546 -0.78603506088257
vn 0.2397003620863 -0.42569419741631 -0.87254118919373
vn -0.06955236941576 -0.40574988722801 -0.91133391857147
vn 0.23969773948193 -0.23497825860977 -0.94198209047318
vn -0.0695515871048 -0.20740042626858 -0.97578054666519
vn 1 0.00000000000017 0.00003122110866
vn 0.48522692918777 0 0.87438827753067
vn 0.81236416101456 0.1411372423172 0.56581336259842
vn 1 0.00000396526775 0.00003107610974
vn 0.72664833068848 0.30122557282448 0.61745071411133
vn 1 -0.00000383646693 0.0000203033087
vn 0.58553451299667 0.49915188550949 0.63874620199203
vn 1 -0.00000599832674 0.00001949383841
vn 0.84215342998505 0.40072026848793 0.36083352565765
vn 1 -0.00000083610246 0.00002639840204
vn 0.72664988040924 0.58256524801254 0.36413958668709
vn 1 0.00000378839013 0.00002823798241
vn 0.72665184736252 0.6455409526825 0.23506160080433
vn 1 0.00000320360095 0.00002960889833
vn 0.72686779499054 0.68301314115524 0.07180673629045
vn 1 -0.00000283385816 0.00002696493175
vn 0.7266628742218 0.680300116539 -0.09567002952099
vn 1 0.00000053734578 0.00002394413241
vn 0.58555835485458 0.76171606779099 -0.27732664346695
vn 1 -0.00000566239987 0.00002714332186
vn 0.81238859891891 0.49448445439339 -0.30904668569565
vn 1 -0.00000125398071 0.00002905005749
vn 0.72667008638382 0.49413362145424 -0.47726571559906
vn 1 0.00000026015354 0.00002575858343
vn 0.84216964244843 0.31695207953453 -0.43622437119484
vn 1 0.00000352108646 0.00002362355553
vn 0.58556109666824 0.35544356703758 -0.72854518890381
vn 1 0.00000269377665 0.00002142906487
vn 0.62787383794785 0.16182467341423 -0.76130628585815
vn 1 -0.00000199202714 0.00002617552309
vn 0.84217417240143 -0.00000075652247 -0.53920561075211
vn 1 0.0000009115488 0.00002601773849
vn 0.72667562961578 -0.11921942234039 -0.67655688524246
vn 1 -0.00000095183304 0.00002380355727
vn 0.7266725897789 -0.25728267431259 -0.63698709011078
vn 1 -0.00000255566192 0.0000192052139
vn 0.81238907575607 -0.32602849602699 -0.48345571756363
vn 1 -0.00000440334043 0.00002249481076
vn 0.72667080163956 -0.49413228034973 -0.47726595401764
vn 1 -0.00000312007296 0.0000246554082
vn 0.72667044401169 -0.58256429433823 -0.3641000688076
vn 1 0.00000078338843 0.00002700163714
vn 0.58555662631989 -0.76171731948853 -0.27732673287392
vn 1 0.00000566231756 0.00002714328912
vn 0.72666251659393 -0.68030035495758 -0.09567147493362
vn 1 -0.0000005373447 0.00002394412695
vn 0.72686755657196 -0.68301331996918 0.07180780917406
vn 1 0.00000283385361 0.00002696492083
vn 0.72665077447891 -0.64554208517075 0.23506170511246
vn 1 -0.00000320354684 0.00002960887468
vn 0.58553451299667 -0.68741220235825 0.42966711521149
vn 1 -0.00000280188806 0.00002690484507
vn 0.84215182065964 -0.40072304010391 0.36083433032036
vn 1 0.00000498310374 0.00002386547931
vn 0.6278440952301 -0.45748752355576 0.62969589233398
vn 1 0.00000753277845 0.00001723087735
vn 0.72664791345596 -0.25727725028992 0.63701742887497
vn 1 0.00000383652514 0.00002030325777
vn 0.90002739429474 -0.09061150252819 0.4263100028038
vn 1 -0.00000396527048 0.00003107612429
vn 0.57574260234833 0.00000003390363 0.81763100624084
vn 0.57550781965256 0.19793063402176 0.79348236322403
vn 0.13462571799755 0.17195644974709 0.97586214542389
vn 0.13470242917538 0.00000003006748 0.99088609218597
vn 0.50585645437241 0.37093588709831 0.77879124879837
vn 0.13462573289871 0.37109017372131 0.91878616809845
vn 0.6231182217598 0.4724118411541 0.62333834171295
vn 0.13462828099728 0.55400592088699 0.82155501842499
vn 0.50586307048798 0.65562391281128 0.56058877706528
vn 0.12282625585794 0.72759491205215 0.67492175102234
vn 0.57573354244232 0.71221351623535 0.40160036087036
vn 0.13471964001656 0.85832333564758 0.49510768055916
vn 0.57573759555817 0.78014492988586 0.24474503099918
vn 0.13472414016724 0.94250613451004 0.30582934617996
vn 0.64146107435226 0.76158607006073 0.09227326512337
vn 0.16235190629959 0.98132711648941 0.10314501821995
vn 0.52624332904816 0.84654188156128 -0.08021682500839
vn 0.11808044463396 0.98954367637634 -0.08282718062401
vn 0.57575225830078 0.77499842643738 -0.26055091619492
vn 0.13465866446495 0.95253896713257 -0.27301374077797
vn 0.57575994729996 0.70388668775558 -0.41598552465439
vn 0.13466423749924 0.87495809793472 -0.46509549021721
vn 0.57576382160187 0.60201269388199 -0.5532420873642
vn 0.13467116653919 0.75914114713669 -0.63684248924255
vn 0.64148080348969 0.46068960428238 -0.61340641975403
vn 0.13475492596626 0.58242547512054 -0.80163687467575
vn 0.57578998804092 0.33255150914192 -0.746910572052
vn 0.11810418963432 0.38456103205681 -0.9155130982399
vn 0.50590687990189 0.15765900909901 -0.84805768728256
vn 0.15131956338882 0.22560940682888 -0.96239429712296
vn 0.68250453472137 0.0000000373991 -0.73088133335114
vn 0.13476113975048 0.00000002349025 -0.99087810516357
vn 0.5059067606926 -0.15765894949436 -0.84805774688721
vn 0.13467910885811 -0.23982691764832 -0.96142840385437
vn 0.62316101789474 -0.30360478162766 -0.72075963020325
vn 0.13467702269554 -0.43447998166084 -0.89055556058884
vn 0.50590169429779 -0.48897141218185 -0.71061271429062
vn 0.13467052578926 -0.6101421713829 -0.78076267242432
vn 0.57554751634598 -0.58819633722305 -0.56812858581543
vn 0.13466896116734 -0.759142100811 -0.63684189319611
vn 0.62315082550049 -0.66928470134735 -0.40464931726456
vn 0.13466267287731 -0.87495911121368 -0.46509402990341
vn 0.57575327157974 -0.77499735355377 -0.26055178046226
vn 0.13465739786625 -0.95253843069077 -0.27301630377769
vn 0.52624315023422 -0.84654182195663 -0.08021894842386
vn 0.11808001250029 -0.98954349756241 -0.08282959461212
vn 0.64146167039871 -0.76158535480499 0.09227474778891
vn 0.16235142946243 -0.98132693767548 0.10314786434174
vn 0.575738966465 -0.78014332056046 0.24474693834782
vn 0.13472297787666 -0.94250577688217 0.30583104491234
vn 0.57573485374451 -0.71221274137497 0.40159973502159
vn 0.13471712172031 -0.85832446813583 0.49510642886162
vn 0.57572942972183 -0.61315631866455 0.54090195894241
vn 0.12282387912273 -0.72759574651718 0.67492127418518
vn 0.52621871232986 -0.49275571107864 0.69302642345428
vn 0.13470919430256 -0.58242613077164 0.80164408683777
vn 0.57574510574341 -0.33255603909492 0.74694311618805
vn 0.14654524624348 -0.41603887081146 0.8974609375
vn 0.57550776004791 -0.1979306191206 0.79348236322403
vn 0.12281956523657 -0.19192844629288 0.97369337081909
vn 0.84496200084686 -0.09280898422003 0.52671211957932
vn 0.84511423110962 0.00000001492467 0.53458571434021
vn 0.84511208534241 -0.21743001043797 0.48837465047836
vn 0.84496420621872 -0.32930767536163 0.42141658067703
vn 0.84496891498566 -0.40971919894218 0.3437408208847
vn 0.84496998786926 -0.47223192453384 0.25104331970215
vn 0.84497368335724 -0.51410126686096 0.14737486839294
vn 0.84497547149658 -0.53350496292114 0.0372674241662
vn 0.84497898817062 -0.52958935499191 -0.07446908205748
vn 0.84498512744904 -0.50252461433411 -0.18294586241245
vn 0.8451372385025 -0.46294301748276 -0.26725801825523
vn 0.84498798847198 -0.40972006320953 -0.34369289875031
vn 0.84513849020004 -0.31421056389809 -0.43244954943657
vn 0.84513652324677 -0.21742863953114 -0.48833295702934
vn 0.8451389670372 -0.11114134639502 -0.52286493778229
vn 0.84513813257217 0.0000000111935 -0.53454798460007
vn 0.84513902664185 0.11114130914211 -0.52286487817764
vn 0.84513664245605 0.2174284607172 -0.48833274841309
vn 0.84499043226242 0.29900798201561 -0.44337949156761
vn 0.84498685598373 0.38466122746468 -0.37152791023254
vn 0.84498608112335 0.45350471138954 -0.28342899680138
vn 0.84498298168182 0.50252771377563 -0.18294711410999
vn 0.84497809410095 0.52959084510803 -0.07446847856045
vn 0.84497529268265 0.53350526094437 0.03726748749614
vn 0.84497219324112 0.5141037106514 0.14737477898598
vn 0.84496802091599 0.47223463654518 0.25104486942291
vn 0.84511405229568 0.39726319909096 0.35772085189819
vn 0.8451092839241 0.31421571969986 0.43250298500061
vn 0.84511190652847 0.21742968261242 0.48837500810623
vn 0.84496206045151 0.09280896186829 0.52671205997467
vn 0.28986433148384 -0.00000004150282 -0.9570677280426
vn 0.55843323469162 -0.00000004942122 -0.82954949140549
vn 0.55819779634476 -0.14398744702339 -0.81711858510971
vn 0.33187916874886 -0.1976246535778 -0.92238861322403
vn 0.89633721113205 -0.00000000329292 -0.44337305426598
vn 0.98274028301239 0.00197503506206 -0.1849802583456
vn 0.97814118862152 -0.03608936071396 -0.20478624105453
vn 0.89622920751572 -0.10736908018589 -0.43040102720261
vn 0.60541790723801 -0.30923303961754 -0.73337858915329
vn 0.33187356591225 -0.38507968187332 -0.86114662885666
vn 0.97814053297043 -0.07788540422916 -0.19280816614628
vn 0.90794807672501 -0.17663656175137 -0.38003918528557
vn 0.44211566448212 -0.52722203731537 -0.72565186023712
vn 0.3567265868187 -0.53371578454971 -0.76674216985703
vn 0.98147660493851 -0.10867727547884 -0.15777492523193
vn 0.88761484622955 -0.27464166283607 -0.36974567174912
vn 0.62362384796143 -0.5723951458931 -0.53240686655045
vn 0.33187320828438 -0.70103180408478 -0.63120096921921
vn 0.97457164525986 -0.16747477650642 -0.14887012541294
vn 0.88398414850235 -0.35526594519615 -0.30390483140945
vn 0.60540664196014 -0.68125569820404 -0.41155004501343
vn 0.33168059587479 -0.83301877975464 -0.44279536604881
vn 0.98273837566376 -0.16120554506779 -0.09076391905546
vn 0.91534209251404 -0.34873896837234 -0.20132054388523
vn 0.48933854699135 -0.82231962680817 -0.29041048884392
vn 0.30664449930191 -0.91143387556076 -0.27433100342751
vn 0.97456860542297 -0.21356049180031 -0.06788218766451
vn 0.87550169229507 -0.45957118272781 -0.14930190145969
vn 0.50943499803543 -0.85480165481567 -0.09894505143166
vn 0.35670483112335 -0.92693507671356 -0.11641762405634
vn 0.97813677787781 -0.20745924115181 -0.01445868611336
vn 0.89631772041321 -0.4414074420929 -0.0421191714704
vn 0.62360924482346 -0.7786740064621 0.06912517547607
vn 0.31388083100319 -0.94557678699493 0.08581021428108
vn 0.98273527622223 -0.18378378450871 0.02132736518979
vn 0.9046688079834 -0.4228096306324 0.05297553911805
vn 0.5094239115715 -0.82115167379379 0.25728815793991
vn 0.37320590019226 -0.88233888149261 0.28669756650925
vn 0.97303169965744 -0.22136980295181 0.06484367698431
vn 0.89621371030808 -0.41684398055077 0.151796028018
vn 0.60538679361343 -0.6812539100647 0.41158223152161
vn 0.30662733316422 -0.83447599411011 0.45785310864449
vn 0.9781591296196 -0.17999875545502 0.10394817590714
vn 0.89632153511047 -0.3839898109436 0.22171941399574
vn 0.55816352367401 -0.59678810834885 0.5764524936676
vn 0.33165350556374 -0.72275322675705 0.60632801055908
vn 0.98273241519928 -0.13616359233856 0.12528571486473
vn 0.90466219186783 -0.32226711511612 0.27880138158798
vn 0.55815631151199 -0.46389526128769 0.6879408955574
vn 0.33165463805199 -0.58089816570282 0.7433454990387
vn 0.97456228733063 -0.13057665526867 0.18214862048626
vn 0.88396495580673 -0.28431016206741 0.37117874622345
vn 0.55815815925598 -0.31073036789894 0.76935434341431
vn 0.33164972066879 -0.41365027427673 0.84788084030151
vn 0.97813111543655 -0.07788383215666 0.1928563863039
vn 0.89620608091354 -0.19451443850994 0.39872142672539
vn 0.62359416484833 -0.15012297034264 0.76719844341278
vn 0.33183085918427 -0.19613054394722 0.92272484302521
vn 0.97813004255295 -0.03608917072415 0.20483940839767
vn 0.89620673656464 -0.10736909508705 0.43044778704643
vn 0.44206994771957 -0.00000004267372 0.89698058366776
vn 0.33183711767197 -0.00000002643275 0.94333666563034
vn 0.98273056745529 0.00197388860397 0.18503162264824
vn 0.89631289243698 -0.00000000329292 0.4434220790863
vn 0.55837750434875 0.18017522990704 0.80978482961655
vn 0.33165124058723 0.1637154519558 0.92908811569214
vn 0.97814851999283 0.0393096357584 0.20415745675564
vn 0.89620667695999 0.10736916959286 0.43044802546501
vn 0.62359285354614 0.30635011196136 0.719222843647
vn 0.31385836005211 0.37379974126816 0.8727924823761
vn 0.9730276465416 0.08760339766741 0.21340762078762
vn 0.89620596170425 0.19451455771923 0.39872160553932
vn 0.55815690755844 0.4638956785202 0.68794012069702
vn 0.34961491823196 0.56260532140732 0.74916261434555
vn 0.97456228733063 0.13057668507099 0.1821486055851
vn 0.88396555185318 0.2843097448349 0.37117770314217
vn 0.55816411972046 0.59678834676743 0.57645165920258
vn 0.33165264129639 0.72275459766388 0.60632693767548
vn 0.98273235559464 0.13616366684437 0.1252858042717
vn 0.90466314554214 0.3222658932209 0.27879971265793
vn 0.60538679361343 0.68125438690186 0.41158136725426
vn 0.3066278398037 0.83447676897049 0.45785138010979
vn 0.97815936803818 0.17999768257141 0.10394748300314
vn 0.89632219076157 0.38398918509483 0.2217178940773
vn 0.50942361354828 0.82115113735199 0.25729048252106
vn 0.37320271134377 0.88233929872513 0.28670033812523
vn 0.97813510894775 0.19991359114647 0.05732598900795
vn 0.89621436595917 0.41684246063232 0.1517962962389
vn 0.62360954284668 0.77867364883423 0.06912682950497
vn 0.3138809800148 0.94557648897171 0.08581256866455
vn 0.97816199064255 0.20670288801193 0.02175051346421
vn 0.90466922521591 0.42280849814415 0.05297657474875
vn 0.50943499803543 0.85480135679245 -0.09894766658545
vn 0.35670280456543 0.92693555355072 -0.11642004549503
vn 0.97813677787781 0.20745947957039 -0.01445877924562
vn 0.8963183760643 0.44140607118607 -0.04211990907788
vn 0.48933824896812 0.8223192691803 -0.29041185975075
vn 0.30663996934891 0.91143435239792 -0.27433434128761
vn 0.97816377878189 0.19767084717751 -0.06420195102692
vn 0.87550222873688 0.45956993103027 -0.14930287003517
vn 0.60540664196014 0.68125629425049 -0.41154912114143
vn 0.33167937397957 0.83301949501038 -0.4427949488163
vn 0.98273873329163 0.15922966599464 -0.09418335556984
vn 0.91534268856049 0.34873813390732 -0.2013193666935
vn 0.55819094181061 0.59678995609283 -0.57642394304276
vn 0.34965491294861 0.70606881380081 -0.61579895019531
vn 0.96936517953873 0.18254768848419 -0.16433970630169
vn 0.8839852809906 0.3552648127079 -0.30390283465385
vn 0.55843144655228 0.48760259151459 -0.67111700773239
vn 0.31390696763992 0.54709470272064 -0.77598309516907
vn 0.98147660493851 0.10867729038 -0.15777489542961
vn 0.88761508464813 0.27464154362679 -0.36974507570267
vn 0.60541659593582 0.33809944987297 -0.72052729129791
vn 0.33169460296631 0.3533008992672 -0.87473261356354
vn 0.97814053297043 0.07788536697626 -0.19280816614628
vn 0.90794795751572 0.17663666605949 -0.38003942370415
vn 0.50945389270782 0.1700326949358 -0.84353160858154
vn 0.35672715306282 0.17570741474628 -0.91753619909286
vn 0.97303861379623 0.04132298380136 -0.22691030800343
vn 0.89622908830643 0.10736914724112 -0.43040123581886
vn 0.99564003944397 0.01939954608679 -0.09123922884464
vn 0.9956351518631 -0.00326804514043 -0.09327333420515
vn 0.85307276248932 0.00000357607769 -0.52179199457169
vn 0.92219060659409 0.09361054003239 -0.37523540854454
vn 0.99563449621201 0.04093707725406 -0.08388163894415
vn 0.89524805545807 0.19538030028343 -0.40044662356377
vn 0.99563980102539 0.05484012886882 -0.07545803487301
vn 0.89524555206299 0.27437597513199 -0.35107433795929
vn 0.99563980102539 0.0693337470293 -0.06240335851908
vn 0.94025415182114 0.25303429365158 -0.22780632972717
vn 0.99563419818878 0.0824316367507 -0.04378974065185
vn 0.89524126052856 0.37785789370537 -0.23614920675755
vn 0.99563878774643 0.08873338997364 -0.02880523353815
vn 0.85306280851364 0.49627614021301 -0.16122597455978
vn 0.99563336372375 0.0924433991313 -0.01297856867313
vn 0.89523839950562 0.44450718164444 -0.03101003356278
vn 0.99563801288605 0.09278628230095 0.0097781913355
vn 0.85291218757629 0.51696199178696 0.07274010777473
vn 0.99563181400299 0.08772338926792 0.03196780756116
vn 0.94024127721786 0.32383388280869 0.10525171458721
vn 0.9956362247467 0.08080561459064 0.04667872190475
vn 0.85304772853851 0.45191124081612 0.26093262434006
vn 0.99563157558441 0.0715191885829 0.060023419559
vn 0.89522212743759 0.32050636410713 0.3096014559269
vn 0.99563127756119 0.0574816018343 0.07358169555664
vn 0.94023841619492 0.20013746619225 0.27549365162849
vn 0.99563604593277 0.03794714808464 0.08525805175304
vn 0.89522159099579 0.19538052380085 0.40050563216209
vn 0.99563026428223 0.01620052941144 0.09196675568819
vn 0.89522278308868 0.10784367471933 0.43237239122391
vn 0.99562990665436 -0.00326944189146 0.09332931041718
vn 0.88654887676239 -0.00000261095124 0.46263489127159
vn 0.99563056230545 -0.02259356342256 0.09060505777597
vn 0.91022109985352 -0.08610154688358 0.40507292747498
vn 0.99563074111938 -0.04093327000737 0.0839281603694
vn 0.89522552490234 -0.16687145829201 0.41318896412849
vn 0.99563127756119 -0.05748154595494 0.0735816732049
vn 0.89522314071655 -0.24913044273853 0.36947193741798
vn 0.99563157558441 -0.0715191885829 0.0600233823061
vn 0.92217153310776 -0.27818617224693 0.26872310042381
vn 0.9956362247467 -0.08080572634935 0.04667853564024
vn 0.85304743051529 -0.45191049575806 0.26093488931656
vn 0.99563723802567 -0.08873352408409 0.02885900996625
vn 0.91022646427155 -0.39383658766747 0.12798646092415
vn 0.99563294649124 -0.09312608838081 0.0065272427164
vn 0.89523559808731 -0.4412467777729 0.06208444386721
vn 0.99563336372375 -0.09244296699762 -0.01297878008336
vn 0.9221847653389 -0.38581237196922 -0.02690828591585
vn 0.99563366174698 -0.08772210776806 -0.03191328793764
vn 0.80421990156174 -0.56524920463562 -0.18363992869854
vn 0.99563437700272 -0.07916335761547 -0.04945049062371
vn 0.89524298906326 -0.37785637378693 -0.23614530265331
vn 0.99563443660736 -0.06714636832476 -0.06483375281096
vn 0.9576261639595 -0.21404731273651 -0.19270674884319
vn 0.99563980102539 -0.05484009161592 -0.07545801252127
vn 0.85292744636536 -0.32145330309868 -0.41131800413132
vn 0.99563449621201 -0.04093709215522 -0.08388160914183
vn 0.92218923568726 -0.16958431899548 -0.34757471084595
vn 0.99563449621201 -0.0225981771946 -0.09056117385626
vn 0.85292315483093 -0.12634788453579 -0.50651586055756
vn 0.78315424919128 -0.36504203081131 -0.50340211391449
vn 0.61759811639786 -0.68446588516235 -0.38740032911301
vn 0.869349360466 0.43144527077675 -0.24101166427135
vn 0.61760890483856 0.75004208087921 -0.23663483560085
vn 0.84721171855927 0.11207708716393 -0.51929861307144
vn 0.96175730228424 0.05695874243975 -0.2679151892662
vn 0.90657186508179 0.01478726230562 -0.42179241776466
vn 0.89154005050659 -0.01586000621319 -0.45266410708427
vn 0.93032991886139 0.13734972476959 -0.34003126621246
vn 0.89147621393204 0.20214203000069 -0.40547347068787
vn 0.89893704652786 0.25750258564949 -0.35440745949745
vn 0.9414456486702 0.20005448162556 -0.27140066027641
vn 0.84721082448959 0.39591762423515 -0.35423591732979
vn 0.97145193815231 0.17631533741951 -0.15872643887997
vn 0.86947286128998 0.42780643701553 -0.24697895348072
vn 0.96587973833084 0.22430390119553 -0.12947604060173
vn 0.84720104932785 0.50476264953613 -0.16572591662407
vn 0.97145122289658 0.22563548386097 -0.07328782230616
vn 0.90656250715256 0.41796040534973 -0.05876709520817
vn 0.82745856046677 0.56026977300644 -0.03755155205727
vn 0.89892703294754 0.43569546937943 0.04582178592682
vn 0.94143730401993 0.33508920669556 0.03756307065487
vn 0.89152431488037 0.4354333281517 0.12482897937298
vn 0.94624471664429 0.30392205715179 0.1106900498271
vn 0.89163589477539 0.39208614826202 0.22639311850071
vn 0.96174788475037 0.23722991347313 0.136977866292
vn 0.93031656742096 0.28096720576286 0.23572970926762
vn 0.89152365922928 0.32579469680786 0.3147115111351
vn 0.86945760250092 0.29035422205925 0.39967226982117
vn 0.94143176078796 0.20005363225937 0.27144932746887
vn 0.84718269109726 0.21759992837906 0.48469758033752
vn 0.97144222259521 0.0964937210083 0.21676942706108
vn 0.86944961547852 0.10269740223885 0.48322933912277
vn 0.89162003993988 0.09413331747055 0.44289126992226
vn 0.89162385463715 0.00000007511638 0.45277684926987
vn 0.96174281835556 -0.00000823119626 0.2739540040493
vn 0.91976183652878 -0.08160204440355 0.38390010595322
vn 0.9414222240448 -0.06785132735968 0.33033373951912
vn 0.77876210212708 -0.25514286756516 0.57308959960938
vn 0.96174341440201 -0.11141145974398 0.25027391314507
vn 0.90654838085175 -0.23599173128605 0.34996849298477
vn 0.89145928621292 -0.2820291519165 0.35462641716003
vn 0.89891797304153 -0.32557088136673 0.29317238926888
vn 0.94143337011337 -0.25211289525032 0.22392486035824
vn 0.92868256568909 -0.31331366300583 0.19845198094845
vn 0.94624584913254 -0.28559198975563 0.15184199810028
vn 0.84719634056091 -0.50475633144379 0.16576933860779
vn 0.96175014972687 -0.26051560044289 0.08466573059559
vn 0.86946874856949 -0.49128022789955 0.05165146291256
vn 0.94143915176392 -0.33508422970772 0.03756248950958
vn 0.82746475934982 -0.56026071310043 -0.03755096718669
vn 0.93032568693161 -0.36316260695457 -0.05105899274349
vn 0.89164316654205 -0.43058696389198 -0.13988330960274
vn 0.9617548584938 -0.26051390171051 -0.0846174955368
vn 0.91978043317795 -0.33987182378769 -0.19619137048721
vn 0.94143837690353 -0.29316759109497 -0.16657310724258
vn 0.8914743065834 -0.34959399700165 -0.28819704055786
vn 0.90657019615173 -0.30358344316483 -0.29320222139359
vn 0.89147627353668 -0.28203159570694 -0.35458174347878
vn 0.94625598192215 -0.18083538115025 -0.26813840866089
vn 0.82747066020966 -0.24759751558304 -0.50397205352783
vn 0.90657299757004 -0.15807203948498 -0.39132925868034
vn 0.89153760671616 -0.10963279008865 -0.43947842717171
vn 0.94625836610794 -0.05612123757601 -0.31850507855415
vn 0.97688150405884 0.00000002217819 0.21378156542778
vn 0.92215859889984 0.06712008267641 0.3809440433979
vn 0.92791396379471 -0.07751740515232 -0.3646459877491
vn 0.66443955898285 -0.00000022716605 -0.74734199047089
vn 0.93027597665787 0.08547937124968 0.35676312446594
vn 0.91432994604111 -0.0014593617525 0.4049673974514
vn 0.94638842344284 0.12096921354532 0.29952523112297
vn 0.75620949268341 -0.26614305377007 -0.5977583527565
vn 0.94466233253479 0.14207880198956 0.2956799864769
vn 0.96101051568985 0.15458406507969 0.22926537692547
vn 0.81805837154388 -0.33806627988815 -0.46528673171997
vn 0.93024396896362 0.2259307205677 0.28913909196854
vn 0.90384912490845 0.31794396042824 0.28630122542381
vn 0.87145972251892 -0.35278582572937 -0.3407347202301
vn 0.94999659061432 0.23340350389481 0.20743514597416
vn 0.96101349592209 0.24414205551147 0.12979866564274
vn 0.7293673157692 -0.58013427257538 -0.36258456110954
vn 0.93028324842453 0.31285867094994 0.1915530115366
vn 0.92216902971268 0.3718093931675 0.10659320652485
vn 0.81804430484772 -0.54701226949692 -0.1777106821537
vn 0.90743631124496 0.39528775215149 0.14250239729881
vn 0.9662504196167 0.25619035959244 0.02695665322244
vn 0.89034432172775 -0.45279636979103 -0.04756566137075
vn 0.93032604455948 0.36472198367119 0.03835813701153
vn 0.94639873504639 0.32221812009811 -0.02247023396194
vn 0.75618892908096 -0.65076667070389 0.06841818243265
vn 0.93025028705597 0.36335244774818 -0.05108242854476
vn 0.92960375547409 0.35052984952927 -0.11386690288782
vn 0.89034175872803 -0.43300125002861 0.1407175809145
vn 0.9500025510788 0.29633083939552 -0.09840310364962
vn 0.9464026093483 0.2739010155201 -0.17117340862751
vn 0.81786423921585 -0.50807923078537 0.27009922266006
vn 0.9074399471283 0.37039032578468 -0.19840288162231
vn 0.97689139842987 0.15884819626808 -0.14300490915775
vn 0.72933751344681 -0.52413326501846 0.43971702456474
vn 0.91434735059738 0.30190834403038 -0.26985231041908
vn 0.90386652946472 0.25147375464439 -0.34610152244568
vn 0.81802892684937 -0.33807072043419 0.46533519029617
vn 0.95000845193863 0.18517778813839 -0.25138238072395
vn 0.96625679731369 0.104780562222 -0.23530593514442
vn 0.89033669233322 -0.18517410755157 0.41594612598419
vn 0.9303377866745 0.14915981888771 -0.33499693870544
vn 0.94646668434143 0.06711999326944 -0.31574633717537
vn 0.72933107614517 -0.16558645665646 0.66382020711899
vn 0.95001083612442 0.06292267888784 -0.3058106303215
vn 0.94646644592285 0.00000003152285 -0.32280230522156
vn 0.81801557540894 -0.00000017253998 0.57519602775574
vn 0.89070385694504 0.00000000644389 -0.45458406209946
vn 0.9296110868454 -0.07663103938103 -0.36048698425293
vn 0.81785470247269 0.13926674425602 0.55831754207611
vn 0.96130496263504 -0.05728289112449 -0.26946520805359
vn 0.97689205408096 -0.0869445130229 -0.19524988532066
vn 0.81803053617477 0.2339334487915 0.5254533290863
vn 0.91435134410858 -0.16603575646877 -0.36931529641151
vn 0.9038662314415 -0.251474827528 -0.34610146284103
vn 0.81802797317505 0.33807176351547 0.46533608436584
vn 0.95000845193863 -0.18517850339413 -0.25138196349144
vn 0.97689110040665 -0.1588494181633 -0.14300587773323
vn 0.72934019565582 0.52413141727448 0.43971481919289
vn 0.91434681415558 -0.30190935730934 -0.26985302567482
vn 0.94640237092972 -0.27390122413635 -0.17117439210415
vn 0.81786572933197 0.50807750225067 0.27009803056717
vn 0.90744000673294 -0.37038964033127 -0.19840396940708
vn 0.90386027097702 -0.40689557790756 -0.13218410313129
vn 0.92789733409882 0.3545803129673 0.11523594707251
vn 0.95000267028809 -0.29633003473282 -0.09840452671051
vn 0.96101886034012 -0.27581349015236 -0.01922758668661
vn 0.66440147161484 0.74327945709229 0.07814310491085
vn 0.93025201559067 -0.36334806680679 -0.05108201503754
vn 0.94639831781387 -0.31984940171242 0.04501730948687
vn 0.8903443813324 0.4527959227562 -0.0475683324039
vn 0.9446702003479 -0.3270822763443 0.02480758726597
vn 0.94645684957504 -0.30702269077301 0.09978228062391
vn 0.81804287433624 0.54701364040375 -0.17771290242672
vn 0.91434097290039 -0.38466453552246 0.12654538452625
vn 0.94645410776138 -0.2795769572258 0.16143515706062
vn 0.72937214374542 0.58013260364532 -0.3625775873661
vn 0.9303252696991 -0.31759119033813 0.18338665366173
vn 0.94645100831985 -0.23990915715694 0.21604181826115
vn 0.8714599609375 0.35278359055519 -0.34073632955551
vn 0.9143340587616 -0.30190759897232 0.26989823579788
vn 0.94645100831985 -0.18975220620632 0.26119834184647
vn 0.81805819272995 0.33806571364403 -0.46528735756874
vn 0.94999587535858 -0.1851778626442 0.25142982602119
vn 0.94638842344284 -0.12096925824881 0.29952529072762
vn 0.7562084197998 0.26614639163017 -0.59775823354721
vn 0.93024206161499 -0.16088582575321 0.32979610562325
vn 0.9221585392952 -0.06712011247873 0.38094428181648
vn 0.92791432142258 0.077517606318 -0.36464503407478
vn 0.93024039268494 -0.0888074785471 0.35604214668274
vn 0.91622394323349 -0.00000001520722 -0.40066653490067
vn 0.51721036434174 0 -0.85585826635361
vn 0.5172044634819 -0.17794845998287 -0.837158203125
vn 0.91622316837311 -0.08330983668566 -0.39191138744354
vn 0.55164706707001 -0.35359883308411 -0.75541603565216
vn 0.91613340377808 -0.15014190971851 -0.37169474363327
vn 0.45781666040421 -0.52257186174393 -0.71925139427185
vn 0.91622406244278 -0.23551519215107 -0.32413899898529
vn 0.54189538955688 -0.63413238525391 -0.55156642198563
vn 0.94768810272217 -0.23721972107887 -0.21357452869415
vn 0.48169806599617 -0.76882410049438 -0.42056688666344
vn 0.88939756155014 -0.39590081572533 -0.22854878008366
vn 0.57414692640305 -0.77868473529816 -0.25299283862114
vn 0.91622048616409 -0.3810730278492 -0.12378765642643
vn 0.49194896221161 -0.86696153879166 -0.0797743499279
vn 0.91612809896469 -0.39698085188866 -0.05581684410572
vn 0.55162554979324 -0.82772427797318 0.10286761820316
vn 0.93938159942627 -0.34203949570656 0.02389912679791
vn 0.491938829422 -0.82446134090424 0.27974939346313
vn 0.91612249612808 -0.38537302613258 0.11048633605242
vn 0.48167043924332 -0.74864459037781 0.45554900169373
vn 0.84864896535873 -0.45807999372482 0.26449501514435
vn 0.51715302467346 -0.63358521461487 0.57543241977692
vn 0.91611850261688 -0.28834781050682 0.27853611111641
vn 0.55161100625992 -0.50293344259262 0.66541957855225
vn 0.93937385082245 -0.1917005777359 0.28430205583572
vn 0.51715540885925 -0.34811365604401 0.7818997502327
vn 0.9162010550499 -0.16297210752964 0.36608156561852
vn 0.48165342211723 -0.16241812705994 0.86117959022522
vn 0.91620355844498 -0.08330457657576 0.39195841550827
vn 0.57411360740662 -0.00000001522876 0.81877565383911
vn 0.91620475053787 -0.00000002907414 0.40071049332619
vn 0.48165452480316 0.16241620481014 0.86117935180664
vn 0.91620373725891 0.08330401778221 0.3919580578804
vn 0.51715505123138 0.34811669588089 0.78189861774445
vn 0.91620224714279 0.16297106444836 0.36607909202576
vn 0.55160838365555 0.50293600559235 0.66541987657547
vn 0.93937355279922 0.19170249998569 0.28430181741714
vn 0.48166134953499 0.63758236169815 0.60124123096466
vn 0.88938236236572 0.33972916007042 0.30591359734535
vn 0.51693153381348 0.72589194774628 0.45372089743614
vn 0.87760078907013 0.42329505085945 0.22502927482128
vn 0.49193823337555 0.8244611620903 0.27975085377693
vn 0.93938022851944 0.32959774136543 0.0944991260767
vn 0.55162739753723 0.8277228474617 0.10286939144135
vn 0.87760663032532 0.47821599245071 0.03340772539377
vn 0.49194678664207 0.86696261167526 -0.07977616786957
vn 0.91612893342972 0.39697855710983 -0.05581981316209
vn 0.55163556337357 0.79799604415894 -0.24269427359104
vn 0.93938565254211 0.32218086719513 -0.11727782338858
vn 0.54188996553421 0.73495864868164 -0.40766531229019
vn 0.9162181019783 0.34701040387154 -0.20032030344009
vn 0.51719635725021 0.63849097490311 -0.56994497776031
vn 0.91613054275513 0.30713161826134 -0.25763341784477
vn 0.49196803569794 0.50257694721222 -0.71090358495712
vn 0.93938827514648 0.21112310886383 -0.27014207839966
vn 0.51719492673874 0.34811782836914 -0.78187167644501
vn 0.88940131664276 0.18594419956207 -0.41760039329529
vn 0.51720482110977 0.17794772982597 -0.83715814352036
vn 0.91622310876846 0.08330992609262 -0.39191150665283
vn 0.86251366138458 0.00000000886142 -0.50603383779526
vn 0.99983167648315 -0.0000000010449 0.01834879256785
vn 0.99987608194351 0.00272319559008 0.01550411339849
vn 0.91967916488647 -0.08075428754091 -0.38427713513374
vn 0.99978029727936 0.00851816497743 0.01915229298174
vn 0.7380136847496 -0.27446123957634 -0.61644691228867
vn 0.99983179569244 0.01077352277935 0.01484185829759
vn 0.90481668710709 -0.26287913322449 -0.33496475219727
vn 0.99978041648865 0.01556033082306 0.01403539720923
vn 0.86250722408295 -0.37607628107071 -0.33859702944756
vn 0.9998317360878 0.0161834154278 0.00863808952272
vn 0.81290477514267 -0.50470513105392 -0.29061758518219
vn 0.99987643957138 0.0151040693745 0.00435706833377
vn 0.91967034339905 -0.37375935912132 -0.12045929580927
vn 0.99983191490173 0.01828698627651 0.00129716203082
vn 0.81289947032928 -0.57928389310837 -0.06020445004106
vn 0.99983215332031 0.01822297088802 -0.00189590617083
vn 0.94894069433212 -0.31372481584549 0.03298992663622
vn 0.99978095293045 0.01991477608681 -0.00643928488716
vn 0.73799669742584 -0.64177179336548 0.2085422873497
vn 0.99992555379868 0.01057926658541 -0.00607672473416
vn 0.94893646240234 -0.27318939566612 0.1577565819025
vn 0.9998322725296 0.01403880864382 -0.01176246255636
vn 0.81289041042328 -0.43325275182724 0.38923159241676
vn 0.99975842237473 0.01354395225644 -0.01730968430638
vn 0.91966223716736 -0.2315466850996 0.31718683242798
vn 0.99983263015747 0.00744874915108 -0.01670988835394
vn 0.73798590898514 -0.27447110414505 0.61647582054138
vn 0.9997586607933 0.00382090522908 -0.02163277380168
vn 0.86233234405518 -0.08635773509741 0.49892416596413
vn 0.9999258518219 0.00000000011643 -0.01217907574028
vn 0.94893503189087 -0.00000000432919 0.31547164916992
vn 0.99970233440399 -0.00508067570627 -0.02386339195073
vn 0.79113525152206 0.10553722083569 0.60246735811234
vn 0.99992573261261 -0.00496665807441 -0.01112798042595
vn 0.86248916387558 0.20583820343018 0.46232351660728
vn 0.99970209598541 -0.014354724437 -0.01973987929523
vn 0.86249274015427 0.29743748903275 0.40943518280983
vn 0.9998322725296 -0.01403874158859 -0.01176254823804
vn 0.81289118528366 0.4332480430603 0.38923525810242
vn 0.99992555379868 -0.01057924423367 -0.00607673171908
vn 0.94893646240234 0.27318912744522 0.15775713324547
vn 0.99975824356079 -0.02067256532609 -0.00748972781003
vn 0.81289684772491 0.55369436740875 0.18061371147633
vn 0.99987655878067 -0.01556010823697 -0.00217071245424
vn 0.91966766119003 0.39044895768166 0.04196480661631
vn 0.99978071451187 -0.02082358859479 0.00220872065984
vn 0.73800337314606 0.67110168933868 -0.07052286714315
vn 0.99983197450638 -0.01742363348603 0.00569369411096
vn 0.94894409179688 0.30001318454742 -0.09745351225138
vn 0.99987632036209 -0.01387120783329 0.00740930810571
vn 0.81290692090988 0.50470274686813 -0.29061567783356
vn 0.99978041648865 -0.01556014921516 0.0140355816111
vn 0.86250954866409 0.37606799602509 -0.33860030770302
vn 0.99983179569244 -0.01077349763364 0.01484187506139
vn 0.86251050233841 0.29745107889175 -0.4093878865242
vn 0.99983155727386 -0.00803880114108 0.0164997279644
vn 0.86237633228302 0.18960563838482 -0.46942177414894
vn 0.99983161687851 -0.00380724971183 0.01794968545437
vn 0.86251580715179 0.10520920157433 -0.49497222900391
vn 0.74320966005325 0.13910563290119 -0.65443789958954
vn 0.86956506967545 0.00000000097812 -0.49381843209267
vn 0.79732894897461 0.26560753583908 -0.54195868968964
vn 0.86956453323364 0.29026305675507 -0.39950585365295
vn 0.74320608377457 0.49722200632095 -0.44767731428146
vn 0.86956119537354 0.42768216133118 -0.24688325822353
vn 0.74320238828659 0.6363217830658 -0.20674821734428
vn 0.86955904960632 0.49112632870674 -0.05159417912364
vn 0.74319618940353 0.6654052734375 0.06996658444405
vn 0.86955511569977 0.46965906023979 0.15262468159199
vn 0.74319219589233 0.57942694425583 0.33455902338028
vn 0.86955112218857 0.36699482798576 0.33044773340225
vn 0.74318701028824 0.39327174425125 0.54130434989929
vn 0.86954480409622 0.20084914565086 0.45116674900055
vn 0.79730504751205 0.1471116989851 0.58537411689758
vn 0.74318248033524 -0.00000000437154 0.66908884048462
vn 0.79730552434921 -0.14710919559002 0.58537405729294
vn 0.86954605579376 -0.20084798336029 0.45116487145424
vn 0.74318820238113 -0.39326930046082 0.54130446910858
vn 0.86954951286316 -0.36699843406677 0.33044797182083
vn 0.74318820238113 -0.5794306397438 0.33456155657768
vn 0.86955285072327 -0.46966364979744 0.15262351930141
vn 0.7431937456131 -0.66540902853012 0.0699563100934
vn 0.86955863237381 -0.4911288022995 -0.05157779157162
vn 0.74320107698441 -0.63632380962372 -0.20674645900726
vn 0.8695604801178 -0.42768242955208 -0.24688526988029
vn 0.74320614337921 -0.49722665548325 -0.44767206907272
vn 0.79733091592789 -0.33653855323792 -0.50100421905518
vn 0.86956602334976 -0.20085227489471 -0.45112454891205
vn 0.74321013689041 -0.13910353183746 -0.65443783998489
vn 1 -0.00000012543585 0.00002704050712
vn 0.8130596280098 0.42711719870567 -0.39560696482658
vn 0.84122812747955 0.31819671392441 0.43713396787643
vn 0.86934584379196 0.46781730651855 -0.1593261808157
vn 0.78313106298447 0.12986809015274 0.60814476013184
vn 0.81303894519806 0.57981944084167 0.05269772931933
vn 0.84121507406235 -0.11191368848085 0.52899199724197
vn 0.8130407333374 0.50825792551041 0.28396955132484
vn 0.84122455120087 -0.31739050149918 0.43772655725479
vn 0.86933344602585 0.29609298706055 0.39571234583855
vn 0.78313457965851 -0.53823894262314 0.31144663691521
vn 0.78310292959213 -0.0005924316356 0.6218917965889
vn 0.86933916807175 -0.49073311686516 -0.05857006832957
vn 0.86934369802475 -0.09591221064329 0.48481169342995
vn 0.78314679861069 -0.59158658981323 -0.1915892213583
vn 0.81302863359451 -0.33552712202072 0.47582134604454
vn 0.84123623371124 -0.40214303135872 -0.36138987541199
vn 0.81302511692047 -0.5000524520874 0.29822427034378
vn 0.84124237298965 -0.22038108110428 -0.49370384216309
vn 0.81303298473358 -0.57810872793198 0.06904815137386
vn 0.8412521481514 -0.00050659844419 -0.54064273834229
vn 0.81304413080215 -0.55619955062866 -0.17205029726028
vn 0.84124708175659 0.219442486763 -0.49411374330521
vn 0.81305366754532 -0.24428917467594 -0.52845674753189
vn 0.84124511480331 0.51404231786728 -0.16753250360489
vn 0.8412407040596 0.11291215568781 -0.5287389755249
vn 0.81304174661636 0.55110824108124 0.18773077428341
vn 0.86935359239578 0.19461970031261 -0.45425483584404
vn 0.78312796354294 0.53882700204849 0.31044501066208
vn 0.61762166023254 -0.46768528223038 -0.63230848312378
vn 0.61758530139923 0.78146374225616 0.08889802545309
vn 0.6175679564476 -0.17010366916656 -0.76790273189545
vn 0.61759722232819 0.67774385213852 0.39904496073723
vn 0.61761897802353 0.15697994828224 -0.77065169811249
vn 0.6175240278244 0.45685288310051 0.64027297496796
vn 0.61764049530029 0.45686510205269 -0.64015191793442
vn 0.61755192279816 0.1569426804781 0.77071309089661
vn 0.61758142709732 0.6777606010437 -0.399041056633
vn 0.61759155988693 -0.17004734277725 0.76789623498917
vn 0.6176056265831 0.78145343065262 -0.08884735405445
vn 0.61756467819214 -0.46770924329758 0.63234639167786
vn 0.61759352684021 0.75004196166992 0.23667535185814
vn 0.61757397651672 -0.6844630241394 0.38744387030602
vn 0.61761057376862 0.58891260623932 0.52128601074219
vn 0.61759430170059 -0.78285926580429 0.07555591315031
vn 0.61754041910172 0.32603761553764 0.7157815694809
vn 0.61760640144348 -0.74589914083481 -0.24939297139645
vn 0.6176164150238 0.00666892249137 0.78645116090775
vn 0.61755859851837 -0.57998704910278 -0.53125929832458
vn 0.61758142709732 -0.3137674331665 0.72120952606201
vn 0.61757349967957 -0.31375497579575 -0.72122168540955
vn 0.61754667758942 -0.5799765586853 0.53128463029861
vn 0.61757969856262 0.00671992404386 -0.7864795923233
vn 0.61757522821426 -0.74591362476349 0.24942667782307
vn 0.61759787797928 0.3260281085968 -0.71573638916016
vn 0.61758899688721 -0.78286671638489 -0.0755218937993
vn 0.6175908446312 0.58896213769913 -0.52125352621078
vn 0.5609450340271 0.82690364122391 0.0396356061101
vn 0.63684260845184 0.68610739707947 0.35169324278831
vn 0.56092357635498 0.73930501937866 0.37254908680916
vn 0.63682347536087 0.48376104235649 0.60035920143127
vn 0.56089353561401 0.52389168739319 0.64104282855988
vn 0.63680166006088 0.19775629043579 0.74523562192917
vn 0.56092113256454 0.21784888207912 0.79869228601456
vn 0.63682556152344 -0.12244583666325 0.76122283935547
vn 0.56093376874924 -0.12583741545677 0.81824094057083
vn 0.63684058189392 -0.42145821452141 0.64560598134995
vn 0.56087779998779 -0.64573460817337 0.51811468601227
vn 0.63674736022949 -0.34842252731323 0.68786233663559
vn 0.56092548370361 -0.6922755241394 0.45400136709213
vn 0.63681423664093 -0.76181024312973 0.11879724264145
vn 0.56090468168259 -0.81709444522858 0.13320124149323
vn 0.63681691884995 -0.74426513910294 -0.20132945477962
vn 0.56092745065689 -0.80061239004135 -0.21066607534885
vn 0.63682812452316 -0.59802162647247 -0.48664167523384
vn 0.56093913316727 -0.64570254087448 -0.51808834075928
vn 0.6368607878685 -0.34835523366928 -0.68779134750366
vn 0.56091552972794 -0.37916651368141 -0.73593920469284
vn 0.63681840896606 -0.03850495815277 -0.77005171775818
vn 0.56095272302628 0.2178513109684 -0.79866945743561
vn 0.63685017824173 -0.12245451658964 -0.76120090484619
vn 0.56098544597626 0.29320573806763 -0.77416127920151
vn 0.63688999414444 0.54647928476334 -0.54381209611893
vn 0.56092381477356 0.73932689428329 -0.37250533699989
vn 0.6368145942688 0.48380464315414 -0.60033339262009
vn 0.56094098091125 0.7715350985527 -0.30013141036034
vn 0.63682192564011 0.76985436677933 0.04221540316939
usemtl grey
f 4//3 1//2 2//1
f 2//1 3//4 4//3
f 7//7 5//6 6//5
f 6//5 4//3 7//7
f 11//10 8//9 9//8
f 9//8 10//11 11//10
f 5//6 7//7 12//12
f 1//2 4//3 6//5
f 13//13 7//7 4//3
f 4//3 3//4 13//13
f 6//5 5//6 9//8
f 9//8 8//9 6//5
f 12//12 15//15 16//14
f 14//16 12//12 16//14
f 1//2 17//18 18//17
f 1//2 18//17 2//1
f 8//9 11//10 17//18
f 9//8 14//16 10//11
f 6//5 8//9 17//18
f 6//5 17//18 1//2
f 14//16 9//8 5//6
f 5//6 12//12 14//16
f 15//15 12//12 7//7
f 7//7 13//13 15//15
f 16//14 19//19 10//11
f 14//16 16//14 10//11
f 17//18 11//10 20//20
f 20//20 18//17 17//18
f 24//23 21//22 22//21
f 22//21 23//24 24//23
f 25//26 26//25 24//23
f 25//26 24//23 27//27
f 30//30 31//29 28//28
f 28//28 29//31 30//30
f 25//26 27//27 32//32
f 21//22 24//23 26//25
f 33//33 27//27 24//23
f 24//23 23//24 33//33
f 28//28 26//25 25//26
f 25//26 29//31 28//28
f 34//35 32//32 35//34
f 34//35 35//34 36//36
f 21//22 37//38 38//37
f 21//22 38//37 22//21
f 28//28 31//29 37//38
f 29//31 34//35 30//30
f 26//25 28//28 37//38
f 26//25 37//38 21//22
f 34//35 29//31 25//26
f 25//26 32//32 34//35
f 33//33 35//34 32//32
f 27//27 33//33 32//32
f 39//39 30//30 34//35
f 34//35 36//36 39//39
f 31//29 40//40 38//37
f 31//29 38//37 37//38
f 44//43 41//42 42//41
f 42//41 43//44 44//43
f 45//46 46//45 44//43
f 45//46 44//43 47//47
f 48//50 49//49 50//48
f 48//50 50//48 51//51
f 45//46 47//47 52//52
f 41//42 44//43 46//45
f 53//53 47//47 44//43
f 44//43 43//44 53//53
f 46//45 45//46 49//49
f 49//49 48//50 46//45
f 54//55 52//52 55//54
f 54//55 55//54 56//56
f 57//58 58//57 42//41
f 41//42 57//58 42//41
f 48//50 51//51 57//58
f 49//49 54//55 50//48
f 46//45 48//50 57//58
f 46//45 57//58 41//42
f 54//55 49//49 45//46
f 45//46 52//52 54//55
f 55//54 52//52 47//47
f 47//47 53//53 55//54
f 59//59 50//48 54//55
f 54//55 56//56 59//59
f 57//58 51//51 60//60
f 60//60 58//57 57//58
f 64//63 61//62 62//61
f 62//61 63//64 64//63
f 65//66 66//65 64//63
f 65//66 64//63 67//67
f 69//70 70//69 71//68
f 68//71 69//70 71//68
f 65//66 67//67 72//72
f 61//62 64//63 66//65
f 67//67 64//63 63//64
f 67//67 63//64 73//73
f 66//65 65//66 69//70
f 69//70 68//71 66//65
f 76//75 74//74 72//72
f 72//72 75//76 76//75
f 62//61 61//62 77//77
f 77//77 78//78 62//61
f 68//71 71//68 77//77
f 69//70 74//74 70//69
f 66//65 68//71 77//77
f 66//65 77//77 61//62
f 74//74 69//70 65//66
f 65//66 72//72 74//74
f 75//76 72//72 67//67
f 67//67 73//73 75//76
f 79//79 70//69 74//74
f 74//74 76//75 79//79
f 71//68 80//80 78//78
f 71//68 78//78 77//77
f 84//83 81//82 82//81
f 82//81 83//84 84//83
f 87//87 85//86 86//85
f 86//85 84//83 87//87
f 90//90 91//89 88//88
f 88//88 89//91 90//90
f 85//86 87//87 92//92
f 81//82 84//83 86//85
f 87//87 84//83 83//84
f 87//87 83//84 93//93
f 86//85 85//86 89//91
f 89//91 88//88 86//85
f 92//92 95//95 96//94
f 94//96 92//92 96//94
f 97//98 98//97 82//81
f 81//82 97//98 82//81
f 88//88 91//89 97//98
f 89//91 94//96 90//90
f 86//85 88//88 97//98
f 86//85 97//98 81//82
f 94//96 89//91 85//86
f 85//86 92//92 94//96
f 95//95 92//92 87//87
f 87//87 93//93 95//95
f 99//99 90//90 94//96
f 94//96 96//94 99//99
f 91//89 100//100 98//97
f 91//89 98//97 97//98
f 104//103 101//102 102//101
f 102//101 103//104 104//103
f 107//107 105//106 106//105
f 106//105 104//103 107//107
f 108//110 109//109 110//108
f 108//110 110//108 111//111
f 105//106 107//107 112//112
f 101//102 104//103 106//105
f 107//107 104//103 103//104
f 107//107 103//104 113//113
f 108//110 106//105 105//106
f 105//106 109//109 108//110
f 116//115 114//114 112//112
f 112//112 115//116 116//115
f 101//102 117//118 118//117
f 101//102 118//117 102//101
f 108//110 111//111 117//118
f 109//109 114//114 110//108
f 106//105 108//110 117//118
f 106//105 117//118 101//102
f 114//114 109//109 105//106
f 105//106 112//112 114//114
f 115//116 112//112 107//107
f 107//107 113//113 115//116
f 116//115 119//119 110//108
f 114//114 116//115 110//108
f 111//111 120//120 118//117
f 111//111 118//117 117//118
f 124//123 121//122 122//121
f 122//121 123//124 124//123
f 125//126 126//125 124//123
f 125//126 124//123 127//127
f 131//130 128//129 129//128
f 129//128 130//131 131//130
f 125//126 127//127 132//132
f 121//122 124//123 126//125
f 124//123 123//124 133//133
f 127//127 124//123 133//133
f 128//129 126//125 125//126
f 125//126 129//128 128//129
f 134//135 132//132 135//134
f 134//135 135//134 136//136
f 137//138 138//137 122//121
f 121//122 137//138 122//121
f 128//129 131//130 137//138
f 129//128 134//135 130//131
f 126//125 128//129 137//138
f 126//125 137//138 121//122
f 134//135 129//128 125//126
f 125//126 132//132 134//135
f 135//134 132//132 127//127
f 127//127 133//133 135//134
f 139//139 130//131 134//135
f 134//135 136//136 139//139
f 131//130 140//140 138//137
f 131//130 138//137 137//138
f 144//143 141//142 142//141
f 142//141 143//144 144//143
f 145//146 146//145 144//143
f 145//146 144//143 147//147
f 148//150 149//149 150//148
f 148//150 150//148 151//151
f 145//146 147//147 152//152
f 141//142 144//143 146//145
f 153//153 147//147 144//143
f 144//143 143//144 153//153
f 148//150 146//145 145//146
f 145//146 149//149 148//150
f 155//156 156//155 154//154
f 154//154 152//152 155//156
f 142//141 141//142 157//157
f 157//157 158//158 142//141
f 148//150 151//151 157//157
f 149//149 154//154 150//148
f 146//145 148//150 157//157
f 146//145 157//157 141//142
f 154//154 149//149 145//146
f 145//146 152//152 154//154
f 155//156 152//152 147//147
f 147//147 153//153 155//156
f 159//159 150//148 154//154
f 154//154 156//155 159//159
f 157//157 151//151 160//160
f 160//160 158//158 157//157
f 164//163 161//162 162//161
f 162//161 163//164 164//163
f 167//167 165//166 166//165
f 166//165 164//163 167//167
f 171//170 168//169 169//168
f 169//168 170//171 171//170
f 165//166 167//167 172//172
f 161//162 164//163 166//165
f 167//167 164//163 163//164
f 167//167 163//164 173//173
f 166//165 165//166 169//168
f 169//168 168//169 166//165
f 174//175 172//172 175//174
f 174//175 175//174 176//176
f 162//161 161//162 177//177
f 177//177 178//178 162//161
f 168//169 171//170 177//177
f 169//168 174//175 170//171
f 166//165 168//169 177//177
f 166//165 177//177 161//162
f 174//175 169//168 165//166
f 165//166 172//172 174//175
f 175//174 172//172 167//167
f 167//167 173//173 175//174
f 179//179 170//171 174//175
f 174//175 176//176 179//179
f 171//170 180//180 178//178
f 171//170 178//178 177//177
f 181//183 182//182 183//181
f 181//183 183//181 184//184
f 187//187 185//186 186//185
f 186//185 184//184 187//187
f 188//190 189//189 190//188
f 188//190 190//188 191//191
f 185//186 187//187 192//192
f 181//183 184//184 186//185
f 187//187 184//184 183//181
f 187//187 183//181 193//193
f 188//190 186//185 185//186
f 185//186 189//189 188//190
f 195//196 196//195 194//194
f 194//194 192//192 195//196
f 181//183 197//198 198//197
f 181//183 198//197 182//182
f 188//190 191//191 197//198
f 189//189 194//194 190//188
f 186//185 188//190 197//198
f 186//185 197//198 181//183
f 194//194 189//189 185//186
f 185//186 192//192 194//194
f 195//196 192//192 187//187
f 187//187 193//193 195//196
f 199//199 190//188 194//194
f 194//194 196//195 199//199
f 197//198 191//191 200//200
f 200//200 198//197 197//198
f 204//203 201//202 202//201
f 202//201 203//204 204//203
f 205//206 206//205 204//203
f 205//206 204//203 207//207
f 208//210 209//209 210//208
f 208//210 210//208 211//211
f 205//206 207//207 212//212
f 201//202 204//203 206//205
f 204//203 203//204 213//213
f 207//207 204//203 213//213
f 206//205 205//206 209//209
f 209//209 208//210 206//205
f 212//212 215//215 216//214
f 214//216 212//212 216//214
f 201//202 217//218 218//217
f 201//202 218//217 202//201
f 208//210 211//211 217//218
f 209//209 214//216 210//208
f 206//205 208//210 217//218
f 206//205 217//218 201//202
f 214//216 209//209 205//206
f 205//206 212//212 214//216
f 213//213 215//215 212//212
f 207//207 213//213 212//212
f 219//219 210//208 214//216
f 214//216 216//214 219//219
f 211//211 220//220 218//217
f 211//211 218//217 217//218
f 224//223 221//222 222//221
f 222//221 223//224 224//223
f 227//227 225//226 226//225
f 226//225 224//223 227//227
f 230//230 231//229 228//228
f 228//228 229//231 230//230
f 225//226 227//227 232//232
f 221//222 224//223 226//225
f 233//233 227//227 224//223
f 224//223 223//224 233//233
f 226//225 225//226 229//231
f 229//231 228//228 226//225
f 234//235 232//232 235//234
f 234//235 235//234 236//236
f 237//238 238//237 222//221
f 221//222 237//238 222//221
f 228//228 231//229 237//238
f 229//231 234//235 230//230
f 226//225 228//228 237//238
f 226//225 237//238 221//222
f 234//235 229//231 225//226
f 225//226 232//232 234//235
f 235//234 232//232 227//227
f 227//227 233//233 235//234
f 239//239 230//230 234//235
f 234//235 236//236 239//239
f 237//238 231//229 240//240
f 240//240 238//237 237//238
f 244//243 241//242 242//241
f 242//241 243//244 244//243
f 245//246 246//245 244//243
f 245//246 244//243 247//247
f 248//250 249//249 250//248
f 248//250 250//248 251//251
f 245//246 247//247 252//252
f 241//242 244//243 246//245
f 253//253 247//247 244//243
f 244//243 243//244 253//253
f 246//245 245//246 249//249
f 249//249 248//250 246//245
f 255//256 256//255 254//254
f 254//254 252//252 255//256
f 242//241 241//242 257//257
f 257//257 258//258 242//241
f 248//250 251//251 257//257
f 249//249 254//254 250//248
f 246//245 248//250 257//257
f 246//245 257//257 241//242
f 254//254 249//249 245//246
f 245//246 252//252 254//254
f 255//256 252//252 247//247
f 247//247 253//253 255//256
f 259//259 250//248 254//254
f 254//254 256//255 259//259
f 251//251 260//260 258//258
f 251//251 258//258 257//257
f 264//263 261//262 262//261
f 262//261 263//264 264//263
f 267//267 265//266 266//265
f 266//265 264//263 267//267
f 271//270 268//269 269//268
f 269//268 270//271 271//270
f 265//266 267//267 272//272
f 261//262 264//263 266//265
f 267//267 264//263 263//264
f 267//267 263//264 273//273
f 266//265 265//266 269//268
f 269//268 268//269 266//265
f 276//275 274//274 272//272
f 272//272 275//276 276//275
f 261//262 277//278 278//277
f 261//262 278//277 262//261
f 268//269 271//270 277//278
f 269//268 274//274 270//271
f 266//265 268//269 277//278
f 266//265 277//278 261//262
f 274//274 269//268 265//266
f 265//266 272//272 274//274
f 275//276 272//272 267//267
f 267//267 273//273 275//276
f 276//275 279//279 270//271
f 274//274 276//275 270//271
f 271//270 280//280 278//277
f 271//270 278//277 277//278
f 284//283 281//282 282//281
f 282//281 283//284 284//283
f 285//286 286//285 284//283
f 285//286 284//283 287//287
f 288//290 289//289 290//288
f 288//290 290//288 291//291
f 285//286 287//287 292//292
f 281//282 284//283 286//285
f 287//287 284//283 283//284
f 287//287 283//284 293//293
f 286//285 285//286 289//289
f 289//289 288//290 286//285
f 292//292 295//295 296//294
f 294//296 292//292 296//294
f 298//297 282//281 281//282
f 281//282 297//298 298//297
f 288//290 291//291 297//298
f 289//289 294//296 290//288
f 286//285 288//290 297//298
f 286//285 297//298 281//282
f 294//296 289//289 285//286
f 285//286 292//292 294//296
f 295//295 292//292 287//287
f 287//287 293//293 295//295
f 299//299 290//288 294//296
f 294//296 296//294 299//299
f 291//291 300//300 298//297
f 291//291 298//297 297//298
f 79//79 80//80 71//68
f 71//68 70//69 79//79
f 50//48 59//59 60//60
f 51//51 50//48 60//60
f 31//29 30//30 39//39
f 31//29 39//39 40//40
f 11//10 10//11 19//19
f 11//10 19//19 20//20
f 291//291 290//288 299//299
f 291//291 299//299 300//300
f 280//280 271//270 270//271
f 270//271 279//279 280//280
f 251//251 250//248 259//259
f 251//251 259//259 260//260
f 239//239 240//240 231//229
f 231//229 230//230 239//239
f 219//219 220//220 211//211
f 211//211 210//208 219//219
f 190//188 199//199 200//200
f 191//191 190//188 200//200
f 180//180 171//170 170//171
f 170//171 179//179 180//180
f 151//151 150//148 159//159
f 151//151 159//159 160//160
f 131//130 130//131 139//139
f 131//130 139//139 140//140
f 120//120 111//111 110//108
f 110//108 119//119 120//120
f 91//89 90//90 99//99
f 91//89 99//99 100//100
usemtl rubber
f 304//303 301//302 302//301
f 302//301 303//304 304//303
f 308//307 305//306 306//305
f 306//305 307//308 308//307
f 312//311 309//310 310//309
f 310//309 311//312 312//311
f 313//314 314//313 304//303
f 304//303 303//304 313//314
f 315//316 316//315 308//307
f 308//307 307//308 315//316
f 318//317 312//311 311//312
f 311//312 317//318 318//317
f 319//320 320//319 314//313
f 314//313 313//314 319//320
f 322//321 316//315 315//316
f 315//316 321//322 322//321
f 324//323 318//317 317//318
f 317//318 323//324 324//323
f 326//325 320//319 319//320
f 319//320 325//326 326//325
f 327//328 328//327 322//321
f 322//321 321//322 327//328
f 330//329 324//323 323//324
f 323//324 329//330 330//329
f 331//332 332//331 326//325
f 326//325 325//326 331//332
f 333//334 334//333 328//327
f 328//327 327//328 333//334
f 336//335 330//329 329//330
f 329//330 335//336 336//335
f 337//338 338//337 332//331
f 332//331 331//332 337//338
f 340//339 334//333 333//334
f 333//334 339//340 340//339
f 342//341 336//335 335//336
f 335//336 341//342 342//341
f 344//343 338//337 337//338
f 337//338 343//344 344//343
f 345//346 346//345 340//339
f 340//339 339//340 345//346
f 347//348 348//347 342//341
f 342//341 341//342 347//348
f 350//349 344//343 343//344
f 343//344 349//350 350//349
f 351//352 352//351 346//345
f 346//345 345//346 351//352
f 353//354 354//353 348//347
f 348//347 347//348 353//354
f 356//355 350//349 349//350
f 349//350 355//356 356//355
f 358//357 352//351 351//352
f 351//352 357//358 358//357
f 360//359 354//353 353//354
f 353//354 359//360 360//359
f 362//361 356//355 355//356
f 355//356 361//362 362//361
f 363//364 364//363 358//357
f 358//357 357//358 363//364
f 366//365 360//359 359//360
f 359//360 365//366 366//365
f 368//367 362//361 361//362
f 361//362 367//368 368//367
f 369//370 370//369 364//363
f 364//363 363//364 369//370
f 372//371 366//365 365//366
f 365//366 371//372 372//371
f 374//373 368//367 367//368
f 367//368 373//374 374//373
f 376//375 370//369 369//370
f 369//370 375//376 376//375
f 378//377 372//371 371//372
f 371//372 377//378 378//377
f 379//380 380//379 374//373
f 374//373 373//374 379//380
f 382//381 376//375 375//376
f 375//376 381//382 382//381
f 384//383 378//377 377//378
f 377//378 383//384 384//383
f 385//386 386//385 380//379
f 380//379 379//380 385//386
f 388//387 382//381 381//382
f 381//382 387//388 388//387
f 389//390 390//389 384//383
f 384//383 383//384 389//390
f 391//392 392//391 386//385
f 386//385 385//386 391//392
f 393//394 394//393 388//387
f 388//387 387//388 393//394
f 396//395 390//389 389//390
f 389//390 395//396 396//395
f 397//398 398//397 392//391
f 392//391 391//392 397//398
f 400//399 394//393 393//394
f 393//394 399//400 400//399
f 401//402 402//401 396//395
f 396//395 395//396 401//402
f 403//404 404//403 398//397
f 398//397 397//398 403//404
f 405//406 406//405 400//399
f 400//399 399//400 405//406
f 408//407 402//401 401//402
f 401//402 407//408 408//407
f 409//410 410//409 404//403
f 404//403 403//404 409//410
f 412//411 406//405 405//406
f 405//406 411//412 412//411
f 413//414 414//413 408//407
f 408//407 407//408 413//414
f 415//416 416//415 410//409
f 410//409 409//410 415//416
f 417//418 418//417 412//411
f 412//411 411//412 417//418
f 419//420 420//419 414//413
f 414//413 413//414 419//420
f 421//422 422//421 416//415
f 416//415 415//416 421//422
f 424//423 418//417 417//418
f 417//418 423//424 424//423
f 425//426 426//425 420//419
f 420//419 419//420 425//426
f 427//428 428//427 422//421
f 422//421 421//422 427//428
f 430//429 424//423 423//424
f 423//424 429//430 430//429
f 431//432 432//431 426//425
f 426//425 425//426 431//432
f 433//434 434//433 428//427
f 428//427 427//428 433//434
f 435//436 436//435 430//429
f 430//429 429//430 435//436
f 438//437 432//431 431//432
f 431//432 437//438 438//437
f 439//440 440//439 434//433
f 434//433 433//434 439//440
f 442//441 436//435 435//436
f 435//436 441//442 442//441
f 444//443 438//437 437//438
f 437//438 443//444 444//443
f 445//446 446//445 440//439
f 440//439 439//440 445//446
f 448//447 442//441 441//442
f 441//442 447//448 448//447
f 449//450 450//449 444//443
f 444//443 443//444 449//450
f 452//451 446//445 445//446
f 445//446 451//452 452//451
f 453//454 454//453 448//447
f 448//447 447//448 453//454
f 455//456 456//455 450//449
f 450//449 449//450 455//456
f 458//457 452//451 451//452
f 451//452 457//458 458//457
f 460//459 454//453 453//454
f 453//454 459//460 460//459
f 461//462 462//461 456//455
f 456//455 455//456 461//462
f 463//464 464//463 458//457
f 458//457 457//458 463//464
f 466//465 460//459 459//460
f 459//460 465//466 466//465
f 467//468 468//467 462//461
f 462//461 461//462 467//468
f 470//469 464//463 463//464
f 463//464 469//470 470//469
f 471//472 472//471 466//465
f 466//465 465//466 471//472
f 473//474 474//473 468//467
f 468//467 467//468 473//474
f 476//475 470//469 469//470
f 469//470 475//476 476//475
f 478//477 472//471 471//472
f 471//472 477//478 478//477
f 479//480 480//479 474//473
f 474//473 473//474 479//480
f 301//302 476//475 475//476
f 475//476 302//301 301//302
f 306//305 305//306 478//477
f 478//477 477//478 306//305
f 310//309 309//310 480//479
f 480//479 479//480 310//309
f 306//305 477//478 480//479
f 480//479 309//310 306//305
f 302//301 475//476 478//477
f 478//477 305//306 302//301
f 301//302 482//482 481//481
f 481//481 476//475 301//302
f 477//478 471//472 474//473
f 474//473 480//479 477//478
f 478//477 475//476 469//470
f 469//470 472//471 478//477
f 476//475 481//481 483//483
f 483//483 470//469 476//475
f 471//472 465//466 468//467
f 468//467 474//473 471//472
f 472//471 469//470 463//464
f 463//464 466//465 472//471
f 470//469 483//483 484//484
f 484//484 464//463 470//469
f 468//467 465//466 459//460
f 459//460 462//461 468//467
f 463//464 457//458 460//459
f 460//459 466//465 463//464
f 484//484 485//485 458//457
f 458//457 464//463 484//484
f 462//461 459//460 453//454
f 453//454 456//455 462//461
f 460//459 457//458 451//452
f 451//452 454//453 460//459
f 458//457 485//485 486//486
f 486//486 452//451 458//457
f 453//454 447//448 450//449
f 450//449 456//455 453//454
f 454//453 451//452 445//446
f 445//446 448//447 454//453
f 452//451 486//486 487//487
f 487//487 446//445 452//451
f 450//449 447//448 441//442
f 441//442 444//443 450//449
f 445//446 439//440 442//441
f 442//441 448//447 445//446
f 446//445 487//487 488//488
f 488//488 440//439 446//445
f 444//443 441//442 435//436
f 435//436 438//437 444//443
f 439//440 433//434 436//435
f 436//435 442//441 439//440
f 488//488 489//489 434//433
f 434//433 440//439 488//488
f 435//436 429//430 432//431
f 432//431 438//437 435//436
f 436//435 433//434 427//428
f 427//428 430//429 436//435
f 434//433 489//489 490//490
f 490//490 428//427 434//433
f 432//431 429//430 423//424
f 423//424 426//425 432//431
f 427//428 421//422 424//423
f 424//423 430//429 427//428
f 490//490 491//491 422//421
f 422//421 428//427 490//490
f 426//425 423//424 417//418
f 417//418 420//419 426//425
f 421//422 415//416 418//417
f 418//417 424//423 421//422
f 491//491 492//492 416//415
f 416//415 422//421 491//491
f 420//419 417//418 411//412
f 411//412 414//413 420//419
f 418//417 415//416 409//410
f 409//410 412//411 418//417
f 492//492 493//493 410//409
f 410//409 416//415 492//492
f 411//412 405//406 408//407
f 408//407 414//413 411//412
f 409//410 403//404 406//405
f 406//405 412//411 409//410
f 493//493 494//494 404//403
f 404//403 410//409 493//493
f 408//407 405//406 399//400
f 399//400 402//401 408//407
f 403//404 397//398 400//399
f 400//399 406//405 403//404
f 494//494 495//495 398//397
f 398//397 404//403 494//494
f 402//401 399//400 393//394
f 393//394 396//395 402//401
f 400//399 397//398 391//392
f 391//392 394//393 400//399
f 495//495 496//496 392//391
f 392//391 398//397 495//495
f 393//394 387//388 390//389
f 390//389 396//395 393//394
f 391//392 385//386 388//387
f 388//387 394//393 391//392
f 392//391 496//496 497//497
f 497//497 386//385 392//391
f 387//388 381//382 384//383
f 384//383 390//389 387//388
f 385//386 379//380 382//381
f 382//381 388//387 385//386
f 386//385 497//497 498//498
f 498//498 380//379 386//385
f 381//382 375//376 378//377
f 378//377 384//383 381//382
f 382//381 379//380 373//374
f 373//374 376//375 382//381
f 498//498 499//499 374//373
f 374//373 380//379 498//498
f 375//376 369//370 372//371
f 372//371 378//377 375//376
f 373//374 367//368 370//369
f 370//369 376//375 373//374
f 374//373 499//499 500//500
f 500//500 368//367 374//373
f 369//370 363//364 366//365
f 366//365 372//371 369//370
f 370//369 367//368 361//362
f 361//362 364//363 370//369
f 368//367 500//500 501//501
f 501//501 362//361 368//367
f 363//364 357//358 360//359
f 360//359 366//365 363//364
f 364//363 361//362 355//356
f 355//356 358//357 364//363
f 362//361 501//501 502//502
f 502//502 356//355 362//361
f 360//359 357//358 351//352
f 351//352 354//353 360//359
f 355//356 349//350 352//351
f 352//351 358//357 355//356
f 502//502 503//503 350//349
f 350//349 356//355 502//502
f 351//352 345//346 348//347
f 348//347 354//353 351//352
f 352//351 349//350 343//344
f 343//344 346//345 352//351
f 350//349 503//503 504//504
f 504//504 344//343 350//349
f 345//346 339//340 342//341
f 342//341 348//347 345//346
f 346//345 343//344 337//338
f 337//338 340//339 346//345
f 504//504 505//505 338//337
f 338//337 344//343 504//504
f 342//341 339//340 333//334
f 333//334 336//335 342//341
f 337//338 331//332 334//333
f 334//333 340//339 337//338
f 505//505 506//506 332//331
f 332//331 338//337 505//505
f 333//334 327//328 330//329
f 330//329 336//335 333//334
f 331//332 325//326 328//327
f 328//327 334//333 331//332
f 506//506 507//507 326//325
f 326//325 332//331 506//506
f 327//328 321//322 324//323
f 324//323 330//329 327//328
f 325//326 319//320 322//321
f 322//321 328//327 325//326
f 326//325 507//507 508//508
f 508//508 320//319 326//325
f 324//323 321//322 315//316
f 315//316 318//317 324//323
f 319//320 313//314 316//315
f 316//315 322//321 319//320
f 320//319 508//508 509//509
f 509//509 314//313 320//319
f 318//317 315//316 307//308
f 307//308 312//311 318//317
f 316//315 313//314 303//304
f 303//304 308//307 316//315
f 509//509 510//510 304//303
f 304//303 314//313 509//509
f 312//311 307//308 306//305
f 306//305 309//310 312//311
f 308//307 303//304 302//301
f 302//301 305//306 308//307
f 510//510 482//482 301//302
f 301//302 304//303 510//510
f 512//513 513//512 514//511
f 511//514 512//513 514//511
f 515//517 516//516 517//515
f 515//517 517//515 518//518
f 510//510 520//520 519//519
f 519//519 482//482 510//510
f 514//511 513//512 521//521
f 514//511 521//521 522//522
f 518//518 517//515 523//523
f 518//518 523//523 524//524
f 509//509 525//525 520//520
f 520//520 510//510 509//509
f 522//522 521//521 526//526
f 522//522 526//526 527//527
f 529//528 524//524 523//523
f 523//523 528//529 529//528
f 530//530 525//525 509//509
f 509//509 508//508 530//530
f 527//527 526//526 531//531
f 527//527 531//531 532//532
f 533//534 534//533 529//528
f 529//528 528//529 533//534
f 535//535 530//530 508//508
f 508//508 507//507 535//535
f 531//531 536//537 537//536
f 532//532 531//531 537//536
f 533//534 538//539 539//538
f 534//533 533//534 539//538
f 506//506 540//540 535//535
f 535//535 507//507 506//506
f 536//537 541//542 542//541
f 537//536 536//537 542//541
f 544//543 539//538 538//539
f 538//539 543//544 544//543
f 505//505 545//545 540//540
f 540//540 506//506 505//505
f 542//541 541//542 546//546
f 542//541 546//546 547//547
f 548//549 549//548 544//543
f 544//543 543//544 548//549
f 504//504 550//550 545//545
f 545//545 505//505 504//504
f 547//547 546//546 551//551
f 547//547 551//551 552//552
f 553//554 554//553 549//548
f 549//548 548//549 553//554
f 503//503 555//555 550//550
f 550//550 504//504 503//503
f 552//552 551//551 556//556
f 552//552 556//556 557//557
f 554//553 553//554 558//558
f 554//553 558//558 559//559
f 560//560 555//555 503//503
f 503//503 502//502 560//560
f 557//557 556//556 561//561
f 557//557 561//561 562//562
f 564//563 559//559 558//558
f 558//558 563//564 564//563
f 501//501 565//565 560//560
f 560//560 502//502 501//501
f 562//562 561//561 566//566
f 562//562 566//566 567//567
f 568//569 569//568 564//563
f 564//563 563//564 568//569
f 500//500 570//570 565//565
f 565//565 501//501 500//500
f 567//567 566//566 571//571
f 567//567 571//571 572//572
f 569//568 568//569 573//573
f 569//568 573//573 574//574
f 499//499 575//575 570//570
f 570//570 500//500 499//499
f 571//571 576//577 577//576
f 572//572 571//571 577//576
f 579//578 574//574 573//573
f 573//573 578//579 579//578
f 498//498 580//580 575//575
f 575//575 499//499 498//498
f 577//576 576//577 581//581
f 577//576 581//581 582//582
f 583//584 584//583 579//578
f 579//578 578//579 583//584
f 585//585 580//580 498//498
f 498//498 497//497 585//585
f 582//582 581//581 586//586
f 582//582 586//586 587//587
f 584//583 583//584 588//588
f 584//583 588//588 589//589
f 590//590 585//585 497//497
f 497//497 496//496 590//590
f 586//586 591//592 592//591
f 587//587 586//586 592//591
f 594//593 589//589 588//588
f 588//588 593//594 594//593
f 495//495 595//595 590//590
f 590//590 496//496 495//495
f 591//592 596//597 597//596
f 592//591 591//592 597//596
f 599//598 594//593 593//594
f 593//594 598//599 599//598
f 494//494 600//600 595//595
f 595//595 495//495 494//494
f 597//596 596//597 601//601
f 597//596 601//601 602//602
f 603//604 604//603 599//598
f 599//598 598//599 603//604
f 493//493 605//605 600//600
f 600//600 494//494 493//493
f 601//601 606//607 607//606
f 602//602 601//601 607//606
f 603//604 608//609 609//608
f 604//603 603//604 609//608
f 610//610 605//605 493//493
f 493//493 492//492 610//610
f 606//607 611//612 612//611
f 607//606 606//607 612//611
f 614//613 609//608 608//609
f 608//609 613//614 614//613
f 615//615 610//610 492//492
f 492//492 491//491 615//615
f 611//612 616//617 617//616
f 612//611 611//612 617//616
f 618//619 619//618 614//613
f 614//613 613//614 618//619
f 620//620 615//615 491//491
f 491//491 490//490 620//620
f 616//617 621//622 622//621
f 617//616 616//617 622//621
f 618//619 623//624 624//623
f 619//618 618//619 624//623
f 489//489 625//625 620//620
f 620//620 490//490 489//489
f 621//622 626//627 627//626
f 622//621 621//622 627//626
f 629//628 624//623 623//624
f 623//624 628//629 629//628
f 630//630 625//625 489//489
f 489//489 488//488 630//630
f 626//627 631//632 632//631
f 627//626 626//627 632//631
f 634//633 629//628 628//629
f 628//629 633//634 634//633
f 635//635 630//630 488//488
f 488//488 487//487 635//635
f 632//631 631//632 636//636
f 632//631 636//636 637//637
f 638//639 639//638 634//633
f 634//633 633//634 638//639
f 640//640 635//635 487//487
f 487//487 486//486 640//640
f 637//637 636//636 641//641
f 637//637 641//641 642//642
f 639//638 638//639 643//643
f 639//638 643//643 644//644
f 645//645 640//640 486//486
f 486//486 485//485 645//645
f 641//641 646//647 647//646
f 642//642 641//641 647//646
f 649//648 644//644 643//643
f 643//643 648//649 649//648
f 650//650 645//645 485//485
f 485//485 484//484 650//650
f 646//647 651//652 652//651
f 647//646 646//647 652//651
f 653//654 654//653 649//648
f 649//648 648//649 653//654
f 655//655 650//650 484//484
f 484//484 483//483 655//655
f 651//652 656//657 657//656
f 652//651 651//652 657//656
f 653//654 658//659 659//658
f 654//653 653//654 659//658
f 660//660 655//655 483//483
f 483//483 481//481 660//660
f 657//656 656//657 512//513
f 657//656 512//513 511//514
f 515//517 659//658 658//659
f 658//659 516//516 515//517
f 519//519 660//660 481//481
f 481//481 482//482 519//519
f 519//519 516//516 658//659
f 658//659 660//660 519//519
f 659//658 515//517 512//513
f 656//657 659//658 512//513
f 660//660 658//659 653//654
f 653//654 655//655 660//660
f 654//653 659//658 656//657
f 651//652 654//653 656//657
f 655//655 653//654 648//649
f 648//649 650//650 655//655
f 646//647 649//648 654//653
f 646//647 654//653 651//652
f 648//649 643//643 645//645
f 645//645 650//650 648//649
f 641//641 644//644 649//648
f 641//641 649//648 646//647
f 645//645 643//643 638//639
f 638//639 640//640 645//645
f 639//638 644//644 641//641
f 636//636 639//638 641//641
f 638//639 633//634 635//635
f 635//635 640//640 638//639
f 631//632 634//633 639//638
f 631//632 639//638 636//636
f 635//635 633//634 628//629
f 628//629 630//630 635//635
f 629//628 634//633 631//632
f 626//627 629//628 631//632
f 630//630 628//629 623//624
f 623//624 625//625 630//630
f 624//623 629//628 626//627
f 621//622 624//623 626//627
f 623//624 618//619 620//620
f 620//620 625//625 623//624
f 616//617 619//618 624//623
f 616//617 624//623 621//622
f 620//620 618//619 613//614
f 613//614 615//615 620//620
f 611//612 614//613 619//618
f 611//612 619//618 616//617
f 615//615 613//614 608//609
f 608//609 610//610 615//615
f 609//608 614//613 611//612
f 606//607 609//608 611//612
f 610//610 608//609 603//604
f 603//604 605//605 610//610
f 604//603 609//608 606//607
f 601//601 604//603 606//607
f 605//605 603//604 598//599
f 598//599 600//600 605//605
f 596//597 599//598 604//603
f 596//597 604//603 601//601
f 598//599 593//594 595//595
f 595//595 600//600 598//599
f 594//593 599//598 596//597
f 591//592 594//593 596//597
f 593//594 588//588 590//590
f 590//590 595//595 593//594
f 589//589 594//593 591//592
f 586//586 589//589 591//592
f 588//588 583//584 585//585
f 585//585 590//590 588//588
f 581//581 584//583 589//589
f 581//581 589//589 586//586
f 585//585 583//584 578//579
f 578//579 580//580 585//585
f 576//577 579//578 584//583
f 576//577 584//583 581//581
f 578//579 573//573 575//575
f 575//575 580//580 578//579
f 571//571 574//574 579//578
f 571//571 579//578 576//577
f 573//573 568//569 570//570
f 570//570 575//575 573//573
f 566//566 569//568 574//574
f 566//566 574//574 571//571
f 568//569 563//564 565//565
f 565//565 570//570 568//569
f 561//561 564//563 569//568
f 561//561 569//568 566//566
f 563//564 558//558 560//560
f 560//560 565//565 563//564
f 559//559 564//563 561//561
f 556//556 559//559 561//561
f 560//560 558//558 553//554
f 553//554 555//555 560//560
f 554//553 559//559 556//556
f 551//551 554//553 556//556
f 553//554 548//549 550//550
f 550//550 555//555 553//554
f 546//546 549//548 554//553
f 546//546 554//553 551//551
f 548//549 543//544 545//545
f 545//545 550//550 548//549
f 541//542 544//543 549//548
f 541//542 549//548 546//546
f 545//545 543//544 538//539
f 538//539 540//540 545//545
f 539//538 544//543 541//542
f 536//537 539//538 541//542
f 538//539 533//534 535//535
f 535//535 540//540 538//539
f 534//533 539//538 536//537
f 531//531 534//533 536//537
f 535//535 533//534 528//529
f 528//529 530//530 535//535
f 529//528 534//533 531//531
f 526//526 529//528 531//531
f 530//530 528//529 523//523
f 523//523 525//525 530//530
f 524//524 529//528 526//526
f 521//521 524//524 526//526
f 523//523 517//515 520//520
f 520//520 525//525 523//523
f 513//512 518//518 524//524
f 513//512 524//524 521//521
f 520//520 517//515 516//516
f 516//516 519//519 520//520
f 515//517 518//518 513//512
f 512//513 515//517 513//512
f 661//663 662//662 663//661
f 661//663 663//661 664//664
f 666//667 667//666 668//665
f 665//668 666//667 668//665
f 664//664 663//661 669//669
f 664//664 669//669 670//670
f 668//665 667//666 671//671
f 668//665 671//671 672//672
f 669//669 673//674 674//673
f 670//670 669//669 674//673
f 671//671 675//676 676//675
f 672//672 671//671 676//675
f 673//674 677//678 678//677
f 674//673 673//674 678//677
f 676//675 675//676 679//679
f 676//675 679//679 680//680
f 678//677 677//678 681//681
f 678//677 681//681 682//682
f 680//680 679//679 683//683
f 680//680 683//683 684//684
f 681//681 685//686 686//685
f 682//682 681//681 686//685
f 684//684 683//683 687//687
f 684//684 687//687 688//688
f 686//685 685//686 689//689
f 686//685 689//689 690//690
f 688//688 687//687 691//691
f 688//688 691//691 692//692
f 690//690 689//689 693//693
f 690//690 693//693 694//694
f 692//692 691//691 695//695
f 692//692 695//695 696//696
f 694//694 693//693 697//697
f 694//694 697//697 698//698
f 696//696 695//695 699//699
f 696//696 699//699 700//700
f 698//698 697//697 701//701
f 698//698 701//701 702//702
f 700//700 699//699 703//703
f 700//700 703//703 704//704
f 701//701 705//706 706//705
f 702//702 701//701 706//705
f 704//704 703//703 707//707
f 704//704 707//707 708//708
f 705//706 709//710 710//709
f 706//705 705//706 710//709
f 708//708 707//707 711//711
f 708//708 711//711 712//712
f 709//710 713//714 714//713
f 710//709 709//710 714//713
f 712//712 711//711 715//715
f 712//712 715//715 716//716
f 714//713 713//714 717//717
f 714//713 717//717 718//718
f 716//716 715//715 719//719
f 716//716 719//719 720//720
f 717//717 721//722 722//721
f 718//718 717//717 722//721
f 720//720 719//719 723//723
f 720//720 723//723 724//724
f 722//721 721//722 725//725
f 722//721 725//725 726//726
f 723//723 727//728 728//727
f 724//724 723//723 728//727
f 725//725 729//730 730//729
f 726//726 725//725 730//729
f 727//728 731//732 732//731
f 728//727 727//728 732//731
f 730//729 729//730 733//733
f 730//729 733//733 734//734
f 731//732 735//736 736//735
f 732//731 731//732 736//735
f 733//733 737//738 738//737
f 734//734 733//733 738//737
f 735//736 739//740 740//739
f 736//735 735//736 740//739
f 737//738 741//742 742//741
f 738//737 737//738 742//741
f 739//740 743//744 744//743
f 740//739 739//740 744//743
f 742//741 741//742 745//745
f 742//741 745//745 746//746
f 743//744 747//748 748//747
f 744//743 743//744 748//747
f 746//746 745//745 749//749
f 746//746 749//749 750//750
f 747//748 751//752 752//751
f 748//747 747//748 752//751
f 749//749 753//754 754//753
f 750//750 749//749 754//753
f 751//752 755//756 756//755
f 752//751 751//752 756//755
f 753//754 757//758 758//757
f 754//753 753//754 758//757
f 755//756 759//760 760//759
f 756//755 755//756 760//759
f 757//758 761//762 762//761
f 758//757 757//758 762//761
f 759//760 763//764 764//763
f 760//759 759//760 764//763
f 762//761 761//762 765//765
f 762//761 765//765 766//766
f 763//764 767//768 768//767
f 764//763 763//764 768//767
f 766//766 765//765 769//769
f 766//766 769//769 770//770
f 767//768 771//772 772//771
f 768//767 767//768 772//771
f 769//769 773//774 774//773
f 770//770 769//769 774//773
f 772//771 771//772 775//775
f 772//771 775//775 776//776
f 773//774 777//778 778//777
f 774//773 773//774 778//777
f 775//775 779//780 780//779
f 776//776 775//775 780//779
f 777//778 662//662 661//663
f 778//777 777//778 661//663
f 780//779 779//780 666//667
f 780//779 666//667 665//668
f 657//656 511//514 666//667
f 779//780 657//656 666//667
f 780//779 665//668 662//662
f 777//778 780//779 662//662
f 775//775 652//651 657//656
f 775//775 657//656 779//780
f 773//774 776//776 780//779
f 773//774 780//779 777//778
f 771//772 647//646 652//651
f 771//772 652//651 775//775
f 772//771 776//776 773//774
f 769//769 772//771 773//774
f 767//768 642//642 647//646
f 767//768 647//646 771//772
f 765//765 768//767 772//771
f 765//765 772//771 769//769
f 763//764 637//637 642//642
f 763//764 642//642 767//768
f 761//762 764//763 768//767
f 761//762 768//767 765//765
f 632//631 637//637 763//764
f 759//760 632//631 763//764
f 757//758 760//759 764//763
f 757//758 764//763 761//762
f 755//756 627//626 632//631
f 755//756 632//631 759//760
f 753//754 756//755 760//759
f 753//754 760//759 757//758
f 751//752 622//621 627//626
f 751//752 627//626 755//756
f 749//749 752//751 756//755
f 749//749 756//755 753//754
f 747//748 617//616 622//621
f 747//748 622//621 751//752
f 745//745 748//747 752//751
f 745//745 752//751 749//749
f 743//744 612//611 617//616
f 743//744 617//616 747//748
f 741//742 744//743 748//747
f 741//742 748//747 745//745
f 739//740 607//606 612//611
f 739//740 612//611 743//744
f 737//738 740//739 744//743
f 737//738 744//743 741//742
f 735//736 602//602 607//606
f 735//736 607//606 739//740
f 736//735 740//739 737//738
f 733//733 736//735 737//738
f 731//732 597//596 602//602
f 731//732 602//602 735//736
f 729//730 732//731 736//735
f 729//730 736//735 733//733
f 727//728 592//591 597//596
f 727//728 597//596 731//732
f 725//725 728//727 732//731
f 725//725 732//731 729//730
f 723//723 587//587 592//591
f 723//723 592//591 727//728
f 724//724 728//727 725//725
f 721//722 724//724 725//725
f 582//582 587//587 723//723
f 719//719 582//582 723//723
f 717//717 720//720 724//724
f 717//717 724//724 721//722
f 577//576 582//582 719//719
f 715//715 577//576 719//719
f 716//716 720//720 717//717
f 713//714 716//716 717//717
f 572//572 577//576 715//715
f 711//711 572//572 715//715
f 712//712 716//716 713//714
f 709//710 712//712 713//714
f 567//567 572//572 711//711
f 707//707 567//567 711//711
f 708//708 712//712 709//710
f 705//706 708//708 709//710
f 562//562 567//567 707//707
f 703//703 562//562 707//707
f 704//704 708//708 705//706
f 701//701 704//704 705//706
f 557//557 562//562 703//703
f 699//699 557//557 703//703
f 700//700 704//704 701//701
f 697//697 700//700 701//701
f 695//695 552//552 557//557
f 695//695 557//557 699//699
f 696//696 700//700 697//697
f 693//693 696//696 697//697
f 547//547 552//552 695//695
f 691//691 547//547 695//695
f 692//692 696//696 693//693
f 689//689 692//692 693//693
f 542//541 547//547 691//691
f 687//687 542//541 691//691
f 688//688 692//692 689//689
f 685//686 688//688 689//689
f 683//683 537//536 542//541
f 683//683 542//541 687//687
f 684//684 688//688 685//686
f 681//681 684//684 685//686
f 679//679 532//532 537//536
f 679//679 537//536 683//683
f 680//680 684//684 681//681
f 677//678 680//680 681//681
f 527//527 532//532 679//679
f 675//676 527//527 679//679
f 676//675 680//680 677//678
f 673//674 676//675 677//678
f 522//522 527//527 675//676
f 671//671 522//522 675//676
f 672//672 676//675 673//674
f 669//669 672//672 673//674
f 667//666 514//511 522//522
f 667//666 522//522 671//671
f 668//665 672//672 669//669
f 663//661 668//665 669//669
f 666//667 511//514 514//511
f 666//667 514//511 667//666
f 662//662 665//668 668//665
f 662//662 668//665 663//661
usemtl flgrey
f 73//783 75//782 781//781
f 53//786 55//785 782//784
f 33//789 35//788 783//787
f 13//792 15//791 784//790
f 293//795 295//794 785//793
f 273//798 275//797 786//796
f 253//801 255//800 787//799
f 233//804 235//803 788//802
f 213//807 215//806 789//805
f 193//810 195//809 790//808
f 173//813 175//812 791//811
f 153//816 155//815 792//814
f 133//819 135//818 793//817
f 113//822 115//821 794//820
f 93//825 95//824 795//823
f 83//828 796//827 82//826
f 103//831 797//830 102//829
f 123//834 798//833 122//832
f 143//837 799//836 142//835
f 163//840 800//839 162//838
f 183//843 801//842 182//841
f 203//846 802//845 202//844
f 223//849 803//848 222//847
f 243//852 804//851 242//850
f 263//855 805//854 262//853
f 283//858 806//857 282//856
f 3//861 807//860 2//859
f 23//864 808//863 22//862
f 43//867 809//866 42//865
f 63//870 810//869 62//868
f 811//873 812//872 813//871
f 814//874 812//872 811//873
f 815//875 812//872 814//874
f 816//876 812//872 815//875
f 817//877 812//872 816//876
f 818//878 812//872 817//877
f 819//879 812//872 818//878
f 820//880 812//872 819//879
f 821//881 812//872 820//880
f 822//882 812//872 821//881
f 823//883 812//872 822//882
f 824//884 812//872 823//883
f 825//885 812//872 824//884
f 826//886 812//872 825//885
f 827//887 812//872 826//886
f 828//888 812//872 827//887
f 829//889 812//872 828//888
f 830//890 812//872 829//889
f 831//891 812//872 830//890
f 832//892 812//872 831//891
f 833//893 812//872 832//892
f 834//894 812//872 833//893
f 835//895 812//872 834//894
f 836//896 812//872 835//895
f 837//897 812//872 836//896
f 838//898 812//872 837//897
f 839//899 812//872 838//898
f 840//900 812//872 839//899
f 841//901 812//872 840//900
f 813//871 812//872 841//901
f 841//901 843//903 842//902
f 842//902 813//871 841//901
f 840//900 844//904 843//903
f 843//903 841//901 840//900
f 845//905 844//904 840//900
f 840//900 839//899 845//905
f 846//906 845//905 839//899
f 839//899 838//898 846//906
f 847//907 846//906 838//898
f 838//898 837//897 847//907
f 836//896 848//908 847//907
f 847//907 837//897 836//896
f 849//909 848//908 836//896
f 836//896 835//895 849//909
f 834//894 850//910 849//909
f 849//909 835//895 834//894
f 851//911 850//910 834//894
f 834//894 833//893 851//911
f 852//912 851//911 833//893
f 833//893 832//892 852//912
f 831//891 853//913 852//912
f 852//912 832//892 831//891
f 854//914 853//913 831//891
f 831//891 830//890 854//914
f 855//915 854//914 830//890
f 830//890 829//889 855//915
f 828//888 856//916 855//915
f 855//915 829//889 828//888
f 857//917 856//916 828//888
f 828//888 827//887 857//917
f 858//918 857//917 827//887
f 827//887 826//886 858//918
f 859//919 858//918 826//886
f 826//886 825//885 859//919
f 824//884 860//920 859//919
f 859//919 825//885 824//884
f 823//883 861//921 860//920
f 860//920 824//884 823//883
f 862//922 861//921 823//883
f 823//883 822//882 862//922
f 821//881 863//923 862//922
f 862//922 822//882 821//881
f 820//880 864//924 863//923
f 863//923 821//881 820//880
f 865//925 864//924 820//880
f 820//880 819//879 865//925
f 818//878 866//926 865//925
f 865//925 819//879 818//878
f 867//927 866//926 818//878
f 818//878 817//877 867//927
f 816//876 868//928 867//927
f 867//927 817//877 816//876
f 815//875 869//929 868//928
f 868//928 816//876 815//875
f 814//874 870//930 869//929
f 869//929 815//875 814//874
f 811//873 871//931 870//930
f 870//930 814//874 811//873
f 813//871 842//902 871//931
f 871//931 811//873 813//871
f 842//902 873//933 872//932
f 872//932 871//931 842//902
f 872//932 874//934 870//930
f 870//930 871//931 872//932
f 874//934 875//935 869//929
f 869//929 870//930 874//934
f 869//929 875//935 876//936
f 876//936 868//928 869//929
f 868//928 876//936 877//937
f 877//937 867//927 868//928
f 877//937 878//938 866//926
f 866//926 867//927 877//937
f 866//926 878//938 879//939
f 879//939 865//925 866//926
f 879//939 880//940 864//924
f 864//924 865//925 879//939
f 880//940 881//941 863//923
f 863//923 864//924 880//940
f 863//923 881//941 882//942
f 882//942 862//922 863//923
f 862//922 882//942 883//943
f 883//943 861//921 862//922
f 883//943 884//944 860//920
f 860//920 861//921 883//943
f 860//920 884//944 885//945
f 885//945 859//919 860//920
f 859//919 885//945 886//946
f 886//946 858//918 859//919
f 886//946 887//947 857//917
f 857//917 858//918 886//946
f 857//917 887//947 888//948
f 888//948 856//916 857//917
f 856//916 888//948 889//949
f 889//949 855//915 856//916
f 855//915 889//949 890//950
f 890//950 854//914 855//915
f 854//914 890//950 891//951
f 891//951 853//913 854//914
f 891//951 892//952 852//912
f 852//912 853//913 891//951
f 892//952 893//953 851//911
f 851//911 852//912 892//952
f 851//911 893//953 894//954
f 894//954 850//910 851//911
f 894//954 895//955 849//909
f 849//909 850//910 894//954
f 895//955 896//956 848//908
f 848//908 849//909 895//955
f 848//908 896//956 897//957
f 897//957 847//907 848//908
f 897//957 898//958 846//906
f 846//906 847//907 897//957
f 846//906 898//958 899//959
f 899//959 845//905 846//906
f 845//905 899//959 900//960
f 900//960 844//904 845//905
f 844//904 900//960 901//961
f 901//961 843//903 844//904
f 901//961 873//933 842//902
f 842//902 843//903 901//961
f 901//961 903//963 902//962
f 902//962 873//933 901//961
f 904//964 903//963 901//961
f 901//961 900//960 904//964
f 899//959 905//965 904//964
f 904//964 900//960 899//959
f 906//966 905//965 899//959
f 899//959 898//958 906//966
f 897//957 907//967 906//966
f 906//966 898//958 897//957
f 908//968 907//967 897//957
f 897//957 896//956 908//968
f 909//969 908//968 896//956
f 896//956 895//955 909//969
f 894//954 910//970 909//969
f 909//969 895//955 894//954
f 911//971 910//970 894//954
f 894//954 893//953 911//971
f 912//972 911//971 893//953
f 893//953 892//952 912//972
f 891//951 913//973 912//972
f 912//972 892//952 891//951
f 890//950 914//974 913//973
f 913//973 891//951 890//950
f 915//975 914//974 890//950
f 890//950 889//949 915//975
f 888//948 916//976 915//975
f 915//975 889//949 888//948
f 917//977 916//976 888//948
f 888//948 887//947 917//977
f 886//946 918//978 917//977
f 917//977 887//947 886//946
f 919//979 918//978 886//946
f 886//946 885//945 919//979
f 884//944 920//980 919//979
f 919//979 885//945 884//944
f 921//981 920//980 884//944
f 884//944 883//943 921//981
f 922//982 921//981 883//943
f 883//943 882//942 922//982
f 881//941 923//983 922//982
f 922//982 882//942 881//941
f 880//940 924//984 923//983
f 923//983 881//941 880//940
f 925//985 924//984 880//940
f 880//940 879//939 925//985
f 926//986 925//985 879//939
f 879//939 878//938 926//986
f 927//987 926//986 878//938
f 878//938 877//937 927//987
f 928//988 927//987 877//937
f 877//937 876//936 928//988
f 875//935 929//989 928//988
f 928//988 876//936 875//935
f 930//990 929//989 875//935
f 875//935 874//934 930//990
f 872//932 931//991 930//990
f 930//990 874//934 872//932
f 902//962 931//991 872//932
f 872//932 873//933 902//962
f 932//992 931//991 902//962
f 932//992 902//962 933//993
f 934//994 930//990 931//991
f 934//994 931//991 932//992
f 935//995 929//989 930//990
f 935//995 930//990 934//994
f 936//996 928//988 929//989
f 936//996 929//989 935//995
f 927//987 928//988 936//996
f 937//997 927//987 936//996
f 926//986 927//987 937//997
f 938//998 926//986 937//997
f 925//985 926//986 938//998
f 939//999 925//985 938//998
f 924//984 925//985 939//999
f 940//1000 924//984 939//999
f 923//983 924//984 940//1000
f 941//1001 923//983 940//1000
f 922//982 923//983 941//1001
f 942//1002 922//982 941//1001
f 921//981 922//982 942//1002
f 943//1003 921//981 942//1002
f 944//1004 920//980 921//981
f 944//1004 921//981 943//1003
f 919//979 920//980 944//1004
f 945//1005 919//979 944//1004
f 918//978 919//979 945//1005
f 946//1006 918//978 945//1005
f 947//1007 917//977 918//978
f 947//1007 918//978 946//1006
f 916//976 917//977 947//1007
f 948//1008 916//976 947//1007
f 949//1009 915//975 916//976
f 949//1009 916//976 948//1008
f 950//1010 914//974 915//975
f 950//1010 915//975 949//1009
f 913//973 914//974 950//1010
f 951//1011 913//973 950//1010
f 952//1012 912//972 913//973
f 952//1012 913//973 951//1011
f 953//1013 911//971 912//972
f 953//1013 912//972 952//1012
f 954//1014 910//970 911//971
f 954//1014 911//971 953//1013
f 955//1015 909//969 910//970
f 955//1015 910//970 954//1014
f 956//1016 908//968 909//969
f 956//1016 909//969 955//1015
f 957//1017 907//967 908//968
f 957//1017 908//968 956//1016
f 958//1018 906//966 907//967
f 958//1018 907//967 957//1017
f 905//965 906//966 958//1018
f 959//1019 905//965 958//1018
f 904//964 905//965 959//1019
f 960//1020 904//964 959//1019
f 903//963 904//964 960//1020
f 961//1021 903//963 960//1020
f 902//962 903//963 961//1021
f 933//993 902//962 961//1021
f 961//1021 963//1023 962//1022
f 962//1022 933//993 961//1021
f 964//1024 963//1023 961//1021
f 961//1021 960//1020 964//1024
f 959//1019 965//1025 964//1024
f 964//1024 960//1020 959//1019
f 966//1026 965//1025 959//1019
f 959//1019 958//1018 966//1026
f 967//1027 966//1026 958//1018
f 958//1018 957//1017 967//1027
f 956//1016 968//1028 967//1027
f 967//1027 957//1017 956//1016
f 955//1015 969//1029 968//1028
f 968//1028 956//1016 955//1015
f 970//1030 969//1029 955//1015
f 955//1015 954//1014 970//1030
f 971//1031 970//1030 954//1014
f 954//1014 953//1013 971//1031
f 972//1032 971//1031 953//1013
f 953//1013 952//1012 972//1032
f 951//1011 973//1033 972//1032
f 972//1032 952//1012 951//1011
f 950//1010 974//1034 973//1033
f 973//1033 951//1011 950//1010
f 949//1009 975//1035 974//1034
f 974//1034 950//1010 949//1009
f 976//1036 975//1035 949//1009
f 949//1009 948//1008 976//1036
f 977//1037 976//1036 948//1008
f 948//1008 947//1007 977//1037
f 978//1038 977//1037 947//1007
f 947//1007 946//1006 978//1038
f 945//1005 979//1039 978//1038
f 978//1038 946//1006 945//1005
f 944//1004 980//1040 979//1039
f 979//1039 945//1005 944//1004
f 981//1041 980//1040 944//1004
f 944//1004 943//1003 981//1041
f 942//1002 982//1042 981//1041
f 981//1041 943//1003 942//1002
f 941//1001 983//1043 982//1042
f 982//1042 942//1002 941//1001
f 940//1000 984//1044 983//1043
f 983//1043 941//1001 940//1000
f 939//999 985//1045 984//1044
f 984//1044 940//1000 939//999
f 986//1046 985//1045 939//999
f 939//999 938//998 986//1046
f 987//1047 986//1046 938//998
f 938//998 937//997 987//1047
f 988//1048 987//1047 937//997
f 937//997 936//996 988//1048
f 935//995 989//1049 988//1048
f 988//1048 936//996 935//995
f 990//1050 989//1049 935//995
f 935//995 934//994 990//1050
f 932//992 991//1051 990//1050
f 990//1050 934//994 932//992
f 962//1022 991//1051 932//992
f 932//992 933//993 962//1022
f 993//1054 994//1053 995//1052
f 992//1055 993//1054 995//1052
f 995//1052 994//1053 996//1056
f 995//1052 996//1056 997//1057
f 996//1056 998//1059 999//1058
f 997//1057 996//1056 999//1058
f 998//1059 1000//1061 1001//1060
f 999//1058 998//1059 1001//1060
f 1001//1060 1000//1061 1002//1062
f 1001//1060 1002//1062 1003//1063
f 1002//1062 1004//1065 1005//1064
f 1003//1063 1002//1062 1005//1064
f 1005//1064 1004//1065 1006//1066
f 1005//1064 1006//1066 1007//1067
f 1007//1067 1006//1066 1008//1068
f 1007//1067 1008//1068 1009//1069
f 1008//1068 1010//1071 1011//1070
f 1009//1069 1008//1068 1011//1070
f 1011//1070 1010//1071 1012//1072
f 1011//1070 1012//1072 1013//1073
f 1012//1072 1014//1075 1015//1074
f 1013//1073 1012//1072 1015//1074
f 1015//1074 1014//1075 1016//1076
f 1015//1074 1016//1076 1017//1077
f 1016//1076 1018//1079 1019//1078
f 1017//1077 1016//1076 1019//1078
f 1018//1079 1020//1081 1021//1080
f 1019//1078 1018//1079 1021//1080
f 1021//1080 1020//1081 1022//1082
f 1021//1080 1022//1082 1023//1083
f 1022//1082 1024//1085 1025//1084
f 1023//1083 1022//1082 1025//1084
f 1025//1084 1024//1085 1026//1086
f 1025//1084 1026//1086 1027//1087
f 1027//1087 1026//1086 1028//1088
f 1027//1087 1028//1088 1029//1089
f 1028//1088 1030//1091 1031//1090
f 1029//1089 1028//1088 1031//1090
f 1031//1090 1030//1091 1032//1092
f 1031//1090 1032//1092 1033//1093
f 1032//1092 1034//1095 1035//1094
f 1033//1093 1032//1092 1035//1094
f 1035//1094 1034//1095 1036//1096
f 1035//1094 1036//1096 1037//1097
f 1036//1096 1038//1099 1039//1098
f 1037//1097 1036//1096 1039//1098
f 1038//1099 1040//1101 1041//1100
f 1039//1098 1038//1099 1041//1100
f 1041//1100 1040//1101 1042//1102
f 1041//1100 1042//1102 1043//1103
f 1042//1102 1044//1105 1045//1104
f 1043//1103 1042//1102 1045//1104
f 1045//1104 1044//1105 1046//1106
f 1045//1104 1046//1106 1047//1107
f 1047//1107 1046//1106 1048//1108
f 1047//1107 1048//1108 1049//1109
f 1048//1108 1050//1111 1051//1110
f 1049//1109 1048//1108 1051//1110
f 1051//1110 1050//1111 993//1054
f 1051//1110 993//1054 992//1055
f 962//1112 993//1054 1050//1111
f 1050//1111 991//1113 962//1112
f 1051//1110 992//1055 1053//1114
f 1052//1115 1051//1110 1053//1114
f 1050//1111 1048//1108 990//1116
f 990//1116 991//1113 1050//1111
f 1054//1117 1049//1109 1051//1110
f 1054//1117 1051//1110 1052//1115
f 990//1116 1048//1108 1046//1106
f 1046//1106 989//1118 990//1116
f 1047//1107 1049//1109 1054//1117
f 1055//1119 1047//1107 1054//1117
f 989//1118 1046//1106 1044//1105
f 1044//1105 988//1120 989//1118
f 1045//1104 1047//1107 1055//1119
f 1056//1121 1045//1104 1055//1119
f 988//1120 1044//1105 1042//1102
f 1042//1102 987//1122 988//1120
f 1057//1123 1043//1103 1045//1104
f 1057//1123 1045//1104 1056//1121
f 987//1122 1042//1102 1040//1101
f 1040//1101 986//1124 987//1122
f 1041//1100 1043//1103 1057//1123
f 1058//1125 1041//1100 1057//1123
f 986//1124 1040//1101 1038//1099
f 1038//1099 985//1126 986//1124
f 1059//1127 1039//1098 1041//1100
f 1059//1127 1041//1100 1058//1125
f 985//1126 1038//1099 1036//1096
f 1036//1096 984//1128 985//1126
f 1037//1097 1039//1098 1059//1127
f 1060//1129 1037//1097 1059//1127
f 984//1128 1036//1096 1034//1095
f 1034//1095 983//1130 984//1128
f 1035//1094 1037//1097 1060//1129
f 1061//1131 1035//1094 1060//1129
f 983//1130 1034//1095 1032//1092
f 1032//1092 982//1132 983//1130
f 1062//1133 1033//1093 1035//1094
f 1062//1133 1035//1094 1061//1131
f 982//1132 1032//1092 1030//1091
f 1030//1091 981//1134 982//1132
f 1031//1090 1033//1093 1062//1133
f 1063//1135 1031//1090 1062//1133
f 981//1134 1030//1091 1028//1088
f 1028//1088 980//1136 981//1134
f 1029//1089 1031//1090 1063//1135
f 1064//1137 1029//1089 1063//1135
f 980//1136 1028//1088 1026//1086
f 1026//1086 979//1138 980//1136
f 1027//1087 1029//1089 1064//1137
f 1065//1139 1027//1087 1064//1137
f 979//1138 1026//1086 1024//1085
f 1024//1085 978//1140 979//1138
f 1066//1141 1025//1084 1027//1087
f 1066//1141 1027//1087 1065//1139
f 978//1140 1024//1085 1022//1082
f 1022//1082 977//1142 978//1140
f 1023//1083 1025//1084 1066//1141
f 1067//1143 1023//1083 1066//1141
f 977//1142 1022//1082 1020//1081
f 1020//1081 976//1144 977//1142
f 1068//1145 1021//1080 1023//1083
f 1068//1145 1023//1083 1067//1143
f 1020//1081 1018//1079 975//1146
f 975//1146 976//1144 1020//1081
f 1019//1078 1021//1080 1068//1145
f 1069//1147 1019//1078 1068//1145
f 1018//1079 1016//1076 974//1148
f 974//1148 975//1146 1018//1079
f 1017//1077 1019//1078 1069//1147
f 1070//1149 1017//1077 1069//1147
f 1016//1076 1014//1075 973//1150
f 973//1150 974//1148 1016//1076
f 1071//1151 1015//1074 1017//1077
f 1071//1151 1017//1077 1070//1149
f 1014//1075 1012//1072 972//1152
f 972//1152 973//1150 1014//1075
f 1013//1073 1015//1074 1071//1151
f 1072//1153 1013//1073 1071//1151
f 1012//1072 1010//1071 971//1154
f 971//1154 972//1152 1012//1072
f 1011//1070 1013//1073 1072//1153
f 1073//1155 1011//1070 1072//1153
f 1010//1071 1008//1068 970//1156
f 970//1156 971//1154 1010//1071
f 1074//1157 1009//1069 1011//1070
f 1074//1157 1011//1070 1073//1155
f 1008//1068 1006//1066 969//1158
f 969//1158 970//1156 1008//1068
f 1075//1159 1007//1067 1009//1069
f 1075//1159 1009//1069 1074//1157
f 1006//1066 1004//1065 968//1160
f 968//1160 969//1158 1006//1066
f 1005//1064 1007//1067 1075//1159
f 1076//1161 1005//1064 1075//1159
f 1004//1065 1002//1062 967//1162
f 967//1162 968//1160 1004//1065
f 1077//1163 1003//1063 1005//1064
f 1077//1163 1005//1064 1076//1161
f 1002//1062 1000//1061 966//1164
f 966//1164 967//1162 1002//1062
f 1001//1060 1003//1063 1077//1163
f 1078//1165 1001//1060 1077//1163
f 1000//1061 998//1059 965//1166
f 965//1166 966//1164 1000//1061
f 1079//1167 999//1058 1001//1060
f 1079//1167 1001//1060 1078//1165
f 998//1059 996//1056 964//1168
f 964//1168 965//1166 998//1059
f 1080//1169 997//1057 999//1058
f 1080//1169 999//1058 1079//1167
f 996//1056 994//1053 963//1170
f 963//1170 964//1168 996//1056
f 995//1052 997//1057 1080//1169
f 1081//1171 995//1052 1080//1169
f 994//1053 993//1054 962//1112
f 962//1112 963//1170 994//1053
f 1053//1114 992//1055 995//1052
f 1053//1114 995//1052 1081//1171
f 1083//1174 1082//1173 1053//1172
f 1053//1172 1081//1175 1083//1174
f 1080//1177 1084//1176 1083//1174
f 1083//1174 1081//1175 1080//1177
f 1079//1179 1085//1178 1084//1176
f 1084//1176 1080//1177 1079//1179
f 1086//1180 1085//1178 1079//1179
f 1079//1179 1078//1181 1086//1180
f 1087//1182 1086//1180 1078//1181
f 1078//1181 1077//1183 1087//1182
f 1088//1184 1087//1182 1077//1183
f 1077//1183 1076//1185 1088//1184
f 1089//1186 1088//1184 1076//1185
f 1076//1185 1075//1187 1089//1186
f 1074//1189 1090//1188 1089//1186
f 1089//1186 1075//1187 1074//1189
f 1073//1191 1091//1190 1090//1188
f 1090//1188 1074//1189 1073//1191
f 1092//1192 1091//1190 1073//1191
f 1073//1191 1072//1193 1092//1192
f 1071//1195 1093//1194 1092//1192
f 1092//1192 1072//1193 1071//1195
f 1070//1197 1094//1196 1093//1194
f 1093//1194 1071//1195 1070//1197
f 1069//1199 1095//1198 1094//1196
f 1094//1196 1070//1197 1069//1199
f 1096//1200 1095//1198 1069//1199
f 1069//1199 1068//1201 1096//1200
f 1097//1202 1096//1200 1068//1201
f 1068//1201 1067//1203 1097//1202
f 1098//1204 1097//1202 1067//1203
f 1067//1203 1066//1205 1098//1204
f 1099//1206 1098//1204 1066//1205
f 1066//1205 1065//1207 1099//1206
f 1100//1208 1099//1206 1065//1207
f 1065//1207 1064//1209 1100//1208
f 1063//1211 1101//1210 1100//1208
f 1100//1208 1064//1209 1063//1211
f 1062//1213 1102//1212 1101//1210
f 1101//1210 1063//1211 1062//1213
f 1061//1215 1103//1214 1102//1212
f 1102//1212 1062//1213 1061//1215
f 1104//1216 1103//1214 1061//1215
f 1061//1215 1060//1217 1104//1216
f 1105//1218 1104//1216 1060//1217
f 1060//1217 1059//1219 1105//1218
f 1058//1221 1106//1220 1105//1218
f 1105//1218 1059//1219 1058//1221
f 1057//1223 1107//1222 1106//1220
f 1106//1220 1058//1221 1057//1223
f 1108//1224 1107//1222 1057//1223
f 1057//1223 1056//1225 1108//1224
f 1109//1226 1108//1224 1056//1225
f 1056//1225 1055//1227 1109//1226
f 1110//1228 1109//1226 1055//1227
f 1055//1227 1054//1229 1110//1228
f 1111//1230 1110//1228 1054//1229
f 1054//1229 1052//1231 1111//1230
f 1053//1172 1082//1173 1111//1230
f 1111//1230 1052//1231 1053//1172
f 1114//1234 1115//1233 1112//1232
f 1112//1232 1113//1235 1114//1234
f 1116//1237 1117//1236 1115//1233
f 1115//1233 1114//1234 1116//1237
f 1118//1239 1119//1238 1117//1236
f 1117//1236 1116//1237 1118//1239
f 1120//1241 1121//1240 1119//1238
f 1119//1238 1118//1239 1120//1241
f 1122//1243 1123//1242 1121//1240
f 1121//1240 1120//1241 1122//1243
f 1124//1245 1125//1244 1123//1242
f 1123//1242 1122//1243 1124//1245
f 1126//1247 1127//1246 1125//1244
f 1125//1244 1124//1245 1126//1247
f 1129//1248 1127//1246 1126//1247
f 1126//1247 1128//1249 1129//1248
f 1130//1251 1131//1250 1129//1248
f 1129//1248 1128//1249 1130//1251
f 1132//1253 1133//1252 1131//1250
f 1131//1250 1130//1251 1132//1253
f 1134//1255 1135//1254 1133//1252
f 1133//1252 1132//1253 1134//1255
f 1136//1257 1137//1256 1135//1254
f 1135//1254 1134//1255 1136//1257
f 1139//1258 1137//1256 1136//1257
f 1136//1257 1138//1259 1139//1258
f 1140//1261 1141//1260 1139//1258
f 1139//1258 1138//1259 1140//1261
f 1142//1263 1143//1262 1141//1260
f 1141//1260 1140//1261 1142//1263
f 1145//1264 1143//1262 1142//1263
f 1142//1263 1144//1265 1145//1264
f 1147//1266 1145//1264 1144//1265
f 1144//1265 1146//1267 1147//1266
f 1149//1268 1147//1266 1146//1267
f 1146//1267 1148//1269 1149//1268
f 1151//1270 1149//1268 1148//1269
f 1148//1269 1150//1271 1151//1270
f 1153//1272 1151//1270 1150//1271
f 1150//1271 1152//1273 1153//1272
f 1155//1274 1153//1272 1152//1273
f 1152//1273 1154//1275 1155//1274
f 1157//1276 1155//1274 1154//1275
f 1154//1275 1156//1277 1157//1276
f 1158//1279 1159//1278 1157//1276
f 1157//1276 1156//1277 1158//1279
f 1161//1280 1159//1278 1158//1279
f 1158//1279 1160//1281 1161//1280
f 1163//1282 1161//1280 1160//1281
f 1160//1281 1162//1283 1163//1282
f 1165//1284 1163//1282 1162//1283
f 1162//1283 1164//1285 1165//1284
f 1167//1286 1165//1284 1164//1285
f 1164//1285 1166//1287 1167//1286
f 1168//1289 1169//1288 1167//1286
f 1167//1286 1166//1287 1168//1289
f 1171//1290 1169//1288 1168//1289
f 1168//1289 1170//1291 1171//1290
f 1112//1232 1171//1290 1170//1291
f 1170//1291 1113//1235 1112//1232
f 1082//1173 1113//1235 1170//1291
f 1170//1291 1111//1230 1082//1173
f 1112//1232 310//1293 479//1292
f 479//1292 1171//1290 1112//1232
f 1170//1291 1168//1289 1110//1228
f 1110//1228 1111//1230 1170//1291
f 1171//1290 479//1292 473//1294
f 473//1294 1169//1288 1171//1290
f 1168//1289 1166//1287 1109//1226
f 1109//1226 1110//1228 1168//1289
f 473//1294 467//1295 1167//1286
f 1167//1286 1169//1288 473//1294
f 1109//1226 1166//1287 1164//1285
f 1164//1285 1108//1224 1109//1226
f 467//1295 461//1296 1165//1284
f 1165//1284 1167//1286 467//1295
f 1164//1285 1162//1283 1107//1222
f 1107//1222 1108//1224 1164//1285
f 461//1296 455//1297 1163//1282
f 1163//1282 1165//1284 461//1296
f 1162//1283 1160//1281 1106//1220
f 1106//1220 1107//1222 1162//1283
f 455//1297 449//1298 1161//1280
f 1161//1280 1163//1282 455//1297
f 1160//1281 1158//1279 1105//1218
f 1105//1218 1106//1220 1160//1281
f 449//1298 443//1299 1159//1278
f 1159//1278 1161//1280 449//1298
f 1105//1218 1158//1279 1156//1277
f 1156//1277 1104//1216 1105//1218
f 443//1299 437//1300 1157//1276
f 1157//1276 1159//1278 443//1299
f 1104//1216 1156//1277 1154//1275
f 1154//1275 1103//1214 1104//1216
f 437//1300 431//1301 1155//1274
f 1155//1274 1157//1276 437//1300
f 1103//1214 1154//1275 1152//1273
f 1152//1273 1102//1212 1103//1214
f 431//1301 425//1302 1153//1272
f 1153//1272 1155//1274 431//1301
f 1102//1212 1152//1273 1150//1271
f 1150//1271 1101//1210 1102//1212
f 1153//1272 425//1302 419//1303
f 419//1303 1151//1270 1153//1272
f 1101//1210 1150//1271 1148//1269
f 1148//1269 1100//1208 1101//1210
f 1151//1270 419//1303 413//1304
f 413//1304 1149//1268 1151//1270
f 1100//1208 1148//1269 1146//1267
f 1146//1267 1099//1206 1100//1208
f 413//1304 407//1305 1147//1266
f 1147//1266 1149//1268 413//1304
f 1099//1206 1146//1267 1144//1265
f 1144//1265 1098//1204 1099//1206
f 1147//1266 407//1305 401//1306
f 401//1306 1145//1264 1147//1266
f 1098//1204 1144//1265 1142//1263
f 1142//1263 1097//1202 1098//1204
f 401//1306 395//1307 1143//1262
f 1143//1262 1145//1264 401//1306
f 1142//1263 1140//1261 1096//1200
f 1096//1200 1097//1202 1142//1263
f 1143//1262 395//1307 389//1308
f 389//1308 1141//1260 1143//1262
f 1096//1200 1140//1261 1138//1259
f 1138//1259 1095//1198 1096//1200
f 389//1308 383//1309 1139//1258
f 1139//1258 1141//1260 389//1308
f 1095//1198 1138//1259 1136//1257
f 1136//1257 1094//1196 1095//1198
f 1139//1258 383//1309 377//1310
f 377//1310 1137//1256 1139//1258
f 1136//1257 1134//1255 1093//1194
f 1093//1194 1094//1196 1136//1257
f 1137//1256 377//1310 371//1311
f 371//1311 1135//1254 1137//1256
f 1134//1255 1132//1253 1092//1192
f 1092//1192 1093//1194 1134//1255
f 1135//1254 371//1311 365//1312
f 365//1312 1133//1252 1135//1254
f 1132//1253 1130//1251 1091//1190
f 1091//1190 1092//1192 1132//1253
f 1133//1252 365//1312 359//1313
f 359//1313 1131//1250 1133//1252
f 1130//1251 1128//1249 1090//1188
f 1090//1188 1091//1190 1130//1251
f 1131//1250 359//1313 353//1314
f 353//1314 1129//1248 1131//1250
f 1128//1249 1126//1247 1089//1186
f 1089//1186 1090//1188 1128//1249
f 1129//1248 353//1314 347//1315
f 347//1315 1127//1246 1129//1248
f 1089//1186 1126//1247 1124//1245
f 1124//1245 1088//1184 1089//1186
f 1127//1246 347//1315 341//1316
f 341//1316 1125//1244 1127//1246
f 1088//1184 1124//1245 1122//1243
f 1122//1243 1087//1182 1088//1184
f 1125//1244 341//1316 335//1317
f 335//1317 1123//1242 1125//1244
f 1087//1182 1122//1243 1120//1241
f 1120//1241 1086//1180 1087//1182
f 1123//1242 335//1317 329//1318
f 329//1318 1121//1240 1123//1242
f 1120//1241 1118//1239 1085//1178
f 1085//1178 1086//1180 1120//1241
f 329//1318 323//1319 1119//1238
f 1119//1238 1121//1240 329//1318
f 1118//1239 1116//1237 1084//1176
f 1084//1176 1085//1178 1118//1239
f 1119//1238 323//1319 317//1320
f 317//1320 1117//1236 1119//1238
f 1116//1237 1114//1234 1083//1174
f 1083//1174 1084//1176 1116//1237
f 317//1320 311//1321 1115//1233
f 1115//1233 1117//1236 317//1320
f 1114//1234 1113//1235 1082//1173
f 1082//1173 1083//1174 1114//1234
f 311//1321 310//1293 1112//1232
f 1112//1232 1115//1233 311//1321
f 1174//1324 1173//1323 1172//1322
f 1175//1325 1174//1324 1172//1322
f 1178//1328 1177//1327 1176//1326
f 1179//1329 1178//1328 1176//1326
f 1180//1330 1174//1324 1175//1325
f 1181//1331 1180//1330 1175//1325
f 1182//1332 1178//1328 1179//1329
f 1183//1333 1182//1332 1179//1329
f 1184//1334 1180//1330 1181//1331
f 1185//1335 1184//1334 1181//1331
f 1186//1336 1182//1332 1183//1333
f 1187//1337 1186//1336 1183//1333
f 1189//1339 1188//1338 1184//1334
f 1189//1339 1184//1334 1185//1335
f 1190//1340 1186//1336 1187//1337
f 1191//1341 1190//1340 1187//1337
f 1192//1342 1188//1338 1189//1339
f 1193//1343 1192//1342 1189//1339
f 1195//1345 1194//1344 1190//1340
f 1195//1345 1190//1340 1191//1341
f 1196//1346 1192//1342 1193//1343
f 1197//1347 1196//1346 1193//1343
f 1198//1348 1194//1344 1195//1345
f 1199//1349 1198//1348 1195//1345
f 1200//1350 1196//1346 1197//1347
f 1201//1351 1200//1350 1197//1347
f 1203//1353 1202//1352 1198//1348
f 1203//1353 1198//1348 1199//1349
f 1205//1355 1204//1354 1200//1350
f 1205//1355 1200//1350 1201//1351
f 1207//1357 1206//1356 1202//1352
f 1207//1357 1202//1352 1203//1353
f 1208//1358 1204//1354 1205//1355
f 1209//1359 1208//1358 1205//1355
f 1210//1360 1206//1356 1207//1357
f 1211//1361 1210//1360 1207//1357
f 1213//1363 1212//1362 1208//1358
f 1213//1363 1208//1358 1209//1359
f 1214//1364 1210//1360 1211//1361
f 1215//1365 1214//1364 1211//1361
f 1217//1367 1216//1366 1212//1362
f 1217//1367 1212//1362 1213//1363
f 1219//1369 1218//1368 1214//1364
f 1219//1369 1214//1364 1215//1365
f 1221//1371 1220//1370 1216//1366
f 1221//1371 1216//1366 1217//1367
f 1222//1372 1218//1368 1219//1369
f 1223//1373 1222//1372 1219//1369
f 1225//1375 1224//1374 1220//1370
f 1225//1375 1220//1370 1221//1371
f 1227//1377 1226//1376 1222//1372
f 1227//1377 1222//1372 1223//1373
f 1229//1379 1228//1378 1224//1374
f 1229//1379 1224//1374 1225//1375
f 1231//1381 1230//1380 1226//1376
f 1231//1381 1226//1376 1227//1377
f 1232//1382 1228//1378 1229//1379
f 1233//1383 1232//1382 1229//1379
f 1235//1385 1234//1384 1230//1380
f 1235//1385 1230//1380 1231//1381
f 1237//1387 1236//1386 1232//1382
f 1237//1387 1232//1382 1233//1383
f 1238//1388 1234//1384 1235//1385
f 1239//1389 1238//1388 1235//1385
f 1241//1391 1240//1390 1236//1386
f 1241//1391 1236//1386 1237//1387
f 1242//1392 1238//1388 1239//1389
f 1243//1393 1242//1392 1239//1389
f 1244//1394 1240//1390 1241//1391
f 1245//1395 1244//1394 1241//1391
f 1246//1396 1242//1392 1243//1393
f 1247//1397 1246//1396 1243//1393
f 1248//1398 1244//1394 1245//1395
f 1249//1399 1248//1398 1245//1395
f 1251//1401 1250//1400 1246//1396
f 1251//1401 1246//1396 1247//1397
f 1252//1402 1248//1398 1249//1399
f 1253//1403 1252//1402 1249//1399
f 1254//1404 1250//1400 1251//1401
f 1255//1405 1254//1404 1251//1401
f 1256//1406 1252//1402 1253//1403
f 1257//1407 1256//1406 1253//1403
f 1259//1409 1258//1408 1254//1404
f 1259//1409 1254//1404 1255//1405
f 1261//1411 1260//1410 1256//1406
f 1261//1411 1256//1406 1257//1407
f 1263//1413 1262//1412 1258//1408
f 1263//1413 1258//1408 1259//1409
f 1264//1414 1260//1410 1261//1411
f 1265//1415 1264//1414 1261//1411
f 1266//1416 1262//1412 1263//1413
f 1267//1417 1266//1416 1263//1413
f 1269//1419 1268//1418 1264//1414
f 1269//1419 1264//1414 1265//1415
f 1270//1420 1266//1416 1267//1417
f 1271//1421 1270//1420 1267//1417
f 1273//1423 1272//1422 1268//1418
f 1273//1423 1268//1418 1269//1419
f 1275//1425 1274//1424 1270//1420
f 1275//1425 1270//1420 1271//1421
f 1277//1427 1276//1426 1272//1422
f 1277//1427 1272//1422 1273//1423
f 1278//1428 1274//1424 1275//1425
f 1279//1429 1278//1428 1275//1425
f 1281//1431 1280//1430 1276//1426
f 1281//1431 1276//1426 1277//1427
f 1283//1433 1282//1432 1278//1428
f 1283//1433 1278//1428 1279//1429
f 1284//1434 1280//1430 1281//1431
f 1285//1435 1284//1434 1281//1431
f 1287//1437 1286//1436 1282//1432
f 1287//1437 1282//1432 1283//1433
f 1288//1438 1284//1434 1285//1435
f 1289//1439 1288//1438 1285//1435
f 1291//1441 1290//1440 1286//1436
f 1291//1441 1286//1436 1287//1437
f 1172//1322 1173//1323 1288//1438
f 1172//1322 1288//1438 1289//1439
f 1176//1326 1177//1327 1290//1440
f 1176//1326 1290//1440 1291//1441
f 1177//1327 661//1443 778//1442
f 1177//1327 778//1442 1290//1440
f 1176//1326 1291//1441 1288//1438
f 1173//1323 1176//1326 1288//1438
f 1293//1444 1172//1322 1289//1439
f 1293//1444 1289//1439 1292//1445
f 778//1442 774//1446 1286//1436
f 1290//1440 778//1442 1286//1436
f 1291//1441 1287//1437 1284//1434
f 1288//1438 1291//1441 1284//1434
f 1292//1445 1289//1439 1285//1435
f 1292//1445 1285//1435 1294//1447
f 774//1446 770//1448 1282//1432
f 1286//1436 774//1446 1282//1432
f 1284//1434 1287//1437 1283//1433
f 1284//1434 1283//1433 1280//1430
f 1294//1447 1285//1435 1281//1431
f 1294//1447 1281//1431 1295//1449
f 1282//1432 770//1448 766//1450
f 1282//1432 766//1450 1278//1428
f 1283//1433 1279//1429 1276//1426
f 1280//1430 1283//1433 1276//1426
f 1295//1449 1281//1431 1277//1427
f 1295//1449 1277//1427 1296//1451
f 766//1450 762//1452 1274//1424
f 1278//1428 766//1450 1274//1424
f 1279//1429 1275//1425 1272//1422
f 1276//1426 1279//1429 1272//1422
f 1277//1427 1273//1423 1297//1453
f 1296//1451 1277//1427 1297//1453
f 762//1452 758//1454 1270//1420
f 1274//1424 762//1452 1270//1420
f 1272//1422 1275//1425 1271//1421
f 1272//1422 1271//1421 1268//1418
f 1273//1423 1269//1419 1298//1455
f 1297//1453 1273//1423 1298//1455
f 1270//1420 758//1454 754//1456
f 1270//1420 754//1456 1266//1416
f 1271//1421 1267//1417 1264//1414
f 1268//1418 1271//1421 1264//1414
f 1298//1455 1269//1419 1265//1415
f 1298//1455 1265//1415 1299//1457
f 1266//1416 754//1456 750//1458
f 1266//1416 750//1458 1262//1412
f 1267//1417 1263//1413 1260//1410
f 1264//1414 1267//1417 1260//1410
f 1299//1457 1265//1415 1261//1411
f 1299//1457 1261//1411 1300//1459
f 750//1458 746//1460 1258//1408
f 1262//1412 750//1458 1258//1408
f 1263//1413 1259//1409 1256//1406
f 1260//1410 1263//1413 1256//1406
f 1300//1459 1261//1411 1257//1407
f 1300//1459 1257//1407 1301//1461
f 746//1460 742//1462 1254//1404
f 1258//1408 746//1460 1254//1404
f 1259//1409 1255//1405 1252//1402
f 1256//1406 1259//1409 1252//1402
f 1257//1407 1253//1403 1302//1463
f 1301//1461 1257//1407 1302//1463
f 1254//1404 742//1462 738//1464
f 1254//1404 738//1464 1250//1400
f 1252//1402 1255//1405 1251//1401
f 1252//1402 1251//1401 1248//1398
f 1302//1463 1253//1403 1249//1399
f 1302//1463 1249//1399 1303//1465
f 1250//1400 738//1464 734//1466
f 1250//1400 734//1466 1246//1396
f 1248//1398 1251//1401 1247//1397
f 1248//1398 1247//1397 1244//1394
f 1303//1465 1249//1399 1245//1395
f 1303//1465 1245//1395 1304//1467
f 1246//1396 734//1466 730//1468
f 1246//1396 730//1468 1242//1392
f 1244//1394 1247//1397 1243//1393
f 1244//1394 1243//1393 1240//1390
f 1245//1395 1241//1391 1305//1469
f 1304//1467 1245//1395 1305//1469
f 730//1468 726//1470 1238//1388
f 1242//1392 730//1468 1238//1388
f 1240//1390 1243//1393 1239//1389
f 1240//1390 1239//1389 1236//1386
f 1241//1391 1237//1387 1306//1471
f 1305//1469 1241//1391 1306//1471
f 726//1470 722//1472 1234//1384
f 1238//1388 726//1470 1234//1384
f 1236//1386 1239//1389 1235//1385
f 1236//1386 1235//1385 1232//1382
f 1237//1387 1233//1383 1307//1473
f 1306//1471 1237//1387 1307//1473
f 722//1472 718//1474 1230//1380
f 1234//1384 722//1472 1230//1380
f 1235//1385 1231//1381 1228//1378
f 1232//1382 1235//1385 1228//1378
f 1307//1473 1233//1383 1229//1379
f 1307//1473 1229//1379 1308//1475
f 718//1474 714//1476 1226//1376
f 1230//1380 718//1474 1226//1376
f 1231//1381 1227//1377 1224//1374
f 1228//1378 1231//1381 1224//1374
f 1229//1379 1225//1375 1309//1477
f 1308//1475 1229//1379 1309//1477
f 714//1476 710//1478 1222//1372
f 1226//1376 714//1476 1222//1372
f 1227//1377 1223//1373 1220//1370
f 1224//1374 1227//1377 1220//1370
f 1225//1375 1221//1371 1310//1479
f 1309//1477 1225//1375 1310//1479
f 710//1478 706//1480 1218//1368
f 1222//1372 710//1478 1218//1368
f 1223//1373 1219//1369 1216//1366
f 1220//1370 1223//1373 1216//1366
f 1221//1371 1217//1367 1311//1481
f 1310//1479 1221//1371 1311//1481
f 706//1480 702//1482 1214//1364
f 1218//1368 706//1480 1214//1364
f 1219//1369 1215//1365 1212//1362
f 1216//1366 1219//1369 1212//1362
f 1217//1367 1213//1363 1312//1483
f 1311//1481 1217//1367 1312//1483
f 1214//1364 702//1482 698//1484
f 1214//1364 698//1484 1210//1360
f 1212//1362 1215//1365 1211//1361
f 1212//1362 1211//1361 1208//1358
f 1312//1483 1213//1363 1209//1359
f 1312//1483 1209//1359 1313//1485
f 698//1484 694//1486 1206//1356
f 1210//1360 698//1484 1206//1356
f 1208//1358 1211//1361 1207//1357
f 1208//1358 1207//1357 1204//1354
f 1209//1359 1205//1355 1314//1487
f 1313//1485 1209//1359 1314//1487
f 694//1486 690//1488 1202//1352
f 1206//1356 694//1486 1202//1352
f 1204//1354 1207//1357 1203//1353
f 1204//1354 1203//1353 1200//1350
f 1205//1355 1201//1351 1315//1489
f 1314//1487 1205//1355 1315//1489
f 690//1488 686//1490 1198//1348
f 1202//1352 690//1488 1198//1348
f 1200//1350 1203//1353 1199//1349
f 1200//1350 1199//1349 1196//1346
f 1201//1351 1197//1347 1316//1491
f 1315//1489 1201//1351 1316//1491
f 686//1490 682//1492 1194//1344
f 1198//1348 686//1490 1194//1344
f 1199//1349 1195//1345 1192//1342
f 1196//1346 1199//1349 1192//1342
f 1316//1491 1197//1347 1193//1343
f 1316//1491 1193//1343 1317//1493
f 682//1492 678//1494 1190//1340
f 1194//1344 682//1492 1190//1340
f 1192//1342 1195//1345 1191//1341
f 1192//1342 1191//1341 1188//1338
f 1317//1493 1193//1343 1189//1339
f 1317//1493 1189//1339 1318//1495
f 678//1494 674//1496 1186//1336
f 1190//1340 678//1494 1186//1336
f 1188//1338 1191//1341 1187//1337
f 1188//1338 1187//1337 1184//1334
f 1189//1339 1185//1335 1319//1497
f 1318//1495 1189//1339 1319//1497
f 1186//1336 674//1496 670//1498
f 1186//1336 670//1498 1182//1332
f 1187//1337 1183//1333 1180//1330
f 1184//1334 1187//1337 1180//1330
f 1185//1335 1181//1331 1320//1499
f 1319//1497 1185//1335 1320//1499
f 1182//1332 670//1498 664//1500
f 1182//1332 664//1500 1178//1328
f 1180//1330 1183//1333 1179//1329
f 1180//1330 1179//1329 1174//1324
f 1181//1331 1175//1325 1321//1501
f 1320//1499 1181//1331 1321//1501
f 1178//1328 664//1500 661//1443
f 1178//1328 661//1443 1177//1327
f 1174//1324 1179//1329 1176//1326
f 1174//1324 1176//1326 1173//1323
f 1175//1325 1172//1322 1293//1444
f 1321//1501 1175//1325 1293//1444
f 2//859 807//860 1322//1502
f 1322//1502 18//1503 2//859
f 1323//1504 784//790 15//791
f 1323//1504 15//791 16//1505
f 13//792 784//790 807//860
f 807//860 3//861 13//792
f 1326//1508 1325//1507 1324//1506
f 1327//1509 1326//1508 1324//1506
f 1324//1506 1325//1507 1329//1510
f 1324//1506 1329//1510 1328//1511
f 1328//1511 1329//1510 1331//1512
f 1328//1511 1331//1512 1330//1513
f 1331//1512 1333//1515 1332//1514
f 1330//1513 1331//1512 1332//1514
f 1332//1514 1333//1515 1335//1516
f 1332//1514 1335//1516 1334//1517
f 1335//1516 1337//1519 1336//1518
f 1334//1517 1335//1516 1336//1518
f 1336//1518 1337//1519 1339//1520
f 1336//1518 1339//1520 1338//1521
f 1338//1521 1339//1520 1341//1522
f 1338//1521 1341//1522 1340//1523
f 1341//1522 1343//1525 1342//1524
f 1340//1523 1341//1522 1342//1524
f 1343//1525 1345//1527 1344//1526
f 1342//1524 1343//1525 1344//1526
f 1344//1526 1345//1527 1347//1528
f 1344//1526 1347//1528 1346//1529
f 1346//1529 1347//1528 1349//1530
f 1346//1529 1349//1530 1348//1531
f 1349//1530 1351//1533 1350//1532
f 1348//1531 1349//1530 1350//1532
f 1350//1532 1351//1533 1353//1534
f 1350//1532 1353//1534 1352//1535
f 1353//1534 1355//1537 1354//1536
f 1352//1535 1353//1534 1354//1536
f 1354//1536 1355//1537 1357//1538
f 1354//1536 1357//1538 1356//1539
f 1357//1538 1359//1541 1358//1540
f 1356//1539 1357//1538 1358//1540
f 1358//1540 1359//1541 1361//1542
f 1358//1540 1361//1542 1360//1543
f 1360//1543 1361//1542 1363//1544
f 1360//1543 1363//1544 1362//1545
f 1363//1544 1365//1547 1364//1546
f 1362//1545 1363//1544 1364//1546
f 1365//1547 1367//1549 1366//1548
f 1364//1546 1365//1547 1366//1548
f 1366//1548 1367//1549 1369//1550
f 1366//1548 1369//1550 1368//1551
f 1369//1550 1371//1553 1370//1552
f 1368//1551 1369//1550 1370//1552
f 1371//1553 1373//1555 1372//1554
f 1370//1552 1371//1553 1372//1554
f 1372//1554 1373//1555 1375//1556
f 1372//1554 1375//1556 1374//1557
f 1375//1556 1377//1559 1376//1558
f 1374//1557 1375//1556 1376//1558
f 1377//1559 1379//1561 1378//1560
f 1376//1558 1377//1559 1378//1560
f 1379//1561 1381//1563 1380//1562
f 1378//1560 1379//1561 1380//1562
f 1381//1563 1383//1565 1382//1564
f 1380//1562 1381//1563 1382//1564
f 1383//1565 1326//1508 1327//1509
f 1382//1564 1383//1565 1327//1509
f 1387//1568 1386//1567 1385//1566
f 1387//1568 1385//1566 1384//1569
f 1389//1570 1382//1564 1327//1509
f 1389//1570 1327//1509 1388//1571
f 1390//1572 1386//1567 1387//1568
f 1391//1573 1390//1572 1387//1568
f 1392//1574 1380//1562 1382//1564
f 1392//1574 1382//1564 1389//1570
f 1393//1575 1390//1572 1391//1573
f 1394//1576 1393//1575 1391//1573
f 1378//1560 1380//1562 1392//1574
f 1395//1577 1378//1560 1392//1574
f 1397//1579 1396//1578 1393//1575
f 1397//1579 1393//1575 1394//1576
f 1376//1558 1378//1560 1395//1577
f 1398//1580 1376//1558 1395//1577
f 1399//1581 1396//1578 1397//1579
f 1400//1582 1399//1581 1397//1579
f 1374//1557 1376//1558 1398//1580
f 1401//1583 1374//1557 1398//1580
f 1403//1585 1402//1584 1399//1581
f 1403//1585 1399//1581 1400//1582
f 1372//1554 1374//1557 1401//1583
f 1404//1586 1372//1554 1401//1583
f 1405//1587 1402//1584 1403//1585
f 1406//1588 1405//1587 1403//1585
f 1407//1589 1370//1552 1372//1554
f 1407//1589 1372//1554 1404//1586
f 1408//1590 1405//1587 1406//1588
f 1409//1591 1408//1590 1406//1588
f 1368//1551 1370//1552 1407//1589
f 1410//1592 1368//1551 1407//1589
f 1411//1593 1408//1590 1409//1591
f 1412//1594 1411//1593 1409//1591
f 1366//1548 1368//1551 1410//1592
f 1413//1595 1366//1548 1410//1592
f 1414//1596 1411//1593 1412//1594
f 1415//1597 1414//1596 1412//1594
f 1364//1546 1366//1548 1413//1595
f 1416//1598 1364//1546 1413//1595
f 1417//1599 1414//1596 1415//1597
f 1418//1600 1417//1599 1415//1597
f 1419//1601 1362//1545 1364//1546
f 1419//1601 1364//1546 1416//1598
f 1421//1603 1420//1602 1417//1599
f 1421//1603 1417//1599 1418//1600
f 1422//1604 1360//1543 1362//1545
f 1422//1604 1362//1545 1419//1601
f 1423//1605 1420//1602 1421//1603
f 1424//1606 1423//1605 1421//1603
f 1425//1607 1358//1540 1360//1543
f 1425//1607 1360//1543 1422//1604
f 1426//1608 1423//1605 1424//1606
f 1427//1609 1426//1608 1424//1606
f 1356//1539 1358//1540 1425//1607
f 1428//1610 1356//1539 1425//1607
f 1430//1612 1429//1611 1426//1608
f 1430//1612 1426//1608 1427//1609
f 1354//1536 1356//1539 1428//1610
f 1431//1613 1354//1536 1428//1610
f 1432//1614 1429//1611 1430//1612
f 1433//1615 1432//1614 1430//1612
f 1434//1616 1352//1535 1354//1536
f 1434//1616 1354//1536 1431//1613
f 1435//1617 1432//1614 1433//1615
f 1436//1618 1435//1617 1433//1615
f 1350//1532 1352//1535 1434//1616
f 1437//1619 1350//1532 1434//1616
f 1439//1621 1438//1620 1435//1617
f 1439//1621 1435//1617 1436//1618
f 1348//1531 1350//1532 1437//1619
f 1440//1622 1348//1531 1437//1619
f 1441//1623 1438//1620 1439//1621
f 1442//1624 1441//1623 1439//1621
f 1346//1529 1348//1531 1440//1622
f 1443//1625 1346//1529 1440//1622
f 1445//1627 1444//1626 1441//1623
f 1445//1627 1441//1623 1442//1624
f 1344//1526 1346//1529 1443//1625
f 1446//1628 1344//1526 1443//1625
f 1448//1630 1447//1629 1444//1626
f 1448//1630 1444//1626 1445//1627
f 1449//1631 1342//1524 1344//1526
f 1449//1631 1344//1526 1446//1628
f 1450//1632 1447//1629 1448//1630
f 1451//1633 1450//1632 1448//1630
f 1452//1634 1340//1523 1342//1524
f 1452//1634 1342//1524 1449//1631
f 1454//1636 1453//1635 1450//1632
f 1454//1636 1450//1632 1451//1633
f 1455//1637 1338//1521 1340//1523
f 1455//1637 1340//1523 1452//1634
f 1457//1639 1456//1638 1453//1635
f 1457//1639 1453//1635 1454//1636
f 1336//1518 1338//1521 1455//1637
f 1458//1640 1336//1518 1455//1637
f 1459//1641 1456//1638 1457//1639
f 1460//1642 1459//1641 1457//1639
f 1334//1517 1336//1518 1458//1640
f 1461//1643 1334//1517 1458//1640
f 1463//1645 1462//1644 1459//1641
f 1463//1645 1459//1641 1460//1642
f 1464//1646 1332//1514 1334//1517
f 1464//1646 1334//1517 1461//1643
f 1465//1647 1462//1644 1463//1645
f 1466//1648 1465//1647 1463//1645
f 1467//1649 1330//1513 1332//1514
f 1467//1649 1332//1514 1464//1646
f 1469//1651 1468//1650 1465//1647
f 1469//1651 1465//1647 1466//1648
f 1470//1652 1328//1511 1330//1513
f 1470//1652 1330//1513 1467//1649
f 1472//1654 1471//1653 1468//1650
f 1472//1654 1468//1650 1469//1651
f 1473//1655 1324//1506 1328//1511
f 1473//1655 1328//1511 1470//1652
f 1385//1566 1471//1653 1472//1654
f 1384//1569 1385//1566 1472//1654
f 1388//1571 1327//1509 1324//1506
f 1388//1571 1324//1506 1473//1655
f 1388//1571 1473//1655 1471//1653
f 1385//1566 1388//1571 1471//1653
f 1473//1655 1470//1652 1468//1650
f 1471//1653 1473//1655 1468//1650
f 1470//1652 1467//1649 1465//1647
f 1468//1650 1470//1652 1465//1647
f 1465//1647 1467//1649 1464//1646
f 1465//1647 1464//1646 1462//1644
f 1464//1646 1461//1643 1459//1641
f 1462//1644 1464//1646 1459//1641
f 1459//1641 1461//1643 1458//1640
f 1459//1641 1458//1640 1456//1638
f 1458//1640 1455//1637 1453//1635
f 1456//1638 1458//1640 1453//1635
f 1455//1637 1452//1634 1450//1632
f 1453//1635 1455//1637 1450//1632
f 1452//1634 1449//1631 1447//1629
f 1450//1632 1452//1634 1447//1629
f 1447//1629 1449//1631 1446//1628
f 1447//1629 1446//1628 1444//1626
f 1444//1626 1446//1628 1443//1625
f 1444//1626 1443//1625 1441//1623
f 1443//1625 1440//1622 1438//1620
f 1441//1623 1443//1625 1438//1620
f 1438//1620 1440//1622 1437//1619
f 1438//1620 1437//1619 1435//1617
f 1437//1619 1434//1616 1432//1614
f 1435//1617 1437//1619 1432//1614
f 1432//1614 1434//1616 1431//1613
f 1432//1614 1431//1613 1429//1611
f 1431//1613 1428//1610 1426//1608
f 1429//1611 1431//1613 1426//1608
f 1426//1608 1428//1610 1425//1607
f 1426//1608 1425//1607 1423//1605
f 1425//1607 1422//1604 1420//1602
f 1423//1605 1425//1607 1420//1602
f 1420//1602 1422//1604 1419//1601
f 1420//1602 1419//1601 1417//1599
f 1419//1601 1416//1598 1414//1596
f 1417//1599 1419//1601 1414//1596
f 1416//1598 1413//1595 1411//1593
f 1414//1596 1416//1598 1411//1593
f 1411//1593 1413//1595 1410//1592
f 1411//1593 1410//1592 1408//1590
f 1408//1590 1410//1592 1407//1589
f 1408//1590 1407//1589 1405//1587
f 1407//1589 1404//1586 1402//1584
f 1405//1587 1407//1589 1402//1584
f 1404//1586 1401//1583 1399//1581
f 1402//1584 1404//1586 1399//1581
f 1401//1583 1398//1580 1396//1578
f 1399//1581 1401//1583 1396//1578
f 1396//1578 1398//1580 1395//1577
f 1396//1578 1395//1577 1393//1575
f 1393//1575 1395//1577 1392//1574
f 1393//1575 1392//1574 1390//1572
f 1390//1572 1392//1574 1389//1570
f 1390//1572 1389//1570 1386//1567
f 1386//1567 1389//1570 1388//1571
f 1386//1567 1388//1571 1385//1566
f 1476//1658 1475//1657 1474//1656
f 1477//1659 1476//1658 1474//1656
f 1479//1661 1478//1660 1476//1658
f 1479//1661 1476//1658 1477//1659
f 1481//1663 1480//1662 1478//1660
f 1481//1663 1478//1660 1479//1661
f 1482//1664 1480//1662 1481//1663
f 1483//1665 1482//1664 1481//1663
f 1485//1667 1484//1666 1482//1664
f 1485//1667 1482//1664 1483//1665
f 1486//1668 1484//1666 1485//1667
f 1487//1669 1486//1668 1485//1667
f 1489//1671 1488//1670 1486//1668
f 1489//1671 1486//1668 1487//1669
f 1491//1673 1490//1672 1488//1670
f 1491//1673 1488//1670 1489//1671
f 1493//1675 1492//1674 1490//1672
f 1493//1675 1490//1672 1491//1673
f 1495//1677 1494//1676 1492//1674
f 1495//1677 1492//1674 1493//1675
f 1496//1678 1494//1676 1495//1677
f 1497//1679 1496//1678 1495//1677
f 1498//1680 1496//1678 1497//1679
f 1499//1681 1498//1680 1497//1679
f 1500//1682 1498//1680 1499//1681
f 1501//1683 1500//1682 1499//1681
f 1503//1685 1502//1684 1500//1682
f 1503//1685 1500//1682 1501//1683
f 1504//1686 1502//1684 1503//1685
f 1505//1687 1504//1686 1503//1685
f 1507//1689 1506//1688 1504//1686
f 1507//1689 1504//1686 1505//1687
f 1508//1690 1506//1688 1507//1689
f 1509//1691 1508//1690 1507//1689
f 1511//1693 1510//1692 1508//1690
f 1511//1693 1508//1690 1509//1691
f 1513//1695 1512//1694 1510//1692
f 1513//1695 1510//1692 1511//1693
f 1514//1696 1512//1694 1513//1695
f 1515//1697 1514//1696 1513//1695
f 1516//1698 1514//1696 1515//1697
f 1517//1699 1516//1698 1515//1697
f 1518//1700 1516//1698 1517//1699
f 1519//1701 1518//1700 1517//1699
f 1520//1702 1518//1700 1519//1701
f 1521//1703 1520//1702 1519//1701
f 1522//1704 1520//1702 1521//1703
f 1523//1705 1522//1704 1521//1703
f 1524//1706 1522//1704 1523//1705
f 1525//1707 1524//1706 1523//1705
f 1527//1709 1526//1708 1524//1706
f 1527//1709 1524//1706 1525//1707
f 1529//1711 1528//1710 1526//1708
f 1529//1711 1526//1708 1527//1709
f 1531//1713 1530//1712 1528//1710
f 1531//1713 1528//1710 1529//1711
f 1532//1714 1530//1712 1531//1713
f 1533//1715 1532//1714 1531//1713
f 1474//1656 1475//1657 1532//1714
f 1474//1656 1532//1714 1533//1715
f 1384//1569 1472//1654 1532//1714
f 1475//1657 1384//1569 1532//1714
f 1532//1714 1472//1654 1469//1651
f 1532//1714 1469//1651 1530//1712
f 1469//1651 1466//1648 1528//1710
f 1530//1712 1469//1651 1528//1710
f 1528//1710 1466//1648 1463//1645
f 1528//1710 1463//1645 1526//1708
f 1526//1708 1463//1645 1460//1642
f 1526//1708 1460//1642 1524//1706
f 1524//1706 1460//1642 1457//1639
f 1524//1706 1457//1639 1522//1704
f 1457//1639 1454//1636 1520//1702
f 1522//1704 1457//1639 1520//1702
f 1520//1702 1454//1636 1451//1633
f 1520//1702 1451//1633 1518//1700
f 1451//1633 1448//1630 1516//1698
f 1518//1700 1451//1633 1516//1698
f 1516//1698 1448//1630 1445//1627
f 1516//1698 1445//1627 1514//1696
f 1514//1696 1445//1627 1442//1624
f 1514//1696 1442//1624 1512//1694
f 1512//1694 1442//1624 1439//1621
f 1512//1694 1439//1621 1510//1692
f 1439//1621 1436//1618 1508//1690
f 1510//1692 1439//1621 1508//1690
f 1508//1690 1436//1618 1433//1615
f 1508//1690 1433//1615 1506//1688
f 1506//1688 1433//1615 1430//1612
f 1506//1688 1430//1612 1504//1686
f 1430//1612 1427//1609 1502//1684
f 1504//1686 1430//1612 1502//1684
f 1427//1609 1424//1606 1500//1682
f 1502//1684 1427//1609 1500//1682
f 1500//1682 1424//1606 1421//1603
f 1500//1682 1421//1603 1498//1680
f 1421//1603 1418//1600 1496//1678
f 1498//1680 1421//1603 1496//1678
f 1418//1600 1415//1597 1494//1676
f 1496//1678 1418//1600 1494//1676
f 1415//1597 1412//1594 1492//1674
f 1494//1676 1415//1597 1492//1674
f 1492//1674 1412//1594 1409//1591
f 1492//1674 1409//1591 1490//1672
f 1409//1591 1406//1588 1488//1670
f 1490//1672 1409//1591 1488//1670
f 1488//1670 1406//1588 1403//1585
f 1488//1670 1403//1585 1486//1668
f 1403//1585 1400//1582 1484//1666
f 1486//1668 1403//1585 1484//1666
f 1400//1582 1397//1579 1482//1664
f 1484//1666 1400//1582 1482//1664
f 1397//1579 1394//1576 1480//1662
f 1482//1664 1397//1579 1480//1662
f 1480//1662 1394//1576 1391//1573
f 1480//1662 1391//1573 1478//1660
f 1391//1573 1387//1568 1476//1658
f 1478//1660 1391//1573 1476//1658
f 1476//1658 1387//1568 1384//1569
f 1476//1658 1384//1569 1475//1657
f 1536//1718 1535//1717 1534//1716
f 1537//1719 1536//1718 1534//1716
f 1538//1720 1536//1718 1537//1719
f 1539//1721 1538//1720 1537//1719
f 1541//1723 1540//1722 1538//1720
f 1541//1723 1538//1720 1539//1721
f 1542//1724 1540//1722 1541//1723
f 1543//1725 1542//1724 1541//1723
f 1545//1727 1544//1726 1542//1724
f 1545//1727 1542//1724 1543//1725
f 1547//1729 1546//1728 1544//1726
f 1547//1729 1544//1726 1545//1727
f 1549//1731 1548//1730 1546//1728
f 1549//1731 1546//1728 1547//1729
f 1551//1733 1550//1732 1548//1730
f 1551//1733 1548//1730 1549//1731
f 1552//1734 1550//1732 1551//1733
f 1553//1735 1552//1734 1551//1733
f 1555//1737 1554//1736 1552//1734
f 1555//1737 1552//1734 1553//1735
f 1556//1738 1554//1736 1555//1737
f 1557//1739 1556//1738 1555//1737
f 1558//1740 1556//1738 1557//1739
f 1559//1741 1558//1740 1557//1739
f 1560//1742 1558//1740 1559//1741
f 1561//1743 1560//1742 1559//1741
f 1563//1745 1562//1744 1560//1742
f 1563//1745 1560//1742 1561//1743
f 1565//1747 1564//1746 1562//1744
f 1565//1747 1562//1744 1563//1745
f 1566//1748 1564//1746 1565//1747
f 1567//1749 1566//1748 1565//1747
f 1569//1751 1568//1750 1566//1748
f 1569//1751 1566//1748 1567//1749
f 1570//1752 1568//1750 1569//1751
f 1571//1753 1570//1752 1569//1751
f 1573//1755 1572//1754 1570//1752
f 1573//1755 1570//1752 1571//1753
f 1575//1757 1574//1756 1572//1754
f 1575//1757 1572//1754 1573//1755
f 1576//1758 1574//1756 1575//1757
f 1577//1759 1576//1758 1575//1757
f 1578//1760 1576//1758 1577//1759
f 1579//1761 1578//1760 1577//1759
f 1580//1762 1578//1760 1579//1761
f 1581//1763 1580//1762 1579//1761
f 1583//1765 1582//1764 1580//1762
f 1583//1765 1580//1762 1581//1763
f 1584//1766 1582//1764 1583//1765
f 1585//1767 1584//1766 1583//1765
f 1586//1768 1584//1766 1585//1767
f 1587//1769 1586//1768 1585//1767
f 1589//1771 1588//1770 1586//1768
f 1589//1771 1586//1768 1587//1769
f 1590//1772 1588//1770 1589//1771
f 1591//1773 1590//1772 1589//1771
f 1592//1774 1590//1772 1591//1773
f 1593//1775 1592//1774 1591//1773
f 1534//1716 1535//1717 1592//1774
f 1534//1716 1592//1774 1593//1775
f 1474//1656 1533//1715 1592//1774
f 1535//1717 1474//1656 1592//1774
f 1592//1774 1533//1715 1531//1713
f 1592//1774 1531//1713 1590//1772
f 1590//1772 1531//1713 1529//1711
f 1590//1772 1529//1711 1588//1770
f 1529//1711 1527//1709 1586//1768
f 1588//1770 1529//1711 1586//1768
f 1527//1709 1525//1707 1584//1766
f 1586//1768 1527//1709 1584//1766
f 1584//1766 1525//1707 1523//1705
f 1584//1766 1523//1705 1582//1764
f 1523//1705 1521//1703 1580//1762
f 1582//1764 1523//1705 1580//1762
f 1521//1703 1519//1701 1578//1760
f 1580//1762 1521//1703 1578//1760
f 1578//1760 1519//1701 1517//1699
f 1578//1760 1517//1699 1576//1758
f 1517//1699 1515//1697 1574//1756
f 1576//1758 1517//1699 1574//1756
f 1574//1756 1515//1697 1513//1695
f 1574//1756 1513//1695 1572//1754
f 1572//1754 1513//1695 1511//1693
f 1572//1754 1511//1693 1570//1752
f 1511//1693 1509//1691 1568//1750
f 1570//1752 1511//1693 1568//1750
f 1568//1750 1509//1691 1507//1689
f 1568//1750 1507//1689 1566//1748
f 1507//1689 1505//1687 1564//1746
f 1566//1748 1507//1689 1564//1746
f 1564//1746 1505//1687 1503//1685
f 1564//1746 1503//1685 1562//1744
f 1503//1685 1501//1683 1560//1742
f 1562//1744 1503//1685 1560//1742
f 1560//1742 1501//1683 1499//1681
f 1560//1742 1499//1681 1558//1740
f 1499//1681 1497//1679 1556//1738
f 1558//1740 1499//1681 1556//1738
f 1497//1679 1495//1677 1554//1736
f 1556//1738 1497//1679 1554//1736
f 1554//1736 1495//1677 1493//1675
f 1554//1736 1493//1675 1552//1734
f 1552//1734 1493//1675 1491//1673
f 1552//1734 1491//1673 1550//1732
f 1491//1673 1489//1671 1548//1730
f 1550//1732 1491//1673 1548//1730
f 1489//1671 1487//1669 1546//1728
f 1548//1730 1489//1671 1546//1728
f 1546//1728 1487//1669 1485//1667
f 1546//1728 1485//1667 1544//1726
f 1544//1726 1485//1667 1483//1665
f 1544//1726 1483//1665 1542//1724
f 1542//1724 1483//1665 1481//1663
f 1542//1724 1481//1663 1540//1722
f 1481//1663 1479//1661 1538//1720
f 1540//1722 1481//1663 1538//1720
f 1479//1661 1477//1659 1536//1718
f 1538//1720 1479//1661 1536//1718
f 1536//1718 1477//1659 1474//1656
f 1536//1718 1474//1656 1535//1717
f 1534//1716 1593//1775 1594//1776
f 1595//1777 1534//1716 1594//1776
f 1594//1776 1593//1775 1591//1773
f 1594//1776 1591//1773 1596//1778
f 1596//1778 1591//1773 1589//1771
f 1596//1778 1589//1771 1597//1779
f 1589//1771 1587//1769 1598//1780
f 1597//1779 1589//1771 1598//1780
f 1598//1780 1587//1769 1585//1767
f 1598//1780 1585//1767 1599//1781
f 1585//1767 1583//1765 1600//1782
f 1599//1781 1585//1767 1600//1782
f 1600//1782 1583//1765 1581//1763
f 1600//1782 1581//1763 1601//1783
f 1581//1763 1579//1761 1602//1784
f 1601//1783 1581//1763 1602//1784
f 1602//1784 1579//1761 1577//1759
f 1602//1784 1577//1759 1603//1785
f 1577//1759 1575//1757 1604//1786
f 1603//1785 1577//1759 1604//1786
f 1604//1786 1575//1757 1573//1755
f 1604//1786 1573//1755 1605//1787
f 1573//1755 1571//1753 1606//1788
f 1605//1787 1573//1755 1606//1788
f 1606//1788 1571//1753 1569//1751
f 1606//1788 1569//1751 1607//1789
f 1569//1751 1567//1749 1608//1790
f 1607//1789 1569//1751 1608//1790
f 1567//1749 1565//1747 1609//1791
f 1608//1790 1567//1749 1609//1791
f 1609//1791 1565//1747 1563//1745
f 1609//1791 1563//1745 1610//1792
f 1610//1792 1563//1745 1561//1743
f 1610//1792 1561//1743 1611//1793
f 1561//1743 1559//1741 1612//1794
f 1611//1793 1561//1743 1612//1794
f 1612//1794 1559//1741 1557//1739
f 1612//1794 1557//1739 1613//1795
f 1557//1739 1555//1737 1614//1796
f 1613//1795 1557//1739 1614//1796
f 1614//1796 1555//1737 1553//1735
f 1614//1796 1553//1735 1615//1797
f 1553//1735 1551//1733 1616//1798
f 1615//1797 1553//1735 1616//1798
f 1616//1798 1551//1733 1549//1731
f 1616//1798 1549//1731 1617//1799
f 1549//1731 1547//1729 1618//1800
f 1617//1799 1549//1731 1618//1800
f 1618//1800 1547//1729 1545//1727
f 1618//1800 1545//1727 1619//1801
f 1545//1727 1543//1725 1620//1802
f 1619//1801 1545//1727 1620//1802
f 1620//1802 1543//1725 1541//1723
f 1620//1802 1541//1723 1621//1803
f 1621//1803 1541//1723 1539//1721
f 1621//1803 1539//1721 1622//1804
f 1539//1721 1537//1719 1623//1805
f 1622//1804 1539//1721 1623//1805
f 1623//1805 1537//1719 1534//1716
f 1623//1805 1534//1716 1595//1777
f 1624//1806 1623//1805 1595//1777
f 1624//1806 1622//1804 1623//1805
f 1624//1806 1621//1803 1622//1804
f 1624//1806 1620//1802 1621//1803
f 1624//1806 1619//1801 1620//1802
f 1624//1806 1618//1800 1619//1801
f 1624//1806 1617//1799 1618//1800
f 1624//1806 1616//1798 1617//1799
f 1624//1806 1615//1797 1616//1798
f 1624//1806 1614//1796 1615//1797
f 1624//1806 1613//1795 1614//1796
f 1624//1806 1612//1794 1613//1795
f 1624//1806 1611//1793 1612//1794
f 1624//1806 1610//1792 1611//1793
f 1624//1806 1609//1791 1610//1792
f 1624//1806 1608//1790 1609//1791
f 1624//1806 1607//1789 1608//1790
f 1624//1806 1606//1788 1607//1789
f 1624//1806 1605//1787 1606//1788
f 1624//1806 1604//1786 1605//1787
f 1624//1806 1603//1785 1604//1786
f 1624//1806 1602//1784 1603//1785
f 1624//1806 1601//1783 1602//1784
f 1624//1806 1600//1782 1601//1783
f 1624//1806 1599//1781 1600//1782
f 1624//1806 1598//1780 1599//1781
f 1624//1806 1597//1779 1598//1780
f 1624//1806 1596//1778 1597//1779
f 1624//1806 1594//1776 1596//1778
f 1624//1806 1595//1777 1594//1776
f 796//827 1301//1461 1343//1525
f 1343//1525 1625//1807 796//827
f 1341//1522 1300//1459 795//823
f 1341//1522 795//823 1626//1808
f 797//830 1303//1465 1347//1528
f 1347//1528 1627//1809 797//830
f 1345//1527 1302//1463 794//820
f 1345//1527 794//820 1628//1810
f 798//833 1305//1469 1351//1533
f 1351//1533 1629//1811 798//833
f 1349//1530 1304//1467 793//817
f 1349//1530 793//817 1630//1812
f 799//836 1307//1473 1355//1537
f 1355//1537 1631//1813 799//836
f 1353//1534 1306//1471 792//814
f 1353//1534 792//814 1632//1814
f 800//839 1309//1477 1359//1541
f 1359//1541 1633//1815 800//839
f 1357//1538 1308//1475 791//811
f 1357//1538 791//811 1634//1816
f 801//842 1311//1481 1363//1544
f 1363//1544 1635//1817 801//842
f 1361//1542 1310//1479 790//808
f 1361//1542 790//808 1636//1818
f 802//845 1313//1485 1367//1549
f 1367//1549 1637//1819 802//845
f 1365//1547 1312//1483 789//805
f 1365//1547 789//805 1638//1820
f 803//848 1315//1489 1371//1553
f 1371//1553 1639//1821 803//848
f 1369//1550 1314//1487 788//802
f 1369//1550 788//802 1640//1822
f 804//851 1317//1493 1375//1556
f 1375//1556 1641//1823 804//851
f 1373//1555 1316//1491 787//799
f 1373//1555 787//799 1642//1824
f 805//854 1319//1497 1379//1561
f 1379//1561 1643//1825 805//854
f 1377//1559 1318//1495 786//796
f 1377//1559 786//796 1644//1826
f 806//857 1321//1501 1383//1565
f 1383//1565 1645//1827 806//857
f 1381//1563 1320//1499 785//793
f 1381//1563 785//793 1646//1828
f 807//860 1292//1445 1325//1507
f 1325//1507 1322//1502 807//860
f 1326//1508 1293//1444 784//790
f 1326//1508 784//790 1323//1504
f 808//863 1295//1449 1331//1512
f 1331//1512 1647//1829 808//863
f 1329//1510 1294//1447 783//787
f 1329//1510 783//787 1648//1830
f 809//866 1297//1453 1335//1516
f 1335//1516 1649//1831 809//866
f 1333//1515 1296//1451 782//784
f 1333//1515 782//784 1650//1832
f 810//869 1299//1457 1339//1520
f 1339//1520 1651//1833 810//869
f 1337//1519 1298//1455 781//781
f 1337//1519 781//781 1652//1834
f 1383//1565 1321//1501 1293//1444
f 1383//1565 1293//1444 1326//1508
f 1379//1561 1319//1497 1320//1499
f 1379//1561 1320//1499 1381//1563
f 1375//1556 1317//1493 1318//1495
f 1375//1556 1318//1495 1377//1559
f 1315//1489 1316//1491 1373//1555
f 1371//1553 1315//1489 1373//1555
f 1367//1549 1313//1485 1314//1487
f 1367//1549 1314//1487 1369//1550
f 1311//1481 1312//1483 1365//1547
f 1363//1544 1311//1481 1365//1547
f 1359//1541 1309//1477 1310//1479
f 1359//1541 1310//1479 1361//1542
f 1307//1473 1308//1475 1357//1538
f 1355//1537 1307//1473 1357//1538
f 1351//1533 1305//1469 1306//1471
f 1351//1533 1306//1471 1353//1534
f 1347//1528 1303//1465 1304//1467
f 1347//1528 1304//1467 1349//1530
f 1343//1525 1301//1461 1302//1463
f 1343//1525 1302//1463 1345//1527
f 1299//1457 1300//1459 1341//1522
f 1339//1520 1299//1457 1341//1522
f 1297//1453 1298//1455 1337//1519
f 1335//1516 1297//1453 1337//1519
f 1295//1449 1296//1451 1333//1515
f 1331//1512 1295//1449 1333//1515
f 1292//1445 1294//1447 1329//1510
f 1325//1507 1292//1445 1329//1510
f 1651//1833 1339//1520 1337//1519
f 1337//1519 1652//1834 1651//1833
f 1298//1455 1299//1457 810//869
f 1298//1455 810//869 781//781
f 1649//1831 1335//1516 1333//1515
f 1333//1515 1650//1832 1649//1831
f 1296//1451 1297//1453 809//866
f 1296//1451 809//866 782//784
f 1331//1512 1329//1510 1648//1830
f 1331//1512 1648//1830 1647//1829
f 1294//1447 1295//1449 808//863
f 1294//1447 808//863 783//787
f 1325//1507 1326//1508 1323//1504
f 1325//1507 1323//1504 1322//1502
f 784//790 1293//1444 1292//1445
f 1292//1445 807//860 784//790
f 1383//1565 1381//1563 1646//1828
f 1383//1565 1646//1828 1645//1827
f 1320//1499 1321//1501 806//857
f 1320//1499 806//857 785//793
f 1379//1561 1377//1559 1644//1826
f 1379//1561 1644//1826 1643//1825
f 1318//1495 1319//1497 805//854
f 1318//1495 805//854 786//796
f 1375//1556 1373//1555 1642//1824
f 1375//1556 1642//1824 1641//1823
f 787//799 1316//1491 1317//1493
f 1317//1493 804//851 787//799
f 1371//1553 1369//1550 1640//1822
f 1371//1553 1640//1822 1639//1821
f 788//802 1314//1487 1315//1489
f 1315//1489 803//848 788//802
f 1637//1819 1367//1549 1365//1547
f 1365//1547 1638//1820 1637//1819
f 1312//1483 1313//1485 802//845
f 1312//1483 802//845 789//805
f 1363//1544 1361//1542 1636//1818
f 1363//1544 1636//1818 1635//1817
f 790//808 1310//1479 1311//1481
f 1311//1481 801//842 790//808
f 1633//1815 1359//1541 1357//1538
f 1357//1538 1634//1816 1633//1815
f 791//811 1308//1475 1309//1477
f 1309//1477 800//839 791//811
f 1355//1537 1353//1534 1632//1814
f 1355//1537 1632//1814 1631//1813
f 792//814 1306//1471 1307//1473
f 1307//1473 799//836 792//814
f 1351//1533 1349//1530 1630//1812
f 1351//1533 1630//1812 1629//1811
f 793//817 1304//1467 1305//1469
f 1305//1469 798//833 793//817
f 1627//1809 1347//1528 1345//1527
f 1345//1527 1628//1810 1627//1809
f 794//820 1302//1463 1303//1465
f 1303//1465 797//830 794//820
f 1343//1525 1341//1522 1626//1808
f 1343//1525 1626//1808 1625//1807
f 795//823 1300//1459 1301//1461
f 1301//1461 796//827 795//823
f 22//862 808//863 1647//1829
f 1647//1829 38//1835 22//862
f 1648//1830 783//787 35//788
f 1648//1830 35//788 36//1836
f 783//787 808//863 23//864
f 783//787 23//864 33//789
f 42//865 809//866 1649//1831
f 1649//1831 58//1837 42//865
f 1650//1832 782//784 55//785
f 1650//1832 55//785 56//1838
f 782//784 809//866 43//867
f 782//784 43//867 53//786
f 62//868 810//869 1651//1833
f 1651//1833 78//1839 62//868
f 1652//1834 781//781 75//782
f 1652//1834 75//782 76//1840
f 781//781 810//869 63//870
f 781//781 63//870 73//783
f 82//826 796//827 1625//1807
f 1625//1807 98//1841 82//826
f 1626//1808 795//823 95//824
f 1626//1808 95//824 96//1842
f 795//823 796//827 83//828
f 795//823 83//828 93//825
f 102//829 797//830 1627//1809
f 1627//1809 118//1843 102//829
f 1628//1810 794//820 115//821
f 1628//1810 115//821 116//1844
f 794//820 797//830 103//831
f 794//820 103//831 113//822
f 122//832 798//833 1629//1811
f 1629//1811 138//1845 122//832
f 1630//1812 793//817 135//818
f 1630//1812 135//818 136//1846
f 793//817 798//833 123//834
f 793//817 123//834 133//819
f 142//835 799//836 1631//1813
f 1631//1813 158//1847 142//835
f 1632//1814 792//814 155//815
f 1632//1814 155//815 156//1848
f 792//814 799//836 143//837
f 792//814 143//837 153//816
f 162//838 800//839 1633//1815
f 1633//1815 178//1849 162//838
f 1634//1816 791//811 175//812
f 1634//1816 175//812 176//1850
f 791//811 800//839 163//840
f 791//811 163//840 173//813
f 182//841 801//842 1635//1817
f 1635//1817 198//1851 182//841
f 1636//1818 790//808 195//809
f 1636//1818 195//809 196//1852
f 193//810 790//808 801//842
f 801//842 183//843 193//810
f 202//844 802//845 1637//1819
f 1637//1819 218//1853 202//844
f 1638//1820 789//805 215//806
f 1638//1820 215//806 216//1854
f 789//805 802//845 203//846
f 789//805 203//846 213//807
f 222//847 803//848 1639//1821
f 1639//1821 238//1855 222//847
f 1640//1822 788//802 235//803
f 1640//1822 235//803 236//1856
f 788//802 803//848 223//849
f 788//802 223//849 233//804
f 242//850 804//851 1641//1823
f 1641//1823 258//1857 242//850
f 1642//1824 787//799 255//800
f 1642//1824 255//800 256//1858
f 787//799 804//851 243//852
f 787//799 243//852 253//801
f 262//853 805//854 1643//1825
f 1643//1825 278//1859 262//853
f 1644//1826 786//796 275//797
f 1644//1826 275//797 276//1860
f 273//798 786//796 805//854
f 805//854 263//855 273//798
f 282//856 806//857 1645//1827
f 1645//1827 298//1861 282//856
f 1646//1828 785//793 295//794
f 1646//1828 295//794 296//1862
f 293//795 785//793 806//857
f 806//857 283//858 293//795
f 100//1863 1625//1807 1626//1808
f 1626//1808 99//1864 100//1863
f 100//1863 98//1841 1625//1807
f 96//1842 99//1864 1626//1808
f 120//1865 1627//1809 1628//1810
f 1628//1810 119//1866 120//1865
f 120//1865 118//1843 1627//1809
f 116//1844 119//1866 1628//1810
f 140//1867 1629//1811 1630//1812
f 1630//1812 139//1868 140//1867
f 140//1867 138//1845 1629//1811
f 136//1846 139//1868 1630//1812
f 160//1869 1631//1813 1632//1814
f 1632//1814 159//1870 160//1869
f 160//1869 158//1847 1631//1813
f 156//1848 159//1870 1632//1814
f 180//1871 1633//1815 1634//1816
f 1634//1816 179//1872 180//1871
f 180//1871 178//1849 1633//1815
f 176//1850 179//1872 1634//1816
f 1635//1817 1636//1818 199//1873
f 1635//1817 199//1873 200//1874
f 200//1874 198//1851 1635//1817
f 196//1852 199//1873 1636//1818
f 220//1875 1637//1819 1638//1820
f 1638//1820 219//1876 220//1875
f 220//1875 218//1853 1637//1819
f 216//1854 219//1876 1638//1820
f 240//1877 1639//1821 1640//1822
f 1640//1822 239//1878 240//1877
f 240//1877 238//1855 1639//1821
f 236//1856 239//1878 1640//1822
f 260//1879 1641//1823 1642//1824
f 1642//1824 259//1880 260//1879
f 260//1879 258//1857 1641//1823
f 256//1858 259//1880 1642//1824
f 280//1881 1643//1825 1644//1826
f 1644//1826 279//1882 280//1881
f 280//1881 278//1859 1643//1825
f 276//1860 279//1882 1644//1826
f 300//1883 1645//1827 1646//1828
f 1646//1828 299//1884 300//1883
f 300//1883 298//1861 1645//1827
f 296//1862 299//1884 1646//1828
f 1322//1502 1323//1504 19//1885
f 1322//1502 19//1885 20//1886
f 20//1886 18//1503 1322//1502
f 16//1505 19//1885 1323//1504
f 40//1887 1647//1829 1648//1830
f 1648//1830 39//1888 40//1887
f 40//1887 38//1835 1647//1829
f 36//1836 39//1888 1648//1830
f 1649//1831 1650//1832 59//1889
f 1649//1831 59//1889 60//1890
f 60//1890 58//1837 1649//1831
f 56//1838 59//1889 1650//1832
f 80//1891 1651//1833 1652//1834
f 1652//1834 79//1892 80//1891
f 80//1891 78//1839 1651//1833
f 76//1840 79//1892 1652//1834
