# Humvee RL wheel, origin at the hub
mtllib Humvee.mtl
v -6.515999 1.594642 -12.693069
v -5.430496 1.594642 -12.693054
v -5.530701 2.242358 -13.261894
v -6.415756 2.242358 -13.261932
v -6.415756 0.563918 -13.438370
v -5.530701 0.563918 -13.438332
v -5.430496 1.079198 -12.747192
v -6.515999 1.079198 -12.747215
v -6.403641 1.211639 -14.644417
v -5.542717 1.211639 -14.644394
v -5.530678 0.563918 -14.075470
v -6.415741 0.563918 -14.075508
v -6.952980 1.139339 -13.319511
v -6.952957 1.099618 -14.117508
v -6.952957 1.859538 -14.037628
v -6.952980 1.654800 -13.265350
v -6.415741 2.374820 -13.885193
v -5.530678 2.374820 -13.885178
v -6.403641 1.859538 -14.576309
v -5.542717 1.859538 -14.576294
v -6.516037 6.619418 -10.947113
v -5.430542 6.619418 -10.947098
v -5.530762 7.442519 -11.203354
v -6.415817 7.442538 -11.203331
v -6.415802 5.980960 -12.047165
v -5.530739 5.980960 -12.047127
v -5.430542 6.170581 -11.206192
v -6.516037 6.170581 -11.206238
v -6.403702 7.063220 -12.885574
v -5.542778 7.063220 -12.885551
v -5.530724 6.240119 -12.629250
v -6.415779 6.240119 -12.629272
v -6.953018 6.458301 -11.704590
v -6.953003 6.746600 -12.449753
v -6.953018 7.408321 -12.067711
v -6.953041 6.907142 -11.445412
v -6.415802 7.817039 -11.718834
v -5.530739 7.817039 -11.718788
v -6.403702 7.627418 -12.559814
v -5.542778 7.627418 -12.559799
v -6.516136 10.499637 -7.308334
v -5.430641 10.499637 -7.308311
v -5.530861 11.355819 -7.207611
v -6.415924 11.355819 -7.207634
v -6.415878 10.363841 -8.572990
v -5.530823 10.363841 -8.572952
v -5.430618 10.195022 -7.727592
v -6.516121 10.195022 -7.727615
v -6.403801 11.693519 -8.898689
v -5.542877 11.693519 -8.898666
v -5.530823 10.837340 -8.999313
v -6.415878 10.837340 -8.999352
v -6.953117 10.660560 -8.065895
v -6.953102 11.227019 -8.629333
v -6.953117 11.676120 -8.011154
v -6.953140 10.965179 -7.646553
v -6.415924 11.907619 -7.526192
v -5.530861 11.907619 -7.526154
v -6.403801 12.076438 -8.371651
v -5.542877 12.076438 -8.371628
v -6.516258 12.564399 -2.405914
v -5.430763 12.564399 -2.405891
v -5.530998 13.305598 -1.965714
v -6.416061 13.305598 -1.965736
v -6.416023 12.954700 -3.616470
v -5.530960 12.954700 -3.616432
v -5.430763 12.456638 -2.912827
v -6.516258 12.456638 -2.912857
v -6.403938 14.301898 -3.373177
v -5.543015 14.301898 -3.373154
v -5.530937 13.560680 -3.813370
v -6.416000 13.560680 -3.813393
v -6.953262 13.019481 -3.032555
v -6.953239 13.766177 -3.316872
v -6.953262 13.925040 -2.569511
v -6.953262 13.127238 -2.525551
v -6.416061 13.939281 -2.032310
v -5.530998 13.939281 -2.032272
v -6.403961 14.437339 -2.735931
v -5.543045 14.437339 -2.735909
v -6.516403 12.456638 2.912445
v -5.430901 12.456638 2.912460
v -5.531143 12.954700 3.616150
v -6.416199 12.954700 3.616104
v -6.416161 13.305598 1.965332
v -5.531105 13.305598 1.965370
v -5.430901 12.564399 2.405563
v -6.516403 12.564399 2.405548
v -6.404099 14.437339 2.735565
v -5.543182 14.437339 2.735588
v -5.531105 13.939281 2.031944
v -6.416161 13.939281 2.031929
v -6.953400 13.127238 2.525146
v -6.953400 13.925040 2.569115
v -6.953423 13.766177 3.316490
v -6.953423 13.019481 3.032127
v -6.416199 13.560680 3.813026
v -5.531143 13.560680 3.813049
v -6.404121 14.301898 3.372810
v -5.543198 14.301898 3.372833
v -6.516541 10.195022 7.727249
v -5.431038 10.195022 7.727287
v -5.531281 10.363841 8.572647
v -6.416344 10.363841 8.572624
v -6.416298 11.355819 7.207268
v -5.531242 11.355819 7.207291
v -5.431015 10.499637 7.307968
v -6.516518 10.499637 7.307945
v -6.404259 12.076438 8.371246
v -5.543335 12.076438 8.371269
v -5.531242 11.907619 7.525841
v -6.416298 11.907619 7.525826
v -6.953537 10.965179 7.646172
v -6.953537 11.676120 8.010765
v -6.953560 11.227019 8.628929
v -6.953537 10.660560 8.065491
v -6.416344 10.837340 8.998947
v -5.531281 10.837340 8.998962
v -6.404259 11.693519 8.898285
v -5.543335 11.693519 8.898308
v -6.516617 6.170581 11.205841
v -5.431122 6.170581 11.205872
v -5.531357 5.980960 12.046867
v -6.416420 5.980960 12.046829
v -6.416397 7.442538 11.202965
v -5.531342 7.442538 11.202995
v -5.431122 6.619418 10.946785
v -6.516617 6.619418 10.946747
v -6.404358 7.627418 12.559448
v -5.543434 7.627418 12.559471
v -5.531357 7.817039 11.718475
v -6.416420 7.817039 11.718445
v -6.953644 6.907142 11.445007
v -6.953659 7.408321 12.067307
v -6.953659 6.746600 12.449371
v -6.953644 6.458301 11.704170
v -6.416443 6.240119 12.628906
v -5.531380 6.240119 12.628929
v -6.404381 7.063220 12.885170
v -5.543465 7.063220 12.885185
v -6.516655 1.079198 12.746849
v -5.431160 1.079198 12.746864
v -5.531395 0.563918 13.437988
v -6.416458 0.563918 13.437965
v -6.416458 2.242358 13.261566
v -5.531395 2.242358 13.261581
v -5.431160 1.594642 12.692711
v -6.516655 1.594642 12.692673
v -6.404419 1.859538 14.575928
v -5.543503 1.859538 14.575951
v -5.531418 2.374820 13.884865
v -6.416481 2.374820 13.884827
v -6.953682 1.654800 13.264969
v -6.953697 1.859538 14.037224
v -6.953697 1.099618 14.117104
v -6.953682 1.139339 13.319130
v -6.416481 0.563918 14.075127
v -5.531418 0.563918 14.075142
v -6.404419 1.211639 14.644028
v -5.543503 1.211639 14.644051
v -6.516640 -4.198781 12.083748
v -5.431137 -4.198781 12.083771
v -5.531380 -4.950620 12.505585
v -6.416443 -4.950620 12.505569
v -6.416458 -3.345540 13.027084
v -5.531395 -3.345540 13.027107
v -5.431160 -3.705882 12.243950
v -6.516655 -3.705882 12.243927
v -6.404404 -4.229861 14.072128
v -5.543480 -4.229861 14.072151
v -5.531418 -3.478021 13.650352
v -6.416458 -3.478021 13.650314
v -6.953659 -3.883702 12.791168
v -6.953682 -4.010760 13.580009
v -6.953682 -4.737462 13.343864
v -6.953659 -4.376620 12.630989
v -6.416458 -5.209781 13.087624
v -5.531395 -5.209781 13.087646
v -6.404404 -4.849461 13.870827
v -5.543480 -4.849461 13.870850
v -6.516579 -8.750762 9.331207
v -5.431084 -8.750762 9.331223
v -5.531303 -9.609181 9.410789
v -6.416359 -9.609181 9.410751
v -6.416382 -8.354979 10.540047
v -5.531342 -8.354979 10.540062
v -5.431084 -8.365620 9.678070
v -6.516579 -8.365620 9.678047
v -6.404320 -9.587899 11.135071
v -5.543396 -9.587899 11.135094
v -5.531342 -8.729499 11.055542
v -6.416397 -8.729499 11.055527
v -6.953598 -8.750640 10.105629
v -6.953621 -9.187581 10.774628
v -6.953598 -9.755402 10.263329
v -6.953575 -9.135800 9.758873
v -6.416359 -10.082662 9.837128
v -5.531319 -10.082662 9.837166
v -6.404320 -10.072041 10.699127
v -5.543396 -10.072041 10.699150
v -6.516464 -11.789662 4.965248
v -5.430962 -11.789662 4.965263
v -5.531181 -12.606179 4.688789
v -6.416237 -12.606179 4.688766
v -6.416275 -11.919743 6.230522
v -5.531219 -11.919743 6.230545
v -5.430977 -11.578862 5.438728
v -6.516479 -11.578862 5.438705
v -6.404198 -13.288079 6.272629
v -5.543282 -13.288079 6.272652
v -5.531219 -12.471562 6.549149
v -6.416275 -12.471562 6.549126
v -6.953476 -12.104541 5.672768
v -6.953499 -12.775781 6.106125
v -6.953476 -13.086558 5.408150
v -6.953461 -12.315341 5.199287
v -6.416237 -13.212182 4.885643
v -5.531181 -13.212182 4.885674
v -6.404182 -13.553063 5.677452
v -5.543259 -13.553063 5.677467
v -6.516319 -12.790000 -0.259315
v -5.430817 -12.790000 -0.259293
v -5.531036 -13.423501 -0.844009
v -6.416077 -13.423501 -0.844032
v -6.416138 -13.423501 0.843666
v -5.531075 -13.423501 0.843689
v -5.430840 -12.790000 0.258987
v -6.516335 -12.790000 0.258949
v -6.404037 -14.690638 0.325546
v -5.543121 -14.690638 0.325562
v -5.531075 -14.057179 0.910255
v -6.416138 -14.057179 0.910225
v -6.953339 -13.365441 0.258949
v -6.953339 -14.154921 0.381866
v -6.953323 -14.154921 -0.382256
v -6.953323 -13.365441 -0.259331
v -6.416077 -14.057179 -0.910637
v -5.531021 -14.057179 -0.910614
v -6.404022 -14.690638 -0.325912
v -5.543098 -14.690638 -0.325890
v -6.516182 -11.578862 -5.439095
v -5.430679 -11.578862 -5.439072
v -5.530876 -11.919743 -6.230873
v -6.415939 -11.919743 -6.230911
v -6.415977 -12.606179 -4.689133
v -5.530937 -12.606179 -4.689110
v -5.430702 -11.789662 -4.965591
v -6.516197 -11.789662 -4.965614
v -6.403877 -13.553063 -5.677834
v -5.542961 -13.553063 -5.677818
v -5.530922 -13.212182 -4.885986
v -6.415977 -13.212182 -4.886040
v -6.953201 -12.315341 -5.199692
v -6.953201 -13.086558 -5.408516
v -6.953178 -12.775781 -6.106529
v -6.953178 -12.104541 -5.673149
v -6.415939 -12.471562 -6.549492
v -5.530876 -12.471562 -6.549477
v -6.403862 -13.288079 -6.272995
v -5.542938 -13.288079 -6.272972
v -6.516083 -8.365620 -9.678413
v -5.430580 -8.365620 -9.678391
v -5.530777 -8.354979 -10.540390
v -6.415840 -8.354979 -10.540428
v -6.415855 -9.609181 -9.411156
v -5.530800 -9.609181 -9.411133
v -5.430580 -8.750762 -9.331573
v -6.516083 -8.750762 -9.331612
v -6.403740 -10.072041 -10.699509
v -5.542816 -10.072041 -10.699493
v -5.530800 -10.082662 -9.837479
v -6.415840 -10.082662 -9.837494
v -6.953079 -9.135800 -9.759293
v -6.953056 -9.755402 -10.263710
v -6.953041 -9.187581 -10.775017
v -6.953056 -8.750640 -10.106033
v -6.415817 -8.729499 -11.055893
v -5.530762 -8.729499 -11.055855
v -6.403740 -9.587899 -11.135406
v -5.542816 -9.587899 -11.135391
v -6.515999 -3.705882 -12.244293
v -5.430496 -3.705882 -12.244270
v -5.530724 -3.345540 -13.027412
v -6.415756 -3.345540 -13.027451
v -6.415779 -4.950620 -12.505951
v -5.530724 -4.950620 -12.505936
v -5.430519 -4.198781 -12.084114
v -6.516022 -4.198781 -12.084129
v -6.403664 -4.849461 -13.871193
v -5.542740 -4.849461 -13.871178
v -5.530701 -5.209781 -13.087967
v -6.415756 -5.209781 -13.088005
v -6.953003 -4.376620 -12.631409
v -6.952980 -4.737462 -13.344254
v -6.952980 -4.010760 -13.580391
v -6.953003 -3.883702 -12.791550
v -6.415741 -3.478021 -13.650696
v -5.530701 -3.478021 -13.650673
v -6.403664 -4.229861 -14.072495
v -5.542740 -4.229861 -14.072479
v 8.799419 -0.000001 -31.692017
v 8.989639 -0.000001 -30.564209
v 8.989620 -6.354701 -29.896225
v 8.799400 -6.589181 -30.999496
v 9.655441 -0.000001 -29.661896
v 10.606598 -0.000001 -27.970154
v 10.606579 -5.815362 -27.358917
v 9.655441 -6.167119 -29.013687
v 11.082100 -0.000001 -24.135452
v 11.082039 -0.000001 -21.992554
v 11.082039 -4.572560 -21.511993
v 11.082100 -5.018100 -23.608002
v 8.989563 -12.431661 -27.921768
v 8.799343 -12.890403 -28.952072
v 10.606541 -11.376582 -25.551926
v 9.655380 -12.064683 -27.097473
v 11.082001 -8.945281 -20.091187
v 11.082039 -9.816901 -22.048843
v 8.989483 -17.965299 -24.726929
v 8.799263 -18.628240 -25.639359
v 10.606461 -16.440578 -22.628235
v 9.655300 -17.434960 -23.996918
v 11.081940 -12.927062 -17.792313
v 11.081982 -14.186622 -19.525925
v 8.989361 -22.713781 -20.451370
v 8.799141 -23.551923 -21.206039
v 10.606361 -20.786038 -18.715591
v 9.655178 -22.043262 -19.847610
v 11.081863 -16.343861 -14.715797
v 11.081902 -17.936340 -16.149673
v 8.989239 -26.469542 -15.281990
v 8.799000 -27.446281 -15.845894
v 10.606239 -24.223062 -13.984947
v 9.655060 -25.688163 -14.830849
v 11.081760 -19.046341 -10.996132
v 11.081779 -20.902139 -12.067596
v 8.989082 -29.068462 -9.444733
v 8.798843 -30.141102 -9.793213
v 10.606102 -26.601402 -8.643059
v 9.654900 -28.210341 -9.165909
v 11.081642 -20.916420 -6.795914
v 11.081661 -22.954441 -7.458099
v 8.988918 -30.396959 -3.194626
v 8.798679 -31.518623 -3.312531
v 10.605942 -27.817141 -2.923431
v 9.654739 -29.499642 -3.100311
v 11.081520 -21.872359 -2.298615
v 11.081543 -24.003502 -2.522614
v 8.988743 -30.396959 3.195045
v 8.798500 -31.518623 3.312950
v 10.605778 -27.817141 2.923943
v 9.654579 -29.499642 3.100769
v 11.081398 -21.872359 2.299149
v 11.081398 -24.003502 2.523125
v 8.988579 -29.068462 9.445152
v 8.798340 -30.141102 9.793655
v 10.605640 -26.601402 8.643585
v 9.654423 -28.210341 9.166344
v 11.081280 -20.916420 6.796425
v 11.081280 -22.954441 7.458611
v 8.988419 -26.469542 15.282433
v 8.798161 -27.446281 15.846306
v 10.605503 -24.223062 13.985420
v 9.654278 -25.688163 14.831306
v 11.081181 -19.046341 10.996666
v 11.081161 -20.902139 12.068146
v 8.988300 -22.713781 20.451828
v 8.798042 -23.551923 21.206444
v 10.605381 -20.786038 18.716103
v 9.654140 -22.043262 19.848068
v 11.081081 -16.343861 14.716347
v 11.081043 -17.936340 16.150223
v 8.988178 -17.965299 24.727325
v 8.797920 -18.628240 25.639771
v 10.605282 -16.440578 22.628746
v 9.654041 -17.434960 23.997391
v 11.080997 -12.927062 17.792847
v 11.080959 -14.186622 19.526489
v 8.988098 -12.431661 27.922211
v 8.797821 -12.890403 28.952515
v 10.605202 -11.376582 25.552475
v 9.653957 -12.064683 27.097946
v 11.080940 -8.945281 20.091721
v 11.080879 -9.816901 22.049370
v 8.988041 -6.354701 29.896729
v 8.797779 -6.589181 30.999886
v 10.605141 -5.815362 27.359428
v 9.653900 -6.167119 29.014183
v 11.080898 -4.572560 21.512527
v 11.080841 -5.018100 23.608604
v 8.988022 -0.000001 30.564606
v 8.797760 -0.000001 31.692444
v 10.605122 -0.000001 27.970627
v 9.653881 -0.000001 29.662369
v 11.080879 -0.000001 21.993111
v 11.080841 -0.000001 24.135986
v 8.988041 6.354701 29.896729
v 8.797779 6.589179 30.999886
v 10.605141 5.815360 27.359428
v 9.653900 6.167098 29.014183
v 11.080898 4.572559 21.512527
v 11.080841 5.018100 23.608604
v 8.988098 12.431659 27.922211
v 8.797821 12.890380 28.952515
v 10.605202 11.376578 25.552475
v 9.653957 12.064658 27.097946
v 11.080940 8.945281 20.091721
v 11.080879 9.816878 22.049370
v 8.988178 17.965301 24.727325
v 8.797920 18.628219 25.639771
v 10.605282 16.440559 22.628746
v 9.654041 17.434959 23.997391
v 11.080997 12.927058 17.792847
v 11.080959 14.186618 19.526489
v 8.988300 22.713779 20.451828
v 8.798042 23.551921 21.206444
v 10.605381 20.786040 18.716103
v 9.654140 22.043258 19.848068
v 11.081081 16.343860 14.716347
v 11.081043 17.936339 16.150223
v 8.988419 26.469539 15.282433
v 8.798161 27.446281 15.846306
v 10.605503 24.223060 13.985420
v 9.654278 25.688159 14.831306
v 11.081181 19.046340 10.996666
v 11.081161 20.902141 12.068146
v 8.988579 29.068458 9.445152
v 8.798340 30.141101 9.793655
v 10.605640 26.601398 8.643585
v 9.654423 28.210338 9.166344
v 11.081280 20.916419 6.796425
v 11.081280 22.954440 7.458611
v 8.988743 30.396960 3.195045
v 8.798500 31.518619 3.312950
v 10.605778 27.817138 2.923943
v 9.654579 29.499641 3.100769
v 11.081398 21.872340 2.299149
v 11.081398 24.003501 2.523125
v 8.988918 30.396960 -3.194626
v 8.798679 31.518619 -3.312531
v 10.605942 27.817138 -2.923431
v 9.654739 29.499641 -3.100311
v 11.081520 21.872340 -2.298615
v 11.081543 24.003501 -2.522614
v 8.989082 29.068458 -9.444733
v 8.798843 30.141101 -9.793213
v 10.606102 26.601398 -8.643059
v 9.654900 28.210338 -9.165909
v 11.081642 20.916419 -6.795914
v 11.081661 22.954440 -7.458099
v 8.989239 26.469539 -15.281990
v 8.799000 27.446281 -15.845894
v 10.606239 24.223060 -13.984947
v 9.655060 25.688159 -14.830849
v 11.081760 19.046340 -10.996132
v 11.081779 20.902141 -12.067596
v 8.989361 22.713779 -20.451370
v 8.799141 23.551921 -21.206039
v 10.606361 20.786040 -18.715591
v 9.655178 22.043258 -19.847610
v 11.081863 16.343860 -14.715797
v 11.081902 17.936339 -16.149673
v 8.989483 17.965301 -24.726929
v 8.799263 18.628219 -25.639359
v 10.606461 16.440559 -22.628235
v 9.655300 17.434959 -23.996918
v 11.081940 12.927058 -17.792313
v 11.081982 14.186618 -19.525925
v 8.989563 12.431659 -27.921768
v 8.799343 12.890380 -28.952072
v 10.606541 11.376578 -25.551926
v 9.655380 12.064658 -27.097473
v 11.082001 8.945281 -20.091187
v 11.082039 9.816878 -22.048843
v 8.989620 6.354701 -29.896225
v 8.799400 6.589179 -30.999496
v 10.606579 5.815360 -27.358917
v 9.655441 6.167098 -29.013687
v 11.082039 4.572559 -21.511993
v 11.082100 5.018100 -23.608002
v 10.511242 3.939441 -18.533356
v 10.511242 -0.000001 -18.947388
v 10.511204 7.706699 -17.309311
v 10.511139 11.137160 -15.328735
v 10.511078 14.080859 -12.678215
v 10.511002 16.409160 -9.473572
v 10.510902 18.020301 -5.854912
v 10.510803 18.843860 -1.980293
v 10.510700 18.843860 1.980850
v 10.510601 18.020301 5.855385
v 10.510502 16.409160 9.474083
v 10.510422 14.080859 12.678711
v 10.510338 11.137160 15.329247
v 10.510300 7.706699 17.309830
v 10.510258 3.939441 18.533867
v 10.510239 -0.000001 18.947922
v 10.510258 -3.939441 18.533867
v 10.510300 -7.706700 17.309830
v 10.510338 -11.137162 15.329247
v 10.510422 -14.080859 12.678711
v 10.510502 -16.409160 9.474083
v 10.510601 -18.020302 5.855385
v 10.510700 -18.843861 1.980850
v 10.510803 -18.843861 -1.980293
v 10.510902 -18.020302 -5.854912
v 10.511002 -16.409160 -9.473572
v 10.511078 -14.080859 -12.678215
v 10.511139 -11.137162 -15.328735
v 10.511204 -7.706700 -17.309311
v 10.511242 -3.939441 -18.533356
v -4.993004 -0.000001 -32.030762
v -1.949142 -0.000001 -32.256226
v -1.949158 -6.706441 -31.551346
v -4.993019 -6.659539 -31.330795
v 2.616638 -0.000001 -32.256104
v 5.470242 -0.000001 -32.030472
v 5.470219 -6.659539 -31.330505
v 2.616619 -6.706441 -31.551224
v -1.949219 -13.119761 -29.467529
v -4.993057 -13.028022 -29.261566
v 5.470161 -13.028022 -29.261261
v 2.616562 -13.119761 -29.467407
v -1.949303 -18.959700 -26.095825
v -4.993156 -18.827101 -25.913452
v 5.470062 -18.827101 -25.913177
v 2.616482 -18.959700 -26.095718
v -1.949417 -23.971001 -21.583633
v -4.993256 -23.803359 -21.432831
v 5.469959 -23.803359 -21.432510
v 2.616364 -23.971001 -21.583511
v -1.949562 -27.934662 -16.128151
v -4.993423 -27.739302 -16.015434
v 5.469822 -27.739302 -16.015152
v 2.616219 -27.934662 -16.128036
v -1.949722 -30.677420 -9.967751
v -4.993576 -30.462900 -9.898148
v 5.469662 -30.462881 -9.897873
v 2.616062 -30.677420 -9.967636
v -1.949898 -32.079440 -3.371758
v -4.993736 -31.855122 -3.348274
v 5.469479 -31.855122 -3.347992
v 2.615879 -32.079440 -3.371628
v -1.950081 -32.079440 3.371628
v -4.993919 -31.855122 3.347946
v 5.469303 -31.855122 3.348228
v 2.615700 -32.079440 3.371742
v -1.950256 -30.677420 9.967628
v -4.994102 -30.462900 9.897850
v 5.469139 -30.462881 9.898125
v 2.615517 -30.677420 9.967743
v -1.950424 -27.934662 16.128021
v -4.994263 -27.739302 16.015167
v 5.468960 -27.739302 16.015450
v 2.615360 -27.934662 16.128151
v -1.950562 -23.971001 21.583488
v -4.994400 -23.803359 21.432503
v 5.468822 -23.803359 21.432793
v 2.615223 -23.971001 21.583603
v -1.950676 -18.959700 26.095703
v -4.994522 -18.827101 25.913155
v 5.468719 -18.827101 25.913429
v 2.615097 -18.959700 26.095825
v -1.950760 -13.119761 29.467407
v -4.994598 -13.028022 29.261246
v 5.468620 -13.028022 29.261528
v 2.615021 -13.119761 29.467529
v -1.950821 -6.706441 31.551224
v -4.994659 -6.659539 31.330505
v 5.468559 -6.659539 31.330765
v 2.614960 -6.706441 31.551346
v -1.950844 -0.000001 32.256104
v -4.994682 -0.000001 32.030464
v 5.468540 -0.000001 32.030746
v 2.614941 -0.000001 32.256226
v -1.950821 6.706439 31.551224
v -4.994659 6.659541 31.330505
v 5.468559 6.659541 31.330765
v 2.614960 6.706439 31.551346
v -1.950760 13.119758 29.467407
v -4.994598 13.028018 29.261246
v 5.468620 13.028018 29.261528
v 2.615021 13.119758 29.467529
v -1.950676 18.959678 26.095703
v -4.994522 18.827098 25.913155
v 5.468719 18.827098 25.913429
v 2.615097 18.959678 26.095825
v -1.950562 23.971000 21.583488
v -4.994400 23.803359 21.432503
v 5.468822 23.803359 21.432793
v 2.615223 23.971000 21.583603
v -1.950424 27.934638 16.128021
v -4.994263 27.739299 16.015167
v 5.468960 27.739299 16.015450
v 2.615360 27.934638 16.128151
v -1.950256 30.677421 9.967628
v -4.994102 30.462901 9.897850
v 5.469139 30.462878 9.898125
v 2.615517 30.677421 9.967743
v -1.950081 32.079440 3.371628
v -4.993919 31.855121 3.347946
v 5.469303 31.855121 3.348228
v 2.615700 32.079440 3.371742
v -1.949898 32.079440 -3.371758
v -4.993736 31.855121 -3.348274
v 5.469479 31.855121 -3.347992
v 2.615879 32.079440 -3.371628
v -1.949722 30.677421 -9.967751
v -4.993576 30.462901 -9.898148
v 5.469662 30.462878 -9.897873
v 2.616062 30.677421 -9.967636
v -1.949562 27.934638 -16.128151
v -4.993423 27.739299 -16.015434
v 5.469822 27.739299 -16.015152
v 2.616219 27.934638 -16.128036
v -1.949417 23.971000 -21.583633
v -4.993256 23.803359 -21.432831
v 5.469959 23.803359 -21.432510
v 2.616364 23.971000 -21.583511
v -1.949303 18.959678 -26.095825
v -4.993156 18.827098 -25.913452
v 5.470062 18.827098 -25.913177
v 2.616482 18.959678 -26.095718
v -1.949219 13.119758 -29.467529
v -4.993057 13.028018 -29.261566
v 5.470161 13.028018 -29.261261
v 2.616562 13.119758 -29.467407
v -1.949158 6.706439 -31.551346
v -4.993019 6.659541 -31.330795
v 5.470219 6.659541 -31.330505
v 2.616619 6.706439 -31.551224
v -8.417358 6.565738 -30.889572
v -8.417343 -0.000001 -31.579651
v -8.417419 12.844520 -28.849472
v -8.417503 18.561938 -25.548599
v -8.417618 23.468101 -21.131012
v -8.417763 27.348598 -15.789970
v -8.417923 30.033839 -9.758835
v -8.418076 31.406440 -3.301193
v -8.418259 31.406440 3.300705
v -8.418419 30.033839 9.758347
v -8.418579 27.348598 15.789505
v -8.418716 23.468101 21.130569
v -8.418839 18.561938 25.548103
v -8.418945 12.844520 28.849045
v -8.418983 6.565738 30.889130
v -8.418999 -0.000001 31.579208
v -8.418983 -6.565741 30.889130
v -8.418945 -12.844521 28.849045
v -8.418839 -18.561941 25.548103
v -8.418716 -23.468100 21.130569
v -8.418579 -27.348601 15.789505
v -8.418419 -30.033842 9.758347
v -8.418259 -31.406461 3.300705
v -8.418076 -31.406461 -3.301193
v -8.417923 -30.033842 -9.758835
v -8.417763 -27.348601 -15.789970
v -8.417618 -23.468100 -21.131012
v -8.417503 -18.561941 -25.548599
v -8.417419 -12.844521 -28.849472
v -8.417358 -6.565741 -30.889572
v -10.795502 -0.000001 -25.489441
v -9.844215 -0.000001 -28.534576
v -9.844238 -5.932620 -27.911057
v -10.795517 -5.299481 -24.932419
v -8.797859 -0.000001 -30.339096
v -8.797882 -6.307801 -29.676147
v -9.844276 -11.605941 -26.067642
v -10.795563 -10.367362 -23.285797
v -8.797920 -12.339923 -27.716125
v -9.844360 -16.772042 -23.085007
v -10.795639 -14.982139 -20.621429
v -8.797997 -17.832719 -24.544876
v -9.844482 -21.205121 -19.093430
v -10.795715 -18.942119 -17.055855
v -8.798119 -22.546159 -20.300919
v -9.844597 -24.711419 -14.267410
v -10.795845 -22.074219 -12.744873
v -8.798264 -26.274201 -15.169685
v -9.844734 -27.137719 -8.817833
v -10.795959 -24.241601 -7.876854
v -8.798401 -28.853942 -9.375465
v -9.844902 -28.377982 -2.982933
v -10.796097 -25.349499 -2.664635
v -8.798561 -30.172621 -3.171509
v -9.845062 -28.377982 2.982384
v -10.796234 -25.349499 2.664032
v -8.798737 -30.172621 3.171005
v -9.845200 -27.137719 8.817291
v -10.796379 -24.241601 7.876289
v -8.798897 -28.853942 9.374969
v -9.845337 -24.711419 14.266891
v -10.796501 -22.074219 12.744263
v -8.799042 -26.274201 15.169174
v -9.845482 -21.205121 19.092934
v -10.796616 -18.942119 17.055275
v -8.799179 -22.546159 20.300385
v -9.845581 -16.772042 23.084488
v -10.796722 -14.982139 20.620850
v -8.799301 -17.832719 24.544388
v -9.845657 -11.605941 26.067131
v -10.796783 -10.367362 23.285187
v -8.799385 -12.339923 27.715675
v -9.845703 -5.932620 27.910492
v -10.796822 -5.299481 24.931831
v -8.799423 -6.307801 29.675629
v -9.845718 -0.000001 28.534050
v -10.796837 -0.000001 25.488853
v -8.799438 -0.000001 30.338585
v -9.845703 5.932620 27.910492
v -10.796822 5.299480 24.931831
v -8.799423 6.307799 29.675629
v -9.845657 11.605941 26.067131
v -10.796783 10.367358 23.285187
v -8.799385 12.339919 27.715675
v -9.845581 16.772021 23.084488
v -10.796722 14.982120 20.620850
v -8.799301 17.832721 24.544388
v -9.845482 21.205119 19.092934
v -10.796616 18.942119 17.055275
v -8.799179 22.546138 20.300385
v -9.845337 24.711421 14.266891
v -10.796501 22.074241 12.744263
v -8.799042 26.274200 15.169174
v -9.845200 27.137721 8.817291
v -10.796379 24.241599 7.876289
v -8.798897 28.853938 9.374969
v -9.845062 28.377978 2.982384
v -10.796234 25.349479 2.664032
v -8.798737 30.172618 3.171005
v -9.844902 28.377978 -2.982933
v -10.796097 25.349479 -2.664635
v -8.798561 30.172618 -3.171509
v -9.844734 27.137721 -8.817833
v -10.795959 24.241599 -7.876854
v -8.798401 28.853938 -9.375465
v -9.844597 24.711421 -14.267410
v -10.795845 22.074241 -12.744873
v -8.798264 26.274200 -15.169685
v -9.844482 21.205119 -19.093430
v -10.795715 18.942119 -17.055855
v -8.798119 22.546138 -20.300919
v -9.844360 16.772021 -23.085007
v -10.795639 14.982120 -20.621429
v -8.797997 17.832721 -24.544876
v -9.844276 11.605941 -26.067642
v -10.795563 10.367358 -23.285797
v -8.797920 12.339919 -27.716125
v -9.844238 5.932620 -27.911057
v -10.795517 5.299480 -24.932419
v -8.797882 6.307799 -29.676147
v -11.080978 4.478759 -21.071274
v -11.080963 -0.000001 -21.542023
v -11.081017 8.761798 -19.679626
v -11.081078 12.661899 -17.427895
v -11.081161 16.008597 -14.414513
v -11.081238 18.655658 -10.771149
v -11.081360 20.487380 -6.657074
v -11.081482 21.423679 -2.252037
v -11.081604 21.423679 2.251427
v -11.081703 20.487380 6.656425
v -11.081818 18.655658 10.770508
v -11.081917 16.008597 14.413910
v -11.082001 12.661899 17.427307
v -11.082039 8.761798 19.679031
v -11.082077 4.478759 21.070648
v -11.082100 -0.000001 21.541405
v -11.082077 -4.478780 21.070648
v -11.082039 -8.761800 19.679031
v -11.082001 -12.661902 17.427307
v -11.081917 -16.008602 14.413910
v -11.081818 -18.655659 10.770508
v -11.081703 -20.487362 6.656425
v -11.081604 -21.423698 2.251427
v -11.081482 -21.423698 -2.252037
v -11.081360 -20.487362 -6.657074
v -11.081238 -18.655659 -10.771149
v -11.081161 -16.008602 -14.414513
v -11.081078 -12.661902 -17.427895
v -11.081017 -8.761800 -19.679626
v -11.080978 -4.478780 -21.071274
v -4.993805 14.799998 -1.933731
v -4.993637 12.734019 -7.786278
v -4.993538 8.466201 -12.292511
v -4.993462 2.734500 -14.673294
v -4.993462 -3.470021 -14.516975
v -4.993538 -9.074542 -11.850533
v -4.993660 -13.109980 -7.135071
v -4.993820 -14.878598 -1.185913
v -4.993980 -14.074580 4.968292
v -4.994118 -10.836923 10.263367
v -4.994225 -5.725480 13.783806
v -4.994240 0.375959 14.920891
v -4.994194 6.412398 13.478012
v -4.994102 11.340060 9.704605
v -4.993958 14.306918 4.253151
v -4.993904 14.799998 1.933411
v -4.994057 12.734019 7.785965
v -4.994179 8.466201 12.292229
v -4.994240 2.734500 14.673004
v -4.994240 -3.470021 14.516670
v -4.994156 -9.074542 11.850250
v -4.994041 -13.109980 7.134789
v -4.993881 -14.878598 1.185623
v -4.993721 -14.074580 -4.968597
v -4.993576 -10.836923 -10.263672
v -4.993477 -5.725480 -13.784111
v -4.993462 0.375959 -14.921188
v -4.993500 6.412398 -13.478310
v -4.993599 11.340060 -9.704895
v -4.993736 14.306918 -4.253471
v 6.040302 -0.000001 -7.218010
v 6.040100 -0.000001 0.000130
v 6.040302 -1.500741 -7.060287
v 6.040283 -2.935880 -6.593994
v 6.040264 -4.242722 -5.839470
v 6.040237 -5.364140 -4.829773
v 6.040199 -6.251099 -3.608955
v 6.040161 -6.864880 -2.230385
v 6.040119 -7.178601 -0.754379
v 6.040081 -7.178601 0.754631
v 6.040039 -6.864880 2.230675
v 6.040020 -6.251099 3.609230
v 6.039982 -5.364140 4.830009
v 6.039963 -4.242722 5.839745
v 6.039940 -2.935880 6.594269
v 6.039921 -1.500741 7.060547
v 6.039921 -0.000001 7.218315
v 6.039921 1.500739 7.060547
v 6.039940 2.935882 6.594269
v 6.039963 4.242721 5.839745
v 6.039982 5.364139 4.830009
v 6.040020 6.251102 3.609230
v 6.040039 6.864879 2.230675
v 6.040081 7.178599 0.754631
v 6.040119 7.178599 -0.754379
v 6.040161 6.864879 -2.230385
v 6.040199 6.251102 -3.608955
v 6.040237 5.364139 -4.829773
v 6.040264 4.242721 -5.839470
v 6.040283 2.935882 -6.593994
v 6.040302 1.500739 -7.060287
v 4.518379 1.688319 -7.942871
v 4.518379 -0.000001 -8.120331
v 4.518360 3.302859 -7.418251
v 4.518341 4.773059 -6.569473
v 4.518322 6.034660 -5.433533
v 4.518280 7.032477 -4.060120
v 4.518242 7.722980 -2.509254
v 4.518181 8.075938 -0.848732
v 4.518143 8.075938 0.848885
v 4.518097 7.722980 2.509453
v 4.518059 7.032477 4.060303
v 4.518021 6.034660 5.433708
v 4.517998 4.773059 6.569672
v 4.517979 3.302859 7.418488
v 4.517960 1.688319 7.943069
v 4.517960 -0.000001 8.120529
v 4.517960 -1.688340 7.943069
v 4.517979 -3.302880 7.418488
v 4.517998 -4.773061 6.569672
v 4.518021 -6.034661 5.433708
v 4.518059 -7.032481 4.060303
v 4.518097 -7.722979 2.509453
v 4.518143 -8.075942 0.848885
v 4.518181 -8.075942 -0.848732
v 4.518242 -7.722979 -2.509254
v 4.518280 -7.032481 -4.060120
v 4.518322 -6.034661 -5.433533
v 4.518341 -4.773061 -6.569473
v 4.518360 -3.302880 -7.418251
v 4.518379 -1.688340 -7.942871
v 4.518421 -0.000001 -9.812088
v 4.518421 -2.040061 -9.597672
v 4.518398 -3.990981 -8.963799
v 4.518379 -5.767461 -7.938126
v 4.518341 -7.291880 -6.565536
v 4.518299 -8.497601 -4.906013
v 4.518242 -9.331942 -3.032036
v 4.518200 -9.758422 -1.025551
v 4.518143 -9.758422 1.025749
v 4.518078 -9.331942 3.032204
v 4.518040 -8.497601 4.906189
v 4.517998 -7.291880 6.565735
v 4.517960 -5.767461 7.938324
v 4.517941 -3.990981 8.963982
v 4.517921 -2.040061 9.597862
v 4.517899 -0.000001 9.812271
v 4.517921 2.040057 9.597862
v 4.517941 3.990981 8.963982
v 4.517960 5.767459 7.938324
v 4.517998 7.291858 6.565735
v 4.518040 8.497600 4.906189
v 4.518078 9.331939 3.032204
v 4.518143 9.758418 1.025749
v 4.518200 9.758418 -1.025551
v 4.518242 9.331939 -3.032036
v 4.518299 8.497600 -4.906013
v 4.518341 7.291858 -6.565536
v 4.518379 5.767459 -7.938126
v 4.518398 3.990981 -8.963799
v 4.518421 2.040057 -9.597672
v 13.745239 -0.000001 -15.225449
v 12.033081 -0.000001 -15.338287
v 12.033062 -3.189080 -15.003128
v 13.745239 -3.165620 -14.892754
v 12.033043 -6.238782 -14.012230
v 13.745220 -6.192901 -13.909134
v 12.033001 -9.015799 -12.408897
v 13.745159 -8.949500 -12.317612
v 12.032944 -11.398803 -10.263237
v 13.745121 -11.314980 -10.187729
v 12.032879 -13.283622 -7.668991
v 13.745041 -13.185941 -7.612556
v 12.032799 -14.587861 -4.739555
v 13.744961 -14.480601 -4.704697
v 12.032700 -15.254560 -1.603035
v 13.744877 -15.142380 -1.591187
v 12.032619 -15.254560 1.603615
v 13.744801 -15.142380 1.591888
v 12.032543 -14.587861 4.740211
v 13.744720 -14.480601 4.705368
v 12.032459 -13.283622 7.669540
v 13.744640 -13.185941 7.613266
v 12.032398 -11.398803 10.263802
v 13.744583 -11.314980 10.188385
v 12.032341 -9.015799 12.409470
v 13.744522 -8.949500 12.318306
v 12.032299 -6.238782 14.012787
v 13.744484 -6.192901 13.909828
v 12.032280 -3.189080 15.003731
v 13.744457 -3.165620 14.893448
v 12.032261 -0.000001 15.338890
v 13.744438 -0.000001 15.226143
v 12.032280 3.189059 15.003731
v 13.744457 3.165618 14.893448
v 12.032299 6.238780 14.012787
v 13.744484 6.192878 13.909828
v 12.032341 9.015800 12.409470
v 13.744522 8.949500 12.318306
v 12.032398 11.398799 10.263802
v 13.744583 11.314979 10.188385
v 12.032459 13.283599 7.669540
v 13.744640 13.185920 7.613266
v 12.032543 14.587859 4.740211
v 13.744720 14.480598 4.705368
v 12.032619 15.254558 1.603615
v 13.744801 15.142398 1.591888
v 12.032700 15.254558 -1.603035
v 13.744877 15.142398 -1.591187
v 12.032799 14.587859 -4.739555
v 13.744961 14.480598 -4.704697
v 12.032879 13.283599 -7.668991
v 13.745041 13.185920 -7.612556
v 12.032944 11.398799 -10.263237
v 13.745121 11.314979 -10.187729
v 12.033001 9.015800 -12.408897
v 13.745159 8.949500 -12.317612
v 12.033043 6.238780 -14.012230
v 13.745220 6.192878 -13.909134
v 12.033062 3.189059 -15.003128
v 13.745239 3.165618 -14.892754
v 14.506241 3.447002 -16.216553
v 14.506241 -0.000001 -16.578812
v 14.506203 6.743381 -15.145515
v 14.506157 9.745021 -13.412476
v 14.506100 12.320758 -11.093315
v 14.506020 14.358020 -8.289253
v 14.505939 15.767760 -5.122871
v 14.505863 16.488380 -1.732635
v 14.505764 16.488380 1.733353
v 14.505680 15.767760 5.123627
v 14.505600 14.358020 8.289986
v 14.505520 12.320758 11.094025
v 14.505463 9.745021 13.413231
v 14.505402 6.743381 15.146248
v 14.505383 3.447002 16.217285
v 14.505383 -0.000001 16.579590
v 14.505383 -3.447020 16.217285
v 14.505402 -6.743380 15.146248
v 14.505463 -9.745023 13.413231
v 14.505520 -12.320763 11.094025
v 14.505600 -14.358022 8.289986
v 14.505680 -15.767761 5.123627
v 14.505764 -16.488400 1.733353
v 14.505863 -16.488400 -1.732635
v 14.505939 -15.767761 -5.122871
v 14.506020 -14.358022 -8.289253
v 14.506100 -12.320763 -11.093315
v 14.506157 -9.745023 -13.412476
v 14.506203 -6.743380 -15.145515
v 14.506241 -3.447020 -16.216553
v -0.522820 -0.000001 -14.210785
v 5.945381 -0.000001 -14.661736
v 5.945362 -3.048381 -14.341377
v -0.522820 -2.954579 -13.900253
v 12.223381 -0.000001 -17.142853
v 12.223381 -3.564261 -16.768188
v 5.945339 -5.963519 -13.394157
v -0.522865 -5.780040 -12.982185
v 12.223339 -6.972741 -15.660736
v 5.945301 -8.618041 -11.861572
v -0.522903 -8.352881 -11.496796
v 12.223301 -10.076482 -13.868774
v 5.945240 -10.895902 -9.810570
v -0.522942 -10.560662 -9.508865
v 12.223240 -12.739840 -11.470673
v 5.945183 -12.697560 -7.330826
v -0.523003 -12.306882 -7.105431
v 12.223164 -14.846378 -8.571251
v 5.945099 -13.944280 -4.530647
v -0.523079 -13.515241 -4.391396
v 12.223080 -16.304079 -5.297211
v 5.945019 -14.581582 -1.532448
v -0.523155 -14.132901 -1.485489
v 12.222980 -17.049218 -1.791611
v 5.944939 -14.581582 1.532707
v -0.523239 -14.132901 1.485405
v 12.222881 -17.049218 1.792213
v 5.944881 -13.944280 4.530922
v -0.523323 -13.515241 4.391342
v 12.222782 -16.304079 5.297813
v 5.944801 -12.697560 7.331062
v -0.523384 -12.306882 7.105347
v 12.222698 -14.846378 8.571846
v 5.944717 -10.895902 9.810844
v -0.523438 -10.560662 9.508827
v 12.222618 -12.739840 11.471306
v 5.944679 -8.618041 11.861832
v -0.523499 -8.352881 11.496704
v 12.222561 -10.076482 13.869370
v 5.944641 -5.963519 13.394409
v -0.523537 -5.780040 12.982147
v 12.222519 -6.972741 15.661308
v 5.944599 -3.048381 14.341629
v -0.523560 -2.954579 13.900185
v 12.222481 -3.564261 16.768829
v 5.944599 -0.000001 14.662048
v -0.523560 -0.000001 14.210747
v 12.222481 -0.000001 17.143410
v 5.944599 3.048377 14.341629
v -0.523560 2.954581 13.900185
v 12.222481 3.564258 16.768829
v 5.944641 5.963519 13.394409
v -0.523537 5.780040 12.982147
v 12.222519 6.972739 15.661308
v 5.944679 8.618037 11.861832
v -0.523499 8.352859 11.496704
v 12.222561 10.076480 13.869370
v 5.944717 10.895900 9.810844
v -0.523438 10.560641 9.508827
v 12.222618 12.739818 11.471306
v 5.944801 12.697559 7.331062
v -0.523384 12.306861 7.105347
v 12.222698 14.846381 8.571846
v 5.944881 13.944278 4.530922
v -0.523323 13.515220 4.391342
v 12.222782 16.304080 5.297813
v 5.944939 14.581557 1.532707
v -0.523239 14.132899 1.485405
v 12.222881 17.049220 1.792213
v 5.945019 14.581557 -1.532448
v -0.523155 14.132899 -1.485489
v 12.222980 17.049220 -1.791611
v 5.945099 13.944278 -4.530647
v -0.523079 13.515220 -4.391396
v 12.223080 16.304080 -5.297211
v 5.945183 12.697559 -7.330826
v -0.523003 12.306861 -7.105431
v 12.223164 14.846381 -8.571251
v 5.945240 10.895900 -9.810570
v -0.522942 10.560641 -9.508865
v 12.223240 12.739818 -11.470673
v 5.945301 8.618037 -11.861572
v -0.522903 8.352859 -11.496796
v 12.223301 10.076480 -13.868774
v 5.945339 5.963519 -13.394157
v -0.522865 5.780040 -12.982185
v 12.223339 6.972739 -15.660736
v 5.945362 3.048377 -14.341377
v -0.522820 2.954581 -13.900253
v 12.223381 3.564258 -16.768188
v -0.522797 3.259418 -15.334419
v -0.522781 -0.000001 -15.676979
v -0.522820 6.376380 -14.321655
v -0.522865 9.214679 -12.682938
v -0.522919 11.650241 -10.489990
v -0.522980 13.576621 -7.838486
v -0.523056 14.909660 -4.844460
v -0.523140 15.591060 -1.638710
v -0.523239 15.591060 1.638649
v -0.523323 14.909660 4.844391
v -0.523399 13.576621 7.838448
v -0.523460 11.650241 10.489914
v -0.523521 9.214679 12.682884
v -0.523560 6.376380 14.321564
v -0.523598 3.259418 15.334328
v -0.523598 -0.000001 15.676910
v -0.523598 -3.259421 15.334328
v -0.523560 -6.376401 14.321564
v -0.523521 -9.214681 12.682884
v -0.523460 -11.650239 10.489914
v -0.523399 -13.576619 7.838448
v -0.523323 -14.909659 4.844391
v -0.523239 -15.591060 1.638649
v -0.523140 -15.591060 -1.638710
v -0.523056 -14.909659 -4.844460
v -0.522980 -13.576619 -7.838486
v -0.522919 -11.650239 -10.489990
v -0.522865 -9.214681 -12.682938
v -0.522820 -6.376401 -14.321655
v -0.522797 -3.259421 -15.334419
v 9.084400 -0.000001 -16.691772
v 9.084400 -3.470460 -16.327011
v 6.040520 -0.000001 -16.015152
v 6.040520 -3.329760 -15.665192
v 9.084381 -6.789239 -15.248672
v 6.040501 -6.513999 -14.630577
v 9.084320 -9.811322 -13.503899
v 6.040440 -9.413564 -12.956512
v 9.084263 -12.404582 -11.168892
v 6.040401 -11.901681 -10.716232
v 9.084202 -14.455701 -8.345749
v 6.040321 -13.869658 -8.007538
v 9.084099 -15.875040 -5.157875
v 6.040237 -15.231462 -4.948875
v 9.084019 -16.600562 -1.744545
v 6.040161 -15.927559 -1.673927
v 9.083920 -16.600562 1.745049
v 6.040062 -15.927559 1.674164
v 9.083843 -15.875040 5.158325
v 6.039982 -15.231462 4.949112
v 9.083763 -14.455701 8.346230
v 6.039902 -13.869658 8.007790
v 9.083679 -12.404582 11.169350
v 6.039818 -11.901681 10.716469
v 9.083618 -9.811322 13.504349
v 6.039761 -9.413564 12.956772
v 9.083561 -6.789239 15.249130
v 6.039719 -6.513999 14.630829
v 9.083542 -3.470460 16.327469
v 6.039700 -3.329760 15.665466
v 9.083519 -0.000001 16.692230
v 6.039680 -0.000001 16.015450
v 9.083542 3.470462 16.327469
v 6.039700 3.329761 15.665466
v 9.083561 6.789241 15.249130
v 6.039719 6.513999 14.630829
v 9.083618 9.811301 13.504349
v 6.039761 9.413558 12.956772
v 9.083679 12.404559 11.169350
v 6.039818 11.901679 10.716469
v 9.083763 14.455680 8.346230
v 6.039902 13.869640 8.007790
v 9.083843 15.875018 5.158325
v 6.039982 15.231441 4.949112
v 9.083920 16.600558 1.745049
v 6.040062 15.927558 1.674164
v 9.084019 16.600558 -1.744545
v 6.040161 15.927558 -1.673927
v 9.084099 15.875018 -5.157875
v 6.040237 15.231441 -4.948875
v 9.084202 14.455680 -8.345749
v 6.040321 13.869640 -8.007538
v 9.084263 12.404559 -11.168892
v 6.040401 11.901679 -10.716232
v 9.084320 9.811301 -13.503899
v 6.040440 9.413558 -12.956512
v 9.084381 6.789241 -15.248672
v 6.040501 6.513999 -14.630577
v 9.084400 3.470462 -16.327011
v 6.040520 3.329761 -15.665192
v -4.993439 -0.000001 -15.338737
v -6.325096 -0.000001 -16.015511
v -6.325119 -3.329760 -15.665512
v -4.993462 -3.189080 -15.003571
v -9.559158 -0.000001 -16.692268
v -10.320099 -0.000001 -17.820129
v -10.320122 -3.704961 -17.430717
v -9.559158 -3.470460 -16.327515
v -10.890778 -0.000001 -19.511917
v -10.890778 -4.056682 -19.085510
v -6.325142 -6.514022 -14.630890
v -4.993477 -6.238782 -14.012672
v -10.320137 -7.247981 -16.279510
v -9.559181 -6.789239 -15.249168
v -10.890816 -7.936080 -17.825073
v -6.325180 -9.413564 -12.956833
v -4.993523 -9.015799 -12.409332
v -10.320198 -10.474240 -14.416878
v -9.559242 -9.811322 -13.504372
v -10.890877 -11.468621 -15.785515
v -6.325241 -11.901681 -10.716553
v -4.993576 -11.398803 -10.263672
v -10.320259 -13.242722 -11.924065
v -9.559296 -12.404582 -11.169395
v -10.890938 -14.499942 -13.056107
v -6.325325 -13.869658 -8.007851
v -4.993637 -13.283622 -7.669434
v -10.320343 -15.432440 -8.910187
v -9.559357 -14.455701 -8.346252
v -10.891037 -16.897541 -9.756134
v -6.325401 -15.231462 -4.949188
v -4.993721 -14.587880 -4.740013
v -10.320419 -16.947680 -5.506905
v -9.559464 -15.875040 -5.158371
v -10.891136 -18.556620 -6.029747
v -6.325478 -15.927559 -1.674255
v -4.993820 -15.254560 -1.603470
v -10.320518 -17.722221 -1.862991
v -9.559540 -16.600562 -1.745056
v -10.891235 -19.404698 -2.039833
v -6.325577 -15.927559 1.673851
v -4.993904 -15.254560 1.603165
v -10.320618 -17.722221 1.862389
v -9.559639 -16.600562 1.744545
v -10.891335 -19.404698 2.039230
v -6.325661 -15.231462 4.948784
v -4.993980 -14.587880 4.739754
v -10.320724 -16.947680 5.506355
v -9.559715 -15.875040 5.157852
v -10.891464 -18.556620 6.029106
v -6.325745 -13.869658 8.007469
v -4.994057 -13.283622 7.669106
v -10.320801 -15.432440 8.909622
v -9.559799 -14.455701 8.345726
v -10.891541 -16.897541 9.755486
v -6.325821 -11.901681 10.716148
v -4.994118 -11.398803 10.263367
v -10.320877 -13.242722 11.923531
v -9.559883 -12.404582 11.168869
v -10.891640 -14.499942 13.055504
v -6.325882 -9.413564 12.956444
v -4.994179 -9.015799 12.409027
v -10.320961 -10.474240 14.416283
v -9.559944 -9.811322 13.503868
v -10.891716 -11.468621 15.784912
v -6.325920 -6.514022 14.630508
v -4.994225 -6.238782 14.012344
v -10.320999 -7.247981 16.278954
v -9.559998 -6.789239 15.248650
v -10.891754 -7.936080 17.824432
v -6.325943 -3.329760 15.665146
v -4.994240 -3.189080 15.003273
v -10.321037 -3.704961 17.430168
v -9.560020 -3.470460 16.326988
v -10.891800 -4.056682 19.084930
v -6.325958 -0.000001 16.015129
v -4.994263 -0.000001 15.338448
v -10.321037 -0.000001 17.819550
v -9.560043 -0.000001 16.691750
v -10.891800 -0.000001 19.511307
v -6.325943 3.329761 15.665146
v -4.994240 3.189078 15.003273
v -10.321037 3.704959 17.430168
v -9.560020 3.470462 16.326988
v -10.891800 4.056678 19.084930
v -6.325920 6.513999 14.630508
v -4.994225 6.238780 14.012344
v -10.320999 7.247977 16.278954
v -9.559998 6.789241 15.248650
v -10.891754 7.936080 17.824432
v -6.325882 9.413558 12.956444
v -4.994179 9.015800 12.409027
v -10.320961 10.474239 14.416283
v -9.559944 9.811320 13.503868
v -10.891716 11.468619 15.784912
v -6.325821 11.901679 10.716148
v -4.994118 11.398799 10.263367
v -10.320877 13.242721 11.923531
v -9.559883 12.404559 11.168869
v -10.891640 14.499938 13.055504
v -6.325745 13.869640 8.007469
v -4.994057 13.283599 7.669106
v -10.320801 15.432418 8.909622
v -9.559799 14.455680 8.345726
v -10.891541 16.897540 9.755486
v -6.325661 15.231441 4.948784
v -4.993980 14.587878 4.739754
v -10.320724 16.947658 5.506355
v -9.559715 15.875018 5.157852
v -10.891464 18.556617 6.029106
v -6.325577 15.927558 1.673851
v -4.993904 15.254558 1.603165
v -10.320618 17.722221 1.862389
v -9.559639 16.600558 1.744545
v -10.891335 19.404700 2.039230
v -6.325478 15.927558 -1.674255
v -4.993820 15.254558 -1.603470
v -10.320518 17.722221 -1.862991
v -9.559540 16.600558 -1.745056
v -10.891235 19.404700 -2.039833
v -6.325401 15.231441 -4.949188
v -4.993721 14.587878 -4.740013
v -10.320419 16.947658 -5.506905
v -9.559464 15.875018 -5.158371
v -10.891136 18.556617 -6.029747
v -6.325325 13.869640 -8.007851
v -4.993637 13.283599 -7.669434
v -10.320343 15.432418 -8.910187
v -9.559357 14.455680 -8.346252
v -10.891037 16.897540 -9.756134
v -6.325241 11.901679 -10.716553
v -4.993576 11.398799 -10.263672
v -10.320259 13.242721 -11.924065
v -9.559296 12.404559 -11.169395
v -10.890938 14.499938 -13.056107
v -6.325180 9.413558 -12.956833
v -4.993523 9.015800 -12.409332
v -10.320198 10.474239 -14.416878
v -9.559242 9.811320 -13.504372
v -10.890877 11.468619 -15.785515
v -6.325142 6.513999 -14.630890
v -4.993477 6.238780 -14.012672
v -10.320137 7.247977 -16.279510
v -9.559181 6.789241 -15.249168
v -10.890816 7.936080 -17.825073
v -6.325119 3.329761 -15.665512
v -4.993462 3.189078 -15.003571
v -10.320122 3.704959 -17.430717
v -9.559158 3.470462 -16.327515
v -10.890778 4.056678 -19.085510
v -4.993523 0.375959 -12.632095
v -4.993523 2.258578 -12.434235
v -4.232559 -0.000001 -11.842430
v -4.993538 -0.000001 -12.293617
v -4.993538 -2.555941 -12.024925
v -4.232559 -2.462161 -11.583633
v -4.993561 -5.000201 -11.230774
v -4.232582 -4.816701 -10.818619
v -4.993599 -7.225901 -9.945755
v -4.232620 -6.960742 -9.580772
v -4.993637 -9.135800 -8.226051
v -4.232658 -8.800542 -7.924179
v -4.993698 -10.646420 -6.146873
v -4.232719 -10.255738 -5.921288
v -4.993736 -11.691762 -3.799026
v -4.232780 -11.262700 -3.659615
v -4.993820 -12.226102 -1.285156
v -4.232841 -11.777421 -1.237991
v -4.993881 -12.226102 1.284866
v -4.232895 -11.777421 1.237747
v -4.993942 -11.691762 3.798729
v -4.232979 -11.262700 3.659325
v -4.994019 -10.646420 6.146561
v -4.233017 -10.255738 5.921028
v -4.994057 -9.135800 8.225746
v -4.233078 -8.800542 7.923927
v -4.994118 -7.225901 9.945450
v -4.233116 -6.960742 9.580505
v -4.994141 -5.000201 11.230446
v -4.233162 -4.816701 10.818367
v -4.994156 -2.555941 12.024666
v -4.233177 -2.462161 11.583366
v -4.994179 -0.000001 12.293289
v -4.233177 -0.000001 11.842186
v -4.994156 2.555938 12.024666
v -4.233177 2.462142 11.583366
v -4.994141 5.000178 11.230446
v -4.233162 4.816699 10.818367
v -4.994118 7.225898 9.945450
v -4.233116 6.960719 9.580505
v -4.994057 9.135799 8.225746
v -4.233078 8.800540 7.923927
v -4.994019 10.646419 6.146561
v -4.233017 10.255721 5.921028
v -4.993942 11.691741 3.798729
v -4.232979 11.262698 3.659325
v -4.993881 12.226081 1.284866
v -4.232895 11.777419 1.237747
v -4.993820 12.226081 -1.285156
v -4.232841 11.777419 -1.237991
v -4.993736 11.691741 -3.799026
v -4.232780 11.262698 -3.659615
v -4.993698 10.646419 -6.146873
v -4.232719 10.255721 -5.921288
v -4.993637 9.135799 -8.226051
v -4.232658 8.800540 -7.924179
v -4.993599 7.225898 -9.945755
v -4.232620 6.960719 -9.580772
v -4.993561 5.000178 -11.230774
v -4.232582 4.816699 -10.818619
v -4.993538 2.555938 -12.024925
v -4.232559 2.462142 -11.583633
v -5.374077 -0.000001 -9.474014
v -4.327698 -0.000001 -10.827393
v -4.327721 -2.251101 -10.590790
v -5.374077 -1.969720 -9.266953
v -4.327744 -4.403840 -9.891327
v -5.374100 -3.853360 -8.654930
v -4.327759 -6.364100 -8.759575
v -5.374115 -5.568581 -7.664650
v -4.327797 -8.046220 -7.244949
v -5.374161 -7.040440 -6.339409
v -4.327858 -9.376660 -5.413773
v -5.374199 -8.204581 -4.737091
v -4.327896 -10.297318 -3.345932
v -5.374260 -9.010161 -2.927750
v -4.327957 -10.767918 -1.131905
v -5.374298 -9.421941 -0.990433
v -4.328018 -10.767918 1.131630
v -5.374359 -9.421941 0.990082
v -4.328079 -10.297318 3.345673
v -5.374397 -9.010161 2.927429
v -4.328140 -9.376660 5.413483
v -5.374458 -8.204581 4.736748
v -4.328178 -8.046220 7.244713
v -5.374496 -7.040440 6.339073
v -4.328217 -6.364100 8.759308
v -5.374542 -5.568581 7.664330
v -4.328262 -4.403840 9.891052
v -5.374557 -3.853360 8.654648
v -4.328278 -2.251101 10.590553
v -5.374580 -1.969720 9.266693
v -4.328278 -0.000001 10.827110
v -5.374580 -0.000001 9.473663
v -4.328278 2.251098 10.590553
v -5.374580 1.969722 9.266693
v -4.328262 4.403842 9.891052
v -5.374557 3.853362 8.654648
v -4.328217 6.364101 8.759308
v -5.374542 5.568580 7.664330
v -4.328178 8.046199 7.244713
v -5.374496 7.040439 6.339073
v -4.328140 9.376659 5.413483
v -5.374458 8.204578 4.736748
v -4.328079 10.297320 3.345673
v -5.374397 9.010158 2.927429
v -4.328018 10.767940 1.131630
v -5.374359 9.421920 0.990082
v -4.327957 10.767940 -1.131905
v -5.374298 9.421920 -0.990433
v -4.327896 10.297320 -3.345932
v -5.374260 9.010158 -2.927750
v -4.327858 9.376659 -5.413773
v -5.374199 8.204578 -4.737091
v -4.327797 8.046199 -7.244949
v -5.374161 7.040439 -6.339409
v -4.327759 6.364101 -8.759575
v -5.374115 5.568580 -7.664650
v -4.327744 4.403842 -9.891327
v -5.374100 3.853362 -8.654930
v -4.327721 2.251098 -10.590790
v -5.374077 1.969722 -9.266953
v -5.374138 1.571097 -7.391533
v -5.374138 -0.000001 -7.556694
v -5.374138 3.073520 -6.903374
v -5.374176 4.441600 -6.113495
v -5.374199 5.615581 -5.056450
v -5.374245 6.544139 -3.778412
v -5.374283 7.186660 -2.335289
v -5.374298 7.515121 -0.790054
v -5.374359 7.515121 0.789711
v -5.374382 7.186660 2.334930
v -5.374420 6.544139 3.778084
v -5.374458 5.615581 5.056168
v -5.374481 4.441600 6.113144
v -5.374519 3.073520 6.903069
v -5.374519 1.571097 7.391205
v -5.374519 -0.000001 7.556374
v -5.374519 -1.571082 7.391205
v -5.374519 -3.073521 6.903069
v -5.374481 -4.441621 6.113144
v -5.374458 -5.615580 5.056168
v -5.374420 -6.544141 3.778084
v -5.374382 -7.186681 2.334930
v -5.374359 -7.515122 0.789711
v -5.374298 -7.515122 -0.790054
v -5.374283 -7.186681 -2.335289
v -5.374245 -6.544141 -3.778412
v -5.374199 -5.615580 -5.056450
v -5.374176 -4.441621 -6.113495
v -5.374138 -3.073521 -6.903374
v -5.374138 -1.571082 -7.391533
v -4.422920 -0.000001 -7.218277
v -4.422920 -1.500741 -7.060547
v -4.422943 -2.935880 -6.594246
v -4.422958 -4.242741 -5.839729
v -4.422981 -5.364140 -4.830025
v -4.423019 -6.251122 -3.609207
v -4.423058 -6.864880 -2.230690
v -4.423080 -7.178620 -0.754631
v -4.423141 -7.178620 0.754364
v -4.423180 -6.864880 2.230408
v -4.423203 -6.251122 3.608971
v -4.423241 -5.364140 4.829750
v -4.423264 -4.242741 5.839493
v -4.423279 -2.935880 6.594009
v -4.423302 -1.500741 7.060310
v -4.423302 -0.000001 7.218048
v -4.423302 1.500739 7.060310
v -4.423279 2.935901 6.594009
v -4.423264 4.242721 5.839493
v -4.423241 5.364139 4.829750
v -4.423203 6.251102 3.608971
v -4.423180 6.864879 2.230408
v -4.423141 7.178619 0.754364
v -4.423080 7.178619 -0.754631
v -4.423058 6.864879 -2.230690
v -4.423019 6.251102 -3.609207
v -4.422981 5.364139 -4.830025
v -4.422958 4.242721 -5.839729
v -4.422943 2.935901 -6.594246
v -4.422920 1.500739 -7.060547
v -3.566879 1.336600 -6.288307
v -3.566879 -0.000001 -6.428795
v -3.566902 2.614780 -5.872993
v -3.566917 3.778678 -5.201035
v -3.566940 4.777438 -4.301727
v -3.566963 5.567401 -3.214455
v -3.567001 6.114020 -1.986694
v -3.567039 6.393458 -0.672096
v -3.567062 6.393458 0.671875
v -3.567101 6.114020 1.986465
v -3.567139 5.567401 3.214226
v -3.567154 4.777438 4.301506
v -3.567184 3.778678 5.200806
v -3.567200 2.614780 5.872765
v -3.567223 1.336600 6.288086
v -3.567223 -0.000001 6.428581
v -3.567223 -1.336600 6.288086
v -3.567200 -2.614781 5.872765
v -3.567184 -3.778680 5.200806
v -3.567154 -4.777440 4.301506
v -3.567139 -5.567401 3.214226
v -3.567101 -6.114041 1.986465
v -3.567062 -6.393460 0.671875
v -3.567039 -6.393460 -0.672096
v -3.567001 -6.114041 -1.986694
v -3.566963 -5.567401 -3.214455
v -3.566940 -4.777440 -4.301727
v -3.566917 -3.778680 -5.201035
v -3.566902 -2.614781 -5.872993
v -3.566879 -1.336600 -6.288307
v -3.566917 -0.000001 -4.737038
v -3.566917 -0.984860 -4.633514
v -3.566940 -1.926680 -4.327492
v -3.566940 -2.784301 -3.832390
v -3.566963 -3.520221 -3.169731
v -3.566978 -4.102300 -2.368576
v -3.567001 -4.505080 -1.463913
v -3.567039 -4.710980 -0.495255
v -3.567062 -4.710980 0.495003
v -3.567101 -4.505080 1.463669
v -3.567116 -4.102300 2.368347
v -3.567139 -3.520221 3.169487
v -3.567154 -2.784301 3.832169
v -3.567154 -1.926680 4.327248
v -3.567184 -0.984860 4.633263
v -3.567184 -0.000001 4.736801
v -3.567184 0.984859 4.633263
v -3.567154 1.926677 4.327248
v -3.567154 2.784278 3.832169
v -3.567139 3.520217 3.169487
v -3.567116 4.102302 2.368347
v -3.567101 4.505080 1.463669
v -3.567062 4.710960 0.495003
v -3.567039 4.710960 -0.495255
v -3.567001 4.505080 -1.463913
v -3.566978 4.102302 -2.368576
v -3.566963 3.520217 -3.169731
v -3.566940 2.784278 -3.832390
v -3.566940 1.926677 -4.327492
v -3.566917 0.984859 -4.633514
v -3.662102 0.445539 -2.096214
v -3.662102 -0.000001 -2.143013
v -3.662102 0.871579 -1.957748
v -3.662102 1.259559 -1.733772
v -3.662117 1.592479 -1.433975
v -3.662117 1.855800 -1.071571
v -3.662140 2.038020 -0.662292
v -3.662140 2.131160 -0.224098
v -3.662155 2.131160 0.223885
v -3.662155 2.038020 0.662086
v -3.662178 1.855800 1.071327
v -3.662178 1.592479 1.433723
v -3.662201 1.259559 1.733528
v -3.662201 0.871579 1.957512
v -3.662201 0.445539 2.095985
v -3.662201 -0.000001 2.142769
v -3.662201 -0.445540 2.095985
v -3.662201 -0.871600 1.957512
v -3.662201 -1.259581 1.733528
v -3.662178 -1.592481 1.433723
v -3.662178 -1.855801 1.071327
v -3.662155 -2.038020 0.662086
v -3.662155 -2.131160 0.223885
v -3.662140 -2.131160 -0.224098
v -3.662140 -2.038020 -0.662292
v -3.662117 -1.855801 -1.071571
v -3.662117 -1.592481 -1.433975
v -3.662102 -1.259581 -1.733772
v -3.662102 -0.871600 -1.957748
v -3.662102 -0.445540 -2.096214
v -2.330444 -0.000001 -1.466293
v -2.330444 -0.304841 -1.434250
v -2.330444 -0.596360 -1.339531
v -2.330444 -0.861800 -1.186279
v -2.330444 -1.089600 -0.981148
v -2.330460 -1.269761 -0.733215
v -2.330460 -1.394441 -0.453171
v -2.330482 -1.458159 -0.153336
v -2.330482 -1.458159 0.153152
v -2.330482 -1.394441 0.452988
v -2.330498 -1.269761 0.733009
v -2.330498 -1.089600 0.980988
v -2.330498 -0.861800 1.186081
v -2.330498 -0.596360 1.339333
v -2.330498 -0.304841 1.434067
v -2.330521 -0.000001 1.466110
v -2.330498 0.304839 1.434067
v -2.330498 0.596360 1.339333
v -2.330498 0.861798 1.186081
v -2.330498 1.089580 0.980988
v -2.330498 1.269759 0.733009
v -2.330482 1.394420 0.452988
v -2.330482 1.458160 0.153152
v -2.330482 1.458160 -0.153336
v -2.330460 1.394420 -0.453171
v -2.330460 1.269759 -0.733215
v -2.330444 1.089580 -0.981148
v -2.330444 0.861798 -1.186279
v -2.330444 0.596360 -1.339531
v -2.330444 0.304839 -1.434250
v -2.425598 -0.000001 -0.000099
v -4.993942 12.129878 3.545792
v -4.993904 12.523440 1.694145
v -4.994057 9.638942 8.172867
v -4.994019 10.751598 6.641403
v -4.994156 5.481341 11.386833
v -4.994118 7.120700 10.440292
v -4.994179 0.375959 12.631828
v -4.994179 2.258578 12.433945
v -4.994156 -4.794419 11.692627
v -4.994179 -2.994080 12.277611
v -4.994080 -9.135800 8.731689
v -4.994118 -7.729041 9.998329
v -4.993958 -11.897523 4.260910
v -4.994003 -11.127583 5.990250
v -4.993820 -12.602059 -0.946655
v -4.993881 -12.602059 0.946365
v -4.993698 -11.127583 -5.990555
v -4.993736 -11.897523 -4.261230
v -4.993576 -7.729041 -9.998627
v -4.993622 -9.135800 -8.731995
v -4.993538 -2.994080 -12.277893
v -4.993538 -4.794419 -11.692932
v -4.993576 7.120700 -10.440605
v -4.993561 5.481341 -11.387131
v -4.993675 10.751598 -6.641731
v -4.993637 9.638942 -8.173187
v -4.993805 12.523440 -1.694450
v -4.993759 12.129878 -3.546097
vn -0.00002049737668 0.43758773803711 0.89917570352554
vn -0.4366771876812 0.1757473051548 0.88228446245193
vn -0.38430574536324 0.78857898712158 0.48005449771881
vn -0.0000156836868 0.91324096918106 0.40741980075836
vn -0.32949125766754 -0.90707331895828 0.26201820373535
vn -0.41974064707756 -0.48340085148811 0.76820665597916
vn -0.00001999676715 -0.49462595582008 0.86910593509674
vn -0.00001356003213 -0.94913297891617 0.31487545371056
vn -0.36556336283684 -0.3122071325779 -0.87686383724213
vn -0.35053259134293 -0.84478831291199 -0.40430146455765
vn 0.00001437306128 -0.91102230548859 -0.41235709190369
vn 0.00002306390161 -0.16233929991722 -0.98673498630524
vn -0.84509605169296 -0.4366594851017 -0.30844965577126
vn -0.91286635398865 -0.27309113740921 0.3034735918045
vn -0.87305343151093 0.3240287899971 0.3643941283226
vn -0.89066082239151 0.36554604768753 -0.27036902308464
vn -0.27975362539291 0.9515523314476 -0.12761676311493
vn 0.0000062645131 0.9339896440506 -0.35730010271072
vn -0.2300092279911 0.4898569881916 -0.84091371297836
vn 0.00001540071571 0.49464601278305 -0.86909455060959
vn 0.00000524313054 0.58277124166489 0.81263625621796
vn -0.00001397195774 -0.11062875390053 0.99386179447174
vn -0.27829545736313 -0.07980065047741 0.95717477798462
vn -0.45743331313133 0.55902701616287 0.69155156612396
vn -0.43813210725784 -0.75692903995514 0.48486977815628
vn -0.00002087420035 -0.71130126714706 0.70288729667664
vn 0.00000244895 -0.99514901638031 -0.09837907552719
vn -0.45743799209595 -0.87841248512268 -0.13835437595844
vn -0.27526107430458 0.00329043040983 -0.96136391162872
vn -0.27973881363869 -0.69484931230545 -0.66251838207245
vn 0.00002193171167 -0.54564619064331 -0.83801561594009
vn 0.00002296844832 0.2530372440815 -0.96745651960373
vn -0.84681195020676 -0.16007706522942 -0.50723248720169
vn -0.9206982254982 -0.3812410235405 0.0834869146347
vn -0.87227267026901 0.05094681307673 0.48635870218277
vn -0.89575225114822 0.44451451301575 0.00589674385265
vn -0.23319967091084 0.95500111579895 0.18327778577805
vn -0.00001044818691 0.97940540313721 0.20190361142159
vn -0.36305552721024 0.67214047908783 -0.64530450105667
vn 0.00001102545775 0.88254749774933 -0.47022330760956
vn -0.00001949001489 -0.50534874200821 0.86291521787643
vn -0.41972523927689 -0.42360463738441 0.80273896455765
vn -0.32951191067696 0.2265821993351 0.91656011343002
vn -0.00002533434417 0.20183618366718 0.97941929101944
vn -0.32946890592575 -0.80168145895004 -0.49875548481941
vn -0.43666484951973 -0.85196113586426 0.28893956542015
vn 0.00000005949305 -0.9975038766861 0.07061200588942
vn 0.00002131780457 -0.86909735202789 -0.49464109539986
vn -0.2752543091774 0.39403066039085 -0.87691217660904
vn -0.35053572058678 -0.26484358310699 -0.89832210540771
vn 0.00003656934496 -0.30317085981369 -0.95293623209
vn 0.00002075707198 0.6246485710144 -0.78090596199036
vn -0.84681272506714 0.06007171422243 -0.5284880399704
vn -0.9206930398941 -0.38224819302559 -0.07880766689777
vn -0.87227863073349 -0.15128208696842 0.46502017974854
vn -0.89576148986816 0.40366357564926 0.18619103729725
vn -0.350580483675 0.7725151181221 0.52944666147232
vn -0.00002014007077 0.81262016296387 0.58279365301132
vn -0.31362810730934 0.91848367452621 -0.24088406562805
vn 0.00000568569931 0.97684389352798 -0.21395330131054
vn -0.0000230662954 -0.32001301646233 0.94741314649582
vn -0.00001228449946 -0.81261312961578 0.58280348777771
vn -0.27830556035042 -0.76470053195953 0.58118766546249
vn -0.38237303495407 -0.09749929606915 0.91884970664978
vn -0.38425272703171 -0.55986219644547 -0.73410093784332
vn -0.52174735069275 -0.84024345874786 -0.14754851162434
vn 0.00000843168073 -0.97941249608994 -0.20186917483807
vn 0.00003158105028 -0.50067865848541 -0.86563318967819
vn -0.31361478567123 0.79359173774719 -0.521399974823
vn -0.27972987294197 0.02739938721061 -0.95968770980835
vn 0.00002523618605 0.25767427682877 -0.96623182296753
vn 0.000015509886 0.81262958049774 -0.58278053998947
vn -0.8957377076149 0.13172996044159 -0.42461881041527
vn -0.8730337023735 -0.39628916978836 -0.28419533371925
vn -0.91285806894302 -0.27328276634216 0.30332607030869
vn -0.8468245267868 0.43293938040733 0.3089525103569
vn -0.27894696593285 0.57737511396408 0.76735037565231
vn -0.00003383172589 0.37090396881104 0.92867124080658
vn -0.00000797622306 0.97941112518311 0.20187571644783
vn -0.34569811820984 0.91594982147217 0.20378614962101
vn -0.0000294444817 -0.59278905391693 0.8053577542305
vn -0.00000283702207 -0.9794197678566 0.201833948493
vn -0.37642911076546 -0.91086202859879 0.16920857131481
vn -0.4574456512928 -0.48498237133026 0.7453425526619
vn -0.3842588365078 -0.21287223696709 -0.89834880828857
vn -0.41969236731529 -0.71347177028656 -0.56108492612839
vn 0.00001499552855 -0.81261533498764 -0.58280044794083
vn 0.00003387281686 -0.10528652369976 -0.99444192647934
vn -0.23001503944397 0.95112812519073 -0.20603005588055
vn -0.27973836660385 0.41538706421852 -0.8655634522438
vn 0.00001535557567 0.62841784954071 -0.7778759598732
vn 0.00000535574873 0.97941219806671 -0.20187057554722
vn -0.89065635204315 0.37008538842201 -0.26413637399673
vn -0.87224668264389 -0.32734382152557 -0.36336171627045
vn -0.92070019245148 -0.31717669963837 0.22739841043949
vn -0.84511029720306 0.15839916467667 0.51058620214462
vn -0.27977910637856 0.0274080298841 0.95967310667038
vn -0.00002521283568 0.25769093632698 0.96622741222382
vn -0.0000122109268 0.88827848434448 0.45930525660515
vn -0.36559149622917 0.73746538162231 0.56787997484207
vn 0.00000575956801 -0.97685241699219 -0.21391448378563
vn -0.52176356315613 -0.8276064991951 -0.20695459842682
vn -0.38430297374725 -0.81002801656723 0.44290611147881
vn -0.00001294887443 -0.80944734811783 0.58719247579575
vn -0.27828353643417 -0.46223232150078 -0.84196174144745
vn 0.00001819638783 -0.50535482168198 -0.86291164159775
vn 0.00002212197069 0.20185805857182 -0.97941476106644
vn -0.45741671323776 0.22939972579479 -0.85915404558182
vn -0.23319680988789 0.7978783249855 -0.55588620901108
vn 0.00001006158709 0.81261765956879 -0.58279716968536
vn -0.00000618117565 0.97684508562088 0.21394784748554
vn -0.43539410829544 0.86630249023438 0.24485085904598
vn -0.84509944915771 0.48543265461922 -0.22396889328957
vn -0.91285049915314 -0.12629282474518 -0.38827061653137
vn -0.87304604053497 -0.47760611772537 0.09840208292007
vn -0.89067655801773 0.05135375261307 0.45172786712646
vn -0.27976500988007 -0.36527386307716 0.88786631822586
vn -0.00002038282946 -0.15759025514126 0.98750460147858
vn -0.2300398349762 0.48330646753311 0.84468722343445
vn -0.00002293924081 0.50531709194183 0.86293375492096
vn 0.00001440755841 -0.88253289461136 -0.47025063633919
vn -0.33511075377464 -0.72001880407333 -0.60767889022827
vn -0.32948929071426 -0.93522816896439 0.12955704331398
vn -0.00000423510483 -0.99514645338058 0.09840482473373
vn -0.32945713400841 0.57980912923813 -0.74517065286636
vn -0.52170896530151 -0.11933321505785 -0.8447362780571
vn 0.00003309794192 -0.11065118759871 -0.99385929107666
vn 0.00002802310337 0.58276975154877 -0.81263732910156
vn -0.31364324688911 0.7411060333252 0.59362423419952
vn -0.35054010152817 0.92108571529388 -0.16947790980339
vn 0.00000744044473 0.97941237688065 -0.20186969637871
vn -0.00001575640454 0.80536967515945 0.59277284145355
vn -0.89575016498566 0.44451794028282 -0.00595208723098
vn -0.87302267551422 0.14777351915836 -0.46475195884705
vn -0.91284561157227 -0.37294378876686 -0.1662100404501
vn -0.84682822227478 -0.16007454693317 0.5072061419487
vn -0.27892598509789 -0.55138194561005 0.78624308109283
vn -0.00001907458864 -0.76857727766037 0.63975697755814
vn -0.00002182827302 0.11064647883177 0.99385982751846
vn -0.3457091152668 0.08921197801828 0.9340912103653
vn 0.00000833070044 -0.90877026319504 -0.41729679703712
vn 0.00001222005722 -0.49462938308716 -0.86910402774811
vn -0.27828225493431 -0.49804422259331 -0.82128614187241
vn -0.38235026597977 -0.90363383293152 -0.19301354885101
vn -0.32948052883148 0.83277183771133 -0.44489738345146
vn -0.52174550294876 0.23456382751465 -0.82022035121918
vn 0.00002409813351 0.30314812064171 -0.95294344425201
vn 0.00000871960492 0.86292791366577 -0.50532704591751
vn -0.27529987692833 0.56238180398941 0.77970296144485
vn -0.35056704282761 0.91037273406982 0.21982771158218
vn -0.00000799607642 0.97684061527252 0.21396830677986
vn -0.00002476313421 0.36394023895264 0.93142229318619
vn -0.89067757129669 0.36553898453712 0.27032345533371
vn -0.8730388879776 0.32402476668358 -0.36443257331848
vn -0.91284888982773 -0.27309718728065 -0.30352067947388
vn -0.84511053562164 -0.43666163086891 0.30840682983398
vn -0.3505551815033 -0.84478718042374 0.4042840898037
vn -0.00000903611362 -0.91102021932602 0.41236171126366
vn -0.31365573406219 -0.25064152479172 0.91585963964462
vn -0.00002533229963 -0.30314660072327 0.95294392108917
vn 0.00001412749407 -0.66048502922058 -0.75083917379379
vn 0.00002099326593 -0.09837874025106 -0.99514901638031
vn -0.27827623486519 -0.12094409763813 -0.95285618305206
vn -0.38233503699303 -0.74701249599457 -0.54386782646179
vn -0.43810239434242 0.63958078622818 -0.63166660070419
vn 0.00001761437306 0.54967027902603 -0.83538168668747
vn 0.00000139548456 0.99385786056519 -0.1106641292572
vn -0.45744603872299 0.88797748088837 -0.04731965437531
vn -0.23004958033562 0.10550104081631 0.96744340658188
vn -0.27976331114769 0.81739324331284 0.50358784198761
vn -0.00002521825445 0.70793062448502 0.70628196001053
vn -0.00002644750566 0.09840749949217 0.99514621496201
vn -0.84683167934418 0.26203501224518 0.46283233165741
vn -0.92069518566132 0.35553187131882 -0.16098892688751
vn -0.87224704027176 -0.15097345411777 -0.46517968177795
vn -0.89575737714767 -0.43603095412254 0.08657813817263
vn -0.3505557179451 -0.93618905544281 0.025703785941
vn -0.00000120028699 -0.99998110532761 0.00614524213597
vn -0.00002220970237 -0.54963773488998 0.83540308475494
vn -0.36561417579651 -0.64186865091324 0.67404073476791
vn 0.00002265323383 0.3149040043354 -0.94912350177765
vn -0.41973638534546 0.24744947254658 -0.87326407432556
vn -0.38428336381912 -0.35583493113518 -0.85188484191895
vn 0.00003734189158 -0.49939885735512 -0.86637216806412
vn -0.37642022967339 0.8363870382309 -0.39845275878906
vn 0.00000868572806 0.91103678941727 -0.41232508420944
vn -0.00000521739412 0.95294541120529 0.30314192175865
vn -0.4574345946312 0.830462038517 0.31794095039368
vn -0.31364643573761 -0.3355641067028 0.88826948404312
vn -0.27975437045097 0.54190468788147 0.7925129532814
vn -0.00001945935583 0.35946586728096 0.93315821886063
vn -0.00002523325202 -0.31487515568733 0.94913309812546
vn -0.84511286020279 0.17197765409946 0.50616985559464
vn -0.92069828510284 0.39026716351509 -0.00249051209539
vn -0.87225860357285 0.0512720271945 -0.48634976148605
vn -0.8906654715538 -0.45464313030243 0.00382426381111
vn -0.27973106503487 -0.84483754634857 -0.45607018470764
vn 0.00001127725227 -0.96562653779984 -0.2599333524704
vn -0.00001434545538 -0.84192484617233 0.53959482908249
vn -0.27528023719788 -0.91329056024551 0.30020183324814
vn 0.00002507853242 0.00618137605488 -0.99998086690903
vn 0.00001039585459 0.67369705438614 -0.73900765180588
vn -0.27828988432884 0.6271653175354 -0.72747403383255
vn -0.45742583274841 -0.04576171562076 -0.8880695104599
vn -0.43812474608421 0.89737296104431 0.05261653661728
vn 0.0000021446549 0.988605260849 -0.15053102374077
vn -0.00001669539233 0.74726885557175 0.66452187299728
vn -0.45745775103569 0.62933480739594 0.62822771072388
vn -0.36560148000717 -0.60328322649002 0.70879119634628
vn -0.2797883450985 0.17270366847515 0.94440031051636
vn -0.00002607677197 -0.05118190869689 0.99868935346603
vn -0.00001556112147 -0.77337461709976 0.6339493393898
vn -0.89576810598373 -0.0405637063086 0.44266697764397
vn -0.87305223941803 0.44670730829239 0.19553111493587
vn -0.91284877061844 0.204246327281 -0.35354009270668
vn -0.84681683778763 -0.48771154880524 -0.21222314238548
vn -0.27974790334702 -0.58626174926758 -0.76028829813004
vn 0.00001933330714 -0.7764145731926 -0.63022255897522
vn -0.23002329468727 -0.97317779064178 -0.00377685739659
vn -0.00000011879519 -0.99998098611832 0.00616568140686
vn 0.00002263107308 0.41236516833305 -0.91101861000061
vn 0.00000844803253 0.91603636741638 -0.40109518170357
vn -0.27829298377037 0.86883443593979 -0.40948715806007
vn -0.45741435885429 0.31939816474915 -0.82991379499435
vn -0.38430884480476 0.39497947692871 0.83444464206696
vn -0.52177727222443 0.79119384288788 0.31899958848953
vn -0.00001224011976 0.91603535413742 0.40109750628471
vn -0.00002758796836 0.30968767404556 0.95083832740784
vn -0.36558401584625 -0.83942192792892 0.40214318037033
vn -0.27976167201996 -0.22639419138432 0.93299466371536
vn -0.00002628521361 -0.45297488570213 0.89152330160141
vn -0.00000468475992 -0.96436131000519 0.26458892226219
vn -0.84510433673859 -0.2611141204834 0.46649551391602
vn -0.92070740461349 0.26295065879822 0.28836584091187
vn -0.87225413322449 0.39573168754578 -0.28734856843948
vn -0.89065873622894 -0.30707865953445 -0.33530530333519
vn -0.27972629666328 -0.2263670861721 -0.9330118894577
vn 0.00002324810339 -0.45297887921333 -0.89152127504349
vn -0.23000711202621 -0.88751590251923 -0.3992645740509
vn 0.00001066285313 -0.91604471206665 -0.40107610821724
vn 0.00000605091827 0.99038898944855 -0.13831014931202
vn -0.43666237592697 0.89341652393341 0.10551260411739
vn -0.32947540283203 0.68046402931213 -0.65453398227692
vn 0.00002864638554 0.74726587533951 -0.66452515125275
vn -0.33313316106796 0.53650027513504 0.77536427974701
vn -0.00001336715559 0.77337265014648 0.63395166397095
vn -0.00002410630259 0.11605301499367 0.99324303865433
vn -0.38238194584846 -0.09568266570568 0.91903692483902
vn -0.27893143892288 -0.72431355714798 0.63052928447723
vn -0.00003829416528 -0.55590611696243 0.83124506473541
vn -0.00000349538004 -0.99998092651367 -0.0061782989651
vn -0.43537431955338 -0.89828675985336 -0.05941439792514
vn -0.84510850906372 -0.42827475070953 0.31995674967766
vn -0.91286468505859 0.20426040887833 0.35349082946777
vn -0.87303793430328 0.44671574234962 -0.19557552039623
vn -0.89065706729889 -0.14415630698204 -0.43121790885925
vn -0.35054010152817 0.0722491517663 -0.93375676870346
vn 0.00002573401252 0.09838251769543 -0.99514865875244
vn -0.23000644147396 -0.64838451147079 -0.72573721408844
vn 0.00001964648436 -0.6737077832222 -0.73899787664413
vn -0.00001161977161 0.9110255241394 0.41234990954399
vn -0.5217769742012 0.76648539304733 0.37449824810028
vn -0.32947880029678 0.88785296678543 -0.32118654251099
vn 0.00001306916965 0.95294326543808 -0.30314859747887
vn -0.27833959460258 0.27706289291382 0.91965383291244
vn -0.00003335506335 0.31488648056984 0.94912934303284
vn -0.00002443525955 -0.4011150598526 0.91602766513824
vn -0.45746406912804 -0.4030330479145 0.79264807701111
vn -0.3136211335659 -0.84833389520645 -0.4265810251236
vn -0.2797591984272 -0.84482496976852 0.45607623457909
vn -0.00000448098035 -0.96562367677689 0.25994402170181
vn 0.00000730872989 -0.91101664304733 -0.41236951947212
vn -0.89575618505478 -0.43356382846832 0.09820011258125
vn -0.87228137254715 0.05126703158021 0.48630952835083
vn -0.92070072889328 0.39026182889938 0.00241762050427
vn -0.84679943323135 0.05110720917583 -0.5294514298439
vn -0.35050880908966 0.44579347968102 -0.8236575126648
vn 0.00003052814282 0.4946403503418 -0.86909776926041
vn 0.00001584000529 -0.44863149523735 -0.89371681213379
vn -0.27523010969162 -0.20311504602432 -0.93967688083649
vn -0.00000623045344 0.97567045688629 0.21924234926701
vn -0.00001574340968 0.66452676057816 0.74726450443268
vn -0.27830791473389 0.6579253077507 0.69977062940598
vn -0.38235542178154 0.92401486635208 0.0008987612091
vn -0.38428807258606 -0.67155593633652 0.63351035118103
vn -0.52177852392197 -0.05891266837716 0.85104435682297
vn -0.00001657184475 -0.09839884191751 0.99514704942703
vn -0.0000138093892 -0.80856913328171 0.5884011387825
vn -0.23320353031158 -0.97223722934723 -0.01925795339048
vn 0.00000027098392 -0.99998116493225 -0.0061350138858
vn 0.00001521632748 -0.76549446582794 -0.64344245195389
vn -0.36306089162827 -0.5232720375061 -0.77095597982407
vn -0.89574700593948 -0.43604257702827 -0.08662625402212
vn -0.87304824590683 -0.24120360612869 0.42380130290985
vn -0.91285973787308 0.33023321628571 0.24006901681423
vn -0.84680891036987 0.26203185319901 -0.46287575364113
vn -0.35053315758705 0.742267370224 -0.57110917568207
vn 0.0000143646912 0.80537629127502 -0.59276390075684
vn 0.00001770470044 -0.0463388748467 -0.99892580509186
vn -0.27524891495705 0.19665256142616 -0.94104504585266
vn 0.94866585731506 -0.00000000382068 -0.31628012657166
vn 0.68494176864624 0 -0.7285977602005
vn 0.68471902608871 -0.12647849321365 -0.71774864196777
vn 0.9067474603653 -0.0901876911521 -0.41191652417183
vn 0.83491826057434 -0.00737523753196 -0.55032455921173
vn 0.84637415409088 -0.1208126321435 -0.51870518922806
vn 0.94991344213486 -0.05423666536808 -0.30777084827423
vn 0.93689125776291 0.01048611383885 -0.34946358203888
vn 0.99809902906418 -0.00000000046657 -0.06163020059466
vn 0.99809658527374 -0.01493246946484 -0.05983475223184
vn 0.99725770950317 0.01538299676031 0.07239063829184
vn 0.99237006902695 0.00000000249334 0.12329474836588
vn 0.75960087776184 -0.24743747711182 -0.60148245096207
vn 0.9205961227417 -0.15884430706501 -0.35675105452538
vn 0.82840192317963 -0.22783407568932 -0.51170486211777
vn 0.94997107982636 -0.12704907357693 -0.28533053398132
vn 0.99809873104095 -0.02508008293808 -0.05630206689239
vn 0.9968473315239 0.02970439195633 0.07357310503721
vn 0.60200387239456 -0.47187986969948 -0.64414346218109
vn 0.9205117225647 -0.21845942735672 -0.32393461465836
vn 0.84450364112854 -0.32197883725166 -0.42795234918594
vn 0.96151912212372 -0.16362339258194 -0.2206995934248
vn 0.99860203266144 -0.02956431917846 -0.04381711781025
vn 0.99381309747696 0.06208432838321 0.09209298342466
vn 0.78681623935699 -0.46157231926918 -0.40972092747688
vn 0.92051035165787 -0.28104051947594 -0.27143484354019
vn 0.83961510658264 -0.41615131497383 -0.34909105300903
vn 0.93688875436783 -0.25270244479179 -0.24162152409554
vn 0.99661791324615 -0.06108094751835 -0.05497125908732
vn 0.99684762954712 0.0570530667901 0.05513402074575
vn 0.60199517011642 -0.69308876991272 -0.39652210474014
vn 0.90674287080765 -0.36390817165375 -0.2130451053381
vn 0.83976423740387 -0.47021922469139 -0.271458953619
vn 0.9408066868782 -0.29259821772575 -0.17108212411404
vn 0.99860161542892 -0.04669233411551 -0.02479259483516
vn 0.992371737957 0.1067533120513 0.06166122108698
vn 0.68470549583435 -0.70061391592026 -0.20079469680786
vn 0.92056369781494 -0.37378519773483 -0.11334526538849
vn 0.83961200714111 -0.51041454076767 -0.18581885099411
vn 0.95834410190582 -0.27386549115181 -0.08108184486628
vn 0.99809801578522 -0.05863723158836 -0.01902773976326
vn 0.99809849262238 0.05861466005445 0.01907164603472
vn 0.68470412492752 -0.72705274820328 -0.05073945969343
vn 0.93815582990646 -0.34392538666725 -0.03973605111241
vn 0.83490812778473 -0.54655677080154 -0.06483906507492
vn 0.94990676641464 -0.31177634000778 -0.02173940651119
vn 0.99809545278549 -0.06109089776874 -0.00856609735638
vn 0.99570763111114 0.09164879471064 0.01291768811643
vn 0.56702238321304 -0.81607049703598 0.11186841130257
vn 0.93332195281982 -0.35791230201721 0.02844131365418
vn 0.83975690603256 -0.53979313373566 0.05858092010021
vn 0.94990509748459 -0.30948859453201 0.04355631396174
vn 0.99809503555298 -0.06154388561845 0.00432316446677
vn 0.99570822715759 0.09232476353645 -0.00641989335418
vn 0.78680551052094 -0.58831757307053 0.18659994006157
vn 0.90673559904099 -0.40025165677071 0.13277494907379
vn 0.85076779127121 -0.49981358647346 0.16242079436779
vn 0.94995945692062 -0.2970777451992 0.09654980152845
vn 0.99809700250626 -0.05863765999675 0.01907728426158
vn 0.99381643533707 0.10674399137497 -0.03057054430246
vn 0.68469500541687 -0.643550157547 0.34210509061813
vn 0.92049562931061 -0.33134362101555 0.207121104002
vn 0.83974915742874 -0.47112476825714 0.26993119716644
vn 0.9499020576477 -0.27597007155418 0.14671929180622
vn 0.99809432029724 -0.05231493711472 0.03272508084774
vn 0.99439942836761 0.09153907001019 -0.05282454937696
vn 0.68469113111496 -0.55836445093155 0.46843057870865
vn 0.92049759626389 -0.28103762865067 0.27148112654686
vn 0.83290630578995 -0.41951617598534 0.36093384027481
vn 0.94079631567001 -0.25315010547638 0.22542703151703
vn 0.99809402227402 -0.04437331855297 0.04288740828633
vn 0.99570977687836 0.06656850129366 -0.06427072733641
vn 0.68468976020813 -0.44877171516418 0.57428550720215
vn 0.92049318552017 -0.21846087276936 0.32398638129234
vn 0.84447848796844 -0.32198065519333 0.42800056934357
vn 0.96837157011032 -0.14664766192436 0.20186871290207
vn 0.99878197908401 -0.02898935601115 0.03992761299014
vn 0.99726110696793 0.0434856750071 -0.05982714891434
vn 0.60196912288666 -0.32763889431953 0.72820729017258
vn 0.92049211263657 -0.14633275568485 0.36232721805573
vn 0.83290022611618 -0.23645289242268 0.50036704540253
vn 0.94079476594925 -0.13614150881767 0.3104362487793
vn 0.99725437164307 -0.03245890140533 0.06655932217836
vn 0.99571561813354 0.03762041032314 -0.08446987718344
vn 0.75957250595093 -0.11697099357843 0.63981825113297
vn 0.90082859992981 -0.07769659161568 0.42716634273529
vn 0.8395944237709 -0.13146917521954 0.52706456184387
vn 0.93687480688095 -0.06240312755108 0.34405145049095
vn 0.99751251935959 -0.01465043704957 0.06895026564598
vn 0.99726152420044 0.0153818782419 -0.07233833521605
vn 0.68491345643997 0.00000000469689 0.72862440347672
vn 0.93331348896027 0.0091507518664 0.35894593596458
vn 0.84447532892227 -0.00892819743603 0.53552007675171
vn 0.96837002038956 -0.00000000173732 0.24951852858067
vn 0.99915421009064 -0.00000000186612 0.04112030938268
vn 0.99237620830536 0.00000000124667 -0.12324536591768
vn 0.6846871972084 0.12647759914398 0.71777909994125
vn 0.92049288749695 0.09456998109818 0.37914296984673
vn 0.83289933204651 0.10280103236437 0.54379284381866
vn 0.92745262384415 0.07774043083191 0.36577045917511
vn 0.99661427736282 0.01708931103349 0.08042354136705
vn 0.99810063838959 -0.01281380094588 -0.06025758385658
vn 0.6846832036972 0.27294474840164 0.67580324411392
vn 0.93814700841904 0.14409306645393 0.31482917070389
vn 0.83489382266998 0.21710686385632 0.5057834982872
vn 0.94993549585342 0.1330258846283 0.28271299600601
vn 0.9980936050415 0.02705085650086 0.05547451600432
vn 0.99440079927444 -0.04299166053534 -0.09653363376856
vn 0.68491131067276 0.42826664447784 0.58947783708572
vn 0.90083104372025 0.24471420049667 0.3586340546608
vn 0.84447890520096 0.3219800889492 0.42800024151802
vn 0.96837174892426 0.14664706587791 0.2018681615591
vn 0.99878197908401 0.02898938208818 0.0399277433753
vn 0.99726110696793 -0.04348569735885 -0.05982716009021
vn 0.68469125032425 0.55836403369904 0.46843090653419
vn 0.92049765586853 0.28103759884834 0.27148103713989
vn 0.83290630578995 0.4195162653923 0.36093381047249
vn 0.94079631567001 0.25314995646477 0.22542704641819
vn 0.99809402227402 0.04437329247594 0.04288748279214
vn 0.99570977687836 -0.06656850129366 -0.06427076458931
vn 0.68469494581223 0.64355021715164 0.34210515022278
vn 0.92049580812454 0.33134326338768 0.20712088048458
vn 0.83974897861481 0.47112494707108 0.26993128657341
vn 0.9499020576477 0.27597025036812 0.14671927690506
vn 0.99809432029724 0.05231497064233 0.03272508457303
vn 0.99439936876297 -0.09153907746077 -0.05282455682755
vn 0.78680539131165 0.58831781148911 0.18659982085228
vn 0.90673571825027 0.40025132894516 0.13277500867844
vn 0.85076773166656 0.49981361627579 0.16242092847824
vn 0.94995945692062 0.29707765579224 0.09654974937439
vn 0.99809700250626 0.05863770470023 0.01907729171216
vn 0.99571388959885 -0.08796749264002 -0.02855753153563
vn 0.5670223236084 0.81607055664062 0.11186836659908
vn 0.93332207202911 0.35791194438934 0.02844136953354
vn 0.83975726366043 0.53979253768921 0.05858102068305
vn 0.94990515708923 0.3094884455204 0.0435563325882
vn 0.99809503555298 0.0615439042449 0.00432316726074
vn 0.99439853429794 -0.10511942207813 -0.01102283131331
vn 0.68470418453217 0.72705274820328 -0.05073935911059
vn 0.93815594911575 0.34392499923706 -0.03973612561822
vn 0.83490860462189 0.54655605554581 -0.06483915448189
vn 0.94990688562393 0.31177613139153 -0.02173941768706
vn 0.99809545278549 0.06109092012048 -0.0085661066696
vn 0.9957075715065 -0.09164916723967 0.01291760336608
vn 0.68470543622971 0.7006139755249 -0.20079466700554
vn 0.92056381702423 0.37378489971161 -0.11334531009197
vn 0.83961200714111 0.51041460037231 -0.18581889569759
vn 0.95834416151047 0.27386540174484 -0.08108181506395
vn 0.99809801578522 0.05863728001714 -0.01902773231268
vn 0.99809849262238 -0.05861468985677 0.01907152868807
vn 0.60199505090714 0.69308888912201 -0.39652213454247
vn 0.90674299001694 0.36390790343285 -0.21304495632648
vn 0.83976423740387 0.47021913528442 -0.27145901322365
vn 0.94080656766891 0.29259842634201 -0.17108219861984
vn 0.99860161542892 0.0466923750937 -0.02479260601103
vn 0.992371737957 -0.10675333440304 0.06166123226285
vn 0.78681635856628 0.46157172322273 -0.40972125530243
vn 0.92051041126251 0.28104048967361 -0.27143475413322
vn 0.83961498737335 0.41615152359009 -0.34909102320671
vn 0.93688881397247 0.25270217657089 -0.24162147939205
vn 0.99661791324615 0.06108094751835 -0.05497133731842
vn 0.99684762954712 -0.05705308541656 0.05513406172395
vn 0.60200464725494 0.47187918424606 -0.64414322376251
vn 0.92051190137863 0.21845909953117 -0.32393434643745
vn 0.84450405836105 0.32197824120522 -0.42795205116272
vn 0.96151942014694 0.16362275183201 -0.22069898247719
vn 0.99860203266144 0.02956433407962 -0.04381715133786
vn 0.99381303787231 -0.06208434328437 0.09209299832582
vn 0.75960093736649 0.24743774533272 -0.60148233175278
vn 0.92059677839279 0.15884356200695 -0.35674956440926
vn 0.83492064476013 0.21710553765297 -0.50573974847794
vn 0.95834946632385 0.1229769513011 -0.25776535272598
vn 0.99809873104095 0.02508001774549 -0.05630196258426
vn 0.9968473315239 -0.02970439940691 0.07357309013605
vn 0.68471902608871 0.12647873163223 -0.71774852275848
vn 0.90674793720245 0.09018751233816 -0.41191557049751
vn 0.8463728427887 0.10061785578728 -0.52300012111664
vn 0.94995057582855 0.07134533673525 -0.30414438247681
vn 0.99809658527374 0.01493248995394 -0.05983471497893
vn 0.99725770950317 -0.01538299396634 0.07239064574242
vn 0.98288214206696 -0.03829995915294 0.18021036684513
vn 0.9828822016716 0.00000000745198 0.18423502147198
vn 0.98286134004593 -0.08081916719675 0.16568590700626
vn 0.98286151885986 -0.11349835991859 0.14526289701462
vn 0.98286259174347 -0.14121396839619 0.11848945170641
vn 0.98288422822952 -0.15953198075294 0.09213115274906
vn 0.98288553953171 -0.17519323527813 0.05695045739412
vn 0.98286658525467 -0.18386895954609 0.01286168769002
vn 0.98288798332214 -0.18319790065289 -0.01922955736518
vn 0.98288881778717 -0.17519178986549 -0.05689808353782
vn 0.98288905620575 -0.15953198075294 -0.09207987785339
vn 0.98286962509155 -0.14121089875698 -0.11843486130238
vn 0.98289066553116 -0.10827641934156 -0.14900369942188
vn 0.98289132118225 -0.07492424547672 -0.16825887560844
vn 0.98289167881012 -0.03830097615719 -0.18015836179256
vn 0.98289161920547 0.00000000372599 -0.18418489396572
vn 0.98289167881012 0.03830097988248 -0.18015836179256
vn 0.98289132118225 0.07492426037788 -0.16825892031193
vn 0.9828907251358 0.1082764044404 -0.14900366961956
vn 0.98286962509155 0.14121086895466 -0.11843479424715
vn 0.98288905620575 0.1595319211483 -0.09207987785339
vn 0.9828684926033 0.17319391667843 -0.06303486973047
vn 0.98286783695221 0.18251845240593 -0.02564717829227
vn 0.98286682367325 0.18386794626713 0.01286163181067
vn 0.98288559913635 0.17519293725491 0.05695059150457
vn 0.98288422822952 0.1595319211483 0.09213115274906
vn 0.98286259174347 0.14121390879154 0.11848936229944
vn 0.98286157846451 0.11349835246801 0.14526282250881
vn 0.98286134004593 0.08081914484501 0.16568590700626
vn 0.98288214206696 0.03829996287823 0.18021036684513
vn -0.09821471571922 -0.19231742620468 -0.97640556097031
vn -0.02462312951684 -0.20784902572632 -0.97785097360611
vn -0.04926945641637 -0.00000001124404 -0.99878549575806
vn -0.10228122770786 -0.00000002810329 -0.9947555065155
vn 0.0394576638937 -0.00000000656016 -0.99922126531601
vn 0.0394585840404 -0.2077504992485 -0.97738564014435
vn 0.08838082849979 -0.2216878682375 -0.97110420465469
vn 0.09370260685682 -0.0000000199778 -0.99560022354126
vn -0.04927113652229 -0.40624275803566 -0.91243582963943
vn -0.10793052613735 -0.38522785902023 -0.91648811101913
vn 0.039455473423 -0.40642037987709 -0.91283392906189
vn 0.092195764184 -0.42401668429375 -0.90094935894012
vn -0.10631743818522 -0.57226872444153 -0.81314516067505
vn -0.03166738525033 -0.59954530000687 -0.79971408843994
vn 0.04732500761747 -0.60396111011505 -0.79560750722885
vn 0.08772984147072 -0.56844019889832 -0.81803375482559
vn -0.09658616036177 -0.72547578811646 -0.68143665790558
vn -0.04434261098504 -0.75628280639648 -0.65274041891098
vn 0.03381298109889 -0.75265860557556 -0.65754222869873
vn 0.09156062453985 -0.72992670536041 -0.67736524343491
vn -0.10632951557636 -0.85352808237076 -0.5100821852684
vn -0.03167933225632 -0.87298452854156 -0.48671796917915
vn 0.03944868966937 -0.8653519153595 -0.49960970878601
vn 0.08625863492489 -0.86279875040054 -0.49813431501389
vn -0.10229301452637 -0.94603562355042 -0.30749434232712
vn -0.0369452945888 -0.9606369137764 -0.27533933520317
vn 0.04506806656718 -0.94534081220627 -0.32295444607735
vn 0.09218099713326 -0.94033741950989 -0.32751831412315
vn -0.0965993180871 -0.98745930194855 -0.12487069517374
vn -0.03695076704025 -0.99689066410065 -0.06959629058838
vn 0.03943198919296 -0.99374288320541 -0.10449949651957
vn 0.08990896493196 -0.98624187707901 -0.13872045278549
vn -0.10223917663097 -0.99234473705292 0.06927499175072
vn -0.03695687279105 -0.98957592248917 0.13918940722942
vn 0.03942802175879 -0.99375408887863 0.10439487546682
vn 0.089902959764 -0.99353212118149 0.06936404854059
vn -0.10230977833271 -0.94606697559357 0.30739226937294
vn -0.03698394447565 -0.95040673017502 0.30880284309387
vn 0.02627825737 -0.95072859525681 0.30890876054764
vn 0.08995384722948 -0.94720041751862 0.30776566267014
vn -0.03696772828698 -0.88239818811417 0.46904879808426
vn -0.09662059694529 -0.85129946470261 0.51570695638657
vn 0.03941955044866 -0.86532473564148 0.49965909123421
vn 0.0898962020874 -0.84455341100693 0.52787137031555
vn -0.03170773386955 -0.75271254777908 0.6575853228569
vn -0.10231699049473 -0.73917841911316 0.66569244861603
vn 0.0472864434123 -0.75617808103561 0.65265506505966
vn 0.08988719433546 -0.71634805202484 0.69192898273468
vn -0.04931976646185 -0.58707165718079 0.80803120136261
vn -0.10796689987183 -0.6010861992836 0.79185765981674
vn 0.03377125412226 -0.59950262308121 0.79965996742249
vn 0.08988483995199 -0.55683428049088 0.82574588060379
vn -0.10226120054722 -0.43617621064186 0.89403188228607
vn -0.03171662986279 -0.39280062913895 0.9190765619278
vn 0.05254805088043 -0.406174659729 0.91228330135345
vn 0.08993904292583 -0.40508663654327 0.90984380245209
vn -0.10232864320278 -0.20682153105736 0.97301268577576
vn -0.02960097976029 -0.18720507621765 0.98187476396561
vn 0.03151429444551 -0.22833471000195 0.97307252883911
vn 0.08833484351635 -0.22168698906898 0.97110855579376
vn -0.04932497814298 -0.00000000874537 0.9987827539444
vn -0.10233113914728 -0.00000002810328 0.99475038051605
vn 0.0394057482481 -0.00000001218315 0.99922329187393
vn 0.09365636110306 -0.00000001748058 0.99560457468033
vn -0.10232865065336 0.206821590662 0.97301268577576
vn -0.02960088476539 0.18720512092113 0.98187476396561
vn 0.03151419013739 0.22833475470543 0.97307252883911
vn 0.08833509683609 0.22168719768524 0.97110849618912
vn -0.03171658888459 0.39280122518539 0.91907632350922
vn -0.10226060450077 0.43617647886276 0.89403182268143
vn 0.04728386178613 0.38703870773315 0.92085027694702
vn 0.08988456428051 0.43669775128365 0.89510661363602
vn -0.0493184812367 0.58707129955292 0.80803149938583
vn -0.10796536505222 0.60108613967896 0.79185789823532
vn 0.03940790146589 0.58732914924622 0.80838823318481
vn 0.08993903547525 0.58540147542953 0.80573946237564
vn -0.1023161560297 0.73917829990387 0.66569274663925
vn -0.03170686587691 0.75271284580231 0.65758502483368
vn 0.0472851768136 0.75617837905884 0.65265482664108
vn 0.08988714963198 0.71634763479233 0.69192945957184
vn -0.09661819785833 0.85129994153976 0.51570665836334
vn -0.03696572780609 0.88239789009094 0.46904957294464
vn 0.03941764682531 0.86532497406006 0.49965885281563
vn 0.08989386260509 0.84455388784409 0.52787101268768
vn -0.10231000185013 0.94606691598892 0.30739232897758
vn -0.03698392957449 0.95040625333786 0.30880436301231
vn 0.02627869509161 0.950728058815 0.3089103102684
vn 0.08995325863361 0.94720029830933 0.30776607990265
vn -0.0369569696486 0.98957592248917 0.13918928802013
vn -0.10224219411612 0.99234443902969 0.06927488744259
vn 0.03942835330963 0.99375402927399 0.10439486056566
vn 0.08990354090929 0.99353206157684 0.06936413049698
vn -0.03695093095303 0.99689066410065 -0.06959626078606
vn -0.09660171717405 0.98745906352997 -0.12487056106329
vn 0.03943215683103 0.99374288320541 -0.1044994443655
vn 0.08990947157145 0.98624181747437 -0.13872042298317
vn -0.03694535419345 0.96063661575317 -0.27534028887749
vn -0.10229326784611 0.94603550434113 -0.30749452114105
vn 0.04506751522422 0.94534039497375 -0.3229558467865
vn 0.09218112379313 0.94033735990524 -0.32751840353012
vn -0.03167763352394 0.87298446893692 -0.4867182970047
vn -0.10632788389921 0.85352849960327 -0.51008188724518
vn 0.04732048138976 0.85438185930252 -0.51748663187027
vn 0.0877243950963 0.87297308444977 -0.47981497645378
vn -0.04434140771627 0.75628304481506 -0.6527401804924
vn -0.09658514708281 0.72547554969788 -0.68143707513809
vn 0.02630325593054 0.74288749694824 -0.66889929771423
vn 0.08997751027346 0.74013203382492 -0.66641473770142
vn -0.03166630491614 0.59954500198364 -0.79971432685852
vn -0.10631633549929 0.57226884365082 -0.81314527988434
vn 0.05258908867836 0.58697265386581 -0.80789691209793
vn 0.08997912704945 0.58540213108063 -0.80573451519012
vn -0.04927054047585 0.4062432050705 -0.9124356508255
vn -0.10793055593967 0.38522785902023 -0.91648811101913
vn 0.03381874412298 0.39277631044388 -0.9190120100975
vn 0.08993022888899 0.43669676780701 -0.89510250091553
vn -0.09821475297213 0.19231750071049 -0.97640556097031
vn -0.02462304383516 0.2078490704298 -0.97785091400146
vn 0.03945845738053 0.2077504992485 -0.97738569974899
vn 0.08838106691837 0.22168807685375 -0.9711040854454
vn -0.6470103263855 -0.00000000610634 -0.76248127222061
vn -0.64678090810776 0.1845880150795 -0.74000120162964
vn -0.54431945085526 0.36344787478447 -0.75605684518814
vn -0.73884868621826 0.39016968011856 -0.54942721128464
vn -0.64701956510544 0.56662034988403 -0.51020294427872
vn -0.73884969949722 0.58718591928482 -0.33062648773193
vn -0.54433083534241 0.7898913025856 -0.28244575858116
vn -0.5745849609375 0.81339693069458 -0.09076073765755
vn -0.71387839317322 0.69438087940216 0.09062502533197
vn -0.7388636469841 0.63859343528748 0.21512553095818
vn -0.5745964050293 0.70616620779037 0.41372486948967
vn -0.64681422710419 0.54855185747147 0.52983230352402
vn -0.64681655168533 0.42640244960785 0.6323047876358
vn -0.54435557126999 0.3186528980732 0.77597504854202
vn -0.73887848854065 0.14721238613129 0.65756148099899
vn -0.64705586433411 -0.00000000582884 0.76244258880615
vn -0.73887836933136 -0.14721238613129 0.65756160020828
vn -0.54435557126999 -0.31865283846855 0.77597510814667
vn -0.64681667089462 -0.42640247941017 0.63230454921722
vn -0.6468134522438 -0.54855221509933 0.52983278036118
vn -0.57459604740143 -0.70616644620895 0.41372498869896
vn -0.73886328935623 -0.63859343528748 0.21512645483017
vn -0.71387851238251 -0.69438058137894 0.09062571823597
vn -0.57458364963531 -0.81339776515961 -0.09076145291328
vn -0.54433035850525 -0.78989142179489 -0.2824464738369
vn -0.73884975910187 -0.58718574047089 -0.3306265771389
vn -0.64701902866364 -0.56662064790726 -0.51020324230194
vn -0.64702028036118 -0.44816127419472 -0.6168600320816
vn -0.64678955078125 -0.33440086245537 -0.68544828891754
vn -0.64678084850311 -0.18458802998066 -0.74000126123428
vn -0.98248040676117 -0.03874231874943 -0.18229439854622
vn -0.89986509084702 -0.0906809642911 -0.42663776874542
vn -0.92983418703079 -0.00000000749771 -0.36797875165939
vn -0.98248016834259 -0.00000000140669 -0.18636710941792
vn -0.92541515827179 -0.07270607352257 -0.37191477417946
vn -0.90061110258102 -0.00000000375094 -0.43462589383125
vn -0.92983329296112 -0.14966280758381 -0.33617118000984
vn -0.98248022794724 -0.07579171657562 -0.17025920748711
vn -0.90985608100891 -0.16469818353653 -0.38083648681641
vn -0.97926318645477 -0.11818488687277 -0.16454763710499
vn -0.89986407756805 -0.25636172294617 -0.35287857055664
vn -0.93110674619675 -0.21438038349152 -0.29509544372559
vn -0.9217723608017 -0.29314157366753 -0.25377896428108
vn -0.98653262853622 -0.12051302939653 -0.11058939993382
vn -0.90708446502686 -0.30561628937721 -0.28947612643242
vn -0.98542100191116 -0.14502447843552 -0.08895698934793
vn -0.91540116071701 -0.35543674230576 -0.18895871937275
vn -0.91644066572189 -0.33932945132256 -0.21211326122284
vn -0.9792657494545 -0.19299145042896 -0.06158631294966
vn -0.90621709823608 -0.40526220202446 -0.12055326998234
vn -0.92292255163193 -0.36372423171997 -0.12616908550262
vn -0.92177605628967 -0.3863146007061 -0.03301364928484
vn -0.98248475790024 -0.18531937897205 -0.01950355805457
vn -0.91652804613113 -0.39737641811371 -0.04547910392284
vn -0.9824857711792 -0.18531961739063 0.01945257559419
vn -0.90622210502625 -0.41924822330475 0.05470319092274
vn -0.90709221363068 -0.41960376501083 0.03341313451529
vn -0.92984634637833 -0.34994623064995 0.11368130892515
vn -0.98653662204742 -0.1550659686327 0.0519620552659
vn -0.90986949205399 -0.39594203233719 0.12396515160799
vn -0.9824795126915 -0.16336792707443 0.08969343453646
vn -0.90894943475723 -0.35878840088844 0.21232469379902
vn -0.92543315887451 -0.33121484518051 0.18403865396976
vn -0.9778910279274 -0.15956573188305 0.13515892624855
vn -0.9154109954834 -0.2895302772522 0.27963358163834
vn -0.91645109653473 -0.30657204985619 0.25715932250023
vn -0.98246824741364 -0.11480709910393 0.14688594639301
vn -0.91541320085526 -0.22505642473698 0.33371886610985
vn -0.91645258665085 -0.24640120565891 0.31527945399284
vn -0.98249000310898 -0.07578953355551 0.17020393908024
vn -0.90623134374619 -0.16222855448723 0.39041861891747
vn -0.92293387651443 -0.16347567737103 0.34852376580238
vn -0.92178744077682 -0.07318757474422 0.38072496652603
vn -0.9865397810936 -0.03250987827778 0.16025717556477
vn -0.91654056310654 -0.0867403447628 0.3904222548008
vn -0.97457122802734 -0.00000000249911 0.22407786548138
vn -0.9155045747757 -0.00000000656605 0.40230751037598
vn -0.90063291788101 -0.00000000062516 0.43458068370819
vn -0.92178744077682 0.07318758219481 0.38072499632835
vn -0.98894566297531 0.03083438239992 0.14503705501556
vn -0.91654050350189 0.08674038201571 0.39042228460312
vn -0.97457098960876 0.09114965051413 0.2047024667263
vn -0.90623128414154 0.16222885251045 0.3904185295105
vn -0.92293393611908 0.16347567737103 0.34852355718613
vn -0.91541355848312 0.22505587339401 0.33371824026108
vn -0.98542684316635 0.10360304266214 0.13490854203701
vn -0.91645294427872 0.24640068411827 0.31527870893478
vn -0.91541075706482 0.28953048586845 0.27963402867317
vn -0.97789096832275 0.15956570208073 0.13515947759151
vn -0.91645109653473 0.30657216906548 0.25715935230255
vn -0.90894889831543 0.35878929495811 0.21232564747334
vn -0.98247945308685 0.16336819529533 0.08969356119633
vn -0.92543298006058 0.3312149643898 0.18403908610344
vn -0.92984622716904 0.34994661808014 0.11368097364902
vn -0.98653662204742 0.15506601333618 0.05196152999997
vn -0.90986913442612 0.39594292640686 0.12396515905857
vn -0.98248583078384 0.18531908094883 0.01945227384567
vn -0.90622228384018 0.41924783587456 0.05470304191113
vn -0.90709155797958 0.41960507631302 0.03341330587864
vn -0.9217763543129 0.38631388545036 -0.03301334753633
vn -0.98248493671417 0.18531867861748 -0.01950316689909
vn -0.91652715206146 0.39737838506699 -0.04547920078039
vn -0.98248362541199 0.17722079157829 -0.05760822445154
vn -0.90621697902679 0.40526250004768 -0.12055323272943
vn -0.92292219400406 0.36372515559196 -0.12616920471191
vn -0.91540080308914 0.35543754696846 -0.18895895779133
vn -0.97788465023041 0.17787788808346 -0.11000493913889
vn -0.91644060611725 0.33932945132256 -0.21211361885071
vn -0.92177182435989 0.29314205050468 -0.25378033518791
vn -0.98653280735016 0.12255457043648 -0.10832096636295
vn -0.90708476305008 0.30561569333076 -0.28947579860687
vn -0.98541963100433 0.10360414534807 -0.13496048748493
vn -0.90893429517746 0.24139803647995 -0.33994913101196
vn -0.92542320489883 0.22771015763283 -0.30288615822792
vn -0.97788166999817 0.09078499674797 -0.18842920660973
vn -0.9242325425148 0.14951299130917 -0.35134038329124
vn -0.91652691364288 0.16267560422421 -0.36539709568024
vn -0.98248040676117 0.03874230384827 -0.1822943687439
vn -0.89986509084702 0.09068098664284 -0.42663779854774
vn -0.92541515827179 0.07270611077547 -0.3719148337841
vn -0.9973953962326 0.00000000675228 -0.07212807238102
vn -0.9973953962326 0.01499052532017 -0.07055287063122
vn -0.99739557504654 0.02932572737336 -0.06589435040951
vn -0.99739581346512 0.04237919673324 -0.05835730582476
vn -0.9973925948143 0.05189483240247 -0.05014879256487
vn -0.99739634990692 0.0624417103827 -0.03607683628798
vn -0.99739652872086 0.06857465952635 -0.02230981178582
vn -0.99739682674408 0.07171066850424 -0.00756354629993
vn -0.99739706516266 0.07171211391687 0.00751237478107
vn -0.99739450216293 0.06935470551252 0.01985239237547
vn -0.99739491939545 0.06370570510626 0.03383702412248
vn -0.99739837646484 0.05358435958624 0.04821969941258
vn -0.99739873409271 0.04237954318523 0.05830714479089
vn -0.99739909172058 0.02932447195053 0.0658420547843
vn -0.99739921092987 0.01499191392213 0.07049894332886
vn -0.99739915132523 0.00000000745079 0.07207574695349
vn -0.99739599227905 -0.01746181026101 0.06997330486774
vn -0.99739915132523 -0.02932342514396 0.06584102660418
vn -0.99739569425583 -0.04033498466015 0.0597904920578
vn -0.99739837646484 -0.0535844899714 0.04821964725852
vn -0.99739491939545 -0.06370580196381 0.03383708000183
vn -0.99739450216293 -0.06935445219278 0.01985250972211
vn -0.99739706516266 -0.07171208411455 0.00751267420128
vn -0.99739682674408 -0.07171051949263 -0.00756373116747
vn -0.99739348888397 -0.06779166311026 -0.02470971271396
vn -0.99739664793015 -0.06243832036853 -0.0360742546618
vn -0.99739283323288 -0.05527283996344 -0.04639505594969
vn -0.99739253520966 -0.04442486912012 -0.05687290430069
vn -0.99739557504654 -0.02932570874691 -0.06589434295893
vn -0.9973953962326 -0.01499057281762 -0.07055292278528
vn -0.63007974624634 0.77215468883514 0.08232075721025
vn -0.91365963220596 0.3814337849617 0.14047887921333
vn -0.53627520799637 0.24206392467022 0.80858767032623
vn -0.53291118144989 0.76570135354996 -0.36014872789383
vn -0.94743120670319 0.31288322806358 0.06691912561655
vn -0.53621238470078 0.55005389451981 0.64024758338928
vn -0.53289997577667 0.55303937196732 -0.6404412984848
vn -0.92417371273041 0.37372869253159 -0.0789288058877
vn -0.53622680902481 0.76290112733841 0.36116850376129
vn -0.63004887104034 0.31691673398018 -0.708944439888
vn -0.91364461183548 0.2514970600605 -0.31937873363495
vn -0.53617948293686 0.84387618303299 0.01960956677794
vn -0.63005530834198 0.00118775153533 -0.77654939889908
vn -0.91364252567291 0.09987203776836 -0.39405956864357
vn -0.53617036342621 0.77890384197235 -0.32531547546387
vn -0.63007378578186 -0.31475538015366 -0.70988458395004
vn -0.9136466383934 -0.06903944164515 -0.40060371160507
vn -0.53618025779724 0.5792464017868 -0.61399048566818
vn -0.53292340040207 -0.69472122192383 -0.48306840658188
vn -0.92416489124298 -0.11754209548235 -0.36345997452736
vn -0.5361909866333 0.27943783998489 -0.79650092124939
vn -0.63007110357285 -0.73816549777985 -0.24108524620533
vn -0.91365331411362 -0.34388023614883 -0.21675784885883
vn -0.5361739397049 -0.06868605315685 -0.84130835533142
vn -0.63009375333786 -0.7723895907402 0.07997652888298
vn -0.91365444660187 -0.40230932831764 -0.05816152319312
vn -0.5361795425415 -0.40492215752602 -0.74064135551453
vn -0.63008099794388 -0.67309314012527 0.38722547888756
vn -0.88072764873505 -0.45578670501709 0.12875266373158
vn -0.53614789247513 -0.67118525505066 -0.51191383600235
vn -0.53294897079468 -0.40778613090515 0.74140131473541
vn -0.92417907714844 -0.34916093945503 0.1548537760973
vn -0.53620958328247 -0.82132714986801 -0.19468180835247
vn -0.53296607732773 -0.07097656279802 0.84315448999405
vn -0.92419040203094 -0.25596469640732 0.28346809744835
vn -0.53620719909668 -0.82950419187546 0.15621994435787
vn -0.63011646270752 0.16027863323689 0.75977891683578
vn -0.880744099617 -0.01837512478232 0.47323587536812
vn -0.53621232509613 -0.69424200057983 0.48010870814323
vn -0.53295928239822 0.57910585403442 0.61692041158676
vn -0.92419481277466 0.03939758241177 0.37988385558128
vn -0.53621691465378 -0.43894216418266 0.7209724187851
vn -0.63006269931793 0.6719291806221 0.38927140831947
vn -0.88073247671127 0.33942145109177 0.33030804991722
vn -0.53621560335159 -0.10774078220129 0.83717668056488
vn -0.53291726112366 0.84598553180695 0.01754115335643
vn -0.53622925281525 0.24207182228565 -0.80861574411392
vn -0.94743114709854 0.25857990980148 -0.18844266235828
vn -0.63007664680481 0.73889070749283 0.23883865773678
vn -0.53620034456253 0.55004304647446 -0.64026707410812
vn -0.9136568903923 0.40560418367386 0.02676474116743
vn -0.53296899795532 0.55301249027252 0.64040702581406
vn -0.53617084026337 0.76293218135834 -0.36118596792221
vn -0.9474378824234 0.31304493546486 0.06606353074312
vn -0.63009655475616 0.31691336631775 0.70890355110168
vn -0.53618204593658 0.84387391805649 -0.01963859051466
vn -0.91366285085678 0.25150802731514 0.3193179666996
vn -0.63010108470917 0.00118753453717 0.77651220560074
vn -0.53619277477264 0.77890121936798 0.32528471946716
vn -0.9136568903923 0.09988164156675 0.39402371644974
vn -0.53295135498047 -0.43819344043732 0.72384345531464
vn -0.53621518611908 0.57924777269363 0.61395865678787
vn -0.94744300842285 0.03387870639563 0.31812578439713
vn -0.53296655416489 -0.694715321064 0.48302927613258
vn -0.5362269282341 0.27944681048393 0.79647362232208
vn -0.92419004440308 -0.11753587424755 0.36339798569679
vn -0.53294670581818 -0.83113265037537 0.15870214998722
vn -0.53621900081635 -0.06869907677174 0.84127855300903
vn -0.92419022321701 -0.25518420338631 0.28417149186134
vn -0.63007205724716 -0.77240163087845 -0.08003080636263
vn -0.53619879484177 -0.40492379665375 0.74062651395798
vn -0.91365152597427 -0.40232291817665 0.05811346322298
vn -0.53292721509933 -0.67408281564713 -0.5114694237709
vn -0.53619277477264 -0.67117077112198 0.51188588142395
vn -0.92417722940445 -0.38196361064911 0.00049713614862
vn -0.53290605545044 -0.407790184021 -0.7414299249649
vn -0.5362223982811 -0.82132524251938 0.19465437531471
vn -0.92417359352112 -0.34915238618851 -0.15490587055683
vn -0.5329076051712 -0.07097020745277 -0.84319198131561
vn -0.53619939088821 -0.82950335741043 -0.1562509983778
vn -0.92416894435883 -0.25597038865089 -0.2835328578949
vn -0.63004124164581 0.16030609607697 -0.75983548164368
vn -0.53621429204941 -0.69423609972 -0.4801150560379
vn -0.91363859176636 -0.01575894281268 -0.40622180700302
vn -0.6300528049469 0.45548608899117 -0.62894022464752
vn -0.53620946407318 -0.43894129991531 -0.72097849845886
vn -0.88071233034134 0.17572197318077 -0.43984949588776
vn -0.53292977809906 0.77997320890427 -0.32806643843651
vn -0.5362343788147 -0.10775431990623 -0.83716285228729
vn -0.92416840791702 0.19051973521709 -0.33108147978783
vn 0.86948138475418 -0.10270300507545 -0.48317095637321
vn 1 0.00000000000002 0.00002629830851
vn 0.76195681095123 0.00000020136063 -0.64762789011002
vn 0.80776083469391 -0.22078432142735 -0.54660469293594
vn 0.76195257902145 -0.38067433238029 -0.52394211292267
vn 0.86947828531265 -0.36710348725319 -0.33051851391792
vn 0.76194822788239 -0.56088155508041 -0.32380053400993
vn 0.86947381496429 -0.46980971097946 -0.15262392163277
vn 0.76194441318512 -0.64409685134888 -0.06767565757036
vn 0.80775052309036 -0.58377528190613 0.08213082700968
vn 0.80774426460266 -0.55395126342773 0.20171070098877
vn 0.86946082115173 -0.42780849337578 0.2470176666975
vn 0.80774039030075 -0.45164608955383 0.37890791893005
vn 0.76192808151245 -0.38068053126335 0.52397322654724
vn 0.8077387213707 -0.22077113389969 0.54664266109467
vn 0.80773663520813 -0.10230505466461 0.58059900999069
vn 0.80773574113846 0.02064256556332 0.5891832113266
vn 0.80773675441742 0.14268212020397 0.57201671600342
vn 0.80773788690567 0.2584867477417 0.52985292673111
vn 0.80774086713791 0.36300265789032 0.46452537178993
vn 0.80774009227753 0.45164626836777 0.37890833616257
vn 0.86946028470993 0.42780938744545 0.24701811373234
vn 0.80774414539337 0.55395144224167 0.20171076059341
vn 0.80775040388107 0.58377557992935 0.082130394876
vn 0.76194417476654 0.64409708976746 -0.06767531484365
vn 0.80775684118271 0.55394804477692 -0.20166905224323
vn 0.80775839090347 0.49991318583488 -0.31243103742599
vn 0.86947828531265 0.36710315942764 -0.33051896095276
vn 0.76195192337036 0.38067418336868 -0.52394318580627
vn 0.86947584152222 0.20092885196209 -0.45126417279243
vn 0.80776214599609 0.14268584549427 -0.57197993993759
vn 0.86935096979141 0.08576590567827 -0.48669609427452
vn 0.91978806257248 0.00000083276484 -0.39241555333138
vn 0.86947762966156 0.20092491805553 -0.45126250386238
vn 0.91978603601456 0.23066429793835 -0.31747072935104
vn 0.76195031404495 0.48129650950432 -0.43334209918976
vn 0.90656512975693 0.37269532680511 -0.19808532297611
vn 0.86934322118759 0.4750859439373 -0.13614577054977
vn 0.86947423219681 0.49127480387688 -0.05160992592573
vn 0.86934107542038 0.49301114678383 0.03444016352296
vn 0.90655863285065 0.40573635697365 0.11631605774164
vn 0.76192873716354 0.56088149547577 0.32384639978409
vn 0.86933141946793 0.35547152161598 0.34336984157562
vn 0.90655297040939 0.23598317801952 0.34996232390404
vn 0.86932748556137 0.18507903814316 0.45827439427376
vn 0.8693260550499 0.08576606214046 0.48674058914185
vn 0.80773305892944 -0.02064554020762 0.58918678760529
vn 0.86932718753815 -0.11961049586534 0.47954514622688
vn 0.86932873725891 -0.21669991314411 0.44419446587563
vn 0.94630306959152 -0.19001087546349 0.26154616475105
vn 0.86933141946793 -0.35547143220901 0.34337002038956
vn 0.7619292140007 -0.56088107824326 0.32384598255157
vn 0.906558573246 -0.40573650598526 0.11631612479687
vn 0.86934131383896 -0.49301069974899 0.03444050252438
vn 0.86947453022003 -0.49127432703972 -0.05161041393876
vn 0.82652205228806 -0.53536057472229 -0.1739262342453
vn 0.94631218910217 -0.27995815873146 -0.16160652041435
vn 0.82652658224106 -0.4183252453804 -0.37664020061493
vn 0.8694811463356 -0.29034996032715 -0.39962413907051
vn 0.86934769153595 -0.21670363843441 -0.44415554404259
vn 0.82652938365936 -0.11703794449568 -0.55059176683426
vn 0.93352401256561 -0.00000060059045 0.35851490497589
vn 0.89260280132294 0.07823099941015 0.44400471448898
vn 0.85790026187897 0.20897980034351 0.46939805150032
vn 0.92278230190277 0.23725275695324 0.30361819267273
vn 0.93352818489075 0.26640713214874 0.23990087211132
vn 0.80529153347015 0.51343959569931 0.2964546084404
vn 0.89261221885681 0.43336924910545 0.12423554062843
vn 0.95518547296524 0.29438391327858 0.03096515312791
vn 0.89261496067047 0.449726998806 -0.03137031197548
vn 0.80530494451523 0.56385058164597 -0.18318419158459
vn 0.95519036054611 0.25634726881981 -0.14797785878181
vn 0.85792022943497 0.38182657957077 -0.34377521276474
vn 0.84267044067383 0.30104506015778 -0.44640615582466
vn 0.93354171514511 0.14580982923508 -0.32747423648834
vn 0.8579249382019 0.10682640969753 -0.50254642963409
vn 0.95519560575485 -0.00000002883938 -0.29597532749176
vn 0.85792487859726 -0.1068262308836 -0.50254654884338
vn 0.93354171514511 -0.14580978453159 -0.32747426629066
vn 0.84267044067383 -0.30104607343674 -0.44640535116196
vn 0.85792016983032 -0.38182699680328 -0.34377479553223
vn 0.95519024133682 -0.25634703040123 -0.14797899127007
vn 0.80530482530594 -0.56385052204132 -0.18318496644497
vn 0.89261502027512 -0.44972690939903 -0.03137034550309
vn 0.95518547296524 -0.29438385367393 0.03096513450146
vn 0.85790878534317 -0.48864853382111 0.15879282355309
vn 0.89271944761276 -0.3902305662632 0.2253265529871
vn 0.9227842092514 -0.29518675804138 0.24765707552433
vn 0.8926048874855 -0.27759635448456 0.35524180531502
vn 0.8052858710289 -0.24114142358303 0.5416322350502
vn 0.89260268211365 -0.07822991162539 0.44400504231453
vn 0.39665442705154 0.18234783411026 0.89967465400696
vn 0.34972193837166 0.21233516931534 0.91247373819351
vn 0.28066259622574 -0.00000015834844 0.95980650186539
vn 0.47738692164421 -0.0000000044179 0.87869316339493
vn 0.16265578567982 0.40131929516792 0.90138000249863
vn 0.5833934545517 0.31925052404404 0.74681401252747
vn 0.47716724872589 0.49133843183517 0.7286274433136
vn 0.28066861629486 0.56702828407288 0.77440559864044
vn 0.55412513017654 0.60670268535614 0.56996238231659
vn 0.33021810650826 0.71199876070023 0.61968845129013
vn 0.47737729549408 0.75569289922714 0.44837391376495
vn 0.20999455451965 0.85761964321136 0.46945807337761
vn 0.36364382505417 0.87804883718491 0.31111633777618
vn 0.28068199753761 0.91391497850418 0.29321846365929
vn 0.47741192579269 0.8738648891449 0.09185895323753
vn 0.39450246095657 0.91385996341705 0.09606120735407
vn 0.28068861365318 0.95490670204163 -0.09678373485804
vn 0.47719258069992 0.87023413181305 -0.1223917901516
vn 0.2100111246109 0.93648248910904 -0.28088417649269
vn 0.36365953087807 0.87804853916168 -0.31109896302223
vn 0.33025062084198 0.82527768611908 -0.45809519290924
vn 0.55415338277817 0.7119432091713 -0.43133613467216
vn 0.21002681553364 0.74127095937729 -0.63749986886978
vn 0.47720909118652 0.63208508491516 -0.6105243563652
vn 0.28055682778358 0.59102612733841 -0.75629097223282
vn 0.47721520066261 0.49133723974228 -0.72859686613083
vn 0.33026346564293 0.39839768409729 -0.85568994283676
vn 0.47721737623215 0.32911098003387 -0.81483101844788
vn 0.21003302931786 0.2249847650528 -0.95145571231842
vn 0.47721022367477 0.15249986946583 -0.86545604467392
vn 0.33025854825974 0.01590645499527 -0.94375646114349
vn 0.47721037268639 -0.03076798841357 -0.87825030088425
vn 0.16271060705185 -0.20514118671417 -0.96511262655258
vn 0.47743666172028 -0.18268543481827 -0.8594651222229
vn 0.4772170484066 -0.32911005616188 -0.81483155488968
vn 0.3302620947361 -0.39839681982994 -0.85569089651108
vn 0.47721481323242 -0.49133661389351 -0.72859752178192
vn 0.28055712580681 -0.59102690219879 -0.75629019737244
vn 0.47720909118652 -0.63208621740341 -0.61052310466766
vn 0.21002781391144 -0.74127292633057 -0.63749730587006
vn 0.554154753685 -0.71194273233414 -0.4313351213932
vn 0.33025032281876 -0.82527685165405 -0.45809692144394
vn 0.28646740317345 -0.91119921207428 -0.29606154561043
vn 0.28069674968719 -0.91282153129578 -0.29659095406532
vn 0.23031447827816 -0.96635603904724 -0.11450431495905
vn 0.58341538906097 -0.80637210607529 -0.096904322505
vn 0.47741192579269 -0.87386476993561 0.09185976535082
vn 0.39450606703758 -0.91385847330093 0.09606093168259
vn 0.21000176668167 -0.93648117780685 0.28089553117752
vn 0.47718414664268 -0.82576656341553 0.3006739616394
vn 0.33022281527519 -0.82527869939804 0.45811352133751
vn 0.36364033818245 -0.79417723417282 0.48687595129013
vn 0.28067272901535 -0.71564471721649 0.63959002494812
vn 0.55412572622299 -0.60670334100723 0.56996119022369
vn 0.2806687951088 -0.56702846288681 0.77440541982651
vn 0.47716683149338 -0.4913378059864 0.72862815856934
vn 0.20997655391693 -0.41788795590401 0.88390016555786
vn 0.47716647386551 -0.32910847663879 0.81486177444458
vn 0.28050467371941 -0.23230820894241 0.93131625652313
vn 0.47716289758682 -0.1525007635355 0.8654819726944
vn 0.8715243935585 -0.11867355555296 0.47577497363091
vn 0.87164914608002 -0.00000007460458 0.49013033509254
vn 0.87152725458145 -0.21499332785606 0.44070184230804
vn 0.87152355909348 -0.30192589759827 0.38637727499008
vn 0.87165975570679 -0.36421096324921 0.32796287536621
vn 0.87166106700897 -0.4244372844696 0.24507142603397
vn 0.87152934074402 -0.47135815024376 0.13512253761292
vn 0.87165743112564 -0.48742842674255 0.05125325918198
vn 0.87153387069702 -0.48914641141891 -0.03412564843893
vn 0.87166738510132 -0.46611750125885 -0.15142783522606
vn 0.87167012691498 -0.42444333434105 -0.24502867460251
vn 0.87154650688171 -0.37564790248871 -0.31511169672012
vn 0.87154561281204 -0.30192542076111 -0.38632798194885
vn 0.87155109643936 -0.21499435603619 -0.44065418839455
vn 0.8716784119606 -0.10189583897591 -0.47936832904816
vn 0.87154883146286 0.01716767810285 -0.49000805616379
vn 0.87155038118362 0.11867321282625 -0.47572746872902
vn 0.87155020236969 0.21499580144882 -0.44065526127815
vn 0.87154585123062 0.30192497372627 -0.38632771372795
vn 0.87154603004456 0.37564814090729 -0.31511273980141
vn 0.87166756391525 0.42444741725922 -0.24503065645695
vn 0.87166798114777 0.46611672639847 -0.15142714977264
vn 0.87153989076614 0.48913565278053 -0.03412583097816
vn 0.87166345119476 0.48741763830185 0.05125354602933
vn 0.87165987491608 0.46611723303795 0.15147203207016
vn 0.8715323805809 0.41579070687294 0.25990274548531
vn 0.8716601729393 0.36421039700508 0.32796230912209
vn 0.8715238571167 0.30192545056343 0.38637706637383
vn 0.87152630090714 0.21499474346638 0.4407029747963
vn 0.8715243935585 0.11867344379425 0.47577497363091
vn -0.19090534746647 -0.18330284953117 -0.96434187889099
vn -0.27108263969421 0.00000003278925 -0.96255606412888
vn -0.0695518180728 -0.00000002060139 -0.99757832288742
vn -0.06951203197241 -0.24145111441612 -0.96792018413544
vn 0.23984685540199 0.00000013855144 -0.97081071138382
vn -0.06708908826113 0.00000003537312 -0.99774700403214
vn -0.06709805130959 -0.20744177699089 -0.97594350576401
vn 0.23982980847359 -0.20183800160885 -0.94960153102875
vn -0.22106873989105 -0.36523571610451 -0.90428507328033
vn -0.06951032578945 -0.43741005659103 -0.89657163619995
vn -0.13057002425194 -0.42187547683716 -0.89720261096954
vn 0.23983459174633 -0.39486846327782 -0.88688117265701
vn -0.22106996178627 -0.54526162147522 -0.80859005451202
vn -0.06951113790274 -0.6142606139183 -0.78603571653366
vn -0.02153310365975 -0.59943574666977 -0.80013316869736
vn 0.23983953893185 -0.57063227891922 -0.78540170192718
vn -0.19959533214569 -0.71865779161453 -0.66610258817673
vn -0.06955876201391 -0.7413449883461 -0.66750967502594
vn -0.06707129627466 -0.76439237594604 -0.64125323295593
vn 0.23968832194805 -0.69829589128494 -0.67448669672012
vn -0.0695628002286 -0.86392563581467 -0.49879205226898
vn -0.25118732452393 -0.82819384336472 -0.50099891424179
vn -0.13058005273342 -0.86866617202759 -0.477878510952
vn 0.23982137441635 -0.84075629711151 -0.48540139198303
vn -0.19960449635983 -0.9274525642395 -0.31621167063713
vn -0.06956806778908 -0.94875258207321 -0.30826750397682
vn -0.02154644951224 -0.95525908470154 -0.29498445987701
vn 0.2398239672184 -0.92330294847488 -0.29999351501465
vn -0.06957636028528 -0.99211156368256 -0.10427749156952
vn -0.27110588550568 -0.95727562904358 -0.10062273591757
vn -0.00335240503773 -0.99652308225632 -0.08324933797121
vn 0.23967422544956 -0.96139031648636 -0.1352219581604
vn -0.19961729645729 -0.97292822599411 0.11646275222301
vn -0.06958278268576 -0.99211180210114 0.10427061468363
vn -0.1305944621563 -0.98793536424637 0.08323956280947
vn 0.23980492353439 -0.9655020236969 0.10148593783379
vn -0.06958416849375 -0.94875133037567 0.3082677423954
vn -0.25120973587036 -0.91425675153732 0.3178493976593
vn -0.06709361821413 -0.95912677049637 0.27490773797035
vn 0.23965890705585 -0.91226726770401 0.33216261863708
vn -0.19094315171242 -0.86049401760101 0.47232484817505
vn -0.06954524666071 -0.84593605995178 0.52873027324677
vn -0.11255604028702 -0.8680636882782 0.48352515697479
vn 0.23965212702751 -0.82327562570572 0.51457172632217
vn -0.22123764455318 -0.7247326374054 0.65254616737366
vn -0.06959115713835 -0.74134361743927 0.6675078868866
vn -0.0033728601411 -0.75727200508118 0.65309089422226
vn 0.23965434730053 -0.69829511642456 0.67449957132339
vn -0.06959460675716 -0.58635967969894 0.80705571174622
vn -0.2512226998806 -0.55281925201416 0.79453009366989
vn -0.06710893660784 -0.61436098814011 0.78616601228714
vn 0.23964157700539 -0.54280483722687 0.80494397878647
vn -0.19095332920551 -0.41853007674217 0.88790166378021
vn -0.06955527514219 -0.37359812855721 0.9249792098999
vn -0.06715538352728 -0.40582209825516 0.91148149967194
vn 0.2397728562355 -0.39486935734749 0.88689750432968
vn -0.22124530375004 -0.2027652412653 0.95390605926514
vn -0.06960338354111 -0.20740991830826 0.97577482461929
vn -0.06715086102486 -0.20744258165359 0.97593975067139
vn 0.23978027701378 -0.20184487104416 0.94961255788803
vn -0.06960374861956 -0.00000001685571 0.99757474660873
vn -0.22124354541302 0.00000003031085 0.97521859407425
vn -0.06715387105942 0.00000007958887 0.99774265289307
vn 0.23977074027061 0.00000025089051 0.97082954645157
vn -0.22124527394772 0.20276515185833 0.95390605926514
vn -0.06960319727659 0.20740996301174 0.97577482461929
vn -0.06715019792318 0.20744249224663 0.97593981027603
vn 0.23978082835674 0.20184452831745 0.94961249828339
vn -0.06955519318581 0.37359923124313 0.92497873306274
vn -0.22111356258392 0.42762598395348 0.87649571895599
vn -0.0215850006789 0.39322224259377 0.91919004917145
vn 0.23977252840996 0.39486876130104 0.88689786195755
vn -0.06959594786167 0.58636033535004 0.80705511569977
vn -0.25122272968292 0.5848137140274 0.77128463983536
vn -0.06715100258589 0.58705884218216 0.80675441026688
vn 0.23964142799377 0.54280507564545 0.80494385957718
vn -0.19963075220585 0.73756855726242 0.64508932828903
vn -0.06959334015846 0.74134331941605 0.66750794649124
vn -0.0671471208334 0.74196511507034 0.667067527771
vn 0.23965090513229 0.69829660654068 0.67449927330017
vn -0.06954771280289 0.84593588113785 0.52873015403748
vn -0.19094496965408 0.86049371957779 0.47232469916344
vn -0.11255542188883 0.86806297302246 0.48352652788162
vn 0.23965132236481 0.82327461242676 0.5145737528801
vn -0.0695853382349 0.94875133037567 0.30826744437218
vn -0.25121107697487 0.91425740718842 0.31784647703171
vn -0.06709253787994 0.95912748575211 0.27490565180779
vn 0.23965999484062 0.91226768493652 0.33216071128845
vn -0.22109594941139 0.96574640274048 0.13583265244961
vn -0.06953606754541 0.99515742063522 0.06947280466557
vn -0.13059306144714 0.9879355430603 0.0832396671176
vn 0.23981192708015 0.96550047397614 0.10148449987173
vn -0.22121845185757 0.96988129615784 -0.10194455087185
vn -0.06957382708788 0.9921116232872 -0.10427869856358
vn -0.00334807555191 0.99652314186096 -0.0832494571805
vn 0.23968048393726 0.96138900518417 -0.13522005081177
vn -0.06952831149101 0.95896637439728 -0.27486243844032
vn -0.22108317911625 0.91640031337738 -0.33366546034813
vn -0.02154522575438 0.95525962114334 -0.29498276114464
vn 0.2398246973753 0.92330360412598 -0.29999095201492
vn -0.06956530362368 0.86392551660538 -0.49879196286201
vn -0.25118803977966 0.82819306850433 -0.50099974870682
vn -0.13057972490788 0.86866521835327 -0.47788035869598
vn 0.23982100188732 0.84075564146042 -0.48540279269218
vn -0.17071661353111 0.73223280906677 -0.6593109369278
vn -0.06956093013287 0.74134469032288 -0.66750979423523
vn -0.06711056828499 0.74146807193756 -0.66762357950211
vn 0.23981641232967 0.72145932912827 -0.64960336685181
vn -0.06955531984568 0.58636111021042 -0.80705803632736
vn -0.27108812332153 0.56577342748642 -0.77872437238693
vn -0.00332847330719 0.57036203145981 -0.8213866353035
vn 0.23969343304634 0.59780561923981 -0.76496762037277
vn -0.19959013164043 0.3856016099453 -0.90081918239594
vn -0.06955418735743 0.40575003623962 -0.91133368015289
vn -0.13057012856007 0.4218755364418 -0.8972025513649
vn 0.23983493447304 0.39486813545227 -0.88688123226166
vn -0.0695119202137 0.24145101010799 -0.96792018413544
vn -0.19090528786182 0.18330271542072 -0.96434187889099
vn -0.06709774583578 0.20744156837463 -0.97594356536865
vn 0.23983107507229 0.20183734595776 -0.94960135221481
vn 1 0.0000016687801 0.00002378678619
vn 0.58552783727646 -0.14067207276821 0.79835361242294
vn 0.90002888441086 -0.00000001471008 0.43583029508591
vn 1 0.00000000000171 0.0000260176821
vn 0.62783795595169 -0.31657487154007 0.71105545759201
vn 1 -0.00000034956901 0.00003310072498
vn 0.90002828836441 -0.25616431236267 0.35260298848152
vn 1 -0.00000484783777 0.00002863823102
vn 1 -0.0000022844647 0.00002528253935
vn 0.48523584008217 -0.64978778362274 0.58508288860321
vn 0.81237119436264 -0.51490616798401 0.27372378110886
vn 1 -0.00000189983439 0.00002793221029
vn 1 -0.00000530336092 0.00002840520756
vn 0.72665214538574 -0.66040849685669 0.18930752575397
vn 1 -0.00000747179365 0.00002795117143
vn 0.72665619850159 -0.68533182144165 0.04786508530378
vn 1 -0.00000553614245 0.00002778318594
vn 0.58554881811142 -0.80273747444153 -0.11289440095425
vn 0.72666305303574 -0.64554309844971 -0.23502111434937
vn 1 -0.00000559295586 0.00002380746992
vn 0.8123853802681 -0.49448895454407 -0.30904796719551
vn 1 -0.00000067060569 0.00002197555295
vn 1 -0.00000215996442 0.00002358367055
vn 0.58556020259857 -0.58306062221527 -0.56316912174225
vn 0.72667247056961 -0.38409954309464 -0.56957411766052
vn 1 -0.00000392537913 0.00002104176929
vn 0.90004712343216 -0.17726136744022 -0.39811253547668
vn 1 -0.00000308641802 0.00001846232044
vn 1 -0.00000003013923 0.0000243574068
vn 0.48527246713638 -0.18179506063461 -0.85525500774384
vn 0.90005040168762 -0.00000001307683 -0.43578585982323
vn 1 -0.00000000000171 0.00002601822416
vn 1 -0.00000199208171 0.00002617583596
vn 0.62787681818008 0.16182538866997 -0.76130360364914
vn 1 0.00000309358211 0.00002167518687
vn 0.72667241096497 0.30123141407967 -0.61741948127747
vn 1 0.00000338327391 0.00002225154458
vn 0.72688192129135 0.40367659926414 -0.55559688806534
vn 0.72667044401169 0.49413192272186 -0.47726693749428
vn 1 0.00000124104258 0.00002398771176
vn 0.81238579750061 0.49448794126511 -0.30904847383499
vn 1 0.00000067061478 0.0000219755475
vn 1 0.00000559303862 0.00002380746264
vn 0.7266640663147 0.64554196596146 -0.23502101004124
vn 1 0.00000553618202 0.00002778319504
vn 0.58554941415787 0.80273729562759 -0.11289270222187
vn 0.72665619850159 0.68533176183701 0.04786508157849
vn 1 0.00000747184004 0.00002795116416
vn 0.72665292024612 0.66040802001953 0.18930608034134
vn 1 0.00000530343777 0.00002840522029
vn 0.81237173080444 0.51490533351898 0.27372360229492
vn 1 0.00000189985951 0.00002793222302
vn 1 0.00000146747107 0.00002383919491
vn 0.62784504890442 0.57841074466705 0.52081823348999
vn 1 0.0000029160924 0.00002685930303
vn 0.8421476483345 0.31695106625557 0.43626752495766
vn 1 0.00000034957543 0.00003310074317
vn 0.62783771753311 0.31657502055168 0.71105563640594
vn 1 -0.00000166876953 0.00002378680438
vn 0.58552765846252 0.14067167043686 0.79835385084152
vn 0.84511035680771 0.00000002052141 0.53459191322327
vn 0.84496486186981 0.12943860888481 0.51892197132111
vn 0.57572203874588 0.17813003063202 0.79800617694855
vn 0.45796436071396 0.00000004413953 0.88897055387497
vn 0.10697594285011 0.00000001377611 0.99426162242889
vn 0.13470396399498 0.20639730989933 0.96915167570114
vn 0.84511649608612 0.21742324531078 0.48836997151375
vn 0.68246459960938 0.2972819507122 0.66773158311844
vn 0.16232630610466 0.40133890509605 0.90143066644669
vn 0.84496760368347 0.29900324344635 0.44342619180679
vn 0.5262223482132 0.50682234764099 0.68280386924744
vn 0.10698295384645 0.58440887928009 0.80437612533569
vn 0.84496891498566 0.38466268777847 0.37156718969345
vn 0.57551342248917 0.62652015686035 0.52560138702393
vn 0.15126904845238 0.72065603733063 0.67658889293671
vn 0.84497183561325 0.45350405573845 0.28347259759903
vn 0.57551729679108 0.72210270166397 0.38385874032974
vn 0.13463485240936 0.84026706218719 0.52519017457962
vn 0.8449729681015 0.50252759456635 0.18299373984337
vn 0.57552230358124 0.786128282547 0.22533619403839
vn 0.1346413642168 0.93109655380249 0.33901455998421
vn 0.84497439861298 0.52959078550339 0.07451085746288
vn 0.5755278468132 0.81579560041428 0.05696745216846
vn 0.13464798033237 0.98123425245285 0.1380190551281
vn 0.84497612714767 0.53350704908371 -0.03722304850817
vn 0.57553261518478 0.80980932712555 -0.11389048397541
vn 0.13465483486652 0.98848700523376 -0.06900345534086
vn 0.84497982263565 0.51410335302353 -0.1473324149847
vn 0.57553696632385 0.76843070983887 -0.27977022528648
vn 0.13465975224972 0.95253890752792 -0.27301359176636
vn 0.8449838757515 0.47223103046417 -0.2509982585907
vn 0.64147371053696 0.65821969509125 -0.39402830600739
vn 0.14658424258232 0.86409491300583 -0.4815112054348
vn 0.84513378143311 0.39726406335831 -0.35767328739166
vn 0.45800691843033 0.66062420606613 -0.59481537342072
vn 0.11809470504522 0.75186991691589 -0.64864885807037
vn 0.84498870372772 0.29900801181793 -0.44338274002075
vn 0.641481757164 0.46068975329399 -0.61340528726578
vn 0.13475519418716 0.58242446184158 -0.80163753032684
vn 0.84513664245605 0.21742814779282 -0.4883328974247
vn 0.57578724622726 0.33255243301392 -0.7469123005867
vn 0.11810340732336 0.38456448912621 -0.91551172733307
vn 0.84498995542526 0.12943974137306 -0.51888078451157
vn 0.64148336648941 0.14760269224644 -0.75280314683914
vn 0.16238124668598 0.20515589416027 -0.96516495943069
vn 0.84513860940933 0.00000002425258 -0.53454726934433
vn 0.45801392197609 0.00000005082732 -0.88894498348236
vn 0.10703054815531 0.00000001001899 -0.99425572156906
vn 0.84498989582062 -0.12943980097771 -0.51888090372086
vn 0.64148336648941 -0.14760264754295 -0.75280314683914
vn 0.16238132119179 -0.2051558047533 -0.96516495943069
vn 0.84513652324677 -0.21742829680443 -0.48833313584328
vn 0.62315732240677 -0.30360567569733 -0.72076243162155
vn 0.12287053465843 -0.4170480966568 -0.90054076910019
vn 0.84513717889786 -0.31421211361885 -0.43245106935501
vn 0.50590145587921 -0.48897224664688 -0.71061229705811
vn 0.13467168807983 -0.61014252901077 -0.78076219558716
vn 0.8449866771698 -0.40972211956978 -0.34369370341301
vn 0.52625644207001 -0.62607216835022 -0.57540225982666
vn 0.11809207499027 -0.7518709897995 -0.64864802360535
vn 0.84498590230942 -0.47222825884819 -0.25099670886993
vn 0.64147537946701 -0.65821850299835 -0.39402762055397
vn 0.14658211171627 -0.86409586668015 -0.48151016235352
vn 0.84498131275177 -0.51410084962845 -0.14733248949051
vn 0.57553845643997 -0.76842933893204 -0.27977094054222
vn 0.13465848565102 -0.95253831148148 -0.27301612496376
vn 0.84497636556625 -0.53350669145584 -0.03722297400236
vn 0.57553315162659 -0.80980867147446 -0.11389280855656
vn 0.13465431332588 -0.98848694562912 -0.06900546699762
vn 0.844975233078 -0.52958941459656 0.07451147586107
vn 0.57552766799927 -0.81579560041428 0.05696885287762
vn 0.13464711606503 -0.98123395442963 0.13802188634872
vn 0.84497505426407 -0.50252449512482 0.18299251794815
vn 0.57552319765091 -0.78612703084946 0.2253382652998
vn 0.13463968038559 -0.93109625577927 0.33901613950729
vn 0.84497380256653 -0.45350137352943 0.28347101807594
vn 0.57551866769791 -0.72210186719894 0.38385820388794
vn 0.13463278114796 -0.8402681350708 0.52518898248672
vn 0.845119535923 -0.3972589969635 0.35771262645721
vn 0.623122215271 -0.59168660640717 0.51149362325668
vn 0.1512663513422 -0.72065728902817 0.67658817768097
vn 0.84511709213257 -0.31420791149139 0.43249329924583
vn 0.45796886086464 -0.52251589298248 0.71919518709183
vn 0.10698211938143 -0.58440846204758 0.80437648296356
vn 0.84496676921844 -0.20028138160706 0.49590173363686
vn 0.64144611358643 -0.32308220863342 0.69581949710846
vn 0.16232645511627 -0.40133962035179 0.90143030881882
vn 0.84511166810989 -0.11114144325256 0.52290904521942
vn 0.62311571836472 -0.17804178595543 0.76159566640854
vn 0.13470421731472 -0.20639753341675 0.9691516160965
vn -0.33187973499298 0.19762583076954 0.92238813638687
vn -0.28986290097237 0.00000003647223 0.95706820487976
vn -0.88657701015472 -0.0000030719923 0.46258097887039
vn -0.85292291641235 0.12634754180908 0.50651639699936
vn -0.55819410085678 0.14398892223835 0.81712090969086
vn -0.88398814201355 0.10876882076263 0.45468047261238
vn -0.89633828401566 0.0000000051746 0.4433708190918
vn -0.55843180418015 0.00000005042994 0.8295504450798
vn -0.97457349300385 0.0452102907002 0.21945953369141
vn -0.99563449621201 0.02259739488363 0.09056109189987
vn -0.99563497304916 0.00326825422235 0.09327556192875
vn -0.98274010419846 -0.00197469792329 0.18498094379902
vn -0.3732323050499 0.37734866142273 0.84752917289734
vn -0.94025063514709 0.13849857449532 0.31104165315628
vn -0.50944846868515 0.34170067310333 0.78974860906601
vn -0.90468192100525 0.18101404607296 0.3857259452343
vn -0.98273980617523 0.07344602048397 0.1697886288166
vn -0.99563437700272 0.04093800112605 0.08388230204582
vn -0.85306966304779 0.30671516060829 0.42213496565819
vn -0.30666023492813 0.54255831241608 0.78204214572906
vn -0.60541129112244 0.48052245378494 0.63448828458786
vn -0.89633738994598 0.26062002778053 0.35868719220161
vn -0.97457194328308 0.1305768340826 0.18209688365459
vn -0.99563419818878 0.05748754739761 0.07353761792183
vn -0.33169347047806 0.67854475975037 0.65540558099747
vn -0.92219001054764 0.29629835486412 0.24854150414467
vn -0.89633345603943 0.32950806617737 0.29666602611542
vn -0.48933684825897 0.66267639398575 0.56692987680435
vn -0.98273849487305 0.13616572320461 0.12523537874222
vn -0.99563378095627 0.07152632623911 0.05997839942575
vn -0.33168649673462 0.79998761415482 0.50000381469727
vn -0.89524471759796 0.39345407485962 0.20911891758442
vn -0.5583980679512 0.72234505414963 0.40793284773827
vn -0.89622235298157 0.39171358942986 0.20819696784019
vn -0.97813963890076 0.17634999752045 0.11019766330719
vn -0.99563413858414 0.0824317112565 0.04379160702229
vn -0.33168116211891 0.88646447658539 0.3227511048317
vn -0.85292029380798 0.50184047222137 0.14381618797779
vn -0.6054008603096 0.76170313358307 0.23086400330067
vn -0.90794014930725 0.40063714981079 0.12302266806364
vn -0.97813779115677 0.19541651010513 0.07112517207861
vn -0.99563312530518 0.08974602073431 0.02569593861699
vn -0.33167967200279 0.93419754505157 0.13139066100121
vn -0.89523476362228 0.44451442360878 0.03101004287601
vn -0.88397884368896 0.4635803103447 0.06061961874366
vn -0.55817800760269 0.82770764827728 0.05776971206069
vn -0.9745671749115 0.22271884977818 0.02480217814445
vn -0.99563217163086 0.09313777834177 0.0064759105444
vn -0.33167526125908 0.94110250473022 -0.06570863723755
vn -0.92217624187469 0.38299638032913 -0.05389587581158
vn -0.89621710777283 0.44253697991371 -0.03091872483492
vn -0.55817240476608 0.82163506746292 -0.1155828461051
vn -0.9814720749855 0.18998666107655 -0.02485172078013
vn -0.99563670158386 0.09280052036047 -0.00977871567011
vn -0.34963050484657 0.89549732208252 -0.27539610862732
vn -0.9102241396904 0.39384144544601 -0.12798783183098
vn -0.90466475486755 0.40779799222946 -0.12362246960402
vn -0.558165371418 0.77965420484543 -0.28388506174088
vn -0.99563217163086 0.08974153548479 -0.02574914135039
vn -0.98273366689682 0.17534182965755 -0.05907445773482
vn -0.89522939920425 0.39346051216125 -0.20917265117168
vn -0.33184534311295 0.81771057844162 -0.4703488945961
vn -0.88759678602219 0.39645507931709 -0.23451080918312
vn -0.48931574821472 0.74396985769272 -0.45505931973457
vn -0.99563664197922 0.08080169558525 -0.0466770157218
vn -0.97302955389023 0.20306031405926 -0.10945289582014
vn -0.92217427492142 0.29630336165428 -0.2485938668251
vn -0.33183711767197 0.70205181837082 -0.63008522987366
vn -0.55838239192963 0.61119478940964 -0.56093668937683
vn -0.89620792865753 0.31907647848129 -0.30822330713272
vn -0.97813165187836 0.15932892262936 -0.13368913531303
vn -0.99563091993332 0.06714804470539 -0.06488608568907
vn -0.85304325819016 0.30671694874763 -0.42218711972237
vn -0.30662268400192 0.57611262798309 -0.75767856836319
vn -0.60537904500961 0.45495808124542 -0.65309220552444
vn -0.90792536735535 0.24082972109318 -0.34303429722786
vn -0.98146885633469 0.1164927110076 -0.1521458029747
vn -0.99563598632812 0.05484228953719 -0.0755068436265
vn -0.34961533546448 0.3945526778698 -0.84976309537888
vn -0.94024008512497 0.13848911225796 -0.31107777357101
vn -0.88396561145782 0.20092914998531 -0.4221755862236
vn -0.55815750360489 0.31073087453842 -0.76935464143753
vn -0.9956306219101 0.04093631356955 -0.08392777293921
vn -0.97456222772598 0.08985708653927 -0.20531466603279
vn -0.85290175676346 0.1263599395752 -0.50654888153076
vn -0.33183062076569 0.19762478768826 -0.9224060177803
vn -0.89620625972748 0.1073687300086 -0.43044894933701
vn -0.55815523862839 0.14398680627346 -0.81714779138565
vn -0.99563074111938 0.02259249053895 -0.09060325473547
vn -0.97813093662262 0.03608905896544 -0.20483510196209
vn -0.88654834032059 0.00000261177411 -0.46263602375984
vn -0.28981244564056 0.00000003395685 -0.95708346366882
vn -0.89631444215775 0.00000000094084 -0.4434190094471
vn -0.55839043855667 0.00000004336962 -0.82957828044891
vn -0.99563020467758 0.00326945190318 -0.09332651644945
vn -0.98273080587387 -0.00197385577485 -0.18503049015999
vn -0.35667735338211 -0.17570902407169 -0.91755521297455
vn -0.89522367715836 -0.10784581303596 -0.43236997723579
vn -0.55839163064957 -0.17247658967972 -0.81144970655441
vn -0.90792560577393 -0.09375794231892 -0.40851011872292
vn -0.99563586711884 -0.01939679309726 -0.09128519892693
vn -0.97302782535553 -0.04132330417633 -0.22695657610893
vn -0.31386241316795 -0.373804718256 -0.87278884649277
vn -0.8952202796936 -0.19538207352161 -0.40050777792931
vn -0.87548553943634 -0.19654478132725 -0.44146934151649
vn -0.5583947300911 -0.33741167187691 -0.75785791873932
vn -0.97456222772598 -0.08985706418753 -0.20531468093395
vn -0.9956306219101 -0.04093630611897 -0.08392783254385
vn -0.33183443546295 -0.55571156740189 -0.76227986812592
vn -0.89522552490234 -0.27437299489975 -0.35112780332565
vn -0.60538011789322 -0.4549580514431 -0.65309113264084
vn -0.90792542695999 -0.24082969129086 -0.34303426742554
vn -0.98146885633469 -0.1164927855134 -0.15214581787586
vn -0.99563598632812 -0.05484233424067 -0.07550687342882
vn -0.33183553814888 -0.70205295085907 -0.63008481264114
vn -0.89522767066956 -0.34137886762619 -0.28640508651733
vn -0.8962088227272 -0.31907579302788 -0.30822131037712
vn -0.55838292837143 -0.61119538545609 -0.56093549728394
vn -0.99563091993332 -0.06714806705713 -0.06488610804081
vn -0.978131711483 -0.1593287140131 -0.13368873298168
vn -0.33184587955475 -0.81771159172058 -0.47034671902657
vn -0.89522933959961 -0.39346104860306 -0.20917165279388
vn -0.88759756088257 -0.39645412564278 -0.23450957238674
vn -0.48931458592415 -0.74397081136703 -0.45505899190903
vn -0.99563664197922 -0.08080145716667 -0.04667703434825
vn -0.97303003072739 -0.20305861532688 -0.10945202410221
vn -0.34962764382362 -0.89549750089645 -0.27539920806885
vn -0.94023764133453 -0.32384449243546 -0.10525157302618
vn -0.55816507339478 -0.77965402603149 -0.28388622403145
vn -0.904665350914 -0.40779638290405 -0.12362312525511
vn -0.98273396492004 -0.1753401607275 -0.05907405912876
vn -0.9956322312355 -0.08974125236273 -0.02574891410768
vn -0.89523094892502 -0.44125616550446 -0.06208477541804
vn -0.33167538046837 -0.94110232591629 -0.06571055203676
vn -0.55817252397537 -0.82163453102112 -0.11558588594198
vn -0.8962174654007 -0.44253620505333 -0.03091952949762
vn -0.98147213459015 -0.18998631834984 -0.02485182508826
vn -0.99563658237457 -0.09280155599117 -0.0097784306854
vn -0.8529155254364 -0.5207833647728 0.03632969409227
vn -0.33167797327042 -0.93419778347015 0.13139347732067
vn -0.55817818641663 -0.8277074098587 0.05777112022042
vn -0.88397914171219 -0.46357953548431 0.0606211386621
vn -0.99563205242157 -0.09313880652189 0.00647572055459
vn -0.97456729412079 -0.22271826863289 0.02480228431523
vn -0.89523720741272 -0.42834961414337 0.12274761497974
vn -0.3316778242588 -0.88646477460861 0.32275384664536
vn -0.60540068149567 -0.76170247793198 0.23086647689342
vn -0.90794062614441 -0.40063577890396 0.12302333116531
vn -0.99563318490982 -0.08974575251341 0.02569571509957
vn -0.97813820838928 -0.19541463255882 0.07112461328506
vn -0.89524185657501 -0.39345729351044 0.20912533998489
vn -0.33168625831604 -0.79998886585236 0.50000202655792
vn -0.89622300863266 -0.39171278476715 0.20819570124149
vn -0.55839890241623 -0.72234493494034 0.40793201327324
vn -0.99563413858414 -0.08243139088154 0.043791603297
vn -0.97813987731934 -0.1763492077589 0.11019697785378
vn -0.89524728059769 -0.3413724899292 0.28635129332542
vn -0.33169203996658 -0.67854630947113 0.65540462732315
vn -0.8963343501091 -0.32950720191002 0.29666429758072
vn -0.48933726549149 -0.662677526474 0.56692814826965
vn -0.99563378095627 -0.07152631878853 0.05997844040394
vn -0.98273849487305 -0.1361657679081 0.12523546814919
vn -0.92219406366348 -0.23813727498055 0.30471098423004
vn -0.33169186115265 -0.52744936943054 0.78216218948364
vn -0.60541158914566 -0.48052299022675 0.63448756933212
vn -0.89633733034134 -0.26061999797821 0.35868725180626
vn -0.99563413858414 -0.05748758837581 0.07353764027357
vn -0.97457194328308 -0.13057686388493 0.18209686875343
vn -0.85292685031891 -0.2289083302021 0.46916607022285
vn -0.35671707987785 -0.36263567209244 0.86095780134201
vn -0.9046818614006 -0.18101415038109 0.38572615385056
vn -0.50944900512695 -0.34170061349869 0.78974831104279
vn -0.99563437700272 -0.04093799367547 0.08388233929873
vn -0.98273980617523 -0.07344597578049 0.16978859901428
vn -0.89524400234222 -0.10785163193941 0.43232649564743
vn -0.33188024163246 -0.19762644171715 0.92238783836365
vn -0.88398802280426 -0.10876892507076 0.45468071103096
vn -0.55819404125214 -0.14398890733719 0.81712090969086
vn -0.99563997983932 -0.0193992163986 0.0912399739027
vn -0.96936732530594 -0.05107069388032 0.24024741351604
vn -0.8693533539772 -0.43143948912621 0.24100765585899
vn -0.61760455369949 -0.75004500150681 0.23663707077503
vn -0.78316271305084 0.3650458753109 0.50338613986969
vn -0.61758232116699 0.68447059392929 0.38741710782051
vn -0.91978716850281 0.08159183710814 0.38384154438972
vn -0.94632136821747 -0.00000138806342 0.32322734594345
vn -0.84721660614014 -0.00165458663832 0.53124505281448
vn -0.94144833087921 0.06784534454346 0.33026066422462
vn -0.89147967100143 0.1660772562027 0.42152380943298
vn -0.93033200502396 0.16081136465073 0.32957857847214
vn -0.82746481895447 0.31267884373665 0.46640530228615
vn -0.90656995773315 0.25988581776619 0.33255115151405
vn -0.89153301715851 0.32580599188805 0.31467327475548
vn -0.93032962083817 0.28096798062325 0.23567724227905
vn -0.89153277873993 0.38411262631416 0.24005569517612
vn -0.94625169038773 0.28559964895248 0.15179118514061
vn -0.89153218269348 0.42562961578369 0.15495075285435
vn -0.93032521009445 0.35254487395287 0.10103052854538
vn -0.89164423942566 0.45025900006294 0.04730118811131
vn -0.96175247430801 0.27242133021355 0.02861394360662
vn -0.90656059980392 0.42104935646057 -0.02941687591374
vn -0.82746267318726 0.55582761764526 -0.07975705713034
vn -0.8989263176918 0.41665065288544 -0.1354019343853
vn -0.96587747335434 0.24631568789482 -0.08005784451962
vn -0.84719198942184 0.46092429757118 -0.26422446966171
vn -0.97144490480423 0.20546373724937 -0.11865705251694
vn -0.90654915571213 0.32336366176605 -0.27130171656609
vn -0.89151668548584 0.3258051276207 -0.31472063064575
vn -0.93031167984009 0.22582499682903 -0.28900399804115
vn -0.82743901014328 0.31267780065536 -0.46645179390907
vn -0.89891672134399 0.17818814516068 -0.40024700760841
vn -0.94142764806747 0.13503323495388 -0.30899834632874
vn -0.89152431488037 0.10963276028633 -0.43950548768044
vn -0.94623982906342 0.05613969266415 -0.31855693459511
vn -0.84719288349152 -0.00165496999398 -0.53128284215927
vn -0.96174228191376 0.00000822983202 -0.27395579218864
vn -0.90655237436295 -0.07323704659939 -0.41569110751152
vn -0.92868304252625 -0.09189923852682 -0.35930812358856
vn -0.9197661280632 -0.1596215069294 -0.35854044556618
vn -0.89162468910217 -0.18414758145809 -0.41363635659218
vn -0.89151602983475 -0.25325229763985 -0.37558284401894
vn -0.90655153989792 -0.25989818572998 -0.33259174227715
vn -0.89151757955551 -0.32580372691154 -0.3147194981575
vn -0.94624221324921 -0.24779576063156 -0.20790113508701
vn -0.89163446426392 -0.39208886027336 -0.2263942360878
vn -0.94630479812622 -0.27995890378952 -0.16164843738079
vn -0.94624328613281 -0.30392876267433 -0.11068426072598
vn -0.89152449369431 -0.43543311953545 -0.12482830882072
vn -0.86946356296539 -0.49128833413124 -0.05166152864695
vn -0.89164000749588 -0.45026230812073 -0.04734941571951
vn -0.89164042472839 -0.45026642084122 0.0473018810153
vn -0.96175098419189 -0.27242794632912 0.02860216982663
vn -0.9197781085968 -0.37324059009552 0.12124215066433
vn -0.89164084196091 -0.43059125542641 0.13988472521305
vn -0.89164555072784 -0.39208942651749 0.22634960711002
vn -0.94631540775299 -0.27995026111603 0.16160149872303
vn -0.94625401496887 -0.24779465794563 0.20784874260426
vn -0.89153397083282 -0.32580462098122 0.31467214226723
vn -0.90656918287277 -0.25989517569542 0.33254593610764
vn -0.89153736829758 -0.2532525062561 0.37553209066391
vn -0.9197855591774 -0.15962208807468 0.3584902882576
vn -0.89165389537811 -0.18414451181889 0.4135747551918
vn -0.92869800329208 -0.09189592301846 0.35927027463913
vn -0.9303332567215 -0.06364846974611 0.36114948987961
vn -0.93024176359177 -0.06367439776659 -0.36138048768044
vn -0.94999241828918 0.00204140716232 -0.31226623058319
vn -0.90384781360626 -0.00000000894502 -0.42785412073135
vn -0.96101105213165 -0.06692048162222 -0.2682897746563
vn -0.93024164438248 -0.1374134272337 -0.34024700522423
vn -0.92216670513153 -0.16958959400654 -0.34763193130493
vn -0.94466388225555 -0.18500606715679 -0.27089270949364
vn -0.96101069450378 -0.17024923861027 -0.21788455545902
vn -0.91433334350586 -0.30190694332123 -0.26990127563477
vn -0.94645094871521 -0.23990845680237 -0.21604290604591
vn -0.96101182699203 -0.2344616651535 -0.14657437801361
vn -0.93024665117264 -0.32399296760559 -0.172248929739
vn -0.92959761619568 -0.35053059458733 -0.1139150261879
vn -0.9499996304512 -0.29758629202843 -0.09456822276115
vn -0.89069223403931 -0.45211398601532 -0.04754201695323
vn -0.94645738601685 -0.32105782628059 -0.03376764059067
vn -0.96101653575897 -0.27582129836082 0.0192300118506
vn -0.94467061758041 -0.32509157061577 0.04373726993799
vn -0.90386021137238 -0.40689563751221 0.132183983922
vn -0.93033254146576 -0.34877642989159 0.11329783499241
vn -0.91434514522552 -0.35142183303833 0.20118559896946
vn -0.96625548601151 -0.22308741509914 0.12877240777016
vn -0.94640403985977 -0.24745824933052 0.20756632089615
vn -0.93029195070267 -0.26620608568192 0.25237122178078
vn -0.94646614789963 -0.18975260853767 0.26114323735237
vn -0.96130186319351 -0.16194701194763 0.22287192940712
vn -0.91434925794601 -0.16337661445141 0.37050440907478
vn -0.96625715494156 -0.10477681457996 0.23530614376068
vn -0.90386945009232 -0.08894822746515 0.41845938563347
vn -0.95000773668289 -0.06292095780373 0.30582070350647
vn -0.91435039043427 0.00145909620915 0.40492126345634
vn -0.9768939614296 -0.00000002225912 0.21372465789318
vn -0.90386939048767 0.08894817531109 0.41845950484276
vn -0.93033468723297 0.07624574005604 0.35869753360748
vn -0.93033510446548 0.14916722476482 0.33500108122826
vn -0.96625715494156 0.10477693378925 0.23530606925488
vn -0.94646596908569 0.18975341320038 0.26114320755005
vn -0.95000785589218 0.18518237769604 0.25138130784035
vn -0.93029141426086 0.26620715856552 0.25237211585045
vn -0.94640356302261 0.24745896458626 0.20756781101227
vn -0.89069801568985 0.39370116591454 0.2272804826498
vn -0.96625554561615 0.22308728098869 0.1287721991539
vn -0.90386170148849 0.40689262747765 0.13218335807323
vn -0.95000451803207 0.29632416367531 0.09840403497219
vn -0.94467180967331 0.32508808374405 0.04373692348599
vn -0.94639980792999 0.32221493124962 0.0224704016
vn -0.90744018554688 0.41906225681305 -0.03064488992095
vn -0.9463974237442 0.31985238194466 -0.04501537978649
vn -0.9446679353714 0.31478425860405 -0.09226796030998
vn -0.94639432430267 0.30351462960243 -0.11052918434143
vn -0.90743190050125 0.37038487195969 -0.19844996929169
vn -0.9610116481781 0.23446184396744 -0.14657524228096
vn -0.91433280706406 0.30190789699554 -0.2699019908905
vn -0.94645011425018 0.23991031944752 -0.21604438126087
vn -0.94639045000076 0.1988922804594 -0.25453281402588
vn -0.93028104305267 0.2079111635685 -0.30224177241325
vn -0.94639265537262 0.14162436127663 -0.29031613469124
vn -0.94466161727905 0.12464433908463 -0.30344390869141
vn -0.96101105213165 0.06692042201757 -0.26828989386559
vn -0.9074267745018 0.07425547391176 -0.41359728574753
vn -0.92791682481766 0.0000002103402 0.37278732657433
vn -0.66443198919296 -0.1553847938776 0.731016933918
vn -0.81788861751556 -0.25230041146278 0.51710999011993
vn -0.89035558700562 -0.26761123538017 0.36830851435661
vn -0.81805169582367 -0.42742598056793 0.38483560085297
vn -0.81805276870728 -0.49809873104095 0.28755402565002
vn -0.81787943840027 -0.540671646595 0.19684359431267
vn -0.817875623703 -0.56978869438171 0.08012673258781
vn -0.81787306070328 -0.57399982213974 -0.04009757936001
vn -0.8714451789856 -0.47150206565857 -0.13516347110271
vn -0.75618106126785 -0.56668680906296 -0.32719460129738
vn -0.89033883810043 -0.33833622932434 -0.30467262864113
vn -0.6643773317337 -0.43930166959763 -0.60466253757477
vn -0.89032989740372 -0.18518906831741 -0.4159539937973
vn -0.87143045663834 -0.11871760338545 -0.47593602538109
vn -0.72933185100555 -0.02395463362336 -0.68374055624008
vn -0.81801730394363 0.11958746612072 -0.56262463331223
vn -0.8178533911705 0.25230279564857 -0.51716446876526
vn -0.72932994365692 0.42126458883286 -0.53908622264862
vn -0.89033854007721 0.33833786845207 -0.30467164516449
vn -0.75617951154709 0.56668740510941 -0.32719710469246
vn -0.8714474439621 0.47149819135666 -0.13516212999821
vn -0.72935575246811 0.68247216939926 -0.04766497015953
vn -0.87145298719406 0.48570108413696 0.06829460710287
vn -0.8178813457489 0.54066985845566 0.19684065878391
vn -0.81804829835892 0.49810254573822 0.28756019473076
vn -0.81805032491684 0.42742809653282 0.38483622670174
vn -0.81805551052094 0.33807283639908 0.46528694033623
vn -0.87146431207657 0.2150617390871 0.44079294800758
vn -0.66443192958832 0.15538524091244 0.73101687431335
vn -0.51720082759857 0.00000015459874 0.85586404800415
vn -0.55164337158203 0.18881246447563 0.8124281167984
vn -0.5171954035759 0.34475553035736 0.78335976600647
vn -0.49196147918701 0.5208193063736 0.69765400886536
vn -0.55163991451263 0.63028937578201 0.54628622531891
vn -0.49195218086243 0.75955832004547 0.42550471425056
vn -0.48169428110123 0.83946579694748 0.25153079628944
vn -0.54188066720963 0.83723664283752 0.07348573952913
vn -0.48168087005615 0.8692039847374 -0.11165997385979
vn -0.54186707735062 0.79475337266922 -0.27339917421341
vn -0.51716464757919 0.74121206998825 -0.42795485258102
vn -0.51716095209122 0.63604044914246 -0.57271027565002
vn -0.51691752672195 0.47860836982727 -0.7097395658493
vn -0.51692271232605 0.32057622075081 -0.79373914003372
vn -0.55159765481949 0.15796393156052 -0.81901615858078
vn -0.48165690898895 0.0201839376241 -0.87612742185593
vn -0.51691716909409 -0.1485543102026 -0.84304702281952
vn -0.49191564321518 -0.34379303455353 -0.7998908162117
vn -0.5515986084938 -0.47743099927902 -0.68395805358887
vn -0.4919256567955 -0.63940316438675 -0.59090834856033
vn -0.5741258263588 -0.70906633138657 -0.40939521789551
vn -0.51716357469559 -0.81285029649734 -0.26798549294472
vn -0.48167777061462 -0.86920535564423 -0.11166255176067
vn -0.5418820977211 -0.83723556995392 0.07348699867725
vn -0.48169240355492 -0.8394650220871 0.25153705477715
vn -0.51718723773956 -0.74121260643005 0.4279265999794
vn -0.51719236373901 -0.63604027032852 0.57268214225769
vn -0.51719290018082 -0.50307375192642 0.69240766763687
vn -0.48170906305313 -0.33791387081146 0.80856078863144
vn -0.55164504051208 -0.1888106316328 0.81242740154266
vn -0.91613256931305 -0.06957236677408 0.39479213953018
vn -0.91622203588486 0.00000002851224 0.4006709754467
vn -0.91622292995453 -0.1629778444767 0.36602422595024
vn -0.91621899604797 -0.23552289605141 0.32414761185646
vn -0.91622042655945 -0.29777038097382 0.26809132099152
vn -0.91621708869934 -0.34701165556908 0.20032262802124
vn -0.91621804237366 -0.38107681274414 0.12379383295774
vn -0.94768476486206 -0.31746125221252 0.03334612771869
vn -0.88938993215561 -0.45464232563972 -0.04781080037355
vn -0.91612303256989 -0.37669688463211 -0.13717871904373
vn -0.94767981767654 -0.2764453291893 -0.159627571702
vn -0.91611921787262 -0.30712962150574 -0.25767600536346
vn -0.87759548425674 -0.29518070816994 -0.37774929404259
vn -0.93937581777573 -0.15033693611622 -0.30817502737045
vn -0.91611850261688 -0.09702653437853 -0.38898941874504
vn -0.84864449501038 0.00000001897649 -0.52896362543106
vn -0.9161182641983 0.09702729433775 -0.38898980617523
vn -0.93937557935715 0.15033569931984 -0.30817642807961
vn -0.87759685516357 0.29518023133278 -0.37774643301964
vn -0.94767785072327 0.23722240328789 -0.21361711621284
vn -0.88938593864441 0.39589959383011 -0.22859600186348
vn -0.94768035411835 0.30358955264091 -0.09866784512997
vn -0.88938903808594 0.45464417338371 -0.04780954122543
vn -0.96447771787643 0.26271983981133 0.02758733741939
vn -0.84865814447403 0.50306046009064 0.16343052685261
vn -0.91612976789474 0.33995300531387 0.21245741844177
vn -0.93938690423965 0.24661625921726 0.23818624019623
vn -0.87761253118515 0.26802498102188 0.39744040369987
vn -0.93938827514648 0.12841001152992 0.31790018081665
vn -0.91613256931305 0.06957230716944 0.39479207992554
vn -0.99992507696152 -0.0000000006986 -0.01223980262876
vn -0.99983143806458 -0.00317653338425 -0.01808454655111
vn -0.99970102310181 -0.00993833877146 -0.02234135195613
vn -0.99992519617081 -0.00718022556975 -0.00990428030491
vn -0.9997011423111 -0.01815438829362 -0.01637073606253
vn -0.99989241361618 -0.0126937283203 -0.00735084945336
vn -0.99987637996674 -0.01476203743368 -0.00540994573385
vn -0.99975794553757 -0.0217832159251 -0.00308908475563
vn -0.99983197450638 -0.01828851923347 0.00124760332983
vn -0.99978095293045 -0.0199131835252 0.0064421040006
vn -0.99989277124405 -0.01269348524511 0.00730423908681
vn -0.99978113174438 -0.01556113455445 0.01398416422307
vn -0.99992567300797 -0.00717666791752 0.00985907763243
vn -0.99975848197937 -0.00964691489935 0.0197458807379
vn -0.99978137016296 -0.00435811793432 0.0204508267343
vn -0.99992573261261 -0.00000000007702 0.01218816824257
vn -0.99978137016296 0.00435818592086 0.02045080438256
vn -0.99975848197937 0.00964697450399 0.01974579505622
vn -0.99992567300797 0.00717665115371 0.0098590888083
vn -0.99978113174438 0.01556095480919 0.01398434862494
vn -0.99989277124405 0.01269345823675 0.00730424886569
vn -0.99983215332031 0.01722735352814 0.00623938115314
vn -0.99978083372116 0.02082313783467 0.00216329889372
vn -0.99983191490173 0.01815111190081 -0.00257859379053
vn -0.99975776672363 0.02066801860929 -0.00756223546341
vn -0.99992525577545 0.01057631429285 -0.0061300881207
vn -0.9997011423111 0.01815417967737 -0.01637095212936
vn -0.99992519617081 0.00718020927161 -0.00990429334342
vn -0.99970102310181 0.00993846356869 -0.02234124951065
vn -0.99983143806458 0.00317653571256 -0.01808454468846
vn -0.86251485347748 -0.00000000664605 0.50603181123734
vn -0.91968125104904 -0.08075872808695 0.3842713534832
vn -0.73801243305206 -0.27446505427361 0.61644679307938
vn -0.90481805801392 -0.26289093494415 0.33495172858238
vn -0.79115319252014 -0.4689579308033 0.39262583851814
vn -0.90481412410736 -0.37640628218651 0.19907204806805
vn -0.91967195272446 -0.37319511175156 0.1221837028861
vn -0.81290125846863 -0.57914412021637 0.06151118129492
vn -0.86250114440918 -0.50328147411346 -0.05291014164686
vn -0.81289625167847 -0.55369406938553 -0.18061700463295
vn -0.94893580675125 -0.27318724989891 -0.15776410698891
vn -0.73798537254334 -0.50147515535355 -0.45155310630798
vn -0.94893503189087 -0.18542097508907 -0.25522816181183
vn -0.81288468837738 -0.23749783635139 -0.53180187940598
vn -0.86249303817749 -0.10521650314331 -0.49501031637192
vn -0.86248695850372 -0.00000000553833 -0.50607925653458
vn -0.86249297857285 0.10521326959133 -0.49501118063927
vn -0.8128861784935 0.23749478161335 -0.5318009853363
vn -0.94893574714661 0.18542350828648 -0.25522354245186
vn -0.73798424005508 0.50148063898087 -0.45154890418053
vn -0.9489358663559 0.27318751811981 -0.15776355564594
vn -0.73799639940262 0.64177179336548 -0.20854310691357
vn -0.91966658830643 0.39064067602158 -0.04016494750977
vn -0.8128998875618 0.57914704084396 0.06150143966079
vn -0.9196702837944 0.37319925427437 0.12218402326107
vn -0.90481346845627 0.37640386819839 0.19907976686954
vn -0.73800778388977 0.50148093700409 0.45151016116142
vn -0.94895017147064 0.18541955947876 0.25517281889915
vn -0.73801457881927 0.27446150779724 0.61644577980042
vn -0.9196811914444 0.08075616508722 0.38427197933197
vn -0.74321228265762 0.13910557329655 0.65443497896194
vn -0.86956429481506 -0.00000000083838 0.49381968379021
vn -0.86956429481506 0.20085352659225 0.45112732052803
vn -0.7432107925415 0.39327609539032 0.54126858711243
vn -0.86956173181534 0.36699342727661 0.33042135834694
vn -0.79732394218445 0.51123058795929 0.32080814242363
vn -0.74320036172867 0.63633358478546 0.20671902596951
vn -0.86955589056015 0.49113377928734 0.05157703533769
vn -0.74319577217102 0.66540920734406 -0.06993251293898
vn -0.86955362558365 0.46966350078583 -0.15261945128441
vn -0.74318516254425 0.57942962646484 -0.33457013964653
vn -0.86954391002655 0.36700132489204 -0.33045947551727
vn -0.7431845664978 0.39327907562256 -0.54130238294601
vn -0.86954641342163 0.20087695121765 -0.45115122199059
vn -0.74318754673004 0.13909491896629 -0.65446537733078
vn -0.86954009532928 0 -0.49386239051819
vn -0.74318706989288 -0.1390969902277 -0.65446543693542
vn -0.86954522132874 -0.20087812840939 -0.45115306973457
vn -0.74318337440491 -0.39328145980835 -0.54130232334137
vn -0.86954551935196 -0.36699771881104 -0.33045914769173
vn -0.7431892156601 -0.57942593097687 -0.33456754684448
vn -0.86955589056015 -0.46965891122818 -0.1526205688715
vn -0.74319815635681 -0.66540551185608 -0.06994282454252
vn -0.86955630779266 -0.49113127589226 0.05159341543913
vn -0.74320167303085 -0.63633155822754 0.20672078430653
vn -0.79732626676559 -0.51122862100601 0.32080540060997
vn -0.79732811450958 -0.43337464332581 0.42006465792656
vn -0.79733037948608 -0.33655080199242 0.50099682807922
vn -0.86956304311752 -0.20085470378399 0.4511291384697
vn -0.74321186542511 -0.13910765945911 0.65443503856659
vn -1 0.00000012736467 -0.00002226548349
vn -0.84123468399048 -0.31820601224899 -0.43711456656456
vn -0.81305080652237 -0.42712306976318 0.39561885595322
vn -0.86933672428131 0.00696969777346 -0.49417114257812
vn -0.78314542770386 -0.61849367618561 0.06441131979227
vn -0.84122854471207 0.11191643774509 -0.52897000312805
vn -0.813032746315 -0.57982850074768 -0.05269422382116
vn -0.8412207365036 0.31739601492882 -0.43772980570793
vn -0.81303381919861 -0.50826507806778 -0.28397646546364
vn -0.86933130025864 -0.29609560966492 -0.39571511745453
vn -0.7831227183342 0.53825384378433 -0.31145080924034
vn -0.84120124578476 0.00051225320203 -0.54072195291519
vn -0.81304836273193 0.57809239625931 0.0690036714077
vn -0.8412207365036 0.22037680447102 -0.49374255537987
vn -0.81305378675461 0.50004154443741 0.29816445708275
vn -0.84124433994293 0.40213164687157 0.361383497715
vn -0.81303000450134 0.33552485704422 -0.47582069039345
vn -0.84123605489731 0.22038725018501 0.49371179938316
vn -0.81304234266281 0.500035405159 -0.2982057929039
vn -0.86934560537338 0.49071580171585 -0.05861983075738
vn -0.78314167261124 0.00059000460897 0.62184309959412
vn -0.84125554561615 -0.21943375468254 0.49410310387611
vn -0.81304669380188 0.55619376897812 0.1720567047596
vn -0.84125804901123 0.11190836876631 0.52892476320267
vn -0.8130429983139 -0.57981675863266 0.05266570672393
vn -0.84124881029129 -0.11292136460543 0.52872413396835
vn -0.81304901838303 -0.55110132694244 -0.18771952390671
vn -0.86936676502228 -0.19462740421295 0.45422637462616
vn -0.783138692379 -0.53882825374603 -0.31041559576988
vn -0.61761826276779 -0.78144127130508 -0.08886647969484
vn -0.61764180660248 0.46766155958176 0.63230633735657
vn -0.61761832237244 -0.67773735523224 -0.39902341365814
vn -0.61763197183609 0.1700327694416 0.76786690950394
vn -0.61763495206833 -0.45685094594955 -0.64016735553741
vn -0.61768907308578 -0.15698152780533 0.77059519290924
vn -0.617631316185 -0.15696857869625 -0.7706441283226
vn -0.61762070655823 -0.45686009526253 0.64017462730408
vn -0.6176061630249 0.17004346847534 -0.76788526773453
vn -0.61757338047028 -0.67776107788086 0.39905259013176
vn -0.61756443977356 0.46770420670509 -0.63235032558441
vn -0.61759603023529 -0.78145825862885 0.08887102454901
vn -0.61756360530853 0.6844722032547 -0.38744413852692
vn -0.61758714914322 -0.75004690885544 -0.23667658865452
vn -0.61758404970169 0.7828671336174 -0.07555747777224
vn -0.61759799718857 -0.58893013000488 -0.52128106355667
vn -0.61760193109512 0.74590533971786 0.24938543140888
vn -0.6175052523613 -0.32607516646385 -0.71579480171204
vn -0.61761397123337 0.57998067140579 0.53120177984238
vn -0.61758106946945 -0.0066871191375 -0.78647881746292
vn -0.61759299039841 0.31373524665833 0.7212136387825
vn -0.61757296323776 0.31376567482948 -0.72121751308441
vn -0.61760383844376 -0.00667888345197 0.78646099567413
vn -0.61760771274567 0.57996839284897 -0.5312225818634
vn -0.61758029460907 -0.32603842020035 0.71574681997299
vn -0.61757570505142 0.74591183662415 -0.24943095445633
vn -0.61763381958008 -0.58892440795898 0.52124524116516
vn -0.61759477853775 0.78286027908325 0.07554096728563
vn -0.636858522892 -0.68609058856964 -0.35169720649719
vn -0.56094700098038 -0.82690197229385 -0.03964348137379
vn -0.56094604730606 -0.5827534198761 -0.58799493312836
vn -0.63685393333435 -0.72044545412064 -0.27454575896263
vn -0.63687926530838 -0.19771263003349 -0.74518090486526
vn -0.56095468997955 -0.52384865283966 -0.64102452993393
vn -0.63683009147644 0.12245992571115 -0.7612167596817
vn -0.56091022491455 -0.21784624457359 -0.79870063066483
vn -0.63682597875595 0.42148348689079 -0.64560389518738
vn -0.56091701984406 0.125847235322 -0.81825089454651
vn -0.56084728240967 0.64575052261353 -0.51812791824341
vn -0.63671451807022 0.34843933582306 -0.68788421154022
vn -0.56091171503067 0.80061602592468 -0.2106941640377
vn -0.63681018352509 0.59801411628723 -0.48667439818382
vn -0.63682281970978 0.74426054954529 0.20132774114609
vn -0.56090450286865 0.81709617376328 -0.13319151103497
vn -0.63681489229202 0.59803611040115 0.48664107918739
vn -0.56092315912247 0.80061662197113 0.21066142618656
vn -0.6368026137352 0.34840047359467 0.6878222823143
vn -0.56090432405472 0.64572924375534 0.51809275150299
vn -0.63684529066086 0.03850043192506 0.77002972364426
vn -0.56094932556152 0.37914025783539 0.73592698574066
vn -0.56100183725357 -0.21782219409943 0.79864287376404
vn -0.63690423965454 0.12246468663216 0.76115399599075
vn -0.56096965074539 -0.52385199069977 0.64100867509842
vn -0.63690972328186 -0.19770926237106 0.74515575170517
vn -0.56093442440033 -0.73931682109833 0.37250930070877
vn -0.63683122396469 -0.48378592729568 0.60033082962036
vn -0.6368123292923 -0.76986265182495 -0.0422091409564
vn -0.5609382390976 -0.77153581380844 0.30013459920883
usemtl grey
f 4//3 1//2 2//1
f 2//1 3//4 4//3
f 7//7 8//6 5//5
f 5//5 6//8 7//7
f 11//11 12//10 9//9
f 9//9 10//12 11//11
f 5//5 13//14 14//13
f 14//13 12//10 5//5
f 15//16 16//15 4//3
f 15//16 4//3 17//17
f 13//14 5//5 8//6
f 16//15 1//2 4//3
f 3//4 18//18 17//17
f 17//17 4//3 3//4
f 5//5 12//10 11//11
f 5//5 11//11 6//8
f 15//16 14//13 13//14
f 13//14 16//15 15//16
f 10//12 9//9 19//19
f 19//19 20//20 10//12
f 17//17 19//19 15//16
f 14//13 9//9 12//10
f 1//2 16//15 13//14
f 13//14 8//6 1//2
f 9//9 14//13 15//16
f 15//16 19//19 9//9
f 19//19 17//17 18//18
f 18//18 20//20 19//19
f 21//23 22//22 23//21
f 21//23 23//21 24//24
f 26//27 27//26 28//25
f 25//28 26//27 28//25
f 31//31 32//30 29//29
f 29//29 30//32 31//31
f 25//28 33//34 34//33
f 34//33 32//30 25//28
f 35//36 36//35 24//24
f 35//36 24//24 37//37
f 33//34 25//28 28//25
f 36//35 21//23 24//24
f 37//37 24//24 23//21
f 37//37 23//21 38//38
f 32//30 31//31 26//27
f 25//28 32//30 26//27
f 35//36 34//33 33//34
f 33//34 36//35 35//36
f 30//32 29//29 39//39
f 39//39 40//40 30//32
f 37//37 39//39 35//36
f 34//33 29//29 32//30
f 36//35 33//34 28//25
f 36//35 28//25 21//23
f 34//33 35//36 39//39
f 34//33 39//39 29//29
f 37//37 38//38 40//40
f 37//37 40//40 39//39
f 44//43 41//42 42//41
f 42//41 43//44 44//43
f 47//47 48//46 45//45
f 45//45 46//48 47//47
f 51//51 52//50 49//49
f 49//49 50//52 51//51
f 45//45 53//54 54//53
f 54//53 52//50 45//45
f 55//56 56//55 44//43
f 55//56 44//43 57//57
f 53//54 45//45 48//46
f 56//55 41//42 44//43
f 58//58 57//57 44//43
f 44//43 43//44 58//58
f 45//45 52//50 51//51
f 45//45 51//51 46//48
f 55//56 54//53 53//54
f 53//54 56//55 55//56
f 50//52 49//49 59//59
f 59//59 60//60 50//52
f 57//57 59//59 55//56
f 54//53 49//49 52//50
f 56//55 53//54 48//46
f 56//55 48//46 41//42
f 54//53 55//56 59//59
f 54//53 59//59 49//49
f 59//59 57//57 58//58
f 58//58 60//60 59//59
f 61//63 62//62 63//61
f 61//63 63//61 64//64
f 67//67 68//66 65//65
f 65//65 66//68 67//67
f 71//71 72//70 69//69
f 69//69 70//72 71//71
f 65//65 73//74 74//73
f 74//73 72//70 65//65
f 75//76 76//75 64//64
f 75//76 64//64 77//77
f 73//74 65//65 68//66
f 76//75 61//63 64//64
f 78//78 77//77 64//64
f 64//64 63//61 78//78
f 72//70 71//71 66//68
f 65//65 72//70 66//68
f 76//75 75//76 74//73
f 74//73 73//74 76//75
f 69//69 79//80 80//79
f 69//69 80//79 70//72
f 77//77 79//80 75//76
f 74//73 69//69 72//70
f 76//75 73//74 68//66
f 76//75 68//66 61//63
f 69//69 74//73 75//76
f 75//76 79//80 69//69
f 77//77 78//78 80//79
f 77//77 80//79 79//80
f 81//83 82//82 83//81
f 81//83 83//81 84//84
f 87//87 88//86 85//85
f 85//85 86//88 87//87
f 91//91 92//90 89//89
f 89//89 90//92 91//91
f 85//85 93//94 94//93
f 94//93 92//90 85//85
f 95//96 96//95 84//84
f 95//96 84//84 97//97
f 93//94 85//85 88//86
f 96//95 81//83 84//84
f 97//97 84//84 83//81
f 97//97 83//81 98//98
f 86//88 85//85 92//90
f 92//90 91//91 86//88
f 96//95 95//96 94//93
f 94//93 93//94 96//95
f 89//89 99//100 100//99
f 89//89 100//99 90//92
f 97//97 99//100 95//96
f 94//93 89//89 92//90
f 81//83 96//95 93//94
f 93//94 88//86 81//83
f 94//93 95//96 99//100
f 94//93 99//100 89//89
f 99//100 97//97 98//98
f 98//98 100//99 99//100
f 104//103 101//102 102//101
f 102//101 103//104 104//103
f 106//107 107//106 108//105
f 105//108 106//107 108//105
f 110//111 111//110 112//109
f 109//112 110//111 112//109
f 105//108 113//114 114//113
f 114//113 112//109 105//108
f 115//116 116//115 104//103
f 115//116 104//103 117//117
f 113//114 105//108 108//105
f 116//115 101//102 104//103
f 117//117 104//103 103//104
f 117//117 103//104 118//118
f 106//107 105//108 112//109
f 112//109 111//110 106//107
f 115//116 114//113 113//114
f 113//114 116//115 115//116
f 110//111 109//112 119//119
f 119//119 120//120 110//111
f 117//117 119//119 115//116
f 114//113 109//112 112//109
f 101//102 116//115 113//114
f 113//114 108//105 101//102
f 109//112 114//113 115//116
f 115//116 119//119 109//112
f 119//119 117//117 118//118
f 118//118 120//120 119//119
f 124//123 121//122 122//121
f 122//121 123//124 124//123
f 127//127 128//126 125//125
f 125//125 126//128 127//127
f 131//131 132//130 129//129
f 129//129 130//132 131//131
f 125//125 133//134 134//133
f 134//133 132//130 125//125
f 135//136 136//135 124//123
f 135//136 124//123 137//137
f 133//134 125//125 128//126
f 136//135 121//122 124//123
f 138//138 137//137 124//123
f 124//123 123//124 138//138
f 125//125 132//130 131//131
f 125//125 131//131 126//128
f 136//135 135//136 134//133
f 134//133 133//134 136//135
f 129//129 139//140 140//139
f 129//129 140//139 130//132
f 137//137 139//140 135//136
f 134//133 129//129 132//130
f 128//126 121//122 136//135
f 136//135 133//134 128//126
f 129//129 134//133 135//136
f 135//136 139//140 129//129
f 137//137 138//138 140//139
f 137//137 140//139 139//140
f 141//143 142//142 143//141
f 141//143 143//141 144//144
f 147//147 148//146 145//145
f 145//145 146//148 147//147
f 151//151 152//150 149//149
f 149//149 150//152 151//151
f 145//145 153//154 154//153
f 154//153 152//150 145//145
f 155//156 156//155 144//144
f 155//156 144//144 157//157
f 153//154 145//145 148//146
f 156//155 141//143 144//144
f 144//144 143//141 158//158
f 157//157 144//144 158//158
f 151//151 146//148 145//145
f 145//145 152//150 151//151
f 156//155 155//156 154//153
f 154//153 153//154 156//155
f 150//152 149//149 159//159
f 159//159 160//160 150//152
f 157//157 159//159 155//156
f 154//153 149//149 152//150
f 156//155 153//154 148//146
f 156//155 148//146 141//143
f 154//153 155//156 159//159
f 154//153 159//159 149//149
f 159//159 157//157 158//158
f 158//158 160//160 159//159
f 161//163 162//162 163//161
f 161//163 163//161 164//164
f 166//167 167//166 168//165
f 165//168 166//167 168//165
f 171//171 172//170 169//169
f 169//169 170//172 171//171
f 165//168 173//174 174//173
f 174//173 172//170 165//168
f 175//176 176//175 164//164
f 175//176 164//164 177//177
f 173//174 165//168 168//165
f 176//175 161//163 164//164
f 178//178 177//177 164//164
f 164//164 163//161 178//178
f 166//167 165//168 172//170
f 172//170 171//171 166//167
f 175//176 174//173 173//174
f 173//174 176//175 175//176
f 169//169 179//180 180//179
f 169//169 180//179 170//172
f 177//177 179//180 175//176
f 174//173 169//169 172//170
f 168//165 161//163 176//175
f 176//175 173//174 168//165
f 174//173 175//176 179//180
f 174//173 179//180 169//169
f 179//180 177//177 178//178
f 178//178 180//179 179//180
f 184//183 181//182 182//181
f 182//181 183//184 184//183
f 186//187 187//186 188//185
f 185//188 186//187 188//185
f 191//191 192//190 189//189
f 189//189 190//192 191//191
f 185//188 193//194 194//193
f 194//193 192//190 185//188
f 195//196 196//195 184//183
f 195//196 184//183 197//197
f 193//194 185//188 188//185
f 196//195 181//182 184//183
f 197//197 184//183 183//184
f 197//197 183//184 198//198
f 192//190 191//191 186//187
f 185//188 192//190 186//187
f 195//196 194//193 193//194
f 193//194 196//195 195//196
f 189//189 199//200 200//199
f 189//189 200//199 190//192
f 197//197 199//200 195//196
f 194//193 189//189 192//190
f 188//185 181//182 196//195
f 196//195 193//194 188//185
f 189//189 194//193 195//196
f 195//196 199//200 189//189
f 199//200 197//197 198//198
f 198//198 200//199 199//200
f 201//203 202//202 203//201
f 201//203 203//201 204//204
f 206//207 207//206 208//205
f 205//208 206//207 208//205
f 211//211 212//210 209//209
f 209//209 210//212 211//211
f 205//208 213//214 214//213
f 214//213 212//210 205//208
f 215//216 216//215 204//204
f 215//216 204//204 217//217
f 213//214 205//208 208//205
f 216//215 201//203 204//204
f 203//201 218//218 217//217
f 217//217 204//204 203//201
f 206//207 205//208 212//210
f 212//210 211//211 206//207
f 216//215 215//216 214//213
f 214//213 213//214 216//215
f 210//212 209//209 219//219
f 219//219 220//220 210//212
f 217//217 219//219 215//216
f 214//213 209//209 212//210
f 216//215 213//214 208//205
f 216//215 208//205 201//203
f 209//209 214//213 215//216
f 215//216 219//219 209//209
f 219//219 217//217 218//218
f 218//218 220//220 219//219
f 221//223 222//222 223//221
f 221//223 223//221 224//224
f 227//227 228//226 225//225
f 225//225 226//228 227//227
f 231//231 232//230 229//229
f 229//229 230//232 231//231
f 225//225 233//234 234//233
f 234//233 232//230 225//225
f 235//236 236//235 224//224
f 235//236 224//224 237//237
f 233//234 225//225 228//226
f 236//235 221//223 224//224
f 223//221 238//238 237//237
f 237//237 224//224 223//221
f 232//230 231//231 226//228
f 225//225 232//230 226//228
f 235//236 234//233 233//234
f 233//234 236//235 235//236
f 230//232 229//229 239//239
f 239//239 240//240 230//232
f 237//237 239//239 235//236
f 234//233 229//229 232//230
f 236//235 233//234 228//226
f 236//235 228//226 221//223
f 229//229 234//233 235//236
f 235//236 239//239 229//229
f 239//239 237//237 238//238
f 238//238 240//240 239//239
f 244//243 241//242 242//241
f 242//241 243//244 244//243
f 246//247 247//246 248//245
f 245//248 246//247 248//245
f 250//251 251//250 252//249
f 249//252 250//251 252//249
f 245//248 253//254 254//253
f 254//253 252//249 245//248
f 255//256 256//255 244//243
f 255//256 244//243 257//257
f 253//254 245//248 248//245
f 256//255 241//242 244//243
f 244//243 243//244 258//258
f 257//257 244//243 258//258
f 245//248 252//249 251//250
f 245//248 251//250 246//247
f 255//256 254//253 253//254
f 253//254 256//255 255//256
f 250//251 249//252 259//259
f 259//259 260//260 250//251
f 257//257 259//259 255//256
f 254//253 249//252 252//249
f 253//254 248//245 241//242
f 256//255 253//254 241//242
f 249//252 254//253 255//256
f 255//256 259//259 249//252
f 259//259 257//257 258//258
f 258//258 260//260 259//259
f 264//263 261//262 262//261
f 262//261 263//264 264//263
f 266//267 267//266 268//265
f 265//268 266//267 268//265
f 271//271 272//270 269//269
f 269//269 270//272 271//271
f 265//268 273//274 274//273
f 274//273 272//270 265//268
f 275//276 276//275 264//263
f 275//276 264//263 277//277
f 273//274 265//268 268//265
f 276//275 261//262 264//263
f 278//278 277//277 264//263
f 264//263 263//264 278//278
f 266//267 265//268 272//270
f 272//270 271//271 266//267
f 276//275 275//276 274//273
f 274//273 273//274 276//275
f 269//269 279//280 280//279
f 269//269 280//279 270//272
f 277//277 279//280 275//276
f 274//273 269//269 272//270
f 273//274 268//265 261//262
f 276//275 273//274 261//262
f 269//269 274//273 275//276
f 275//276 279//280 269//269
f 279//280 277//277 278//278
f 278//278 280//279 279//280
f 281//283 282//282 283//281
f 281//283 283//281 284//284
f 287//287 288//286 285//285
f 285//285 286//288 287//287
f 290//291 291//290 292//289
f 289//292 290//291 292//289
f 285//285 293//294 294//293
f 294//293 292//289 285//285
f 295//296 296//295 284//284
f 295//296 284//284 297//297
f 293//294 285//285 288//286
f 296//295 281//283 284//284
f 284//284 283//281 298//298
f 297//297 284//284 298//298
f 286//288 285//285 292//289
f 292//289 291//290 286//288
f 296//295 295//296 294//293
f 294//293 293//294 296//295
f 289//292 299//300 300//299
f 289//292 300//299 290//291
f 297//297 299//300 295//296
f 294//293 289//292 292//289
f 296//295 293//294 288//286
f 296//295 288//286 281//283
f 289//292 294//293 295//296
f 295//296 299//300 289//292
f 299//300 297//297 298//298
f 298//298 300//299 299//300
f 61//63 68//66 67//67
f 61//63 67//67 62//62
f 48//46 47//47 42//41
f 41//42 48//46 42//41
f 21//23 28//25 27//26
f 21//23 27//26 22//22
f 1//2 8//6 7//7
f 1//2 7//7 2//1
f 281//283 288//286 287//287
f 281//283 287//287 282//282
f 268//265 267//266 262//261
f 261//262 268//265 262//261
f 241//242 248//245 247//246
f 241//242 247//246 242//241
f 227//227 222//222 221//223
f 221//223 228//226 227//227
f 201//203 208//205 207//206
f 201//203 207//206 202//202
f 182//181 181//182 188//185
f 188//185 187//186 182//181
f 167//166 162//162 161//163
f 161//163 168//165 167//166
f 141//143 148//146 147//147
f 141//143 147//147 142//142
f 121//122 128//126 127//127
f 121//122 127//127 122//121
f 108//105 107//106 102//101
f 101//102 108//105 102//101
f 81//83 88//86 87//87
f 81//83 87//87 82//82
usemtl rubber
f 304//303 301//302 302//301
f 302//301 303//304 304//303
f 307//307 308//306 305//305
f 305//305 306//308 307//307
f 311//311 312//310 309//309
f 309//309 310//312 311//311
f 314//313 304//303 303//304
f 303//304 313//314 314//313
f 315//316 316//315 308//306
f 308//306 307//307 315//316
f 317//318 318//317 312//310
f 312//310 311//311 317//318
f 319//320 320//319 314//313
f 314//313 313//314 319//320
f 322//321 316//315 315//316
f 315//316 321//322 322//321
f 324//323 318//317 317//318
f 317//318 323//324 324//323
f 325//326 326//325 320//319
f 320//319 319//320 325//326
f 327//328 328//327 322//321
f 322//321 321//322 327//328
f 329//330 330//329 324//323
f 324//323 323//324 329//330
f 331//332 332//331 326//325
f 326//325 325//326 331//332
f 333//334 334//333 328//327
f 328//327 327//328 333//334
f 336//335 330//329 329//330
f 329//330 335//336 336//335
f 337//338 338//337 332//331
f 332//331 331//332 337//338
f 340//339 334//333 333//334
f 333//334 339//340 340//339
f 341//342 342//341 336//335
f 336//335 335//336 341//342
f 343//344 344//343 338//337
f 338//337 337//338 343//344
f 346//345 340//339 339//340
f 339//340 345//346 346//345
f 348//347 342//341 341//342
f 341//342 347//348 348//347
f 349//350 350//349 344//343
f 344//343 343//344 349//350
f 352//351 346//345 345//346
f 345//346 351//352 352//351
f 354//353 348//347 347//348
f 347//348 353//354 354//353
f 356//355 350//349 349//350
f 349//350 355//356 356//355
f 358//357 352//351 351//352
f 351//352 357//358 358//357
f 360//359 354//353 353//354
f 353//354 359//360 360//359
f 362//361 356//355 355//356
f 355//356 361//362 362//361
f 363//364 364//363 358//357
f 358//357 357//358 363//364
f 365//366 366//365 360//359
f 360//359 359//360 365//366
f 368//367 362//361 361//362
f 361//362 367//368 368//367
f 369//370 370//369 364//363
f 364//363 363//364 369//370
f 371//372 372//371 366//365
f 366//365 365//366 371//372
f 374//373 368//367 367//368
f 367//368 373//374 374//373
f 376//375 370//369 369//370
f 369//370 375//376 376//375
f 377//378 378//377 372//371
f 372//371 371//372 377//378
f 380//379 374//373 373//374
f 373//374 379//380 380//379
f 381//382 382//381 376//375
f 376//375 375//376 381//382
f 383//384 384//383 378//377
f 378//377 377//378 383//384
f 386//385 380//379 379//380
f 379//380 385//386 386//385
f 388//387 382//381 381//382
f 381//382 387//388 388//387
f 390//389 384//383 383//384
f 383//384 389//390 390//389
f 391//392 392//391 386//385
f 386//385 385//386 391//392
f 394//393 388//387 387//388
f 387//388 393//394 394//393
f 396//395 390//389 389//390
f 389//390 395//396 396//395
f 398//397 392//391 391//392
f 391//392 397//398 398//397
f 399//400 400//399 394//393
f 394//393 393//394 399//400
f 401//402 402//401 396//395
f 396//395 395//396 401//402
f 404//403 398//397 397//398
f 397//398 403//404 404//403
f 406//405 400//399 399//400
f 399//400 405//406 406//405
f 408//407 402//401 401//402
f 401//402 407//408 408//407
f 410//409 404//403 403//404
f 403//404 409//410 410//409
f 412//411 406//405 405//406
f 405//406 411//412 412//411
f 414//413 408//407 407//408
f 407//408 413//414 414//413
f 415//416 416//415 410//409
f 410//409 409//410 415//416
f 417//418 418//417 412//411
f 412//411 411//412 417//418
f 420//419 414//413 413//414
f 413//414 419//420 420//419
f 421//422 422//421 416//415
f 416//415 415//416 421//422
f 424//423 418//417 417//418
f 417//418 423//424 424//423
f 426//425 420//419 419//420
f 419//420 425//426 426//425
f 427//428 428//427 422//421
f 422//421 421//422 427//428
f 430//429 424//423 423//424
f 423//424 429//430 430//429
f 432//431 426//425 425//426
f 425//426 431//432 432//431
f 433//434 434//433 428//427
f 428//427 427//428 433//434
f 435//436 436//435 430//429
f 430//429 429//430 435//436
f 437//438 438//437 432//431
f 432//431 431//432 437//438
f 440//439 434//433 433//434
f 433//434 439//440 440//439
f 441//442 442//441 436//435
f 436//435 435//436 441//442
f 443//444 444//443 438//437
f 438//437 437//438 443//444
f 446//445 440//439 439//440
f 439//440 445//446 446//445
f 447//448 448//447 442//441
f 442//441 441//442 447//448
f 449//450 450//449 444//443
f 444//443 443//444 449//450
f 452//451 446//445 445//446
f 445//446 451//452 452//451
f 453//454 454//453 448//447
f 448//447 447//448 453//454
f 456//455 450//449 449//450
f 449//450 455//456 456//455
f 458//457 452//451 451//452
f 451//452 457//458 458//457
f 460//459 454//453 453//454
f 453//454 459//460 460//459
f 461//462 462//461 456//455
f 456//455 455//456 461//462
f 464//463 458//457 457//458
f 457//458 463//464 464//463
f 466//465 460//459 459//460
f 459//460 465//466 466//465
f 468//467 462//461 461//462
f 461//462 467//468 468//467
f 470//469 464//463 463//464
f 463//464 469//470 470//469
f 471//472 472//471 466//465
f 466//465 465//466 471//472
f 473//474 474//473 468//467
f 468//467 467//468 473//474
f 475//476 476//475 470//469
f 470//469 469//470 475//476
f 477//478 478//477 472//471
f 472//471 471//472 477//478
f 480//479 474//473 473//474
f 473//474 479//480 480//479
f 302//301 301//302 476//475
f 476//475 475//476 302//301
f 306//308 305//305 478//477
f 478//477 477//478 306//308
f 309//309 480//479 479//480
f 479//480 310//312 309//309
f 310//312 479//480 481//481
f 481//481 482//482 310//312
f 309//309 306//308 477//478
f 477//478 480//479 309//309
f 305//305 302//301 475//476
f 475//476 478//477 305//305
f 481//481 479//480 473//474
f 473//474 483//483 481//481
f 480//479 477//478 471//472
f 471//472 474//473 480//479
f 475//476 469//470 472//471
f 472//471 478//477 475//476
f 483//483 473//474 467//468
f 467//468 484//484 483//483
f 471//472 465//466 468//467
f 468//467 474//473 471//472
f 472//471 469//470 463//464
f 463//464 466//465 472//471
f 484//484 467//468 461//462
f 461//462 485//485 484//484
f 465//466 459//460 462//461
f 462//461 468//467 465//466
f 466//465 463//464 457//458
f 457//458 460//459 466//465
f 485//485 461//462 455//456
f 455//456 486//486 485//485
f 462//461 459//460 453//454
f 453//454 456//455 462//461
f 460//459 457//458 451//452
f 451//452 454//453 460//459
f 455//456 449//450 487//487
f 487//487 486//486 455//456
f 456//455 453//454 447//448
f 447//448 450//449 456//455
f 451//452 445//446 448//447
f 448//447 454//453 451//452
f 487//487 449//450 443//444
f 443//444 488//488 487//487
f 447//448 441//442 444//443
f 444//443 450//449 447//448
f 445//446 439//440 442//441
f 442//441 448//447 445//446
f 488//488 443//444 437//438
f 437//438 489//489 488//488
f 441//442 435//436 438//437
f 438//437 444//443 441//442
f 442//441 439//440 433//434
f 433//434 436//435 442//441
f 437//438 431//432 490//490
f 490//490 489//489 437//438
f 435//436 429//430 432//431
f 432//431 438//437 435//436
f 436//435 433//434 427//428
f 427//428 430//429 436//435
f 490//490 431//432 425//426
f 425//426 491//491 490//490
f 432//431 429//430 423//424
f 423//424 426//425 432//431
f 427//428 421//422 424//423
f 424//423 430//429 427//428
f 425//426 419//420 492//492
f 492//492 491//491 425//426
f 426//425 423//424 417//418
f 417//418 420//419 426//425
f 421//422 415//416 418//417
f 418//417 424//423 421//422
f 419//420 413//414 493//493
f 493//493 492//492 419//420
f 420//419 417//418 411//412
f 411//412 414//413 420//419
f 415//416 409//410 412//411
f 412//411 418//417 415//416
f 493//493 413//414 407//408
f 407//408 494//494 493//493
f 411//412 405//406 408//407
f 408//407 414//413 411//412
f 409//410 403//404 406//405
f 406//405 412//411 409//410
f 407//408 401//402 495//495
f 495//495 494//494 407//408
f 405//406 399//400 402//401
f 402//401 408//407 405//406
f 406//405 403//404 397//398
f 397//398 400//399 406//405
f 495//495 401//402 395//396
f 395//396 496//496 495//495
f 402//401 399//400 393//394
f 393//394 396//395 402//401
f 400//399 397//398 391//392
f 391//392 394//393 400//399
f 395//396 389//390 497//497
f 497//497 496//496 395//396
f 393//394 387//388 390//389
f 390//389 396//395 393//394
f 394//393 391//392 385//386
f 385//386 388//387 394//393
f 497//497 389//390 383//384
f 383//384 498//498 497//497
f 390//389 387//388 381//382
f 381//382 384//383 390//389
f 388//387 385//386 379//380
f 379//380 382//381 388//387
f 383//384 377//378 499//499
f 499//499 498//498 383//384
f 384//383 381//382 375//376
f 375//376 378//377 384//383
f 382//381 379//380 373//374
f 373//374 376//375 382//381
f 499//499 377//378 371//372
f 371//372 500//500 499//499
f 375//376 369//370 372//371
f 372//371 378//377 375//376
f 376//375 373//374 367//368
f 367//368 370//369 376//375
f 500//500 371//372 365//366
f 365//366 501//501 500//500
f 369//370 363//364 366//365
f 366//365 372//371 369//370
f 370//369 367//368 361//362
f 361//362 364//363 370//369
f 365//366 359//360 502//502
f 502//502 501//501 365//366
f 363//364 357//358 360//359
f 360//359 366//365 363//364
f 364//363 361//362 355//356
f 355//356 358//357 364//363
f 359//360 353//354 503//503
f 503//503 502//502 359//360
f 360//359 357//358 351//352
f 351//352 354//353 360//359
f 355//356 349//350 352//351
f 352//351 358//357 355//356
f 353//354 347//348 504//504
f 504//504 503//503 353//354
f 354//353 351//352 345//346
f 345//346 348//347 354//353
f 349//350 343//344 346//345
f 346//345 352//351 349//350
f 347//348 341//342 505//505
f 505//505 504//504 347//348
f 348//347 345//346 339//340
f 339//340 342//341 348//347
f 346//345 343//344 337//338
f 337//338 340//339 346//345
f 505//505 341//342 335//336
f 335//336 506//506 505//505
f 339//340 333//334 336//335
f 336//335 342//341 339//340
f 340//339 337//338 331//332
f 331//332 334//333 340//339
f 335//336 329//330 507//507
f 507//507 506//506 335//336
f 333//334 327//328 330//329
f 330//329 336//335 333//334
f 331//332 325//326 328//327
f 328//327 334//333 331//332
f 329//330 323//324 508//508
f 508//508 507//507 329//330
f 330//329 327//328 321//322
f 321//322 324//323 330//329
f 325//326 319//320 322//321
f 322//321 328//327 325//326
f 323//324 317//318 509//509
f 509//509 508//508 323//324
f 324//323 321//322 315//316
f 315//316 318//317 324//323
f 319//320 313//314 316//315
f 316//315 322//321 319//320
f 317//318 311//311 510//510
f 510//510 509//509 317//318
f 315//316 307//307 312//310
f 312//310 318//317 315//316
f 316//315 313//314 303//304
f 303//304 308//306 316//315
f 510//510 311//311 310//312
f 310//312 482//482 510//510
f 307//307 306//308 309//309
f 309//309 312//310 307//307
f 303//304 302//301 305//305
f 305//305 308//306 303//304
f 512//513 513//512 514//511
f 511//514 512//513 514//511
f 517//517 518//516 515//515
f 515//515 516//518 517//517
f 514//511 513//512 519//519
f 514//511 519//519 520//520
f 522//521 518//516 517//517
f 517//517 521//522 522//521
f 519//519 523//524 524//523
f 520//520 519//519 524//523
f 525//526 526//525 522//521
f 522//521 521//522 525//526
f 523//524 527//528 528//527
f 524//523 523//524 528//527
f 529//530 530//529 526//525
f 526//525 525//526 529//530
f 527//528 531//532 532//531
f 528//527 527//528 532//531
f 533//534 534//533 530//529
f 530//529 529//530 533//534
f 531//532 535//536 536//535
f 532//531 531//532 536//535
f 538//537 534//533 533//534
f 533//534 537//538 538//537
f 535//536 539//540 540//539
f 536//535 535//536 540//539
f 541//542 542//541 538//537
f 538//537 537//538 541//542
f 539//540 543//544 544//543
f 540//539 539//540 544//543
f 545//546 546//545 542//541
f 542//541 541//542 545//546
f 543//544 547//548 548//547
f 544//543 543//544 548//547
f 549//550 550//549 546//545
f 546//545 545//546 549//550
f 548//547 547//548 551//551
f 548//547 551//551 552//552
f 554//553 550//549 549//550
f 549//550 553//554 554//553
f 552//552 551//551 555//555
f 552//552 555//555 556//556
f 558//557 554//553 553//554
f 553//554 557//558 558//557
f 556//556 555//555 559//559
f 556//556 559//559 560//560
f 562//561 558//557 557//558
f 557//558 561//562 562//561
f 559//559 563//564 564//563
f 560//560 559//559 564//563
f 566//565 562//561 561//562
f 561//562 565//566 566//565
f 563//564 567//568 568//567
f 564//563 563//564 568//567
f 569//570 570//569 566//565
f 566//565 565//566 569//570
f 568//567 567//568 571//571
f 568//567 571//571 572//572
f 574//573 570//569 569//570
f 569//570 573//574 574//573
f 571//571 575//576 576//575
f 572//572 571//571 576//575
f 577//578 578//577 574//573
f 574//573 573//574 577//578
f 576//575 575//576 579//579
f 576//575 579//579 580//580
f 582//581 578//577 577//578
f 577//578 581//582 582//581
f 580//580 579//579 583//583
f 580//580 583//583 584//584
f 586//585 582//581 581//582
f 581//582 585//586 586//585
f 583//583 587//588 588//587
f 584//584 583//583 588//587
f 589//590 590//589 586//585
f 586//585 585//586 589//590
f 587//588 591//592 592//591
f 588//587 587//588 592//591
f 593//594 594//593 590//589
f 590//589 589//590 593//594
f 591//592 595//596 596//595
f 592//591 591//592 596//595
f 597//598 598//597 594//593
f 594//593 593//594 597//598
f 596//595 595//596 599//599
f 596//595 599//599 600//600
f 602//601 598//597 597//598
f 597//598 601//602 602//601
f 600//600 599//599 603//603
f 600//600 603//603 604//604
f 606//605 602//601 601//602
f 601//602 605//606 606//605
f 604//604 603//603 607//607
f 604//604 607//607 608//608
f 610//609 606//605 605//606
f 605//606 609//610 610//609
f 608//608 607//607 611//611
f 608//608 611//611 612//612
f 613//614 614//613 610//609
f 610//609 609//610 613//614
f 612//612 611//611 615//615
f 612//612 615//615 616//616
f 617//618 618//617 614//613
f 614//613 613//614 617//618
f 616//616 615//615 619//619
f 616//616 619//619 620//620
f 622//621 618//617 617//618
f 617//618 621//622 622//621
f 620//620 619//619 623//623
f 620//620 623//623 624//624
f 625//626 626//625 622//621
f 622//621 621//622 625//626
f 623//623 627//628 628//627
f 624//624 623//623 628//627
f 629//630 630//629 626//625
f 626//625 625//626 629//630
f 628//627 627//628 512//513
f 628//627 512//513 511//514
f 515//515 630//629 629//630
f 629//630 516//518 515//515
f 516//518 629//630 476//475
f 476//475 301//302 516//518
f 627//628 630//629 515//515
f 627//628 515//515 512//513
f 628//627 511//514 632//631
f 631//632 628//627 632//631
f 629//630 625//626 470//469
f 470//469 476//475 629//630
f 627//628 623//623 626//625
f 626//625 630//629 627//628
f 624//624 628//627 631//632
f 633//633 624//624 631//632
f 625//626 621//622 464//463
f 464//463 470//469 625//626
f 626//625 623//623 619//619
f 619//619 622//621 626//625
f 620//620 624//624 633//633
f 634//634 620//620 633//633
f 464//463 621//622 617//618
f 617//618 458//457 464//463
f 618//617 622//621 619//619
f 615//615 618//617 619//619
f 635//635 616//616 620//620
f 635//635 620//620 634//634
f 617//618 613//614 452//451
f 452//451 458//457 617//618
f 618//617 615//615 611//611
f 611//611 614//613 618//617
f 612//612 616//616 635//635
f 636//636 612//612 635//635
f 452//451 613//614 609//610
f 609//610 446//445 452//451
f 611//611 607//607 610//609
f 610//609 614//613 611//611
f 637//637 608//608 612//612
f 637//637 612//612 636//636
f 446//445 609//610 605//606
f 605//606 440//439 446//445
f 606//605 610//609 607//607
f 603//603 606//605 607//607
f 638//638 604//604 608//608
f 638//638 608//608 637//637
f 440//439 605//606 601//602
f 601//602 434//433 440//439
f 603//603 599//599 602//601
f 602//601 606//605 603//603
f 600//600 604//604 638//638
f 639//639 600//600 638//638
f 434//433 601//602 597//598
f 597//598 428//427 434//433
f 599//599 595//596 598//597
f 598//597 602//601 599//599
f 596//595 600//600 639//639
f 640//640 596//595 639//639
f 597//598 593//594 422//421
f 422//421 428//427 597//598
f 591//592 594//593 598//597
f 591//592 598//597 595//596
f 641//641 592//591 596//595
f 641//641 596//595 640//640
f 593//594 589//590 416//415
f 416//415 422//421 593//594
f 594//593 591//592 587//588
f 587//588 590//589 594//593
f 588//587 592//591 641//641
f 642//642 588//587 641//641
f 589//590 585//586 410//409
f 410//409 416//415 589//590
f 586//585 590//589 587//588
f 583//583 586//585 587//588
f 584//584 588//587 642//642
f 643//643 584//584 642//642
f 410//409 585//586 581//582
f 581//582 404//403 410//409
f 579//579 582//581 586//585
f 579//579 586//585 583//583
f 580//580 584//584 643//643
f 644//644 580//580 643//643
f 404//403 581//582 577//578
f 577//578 398//397 404//403
f 578//577 582//581 579//579
f 575//576 578//577 579//579
f 576//575 580//580 644//644
f 645//645 576//575 644//644
f 398//397 577//578 573//574
f 573//574 392//391 398//397
f 575//576 571//571 574//573
f 574//573 578//577 575//576
f 646//646 572//572 576//575
f 646//646 576//575 645//645
f 573//574 569//570 386//385
f 386//385 392//391 573//574
f 574//573 571//571 567//568
f 567//568 570//569 574//573
f 568//567 572//572 646//646
f 647//647 568//567 646//646
f 569//570 565//566 380//379
f 380//379 386//385 569//570
f 563//564 566//565 570//569
f 563//564 570//569 567//568
f 648//648 564//563 568//567
f 648//648 568//567 647//647
f 380//379 565//566 561//562
f 561//562 374//373 380//379
f 562//561 566//565 563//564
f 559//559 562//561 563//564
f 649//649 560//560 564//563
f 649//649 564//563 648//648
f 374//373 561//562 557//558
f 557//558 368//367 374//373
f 555//555 558//557 562//561
f 555//555 562//561 559//559
f 650//650 556//556 560//560
f 650//650 560//560 649//649
f 368//367 557//558 553//554
f 553//554 362//361 368//367
f 555//555 551//551 554//553
f 554//553 558//557 555//555
f 651//651 552//552 556//556
f 651//651 556//556 650//650
f 362//361 553//554 549//550
f 549//550 356//355 362//361
f 550//549 554//553 551//551
f 547//548 550//549 551//551
f 548//547 552//552 651//651
f 652//652 548//547 651//651
f 549//550 545//546 350//349
f 350//349 356//355 549//550
f 543//544 546//545 550//549
f 543//544 550//549 547//548
f 653//653 544//543 548//547
f 653//653 548//547 652//652
f 545//546 541//542 344//343
f 344//343 350//349 545//546
f 546//545 543//544 539//540
f 539//540 542//541 546//545
f 654//654 540//539 544//543
f 654//654 544//543 653//653
f 541//542 537//538 338//337
f 338//337 344//343 541//542
f 535//536 538//537 542//541
f 535//536 542//541 539//540
f 536//535 540//539 654//654
f 655//655 536//535 654//654
f 537//538 533//534 332//331
f 332//331 338//337 537//538
f 538//537 535//536 531//532
f 531//532 534//533 538//537
f 532//531 536//535 655//655
f 656//656 532//531 655//655
f 332//331 533//534 529//530
f 529//530 326//325 332//331
f 531//532 527//528 530//529
f 530//529 534//533 531//532
f 657//657 528//527 532//531
f 657//657 532//531 656//656
f 529//530 525//526 320//319
f 320//319 326//325 529//530
f 523//524 526//525 530//529
f 523//524 530//529 527//528
f 524//523 528//527 657//657
f 658//658 524//523 657//657
f 320//319 525//526 521//522
f 521//522 314//313 320//319
f 523//524 519//519 522//521
f 522//521 526//525 523//524
f 659//659 520//520 524//523
f 659//659 524//523 658//658
f 314//313 521//522 517//517
f 517//517 304//303 314//313
f 522//521 519//519 513//512
f 513//512 518//516 522//521
f 660//660 514//511 520//520
f 660//660 520//520 659//659
f 304//303 517//517 516//518
f 516//518 301//302 304//303
f 513//512 512//513 515//515
f 515//515 518//516 513//512
f 632//631 511//514 514//511
f 632//631 514//511 660//660
f 662//663 663//662 664//661
f 661//664 662//663 664//661
f 632//631 660//660 666//665
f 665//666 632//631 666//665
f 664//661 663//662 667//667
f 664//661 667//667 668//668
f 660//660 659//659 669//669
f 666//665 660//660 669//669
f 667//667 670//671 671//670
f 668//668 667//667 671//670
f 659//659 658//658 672//672
f 669//669 659//659 672//672
f 671//670 670//671 673//673
f 671//670 673//673 674//674
f 672//672 658//658 657//657
f 672//672 657//657 675//675
f 673//673 676//677 677//676
f 674//674 673//673 677//676
f 657//657 656//656 678//678
f 675//675 657//657 678//678
f 676//677 679//680 680//679
f 677//676 676//677 680//679
f 656//656 655//655 681//681
f 678//678 656//656 681//681
f 680//679 679//680 682//682
f 680//679 682//682 683//683
f 681//681 655//655 654//654
f 681//681 654//654 684//684
f 682//682 685//686 686//685
f 683//683 682//682 686//685
f 684//684 654//654 653//653
f 684//684 653//653 687//687
f 686//685 685//686 688//688
f 686//685 688//688 689//689
f 653//653 652//652 690//690
f 687//687 653//653 690//690
f 688//688 691//692 692//691
f 689//689 688//688 692//691
f 652//652 651//651 693//693
f 690//690 652//652 693//693
f 691//692 694//695 695//694
f 692//691 691//692 695//694
f 651//651 650//650 696//696
f 693//693 651//651 696//696
f 694//695 697//698 698//697
f 695//694 694//695 698//697
f 650//650 649//649 699//699
f 696//696 650//650 699//699
f 697//698 700//701 701//700
f 698//697 697//698 701//700
f 649//649 648//648 702//702
f 699//699 649//649 702//702
f 701//700 700//701 703//703
f 701//700 703//703 704//704
f 702//702 648//648 647//647
f 702//702 647//647 705//705
f 703//703 706//707 707//706
f 704//704 703//703 707//706
f 705//705 647//647 646//646
f 705//705 646//646 708//708
f 707//706 706//707 709//709
f 707//706 709//709 710//710
f 646//646 645//645 711//711
f 708//708 646//646 711//711
f 709//709 712//713 713//712
f 710//710 709//709 713//712
f 645//645 644//644 714//714
f 711//711 645//645 714//714
f 713//712 712//713 715//715
f 713//712 715//715 716//716
f 714//714 644//644 643//643
f 714//714 643//643 717//717
f 716//716 715//715 718//718
f 716//716 718//718 719//719
f 717//717 643//643 642//642
f 717//717 642//642 720//720
f 719//719 718//718 721//721
f 719//719 721//721 722//722
f 720//720 642//642 641//641
f 720//720 641//641 723//723
f 722//722 721//721 724//724
f 722//722 724//724 725//725
f 723//723 641//641 640//640
f 723//723 640//640 726//726
f 724//724 727//728 728//727
f 725//725 724//724 728//727
f 726//726 640//640 639//639
f 726//726 639//639 729//729
f 728//727 727//728 730//730
f 728//727 730//730 731//731
f 639//639 638//638 732//732
f 729//729 639//639 732//732
f 730//730 733//734 734//733
f 731//731 730//730 734//733
f 638//638 637//637 735//735
f 732//732 638//638 735//735
f 734//733 733//734 736//736
f 734//733 736//736 737//737
f 735//735 637//637 636//636
f 735//735 636//636 738//738
f 737//737 736//736 739//739
f 737//737 739//739 740//740
f 738//738 636//636 635//635
f 738//738 635//635 741//741
f 739//739 742//743 743//742
f 740//740 739//739 743//742
f 635//635 634//634 744//744
f 741//741 635//635 744//744
f 742//743 745//746 746//745
f 743//742 742//743 746//745
f 634//634 633//633 747//747
f 744//744 634//634 747//747
f 745//746 748//749 749//748
f 746//745 745//746 749//748
f 747//747 633//633 631//632
f 747//747 631//632 750//750
f 749//748 748//749 662//663
f 749//748 662//663 661//664
f 750//750 631//632 632//631
f 750//750 632//631 665//666
f 748//749 750//750 665//666
f 748//749 665//666 662//663
f 749//748 661//664 752//751
f 751//752 749//748 752//751
f 747//747 750//750 748//749
f 745//746 747//747 748//749
f 753//753 746//745 749//748
f 753//753 749//748 751//752
f 742//743 744//744 747//747
f 742//743 747//747 745//746
f 743//742 746//745 753//753
f 754//754 743//742 753//753
f 741//741 744//744 742//743
f 739//739 741//741 742//743
f 755//755 740//740 743//742
f 755//755 743//742 754//754
f 738//738 741//741 739//739
f 736//736 738//738 739//739
f 756//756 737//737 740//740
f 756//756 740//740 755//755
f 735//735 738//738 736//736
f 733//734 735//735 736//736
f 734//733 737//737 756//756
f 757//757 734//733 756//756
f 732//732 735//735 733//734
f 730//730 732//732 733//734
f 758//758 731//731 734//733
f 758//758 734//733 757//757
f 729//729 732//732 730//730
f 727//728 729//729 730//730
f 728//727 731//731 758//758
f 759//759 728//727 758//758
f 726//726 729//729 727//728
f 724//724 726//726 727//728
f 760//760 725//725 728//727
f 760//760 728//727 759//759
f 721//721 723//723 726//726
f 721//721 726//726 724//724
f 761//761 722//722 725//725
f 761//761 725//725 760//760
f 720//720 723//723 721//721
f 718//718 720//720 721//721
f 762//762 719//719 722//722
f 762//762 722//722 761//761
f 717//717 720//720 718//718
f 715//715 717//717 718//718
f 716//716 719//719 762//762
f 763//763 716//716 762//762
f 714//714 717//717 715//715
f 712//713 714//714 715//715
f 764//764 713//712 716//716
f 764//764 716//716 763//763
f 711//711 714//714 712//713
f 709//709 711//711 712//713
f 710//710 713//712 764//764
f 765//765 710//710 764//764
f 708//708 711//711 709//709
f 706//707 708//708 709//709
f 766//766 707//706 710//710
f 766//766 710//710 765//765
f 703//703 705//705 708//708
f 703//703 708//708 706//707
f 704//704 707//706 766//766
f 767//767 704//704 766//766
f 700//701 702//702 705//705
f 700//701 705//705 703//703
f 701//700 704//704 767//767
f 768//768 701//700 767//767
f 697//698 699//699 702//702
f 697//698 702//702 700//701
f 769//769 698//697 701//700
f 769//769 701//700 768//768
f 694//695 696//696 699//699
f 694//695 699//699 697//698
f 770//770 695//694 698//697
f 770//770 698//697 769//769
f 691//692 693//693 696//696
f 691//692 696//696 694//695
f 692//691 695//694 770//770
f 771//771 692//691 770//770
f 690//690 693//693 691//692
f 688//688 690//690 691//692
f 689//689 692//691 771//771
f 772//772 689//689 771//771
f 685//686 687//687 690//690
f 685//686 690//690 688//688
f 686//685 689//689 772//772
f 773//773 686//685 772//772
f 682//682 684//684 687//687
f 682//682 687//687 685//686
f 774//774 683//683 686//685
f 774//774 686//685 773//773
f 679//680 681//681 684//684
f 679//680 684//684 682//682
f 680//679 683//683 774//774
f 775//775 680//679 774//774
f 676//677 678//678 681//681
f 676//677 681//681 679//680
f 677//676 680//679 775//775
f 776//776 677//676 775//775
f 673//673 675//675 678//678
f 673//673 678//678 676//677
f 777//777 674//674 677//676
f 777//777 677//676 776//776
f 670//671 672//672 675//675
f 670//671 675//675 673//673
f 778//778 671//670 674//674
f 778//778 674//674 777//777
f 669//669 672//672 670//671
f 667//667 669//669 670//671
f 779//779 668//668 671//670
f 779//779 671//670 778//778
f 663//662 666//665 669//669
f 663//662 669//669 667//667
f 664//661 668//668 779//779
f 780//780 664//661 779//779
f 665//666 666//665 663//662
f 662//663 665//666 663//662
f 752//751 661//664 664//661
f 752//751 664//661 780//780
usemtl flgrey
f 78//783 781//782 80//781
f 58//786 782//785 60//784
f 38//789 783//788 40//787
f 18//792 784//791 20//790
f 298//795 785//794 300//793
f 278//798 786//797 280//796
f 258//801 787//800 260//799
f 238//804 788//803 240//802
f 218//807 789//806 220//805
f 198//810 790//809 200//808
f 178//813 791//812 180//811
f 158//816 792//815 160//814
f 138//819 793//818 140//817
f 118//822 794//821 120//820
f 98//825 795//824 100//823
f 796//828 91//827 90//826
f 797//831 111//830 110//829
f 798//834 131//833 130//832
f 799//837 151//836 150//835
f 800//840 171//839 170//838
f 801//843 191//842 190//841
f 802//846 211//845 210//844
f 803//849 231//848 230//847
f 804//852 251//851 250//850
f 805//855 271//854 270//853
f 806//858 291//857 290//856
f 807//861 11//860 10//859
f 808//864 31//863 30//862
f 809//867 51//866 50//865
f 810//870 71//869 70//868
f 811//873 812//872 813//871
f 813//871 812//872 814//874
f 814//874 812//872 815//875
f 815//875 812//872 816//876
f 816//876 812//872 817//877
f 817//877 812//872 818//878
f 818//878 812//872 819//879
f 819//879 812//872 820//880
f 820//880 812//872 821//881
f 821//881 812//872 822//882
f 822//882 812//872 823//883
f 823//883 812//872 824//884
f 824//884 812//872 825//885
f 825//885 812//872 826//886
f 826//886 812//872 827//887
f 827//887 812//872 828//888
f 828//888 812//872 829//889
f 829//889 812//872 830//890
f 830//890 812//872 831//891
f 831//891 812//872 832//892
f 832//892 812//872 833//893
f 833//893 812//872 834//894
f 834//894 812//872 835//895
f 835//895 812//872 836//896
f 836//896 812//872 837//897
f 837//897 812//872 838//898
f 838//898 812//872 839//899
f 839//899 812//872 840//900
f 840//900 812//872 841//901
f 841//901 812//872 811//873
f 811//873 843//903 842//902
f 842//902 841//901 811//873
f 841//901 842//902 844//904
f 844//904 840//900 841//901
f 844//904 845//905 839//899
f 839//899 840//900 844//904
f 839//899 845//905 846//906
f 846//906 838//898 839//899
f 846//906 847//907 837//897
f 837//897 838//898 846//906
f 847//907 848//908 836//896
f 836//896 837//897 847//907
f 848//908 849//909 835//895
f 835//895 836//896 848//908
f 835//895 849//909 850//910
f 850//910 834//894 835//895
f 834//894 850//910 851//911
f 851//911 833//893 834//894
f 833//893 851//911 852//912
f 852//912 832//892 833//893
f 852//912 853//913 831//891
f 831//891 832//892 852//912
f 853//913 854//914 830//890
f 830//890 831//891 853//913
f 854//914 855//915 829//889
f 829//889 830//890 854//914
f 855//915 856//916 828//888
f 828//888 829//889 855//915
f 856//916 857//917 827//887
f 827//887 828//888 856//916
f 857//917 858//918 826//886
f 826//886 827//887 857//917
f 858//918 859//919 825//885
f 825//885 826//886 858//918
f 859//919 860//920 824//884
f 824//884 825//885 859//919
f 824//884 860//920 861//921
f 861//921 823//883 824//884
f 823//883 861//921 862//922
f 862//922 822//882 823//883
f 862//922 863//923 821//881
f 821//881 822//882 862//922
f 863//923 864//924 820//880
f 820//880 821//881 863//923
f 864//924 865//925 819//879
f 819//879 820//880 864//924
f 819//879 865//925 866//926
f 866//926 818//878 819//879
f 866//926 867//927 817//877
f 817//877 818//878 866//926
f 817//877 867//927 868//928
f 868//928 816//876 817//877
f 868//928 869//929 815//875
f 815//875 816//876 868//928
f 815//875 869//929 870//930
f 870//930 814//874 815//875
f 814//874 870//930 871//931
f 871//931 813//871 814//874
f 871//931 843//903 811//873
f 811//873 813//871 871//931
f 873//933 872//932 843//903
f 843//903 871//931 873//933
f 874//934 873//933 871//931
f 871//931 870//930 874//934
f 875//935 874//934 870//930
f 870//930 869//929 875//935
f 868//928 876//936 875//935
f 875//935 869//929 868//928
f 867//927 877//937 876//936
f 876//936 868//928 867//927
f 878//938 877//937 867//927
f 867//927 866//926 878//938
f 879//939 878//938 866//926
f 866//926 865//925 879//939
f 864//924 880//940 879//939
f 879//939 865//925 864//924
f 863//923 881//941 880//940
f 880//940 864//924 863//923
f 882//942 881//941 863//923
f 863//923 862//922 882//942
f 861//921 883//943 882//942
f 882//942 862//922 861//921
f 860//920 884//944 883//943
f 883//943 861//921 860//920
f 885//945 884//944 860//920
f 860//920 859//919 885//945
f 886//946 885//945 859//919
f 859//919 858//918 886//946
f 887//947 886//946 858//918
f 858//918 857//917 887//947
f 856//916 888//948 887//947
f 887//947 857//917 856//916
f 855//915 889//949 888//948
f 888//948 856//916 855//915
f 854//914 890//950 889//949
f 889//949 855//915 854//914
f 891//951 890//950 854//914
f 854//914 853//913 891//951
f 892//952 891//951 853//913
f 853//913 852//912 892//952
f 851//911 893//953 892//952
f 892//952 852//912 851//911
f 894//954 893//953 851//911
f 851//911 850//910 894//954
f 895//955 894//954 850//910
f 850//910 849//909 895//955
f 848//908 896//956 895//955
f 895//955 849//909 848//908
f 847//907 897//957 896//956
f 896//956 848//908 847//907
f 898//958 897//957 847//907
f 847//907 846//906 898//958
f 845//905 899//959 898//958
f 898//958 846//906 845//905
f 844//904 900//960 899//959
f 899//959 845//905 844//904
f 901//961 900//960 844//904
f 844//904 842//902 901//961
f 872//932 901//961 842//902
f 842//902 843//903 872//932
f 903//964 904//963 905//962
f 902//965 903//964 905//962
f 905//962 904//963 906//966
f 905//962 906//966 907//967
f 906//966 908//969 909//968
f 907//967 906//966 909//968
f 908//969 910//971 911//970
f 909//968 908//969 911//970
f 910//971 912//973 913//972
f 911//970 910//971 913//972
f 912//973 914//975 915//974
f 913//972 912//973 915//974
f 914//975 916//977 917//976
f 915//974 914//975 917//976
f 917//976 916//977 918//978
f 917//976 918//978 919//979
f 919//979 918//978 920//980
f 919//979 920//980 921//981
f 921//981 920//980 922//982
f 921//981 922//982 923//983
f 923//983 922//982 924//984
f 923//983 924//984 925//985
f 925//985 924//984 926//986
f 925//985 926//986 927//987
f 927//987 926//986 928//988
f 927//987 928//988 929//989
f 929//989 928//988 930//990
f 929//989 930//990 931//991
f 931//991 930//990 932//992
f 931//991 932//992 933//993
f 933//993 932//992 934//994
f 933//993 934//994 935//995
f 934//994 936//997 937//996
f 935//995 934//994 937//996
f 936//997 938//999 939//998
f 937//996 936//997 939//998
f 938//999 940//1001 941//1000
f 939//998 938//999 941//1000
f 940//1001 942//1003 943//1002
f 941//1000 940//1001 943//1002
f 942//1003 944//1005 945//1004
f 943//1002 942//1003 945//1004
f 945//1004 944//1005 946//1006
f 945//1004 946//1006 947//1007
f 946//1006 948//1009 949//1008
f 947//1007 946//1006 949//1008
f 949//1008 948//1009 950//1010
f 949//1008 950//1010 951//1011
f 951//1011 950//1010 952//1012
f 951//1011 952//1012 953//1013
f 953//1013 952//1012 954//1014
f 953//1013 954//1014 955//1015
f 955//1015 954//1014 956//1016
f 955//1015 956//1016 957//1017
f 957//1017 956//1016 958//1018
f 957//1017 958//1018 959//1019
f 959//1019 958//1018 960//1020
f 959//1019 960//1020 961//1021
f 961//1021 960//1020 903//964
f 961//1021 903//964 902//965
f 903//964 960//1020 901//961
f 901//961 872//932 903//964
f 960//1020 958//1018 900//960
f 900//960 901//961 960//1020
f 900//960 958//1018 956//1016
f 956//1016 899//959 900//960
f 899//959 956//1016 954//1014
f 954//1014 898//958 899//959
f 898//958 954//1014 952//1012
f 952//1012 897//957 898//958
f 952//1012 950//1010 896//956
f 896//956 897//957 952//1012
f 896//956 950//1010 948//1009
f 948//1009 895//955 896//956
f 948//1009 946//1006 894//954
f 894//954 895//955 948//1009
f 946//1006 944//1005 893//953
f 893//953 894//954 946//1006
f 893//953 944//1005 942//1003
f 942//1003 892//952 893//953
f 942//1003 940//1001 891//951
f 891//951 892//952 942//1003
f 891//951 940//1001 938//999
f 938//999 890//950 891//951
f 890//950 938//999 936//997
f 936//997 889//949 890//950
f 936//997 934//994 888//948
f 888//948 889//949 936//997
f 888//948 934//994 932//992
f 932//992 887//947 888//948
f 932//992 930//990 886//946
f 886//946 887//947 932//992
f 886//946 930//990 928//988
f 928//988 885//945 886//946
f 928//988 926//986 884//944
f 884//944 885//945 928//988
f 926//986 924//984 883//943
f 883//943 884//944 926//986
f 883//943 924//984 922//982
f 922//982 882//942 883//943
f 922//982 920//980 881//941
f 881//941 882//942 922//982
f 881//941 920//980 918//978
f 918//978 880//940 881//941
f 880//940 918//978 916//977
f 916//977 879//939 880//940
f 916//977 914//975 878//938
f 878//938 879//939 916//977
f 914//975 912//973 877//937
f 877//937 878//938 914//975
f 877//937 912//973 910//971
f 910//971 876//936 877//937
f 910//971 908//969 875//935
f 875//935 876//936 910//971
f 908//969 906//966 874//934
f 874//934 875//935 908//969
f 874//934 906//966 904//963
f 904//963 873//933 874//934
f 873//933 904//963 903//964
f 903//964 872//932 873//933
f 963//1023 962//1022 961//1021
f 961//1021 902//965 963//1023
f 962//1022 964//1024 959//1019
f 959//1019 961//1021 962//1022
f 964//1024 965//1025 957//1017
f 957//1017 959//1019 964//1024
f 965//1025 966//1026 955//1015
f 955//1015 957//1017 965//1025
f 955//1015 966//1026 967//1027
f 967//1027 953//1013 955//1015
f 967//1027 968//1028 951//1011
f 951//1011 953//1013 967//1027
f 968//1028 969//1029 949//1008
f 949//1008 951//1011 968//1028
f 949//1008 969//1029 970//1030
f 970//1030 947//1007 949//1008
f 947//1007 970//1030 971//1031
f 971//1031 945//1004 947//1007
f 971//1031 972//1032 943//1002
f 943//1002 945//1004 971//1031
f 943//1002 972//1032 973//1033
f 973//1033 941//1000 943//1002
f 941//1000 973//1033 974//1034
f 974//1034 939//998 941//1000
f 939//998 974//1034 975//1035
f 975//1035 937//996 939//998
f 937//996 975//1035 976//1036
f 976//1036 935//995 937//996
f 976//1036 977//1037 933//993
f 933//993 935//995 976//1036
f 977//1037 978//1038 931//991
f 931//991 933//993 977//1037
f 978//1038 979//1039 929//989
f 929//989 931//991 978//1038
f 979//1039 980//1040 927//987
f 927//987 929//989 979//1039
f 980//1040 981//1041 925//985
f 925//985 927//987 980//1040
f 981//1041 982//1042 923//983
f 923//983 925//985 981//1041
f 923//983 982//1042 983//1043
f 983//1043 921//981 923//983
f 983//1043 984//1044 919//979
f 919//979 921//981 983//1043
f 984//1044 985//1045 917//976
f 917//976 919//979 984//1044
f 917//976 985//1045 986//1046
f 986//1046 915//974 917//976
f 986//1046 987//1047 913//972
f 913//972 915//974 986//1046
f 987//1047 988//1048 911//970
f 911//970 913//972 987//1047
f 911//970 988//1048 989//1049
f 989//1049 909//968 911//970
f 909//968 989//1049 990//1050
f 990//1050 907//967 909//968
f 907//967 990//1050 991//1051
f 991//1051 905//962 907//967
f 905//962 991//1051 963//1023
f 963//1023 902//965 905//962
f 992//1054 993//1053 994//1052
f 992//1054 994//1052 995//1055
f 997//1058 996//1057 963//1056
f 963//1056 991//1059 997//1058
f 995//1055 994//1052 998//1060
f 995//1055 998//1060 999//1061
f 990//1063 1000//1062 997//1058
f 997//1058 991//1059 990//1063
f 999//1061 998//1060 1001//1064
f 999//1061 1001//1064 1002//1065
f 1003//1066 1000//1062 990//1063
f 990//1063 989//1067 1003//1066
f 1002//1065 1001//1064 1004//1068
f 1002//1065 1004//1068 1005//1069
f 988//1071 1006//1070 1003//1066
f 1003//1066 989//1067 988//1071
f 1004//1068 1007//1073 1008//1072
f 1005//1069 1004//1068 1008//1072
f 987//1075 1009//1074 1006//1070
f 1006//1070 988//1071 987//1075
f 1008//1072 1007//1073 1010//1076
f 1008//1072 1010//1076 1011//1077
f 1012//1078 1009//1074 987//1075
f 987//1075 986//1079 1012//1078
f 1010//1076 1013//1081 1014//1080
f 1011//1077 1010//1076 1014//1080
f 985//1083 1015//1082 1012//1078
f 1012//1078 986//1079 985//1083
f 1014//1080 1013//1081 1016//1084
f 1014//1080 1016//1084 1017//1085
f 984//1087 1018//1086 1015//1082
f 1015//1082 985//1083 984//1087
f 1016//1084 1019//1089 1020//1088
f 1017//1085 1016//1084 1020//1088
f 1021//1090 1018//1086 984//1087
f 984//1087 983//1091 1021//1090
f 1020//1088 1019//1089 1022//1092
f 1020//1088 1022//1092 1023//1093
f 1024//1094 1021//1090 983//1091
f 983//1091 982//1095 1024//1094
f 1023//1093 1022//1092 1025//1096
f 1023//1093 1025//1096 1026//1097
f 1027//1098 1024//1094 982//1095
f 982//1095 981//1099 1027//1098
f 1025//1096 1028//1101 1029//1100
f 1026//1097 1025//1096 1029//1100
f 1030//1102 1027//1098 981//1099
f 981//1099 980//1103 1030//1102
f 1029//1100 1028//1101 1031//1104
f 1029//1100 1031//1104 1032//1105
f 1033//1106 1030//1102 980//1103
f 980//1103 979//1107 1033//1106
f 1032//1105 1031//1104 1034//1108
f 1032//1105 1034//1108 1035//1109
f 978//1111 1036//1110 1033//1106
f 1033//1106 979//1107 978//1111
f 1034//1108 1037//1113 1038//1112
f 1035//1109 1034//1108 1038//1112
f 1039//1114 1036//1110 978//1111
f 978//1111 977//1115 1039//1114
f 1038//1112 1037//1113 1040//1116
f 1038//1112 1040//1116 1041//1117
f 976//1119 1042//1118 1039//1114
f 1039//1114 977//1115 976//1119
f 1040//1116 1043//1121 1044//1120
f 1041//1117 1040//1116 1044//1120
f 1045//1122 1042//1118 976//1119
f 976//1119 975//1123 1045//1122
f 1043//1121 1046//1125 1047//1124
f 1044//1120 1043//1121 1047//1124
f 974//1127 1048//1126 1045//1122
f 1045//1122 975//1123 974//1127
f 1047//1124 1046//1125 1049//1128
f 1047//1124 1049//1128 1050//1129
f 973//1131 1051//1130 1048//1126
f 1048//1126 974//1127 973//1131
f 1049//1128 1052//1133 1053//1132
f 1050//1129 1049//1128 1053//1132
f 972//1135 1054//1134 1051//1130
f 1051//1130 973//1131 972//1135
f 1052//1133 1055//1137 1056//1136
f 1053//1132 1052//1133 1056//1136
f 971//1139 1057//1138 1054//1134
f 1054//1134 972//1135 971//1139
f 1056//1136 1055//1137 1058//1140
f 1056//1136 1058//1140 1059//1141
f 970//1143 1060//1142 1057//1138
f 1057//1138 971//1139 970//1143
f 1059//1141 1058//1140 1061//1144
f 1059//1141 1061//1144 1062//1145
f 1063//1146 1060//1142 970//1143
f 970//1143 969//1147 1063//1146
f 1061//1144 1064//1149 1065//1148
f 1062//1145 1061//1144 1065//1148
f 1066//1150 1063//1146 969//1147
f 969//1147 968//1151 1066//1150
f 1064//1149 1067//1153 1068//1152
f 1065//1148 1064//1149 1068//1152
f 967//1155 1069//1154 1066//1150
f 1066//1150 968//1151 967//1155
f 1068//1152 1067//1153 1070//1156
f 1068//1152 1070//1156 1071//1157
f 1072//1158 1069//1154 967//1155
f 967//1155 966//1159 1072//1158
f 1070//1156 1073//1161 1074//1160
f 1071//1157 1070//1156 1074//1160
f 965//1163 1075//1162 1072//1158
f 1072//1158 966//1159 965//1163
f 1074//1160 1073//1161 1076//1164
f 1074//1160 1076//1164 1077//1165
f 964//1167 1078//1166 1075//1162
f 1075//1162 965//1163 964//1167
f 1076//1164 1079//1169 1080//1168
f 1077//1165 1076//1164 1080//1168
f 1081//1170 1078//1166 964//1167
f 964//1167 962//1171 1081//1170
f 1079//1169 993//1053 992//1054
f 1080//1168 1079//1169 992//1054
f 963//1056 996//1057 1081//1170
f 1081//1170 962//1171 963//1056
f 1081//1170 996//1057 993//1053
f 1079//1169 1081//1170 993//1053
f 1076//1164 1078//1166 1081//1170
f 1076//1164 1081//1170 1079//1169
f 1073//1161 1075//1162 1078//1166
f 1073//1161 1078//1166 1076//1164
f 1072//1158 1075//1162 1073//1161
f 1070//1156 1072//1158 1073//1161
f 1067//1153 1069//1154 1072//1158
f 1067//1153 1072//1158 1070//1156
f 1064//1149 1066//1150 1069//1154
f 1064//1149 1069//1154 1067//1153
f 1061//1144 1063//1146 1066//1150
f 1061//1144 1066//1150 1064//1149
f 1060//1142 1063//1146 1061//1144
f 1058//1140 1060//1142 1061//1144
f 1057//1138 1060//1142 1058//1140
f 1055//1137 1057//1138 1058//1140
f 1054//1134 1057//1138 1055//1137
f 1052//1133 1054//1134 1055//1137
f 1049//1128 1051//1130 1054//1134
f 1049//1128 1054//1134 1052//1133
f 1046//1125 1048//1126 1051//1130
f 1046//1125 1051//1130 1049//1128
f 1043//1121 1045//1122 1048//1126
f 1043//1121 1048//1126 1046//1125
f 1040//1116 1042//1118 1045//1122
f 1040//1116 1045//1122 1043//1121
f 1039//1114 1042//1118 1040//1116
f 1037//1113 1039//1114 1040//1116
f 1034//1108 1036//1110 1039//1114
f 1034//1108 1039//1114 1037//1113
f 1033//1106 1036//1110 1034//1108
f 1031//1104 1033//1106 1034//1108
f 1028//1101 1030//1102 1033//1106
f 1028//1101 1033//1106 1031//1104
f 1025//1096 1027//1098 1030//1102
f 1025//1096 1030//1102 1028//1101
f 1024//1094 1027//1098 1025//1096
f 1022//1092 1024//1094 1025//1096
f 1019//1089 1021//1090 1024//1094
f 1019//1089 1024//1094 1022//1092
f 1016//1084 1018//1086 1021//1090
f 1016//1084 1021//1090 1019//1089
f 1013//1081 1015//1082 1018//1086
f 1013//1081 1018//1086 1016//1084
f 1012//1078 1015//1082 1013//1081
f 1010//1076 1012//1078 1013//1081
f 1009//1074 1012//1078 1010//1076
f 1007//1073 1009//1074 1010//1076
f 1006//1070 1009//1074 1007//1073
f 1004//1068 1006//1070 1007//1073
f 1003//1066 1006//1070 1004//1068
f 1001//1064 1003//1066 1004//1068
f 1000//1062 1003//1066 1001//1064
f 998//1060 1000//1062 1001//1064
f 997//1058 1000//1062 998//1060
f 994//1052 997//1058 998//1060
f 993//1053 996//1057 997//1058
f 993//1053 997//1058 994//1052
f 1083//1174 1082//1173 1080//1172
f 1080//1172 992//1175 1083//1174
f 1080//1172 1082//1173 1084//1176
f 1084//1176 1077//1177 1080//1172
f 1077//1177 1084//1176 1085//1178
f 1085//1178 1074//1179 1077//1177
f 1085//1178 1086//1181 1071//1180
f 1071//1180 1074//1179 1085//1178
f 1071//1180 1086//1181 1087//1182
f 1087//1182 1068//1183 1071//1180
f 1087//1182 1088//1185 1065//1184
f 1065//1184 1068//1183 1087//1182
f 1088//1185 1089//1187 1062//1186
f 1062//1186 1065//1184 1088//1185
f 1089//1187 1090//1189 1059//1188
f 1059//1188 1062//1186 1089//1187
f 1059//1188 1090//1189 1091//1190
f 1091//1190 1056//1191 1059//1188
f 1056//1191 1091//1190 1092//1192
f 1092//1192 1053//1193 1056//1191
f 1092//1192 1093//1195 1050//1194
f 1050//1194 1053//1193 1092//1192
f 1050//1194 1093//1195 1094//1196
f 1094//1196 1047//1197 1050//1194
f 1047//1197 1094//1196 1095//1198
f 1095//1198 1044//1199 1047//1197
f 1095//1198 1096//1201 1041//1200
f 1041//1200 1044//1199 1095//1198
f 1041//1200 1096//1201 1097//1202
f 1097//1202 1038//1203 1041//1200
f 1097//1202 1098//1205 1035//1204
f 1035//1204 1038//1203 1097//1202
f 1098//1205 1099//1207 1032//1206
f 1032//1206 1035//1204 1098//1205
f 1099//1207 1100//1209 1029//1208
f 1029//1208 1032//1206 1099//1207
f 1029//1208 1100//1209 1101//1210
f 1101//1210 1026//1211 1029//1208
f 1026//1211 1101//1210 1102//1212
f 1102//1212 1023//1213 1026//1211
f 1102//1212 1103//1215 1020//1214
f 1020//1214 1023//1213 1102//1212
f 1103//1215 1104//1217 1017//1216
f 1017//1216 1020//1214 1103//1215
f 1017//1216 1104//1217 1105//1218
f 1105//1218 1014//1219 1017//1216
f 1014//1219 1105//1218 1106//1220
f 1106//1220 1011//1221 1014//1219
f 1011//1221 1106//1220 1107//1222
f 1107//1222 1008//1223 1011//1221
f 1107//1222 1108//1225 1005//1224
f 1005//1224 1008//1223 1107//1222
f 1108//1225 1109//1227 1002//1226
f 1002//1226 1005//1224 1108//1225
f 1109//1227 1110//1229 999//1228
f 999//1228 1002//1226 1109//1227
f 1110//1229 1111//1231 995//1230
f 995//1230 999//1228 1110//1229
f 995//1230 1111//1231 1083//1174
f 1083//1174 992//1175 995//1230
f 1113//1234 510//1233 482//1232
f 482//1232 1112//1235 1113//1234
f 1111//1231 1115//1237 1114//1236
f 1114//1236 1083//1174 1111//1231
f 1116//1239 509//1238 510//1233
f 510//1233 1113//1234 1116//1239
f 1110//1229 1117//1240 1115//1237
f 1115//1237 1111//1231 1110//1229
f 508//1241 509//1238 1116//1239
f 1116//1239 1118//1242 508//1241
f 1119//1243 1117//1240 1110//1229
f 1110//1229 1109//1227 1119//1243
f 507//1244 508//1241 1118//1242
f 1118//1242 1120//1245 507//1244
f 1108//1225 1121//1246 1119//1243
f 1119//1243 1109//1227 1108//1225
f 506//1247 507//1244 1120//1245
f 1120//1245 1122//1248 506//1247
f 1123//1249 1121//1246 1108//1225
f 1108//1225 1107//1222 1123//1249
f 505//1250 506//1247 1122//1248
f 1122//1248 1124//1251 505//1250
f 1125//1252 1123//1249 1107//1222
f 1107//1222 1106//1220 1125//1252
f 504//1253 505//1250 1124//1251
f 1124//1251 1126//1254 504//1253
f 1127//1255 1125//1252 1106//1220
f 1106//1220 1105//1218 1127//1255
f 503//1256 504//1253 1126//1254
f 1126//1254 1128//1257 503//1256
f 1129//1258 1127//1255 1105//1218
f 1105//1218 1104//1217 1129//1258
f 502//1259 503//1256 1128//1257
f 1128//1257 1130//1260 502//1259
f 1131//1261 1129//1258 1104//1217
f 1104//1217 1103//1215 1131//1261
f 501//1262 502//1259 1130//1260
f 1130//1260 1132//1263 501//1262
f 1133//1264 1131//1261 1103//1215
f 1103//1215 1102//1212 1133//1264
f 500//1265 501//1262 1132//1263
f 1132//1263 1134//1266 500//1265
f 1135//1267 1133//1264 1102//1212
f 1102//1212 1101//1210 1135//1267
f 1136//1269 499//1268 500//1265
f 500//1265 1134//1266 1136//1269
f 1137//1270 1135//1267 1101//1210
f 1101//1210 1100//1209 1137//1270
f 1138//1272 498//1271 499//1268
f 499//1268 1136//1269 1138//1272
f 1099//1207 1139//1273 1137//1270
f 1137//1270 1100//1209 1099//1207
f 497//1274 498//1271 1138//1272
f 1138//1272 1140//1275 497//1274
f 1098//1205 1141//1276 1139//1273
f 1139//1273 1099//1207 1098//1205
f 496//1277 497//1274 1140//1275
f 1140//1275 1142//1278 496//1277
f 1143//1279 1141//1276 1098//1205
f 1098//1205 1097//1202 1143//1279
f 1144//1281 495//1280 496//1277
f 496//1277 1142//1278 1144//1281
f 1096//1201 1145//1282 1143//1279
f 1143//1279 1097//1202 1096//1201
f 1146//1284 494//1283 495//1280
f 495//1280 1144//1281 1146//1284
f 1147//1285 1145//1282 1096//1201
f 1096//1201 1095//1198 1147//1285
f 493//1286 494//1283 1146//1284
f 1146//1284 1148//1287 493//1286
f 1094//1196 1149//1288 1147//1285
f 1147//1285 1095//1198 1094//1196
f 1150//1290 492//1289 493//1286
f 493//1286 1148//1287 1150//1290
f 1093//1195 1151//1291 1149//1288
f 1149//1288 1094//1196 1093//1195
f 1152//1293 491//1292 492//1289
f 492//1289 1150//1290 1152//1293
f 1092//1192 1153//1294 1151//1291
f 1151//1291 1093//1195 1092//1192
f 1154//1296 490//1295 491//1292
f 491//1292 1152//1293 1154//1296
f 1091//1190 1155//1297 1153//1294
f 1153//1294 1092//1192 1091//1190
f 1156//1299 489//1298 490//1295
f 490//1295 1154//1296 1156//1299
f 1090//1189 1157//1300 1155//1297
f 1155//1297 1091//1190 1090//1189
f 1158//1302 488//1301 489//1298
f 489//1298 1156//1299 1158//1302
f 1089//1187 1159//1303 1157//1300
f 1157//1300 1090//1189 1089//1187
f 1160//1305 487//1304 488//1301
f 488//1301 1158//1302 1160//1305
f 1088//1185 1161//1306 1159//1303
f 1159//1303 1089//1187 1088//1185
f 1162//1308 486//1307 487//1304
f 487//1304 1160//1305 1162//1308
f 1087//1182 1163//1309 1161//1306
f 1161//1306 1088//1185 1087//1182
f 1164//1311 485//1310 486//1307
f 486//1307 1162//1308 1164//1311
f 1086//1181 1165//1312 1163//1309
f 1163//1309 1087//1182 1086//1181
f 484//1313 485//1310 1164//1311
f 1164//1311 1166//1314 484//1313
f 1167//1315 1165//1312 1086//1181
f 1086//1181 1085//1178 1167//1315
f 1168//1317 483//1316 484//1313
f 484//1313 1166//1314 1168//1317
f 1084//1176 1169//1318 1167//1315
f 1167//1315 1085//1178 1084//1176
f 1170//1320 481//1319 483//1316
f 483//1316 1168//1317 1170//1320
f 1171//1321 1169//1318 1084//1176
f 1084//1176 1082//1173 1171//1321
f 482//1232 481//1319 1170//1320
f 1170//1320 1112//1235 482//1232
f 1114//1236 1171//1321 1082//1173
f 1082//1173 1083//1174 1114//1236
f 1112//1235 1170//1320 1171//1321
f 1171//1321 1114//1236 1112//1235
f 1170//1320 1168//1317 1169//1318
f 1169//1318 1171//1321 1170//1320
f 1169//1318 1168//1317 1166//1314
f 1166//1314 1167//1315 1169//1318
f 1166//1314 1164//1311 1165//1312
f 1165//1312 1167//1315 1166//1314
f 1164//1311 1162//1308 1163//1309
f 1163//1309 1165//1312 1164//1311
f 1162//1308 1160//1305 1161//1306
f 1161//1306 1163//1309 1162//1308
f 1160//1305 1158//1302 1159//1303
f 1159//1303 1161//1306 1160//1305
f 1158//1302 1156//1299 1157//1300
f 1157//1300 1159//1303 1158//1302
f 1156//1299 1154//1296 1155//1297
f 1155//1297 1157//1300 1156//1299
f 1154//1296 1152//1293 1153//1294
f 1153//1294 1155//1297 1154//1296
f 1153//1294 1152//1293 1150//1290
f 1150//1290 1151//1291 1153//1294
f 1150//1290 1148//1287 1149//1288
f 1149//1288 1151//1291 1150//1290
f 1148//1287 1146//1284 1147//1285
f 1147//1285 1149//1288 1148//1287
f 1146//1284 1144//1281 1145//1282
f 1145//1282 1147//1285 1146//1284
f 1145//1282 1144//1281 1142//1278
f 1142//1278 1143//1279 1145//1282
f 1142//1278 1140//1275 1141//1276
f 1141//1276 1143//1279 1142//1278
f 1141//1276 1140//1275 1138//1272
f 1138//1272 1139//1273 1141//1276
f 1138//1272 1136//1269 1137//1270
f 1137//1270 1139//1273 1138//1272
f 1137//1270 1136//1269 1134//1266
f 1134//1266 1135//1267 1137//1270
f 1134//1266 1132//1263 1133//1264
f 1133//1264 1135//1267 1134//1266
f 1133//1264 1132//1263 1130//1260
f 1130//1260 1131//1261 1133//1264
f 1131//1261 1130//1260 1128//1257
f 1128//1257 1129//1258 1131//1261
f 1129//1258 1128//1257 1126//1254
f 1126//1254 1127//1255 1129//1258
f 1127//1255 1126//1254 1124//1251
f 1124//1251 1125//1252 1127//1255
f 1125//1252 1124//1251 1122//1248
f 1122//1248 1123//1249 1125//1252
f 1123//1249 1122//1248 1120//1245
f 1120//1245 1121//1246 1123//1249
f 1121//1246 1120//1245 1118//1242
f 1118//1242 1119//1243 1121//1246
f 1118//1242 1116//1239 1117//1240
f 1117//1240 1119//1243 1118//1242
f 1117//1240 1116//1239 1113//1234
f 1113//1234 1115//1237 1117//1240
f 1115//1237 1113//1234 1112//1235
f 1112//1235 1114//1236 1115//1237
f 1172//1324 1173//1323 1174//1322
f 1172//1324 1174//1322 1175//1325
f 1177//1328 1178//1327 1179//1326
f 1176//1329 1177//1328 1179//1326
f 752//1332 780//1331 1181//1330
f 1180//1333 752//1332 1181//1330
f 1175//1325 1174//1322 1182//1334
f 1175//1325 1182//1334 1183//1335
f 1178//1327 1184//1337 1185//1336
f 1179//1326 1178//1327 1185//1336
f 780//1331 779//1339 1186//1338
f 1181//1330 780//1331 1186//1338
f 1182//1334 1187//1341 1188//1340
f 1183//1335 1182//1334 1188//1340
f 1184//1337 1189//1343 1190//1342
f 1185//1336 1184//1337 1190//1342
f 779//1339 778//1345 1191//1344
f 1186//1338 779//1339 1191//1344
f 1188//1340 1187//1341 1192//1346
f 1188//1340 1192//1346 1193//1347
f 1190//1342 1189//1343 1194//1348
f 1190//1342 1194//1348 1195//1349
f 778//1345 777//1351 1196//1350
f 1191//1344 778//1345 1196//1350
f 1193//1347 1192//1346 1197//1352
f 1193//1347 1197//1352 1198//1353
f 1194//1348 1199//1355 1200//1354
f 1195//1349 1194//1348 1200//1354
f 777//1351 776//1357 1201//1356
f 1196//1350 777//1351 1201//1356
f 1198//1353 1197//1352 1202//1358
f 1198//1353 1202//1358 1203//1359
f 1199//1355 1204//1361 1205//1360
f 1200//1354 1199//1355 1205//1360
f 776//1357 775//1363 1206//1362
f 1201//1356 776//1357 1206//1362
f 1203//1359 1202//1358 1207//1364
f 1203//1359 1207//1364 1208//1365
f 1205//1360 1204//1361 1209//1366
f 1205//1360 1209//1366 1210//1367
f 775//1363 774//1369 1211//1368
f 1206//1362 775//1363 1211//1368
f 1208//1365 1207//1364 1212//1370
f 1208//1365 1212//1370 1213//1371
f 1210//1367 1209//1366 1214//1372
f 1210//1367 1214//1372 1215//1373
f 774//1369 773//1375 1216//1374
f 1211//1368 774//1369 1216//1374
f 1213//1371 1212//1370 1217//1376
f 1213//1371 1217//1376 1218//1377
f 1215//1373 1214//1372 1219//1378
f 1215//1373 1219//1378 1220//1379
f 1216//1374 773//1375 772//1380
f 1216//1374 772//1380 1221//1381
f 1217//1376 1222//1383 1223//1382
f 1218//1377 1217//1376 1223//1382
f 1220//1379 1219//1378 1224//1384
f 1220//1379 1224//1384 1225//1385
f 1221//1381 772//1380 771//1386
f 1221//1381 771//1386 1226//1387
f 1222//1383 1227//1389 1228//1388
f 1223//1382 1222//1383 1228//1388
f 1224//1384 1229//1391 1230//1390
f 1225//1385 1224//1384 1230//1390
f 771//1386 770//1393 1231//1392
f 1226//1387 771//1386 1231//1392
f 1227//1389 1232//1395 1233//1394
f 1228//1388 1227//1389 1233//1394
f 1229//1391 1234//1397 1235//1396
f 1230//1390 1229//1391 1235//1396
f 770//1393 769//1399 1236//1398
f 1231//1392 770//1393 1236//1398
f 1233//1394 1232//1395 1237//1400
f 1233//1394 1237//1400 1238//1401
f 1235//1396 1234//1397 1239//1402
f 1235//1396 1239//1402 1240//1403
f 1236//1398 769//1399 768//1404
f 1236//1398 768//1404 1241//1405
f 1237//1400 1242//1407 1243//1406
f 1238//1401 1237//1400 1243//1406
f 1240//1403 1239//1402 1244//1408
f 1240//1403 1244//1408 1245//1409
f 1241//1405 768//1404 767//1410
f 1241//1405 767//1410 1246//1411
f 1242//1407 1247//1413 1248//1412
f 1243//1406 1242//1407 1248//1412
f 1245//1409 1244//1408 1249//1414
f 1245//1409 1249//1414 1250//1415
f 1246//1411 767//1410 766//1416
f 1246//1411 766//1416 1251//1417
f 1248//1412 1247//1413 1252//1418
f 1248//1412 1252//1418 1253//1419
f 1249//1414 1254//1421 1255//1420
f 1250//1415 1249//1414 1255//1420
f 1251//1417 766//1416 765//1422
f 1251//1417 765//1422 1256//1423
f 1253//1419 1252//1418 1257//1424
f 1253//1419 1257//1424 1258//1425
f 1255//1420 1254//1421 1259//1426
f 1255//1420 1259//1426 1260//1427
f 765//1422 764//1429 1261//1428
f 1256//1423 765//1422 1261//1428
f 1258//1425 1257//1424 1262//1430
f 1258//1425 1262//1430 1263//1431
f 1259//1426 1264//1433 1265//1432
f 1260//1427 1259//1426 1265//1432
f 764//1429 763//1435 1266//1434
f 1261//1428 764//1429 1266//1434
f 1263//1431 1262//1430 1267//1436
f 1263//1431 1267//1436 1268//1437
f 1265//1432 1264//1433 1269//1438
f 1265//1432 1269//1438 1270//1439
f 1266//1434 763//1435 762//1440
f 1266//1434 762//1440 1271//1441
f 1268//1437 1267//1436 1272//1442
f 1268//1437 1272//1442 1273//1443
f 1270//1439 1269//1438 1274//1444
f 1270//1439 1274//1444 1275//1445
f 1271//1441 762//1440 761//1446
f 1271//1441 761//1446 1276//1447
f 1273//1443 1272//1442 1277//1448
f 1273//1443 1277//1448 1278//1449
f 1274//1444 1279//1451 1280//1450
f 1275//1445 1274//1444 1280//1450
f 761//1446 760//1453 1281//1452
f 1276//1447 761//1446 1281//1452
f 1277//1448 1282//1455 1283//1454
f 1278//1449 1277//1448 1283//1454
f 1279//1451 1284//1457 1285//1456
f 1280//1450 1279//1451 1285//1456
f 760//1453 759//1459 1286//1458
f 1281//1452 760//1453 1286//1458
f 1282//1455 1287//1461 1288//1460
f 1283//1454 1282//1455 1288//1460
f 1284//1457 1289//1463 1290//1462
f 1285//1456 1284//1457 1290//1462
f 1286//1458 759//1459 758//1464
f 1286//1458 758//1464 1291//1465
f 1287//1461 1292//1467 1293//1466
f 1288//1460 1287//1461 1293//1466
f 1289//1463 1294//1469 1295//1468
f 1290//1462 1289//1463 1295//1468
f 1291//1465 758//1464 757//1470
f 1291//1465 757//1470 1296//1471
f 1292//1467 1297//1473 1298//1472
f 1293//1466 1292//1467 1298//1472
f 1295//1468 1294//1469 1299//1474
f 1295//1468 1299//1474 1300//1475
f 1296//1471 757//1470 756//1476
f 1296//1471 756//1476 1301//1477
f 1297//1473 1302//1479 1303//1478
f 1298//1472 1297//1473 1303//1478
f 1300//1475 1299//1474 1304//1480
f 1300//1475 1304//1480 1305//1481
f 1301//1477 756//1476 755//1482
f 1301//1477 755//1482 1306//1483
f 1302//1479 1307//1485 1308//1484
f 1303//1478 1302//1479 1308//1484
f 1304//1480 1309//1487 1310//1486
f 1305//1481 1304//1480 1310//1486
f 1306//1483 755//1482 754//1488
f 1306//1483 754//1488 1311//1489
f 1307//1485 1312//1491 1313//1490
f 1308//1484 1307//1485 1313//1490
f 1310//1486 1309//1487 1314//1492
f 1310//1486 1314//1492 1315//1493
f 1311//1489 754//1488 753//1494
f 1311//1489 753//1494 1316//1495
f 1312//1491 1317//1497 1318//1496
f 1313//1490 1312//1491 1318//1496
f 1315//1493 1314//1492 1319//1498
f 1315//1493 1319//1498 1320//1499
f 1316//1495 753//1494 751//1500
f 1316//1495 751//1500 1321//1501
f 1317//1497 1173//1323 1172//1324
f 1318//1496 1317//1497 1172//1324
f 1320//1499 1319//1498 1177//1328
f 1320//1499 1177//1328 1176//1329
f 751//1500 752//1332 1180//1333
f 1321//1501 751//1500 1180//1333
f 1321//1501 1180//1333 1177//1328
f 1319//1498 1321//1501 1177//1328
f 1320//1499 1176//1329 1173//1323
f 1317//1497 1320//1499 1173//1323
f 1314//1492 1316//1495 1321//1501
f 1314//1492 1321//1501 1319//1498
f 1315//1493 1320//1499 1317//1497
f 1312//1491 1315//1493 1317//1497
f 1311//1489 1316//1495 1314//1492
f 1309//1487 1311//1489 1314//1492
f 1307//1485 1310//1486 1315//1493
f 1307//1485 1315//1493 1312//1491
f 1304//1480 1306//1483 1311//1489
f 1304//1480 1311//1489 1309//1487
f 1302//1479 1305//1481 1310//1486
f 1302//1479 1310//1486 1307//1485
f 1301//1477 1306//1483 1304//1480
f 1299//1474 1301//1477 1304//1480
f 1297//1473 1300//1475 1305//1481
f 1297//1473 1305//1481 1302//1479
f 1296//1471 1301//1477 1299//1474
f 1294//1469 1296//1471 1299//1474
f 1292//1467 1295//1468 1300//1475
f 1292//1467 1300//1475 1297//1473
f 1291//1465 1296//1471 1294//1469
f 1289//1463 1291//1465 1294//1469
f 1287//1461 1290//1462 1295//1468
f 1287//1461 1295//1468 1292//1467
f 1284//1457 1286//1458 1291//1465
f 1284//1457 1291//1465 1289//1463
f 1282//1455 1285//1456 1290//1462
f 1282//1455 1290//1462 1287//1461
f 1279//1451 1281//1452 1286//1458
f 1279//1451 1286//1458 1284//1457
f 1277//1448 1280//1450 1285//1456
f 1277//1448 1285//1456 1282//1455
f 1276//1447 1281//1452 1279//1451
f 1274//1444 1276//1447 1279//1451
f 1272//1442 1275//1445 1280//1450
f 1272//1442 1280//1450 1277//1448
f 1271//1441 1276//1447 1274//1444
f 1269//1438 1271//1441 1274//1444
f 1267//1436 1270//1439 1275//1445
f 1267//1436 1275//1445 1272//1442
f 1266//1434 1271//1441 1269//1438
f 1264//1433 1266//1434 1269//1438
f 1262//1430 1265//1432 1270//1439
f 1262//1430 1270//1439 1267//1436
f 1261//1428 1266//1434 1264//1433
f 1259//1426 1261//1428 1264//1433
f 1257//1424 1260//1427 1265//1432
f 1257//1424 1265//1432 1262//1430
f 1254//1421 1256//1423 1261//1428
f 1254//1421 1261//1428 1259//1426
f 1255//1420 1260//1427 1257//1424
f 1252//1418 1255//1420 1257//1424
f 1249//1414 1251//1417 1256//1423
f 1249//1414 1256//1423 1254//1421
f 1247//1413 1250//1415 1255//1420
f 1247//1413 1255//1420 1252//1418
f 1246//1411 1251//1417 1249//1414
f 1244//1408 1246//1411 1249//1414
f 1245//1409 1250//1415 1247//1413
f 1242//1407 1245//1409 1247//1413
f 1241//1405 1246//1411 1244//1408
f 1239//1402 1241//1405 1244//1408
f 1240//1403 1245//1409 1242//1407
f 1237//1400 1240//1403 1242//1407
f 1234//1397 1236//1398 1241//1405
f 1234//1397 1241//1405 1239//1402
f 1235//1396 1240//1403 1237//1400
f 1232//1395 1235//1396 1237//1400
f 1229//1391 1231//1392 1236//1398
f 1229//1391 1236//1398 1234//1397
f 1230//1390 1235//1396 1232//1395
f 1227//1389 1230//1390 1232//1395
f 1224//1384 1226//1387 1231//1392
f 1224//1384 1231//1392 1229//1391
f 1225//1385 1230//1390 1227//1389
f 1222//1383 1225//1385 1227//1389
f 1219//1378 1221//1381 1226//1387
f 1219//1378 1226//1387 1224//1384
f 1220//1379 1225//1385 1222//1383
f 1217//1376 1220//1379 1222//1383
f 1216//1374 1221//1381 1219//1378
f 1214//1372 1216//1374 1219//1378
f 1215//1373 1220//1379 1217//1376
f 1212//1370 1215//1373 1217//1376
f 1211//1368 1216//1374 1214//1372
f 1209//1366 1211//1368 1214//1372
f 1210//1367 1215//1373 1212//1370
f 1207//1364 1210//1367 1212//1370
f 1204//1361 1206//1362 1211//1368
f 1204//1361 1211//1368 1209//1366
f 1205//1360 1210//1367 1207//1364
f 1202//1358 1205//1360 1207//1364
f 1199//1355 1201//1356 1206//1362
f 1199//1355 1206//1362 1204//1361
f 1200//1354 1205//1360 1202//1358
f 1197//1352 1200//1354 1202//1358
f 1194//1348 1196//1350 1201//1356
f 1194//1348 1201//1356 1199//1355
f 1195//1349 1200//1354 1197//1352
f 1192//1346 1195//1349 1197//1352
f 1191//1344 1196//1350 1194//1348
f 1189//1343 1191//1344 1194//1348
f 1190//1342 1195//1349 1192//1346
f 1187//1341 1190//1342 1192//1346
f 1184//1337 1186//1338 1191//1344
f 1184//1337 1191//1344 1189//1343
f 1185//1336 1190//1342 1187//1341
f 1182//1334 1185//1336 1187//1341
f 1181//1330 1186//1338 1184//1337
f 1178//1327 1181//1330 1184//1337
f 1174//1322 1179//1326 1185//1336
f 1174//1322 1185//1336 1182//1334
f 1177//1328 1180//1333 1181//1330
f 1177//1328 1181//1330 1178//1327
f 1173//1323 1176//1329 1179//1326
f 1173//1323 1179//1326 1174//1322
f 784//791 807//861 10//859
f 10//859 20//790 784//791
f 11//860 807//861 1322//1502
f 6//1503 11//860 1322//1502
f 1323//1504 784//791 18//792
f 18//792 3//1505 1323//1504
f 1324//1508 1325//1507 1326//1506
f 1324//1508 1326//1506 1327//1509
f 1326//1506 1328//1511 1329//1510
f 1327//1509 1326//1506 1329//1510
f 1328//1511 1330//1513 1331//1512
f 1329//1510 1328//1511 1331//1512
f 1330//1513 1332//1515 1333//1514
f 1331//1512 1330//1513 1333//1514
f 1332//1515 1334//1517 1335//1516
f 1333//1514 1332//1515 1335//1516
f 1334//1517 1336//1519 1337//1518
f 1335//1516 1334//1517 1337//1518
f 1336//1519 1338//1521 1339//1520
f 1337//1518 1336//1519 1339//1520
f 1339//1520 1338//1521 1340//1522
f 1339//1520 1340//1522 1341//1523
f 1341//1523 1340//1522 1342//1524
f 1341//1523 1342//1524 1343//1525
f 1342//1524 1344//1527 1345//1526
f 1343//1525 1342//1524 1345//1526
f 1345//1526 1344//1527 1346//1528
f 1345//1526 1346//1528 1347//1529
f 1347//1529 1346//1528 1348//1530
f 1347//1529 1348//1530 1349//1531
f 1349//1531 1348//1530 1350//1532
f 1349//1531 1350//1532 1351//1533
f 1350//1532 1352//1535 1353//1534
f 1351//1533 1350//1532 1353//1534
f 1352//1535 1354//1537 1355//1536
f 1353//1534 1352//1535 1355//1536
f 1355//1536 1354//1537 1356//1538
f 1355//1536 1356//1538 1357//1539
f 1357//1539 1356//1538 1358//1540
f 1357//1539 1358//1540 1359//1541
f 1358//1540 1360//1543 1361//1542
f 1359//1541 1358//1540 1361//1542
f 1360//1543 1362//1545 1363//1544
f 1361//1542 1360//1543 1363//1544
f 1362//1545 1364//1547 1365//1546
f 1363//1544 1362//1545 1365//1546
f 1365//1546 1364//1547 1366//1548
f 1365//1546 1366//1548 1367//1549
f 1367//1549 1366//1548 1368//1550
f 1367//1549 1368//1550 1369//1551
f 1368//1550 1370//1553 1371//1552
f 1369//1551 1368//1550 1371//1552
f 1371//1552 1370//1553 1372//1554
f 1371//1552 1372//1554 1373//1555
f 1372//1554 1374//1557 1375//1556
f 1373//1555 1372//1554 1375//1556
f 1375//1556 1374//1557 1376//1558
f 1375//1556 1376//1558 1377//1559
f 1377//1559 1376//1558 1378//1560
f 1377//1559 1378//1560 1379//1561
f 1379//1561 1378//1560 1380//1562
f 1379//1561 1380//1562 1381//1563
f 1380//1562 1382//1565 1383//1564
f 1381//1563 1380//1562 1383//1564
f 1382//1565 1325//1507 1324//1508
f 1383//1564 1382//1565 1324//1508
f 1384//1568 1385//1567 1386//1566
f 1384//1568 1386//1566 1387//1569
f 1387//1569 1386//1566 1388//1570
f 1387//1569 1388//1570 1389//1571
f 1389//1571 1388//1570 1390//1572
f 1389//1571 1390//1572 1391//1573
f 1391//1573 1390//1572 1392//1574
f 1391//1573 1392//1574 1393//1575
f 1392//1574 1394//1577 1395//1576
f 1393//1575 1392//1574 1395//1576
f 1394//1577 1396//1579 1397//1578
f 1395//1576 1394//1577 1397//1578
f 1397//1578 1396//1579 1398//1580
f 1397//1578 1398//1580 1399//1581
f 1398//1580 1400//1583 1401//1582
f 1399//1581 1398//1580 1401//1582
f 1400//1583 1402//1585 1403//1584
f 1401//1582 1400//1583 1403//1584
f 1403//1584 1402//1585 1404//1586
f 1403//1584 1404//1586 1405//1587
f 1404//1586 1406//1589 1407//1588
f 1405//1587 1404//1586 1407//1588
f 1406//1589 1408//1591 1409//1590
f 1407//1588 1406//1589 1409//1590
f 1409//1590 1408//1591 1410//1592
f 1409//1590 1410//1592 1411//1593
f 1410//1592 1412//1595 1413//1594
f 1411//1593 1410//1592 1413//1594
f 1413//1594 1412//1595 1414//1596
f 1413//1594 1414//1596 1415//1597
f 1414//1596 1416//1599 1417//1598
f 1415//1597 1414//1596 1417//1598
f 1417//1598 1416//1599 1418//1600
f 1417//1598 1418//1600 1419//1601
f 1418//1600 1420//1603 1421//1602
f 1419//1601 1418//1600 1421//1602
f 1421//1602 1420//1603 1422//1604
f 1421//1602 1422//1604 1423//1605
f 1423//1605 1422//1604 1424//1606
f 1423//1605 1424//1606 1425//1607
f 1424//1606 1426//1609 1427//1608
f 1425//1607 1424//1606 1427//1608
f 1427//1608 1426//1609 1428//1610
f 1427//1608 1428//1610 1429//1611
f 1429//1611 1428//1610 1430//1612
f 1429//1611 1430//1612 1431//1613
f 1431//1613 1430//1612 1432//1614
f 1431//1613 1432//1614 1433//1615
f 1433//1615 1432//1614 1434//1616
f 1433//1615 1434//1616 1435//1617
f 1435//1617 1434//1616 1436//1618
f 1435//1617 1436//1618 1437//1619
f 1436//1618 1438//1621 1439//1620
f 1437//1619 1436//1618 1439//1620
f 1438//1621 1440//1623 1441//1622
f 1439//1620 1438//1621 1441//1622
f 1440//1623 1442//1625 1443//1624
f 1441//1622 1440//1623 1443//1624
f 1442//1625 1385//1567 1384//1568
f 1443//1624 1442//1625 1384//1568
f 1383//1564 1324//1508 1385//1567
f 1442//1625 1383//1564 1385//1567
f 1443//1624 1384//1568 1445//1626
f 1444//1627 1443//1624 1445//1626
f 1440//1623 1381//1563 1383//1564
f 1440//1623 1383//1564 1442//1625
f 1446//1628 1441//1622 1443//1624
f 1446//1628 1443//1624 1444//1627
f 1379//1561 1381//1563 1440//1623
f 1438//1621 1379//1561 1440//1623
f 1447//1629 1439//1620 1441//1622
f 1447//1629 1441//1622 1446//1628
f 1377//1559 1379//1561 1438//1621
f 1436//1618 1377//1559 1438//1621
f 1448//1630 1437//1619 1439//1620
f 1448//1630 1439//1620 1447//1629
f 1375//1556 1377//1559 1436//1618
f 1434//1616 1375//1556 1436//1618
f 1435//1617 1437//1619 1448//1630
f 1449//1631 1435//1617 1448//1630
f 1432//1614 1373//1555 1375//1556
f 1432//1614 1375//1556 1434//1616
f 1450//1632 1433//1615 1435//1617
f 1450//1632 1435//1617 1449//1631
f 1371//1552 1373//1555 1432//1614
f 1430//1612 1371//1552 1432//1614
f 1451//1633 1431//1613 1433//1615
f 1451//1633 1433//1615 1450//1632
f 1428//1610 1369//1551 1371//1552
f 1428//1610 1371//1552 1430//1612
f 1452//1634 1429//1611 1431//1613
f 1452//1634 1431//1613 1451//1633
f 1367//1549 1369//1551 1428//1610
f 1426//1609 1367//1549 1428//1610
f 1453//1635 1427//1608 1429//1611
f 1453//1635 1429//1611 1452//1634
f 1365//1546 1367//1549 1426//1609
f 1424//1606 1365//1546 1426//1609
f 1425//1607 1427//1608 1453//1635
f 1454//1636 1425//1607 1453//1635
f 1422//1604 1363//1544 1365//1546
f 1422//1604 1365//1546 1424//1606
f 1423//1605 1425//1607 1454//1636
f 1455//1637 1423//1605 1454//1636
f 1420//1603 1361//1542 1363//1544
f 1420//1603 1363//1544 1422//1604
f 1421//1602 1423//1605 1455//1637
f 1456//1638 1421//1602 1455//1637
f 1418//1600 1359//1541 1361//1542
f 1418//1600 1361//1542 1420//1603
f 1457//1639 1419//1601 1421//1602
f 1457//1639 1421//1602 1456//1638
f 1357//1539 1359//1541 1418//1600
f 1416//1599 1357//1539 1418//1600
f 1458//1640 1417//1598 1419//1601
f 1458//1640 1419//1601 1457//1639
f 1414//1596 1355//1536 1357//1539
f 1414//1596 1357//1539 1416//1599
f 1415//1597 1417//1598 1458//1640
f 1459//1641 1415//1597 1458//1640
f 1412//1595 1353//1534 1355//1536
f 1412//1595 1355//1536 1414//1596
f 1460//1642 1413//1594 1415//1597
f 1460//1642 1415//1597 1459//1641
f 1410//1592 1351//1533 1353//1534
f 1410//1592 1353//1534 1412//1595
f 1411//1593 1413//1594 1460//1642
f 1461//1643 1411//1593 1460//1642
f 1408//1591 1349//1531 1351//1533
f 1408//1591 1351//1533 1410//1592
f 1409//1590 1411//1593 1461//1643
f 1462//1644 1409//1590 1461//1643
f 1347//1529 1349//1531 1408//1591
f 1406//1589 1347//1529 1408//1591
f 1463//1645 1407//1588 1409//1590
f 1463//1645 1409//1590 1462//1644
f 1345//1526 1347//1529 1406//1589
f 1404//1586 1345//1526 1406//1589
f 1464//1646 1405//1587 1407//1588
f 1464//1646 1407//1588 1463//1645
f 1343//1525 1345//1526 1404//1586
f 1402//1585 1343//1525 1404//1586
f 1465//1647 1403//1584 1405//1587
f 1465//1647 1405//1587 1464//1646
f 1400//1583 1341//1523 1343//1525
f 1400//1583 1343//1525 1402//1585
f 1401//1582 1403//1584 1465//1647
f 1466//1648 1401//1582 1465//1647
f 1339//1520 1341//1523 1400//1583
f 1398//1580 1339//1520 1400//1583
f 1467//1649 1399//1581 1401//1582
f 1467//1649 1401//1582 1466//1648
f 1396//1579 1337//1518 1339//1520
f 1396//1579 1339//1520 1398//1580
f 1397//1578 1399//1581 1467//1649
f 1468//1650 1397//1578 1467//1649
f 1394//1577 1335//1516 1337//1518
f 1394//1577 1337//1518 1396//1579
f 1395//1576 1397//1578 1468//1650
f 1469//1651 1395//1576 1468//1650
f 1392//1574 1333//1514 1335//1516
f 1392//1574 1335//1516 1394//1577
f 1470//1652 1393//1575 1395//1576
f 1470//1652 1395//1576 1469//1651
f 1390//1572 1331//1512 1333//1514
f 1390//1572 1333//1514 1392//1574
f 1391//1573 1393//1575 1470//1652
f 1471//1653 1391//1573 1470//1652
f 1329//1510 1331//1512 1390//1572
f 1388//1570 1329//1510 1390//1572
f 1472//1654 1389//1571 1391//1573
f 1472//1654 1391//1573 1471//1653
f 1327//1509 1329//1510 1388//1570
f 1386//1566 1327//1509 1388//1570
f 1387//1569 1389//1571 1472//1654
f 1473//1655 1387//1569 1472//1654
f 1324//1508 1327//1509 1386//1566
f 1385//1567 1324//1508 1386//1566
f 1445//1626 1384//1568 1387//1569
f 1445//1626 1387//1569 1473//1655
f 1474//1656 1445//1626 1473//1655
f 1474//1656 1473//1655 1475//1657
f 1473//1655 1472//1654 1476//1658
f 1475//1657 1473//1655 1476//1658
f 1472//1654 1471//1653 1477//1659
f 1476//1658 1472//1654 1477//1659
f 1477//1659 1471//1653 1470//1652
f 1477//1659 1470//1652 1478//1660
f 1470//1652 1469//1651 1479//1661
f 1478//1660 1470//1652 1479//1661
f 1479//1661 1469//1651 1468//1650
f 1479//1661 1468//1650 1480//1662
f 1480//1662 1468//1650 1467//1649
f 1480//1662 1467//1649 1481//1663
f 1481//1663 1467//1649 1466//1648
f 1481//1663 1466//1648 1482//1664
f 1482//1664 1466//1648 1465//1647
f 1482//1664 1465//1647 1483//1665
f 1483//1665 1465//1647 1464//1646
f 1483//1665 1464//1646 1484//1666
f 1464//1646 1463//1645 1485//1667
f 1484//1666 1464//1646 1485//1667
f 1485//1667 1463//1645 1462//1644
f 1485//1667 1462//1644 1486//1668
f 1486//1668 1462//1644 1461//1643
f 1486//1668 1461//1643 1487//1669
f 1487//1669 1461//1643 1460//1642
f 1487//1669 1460//1642 1488//1670
f 1460//1642 1459//1641 1489//1671
f 1488//1670 1460//1642 1489//1671
f 1459//1641 1458//1640 1490//1672
f 1489//1671 1459//1641 1490//1672
f 1458//1640 1457//1639 1491//1673
f 1490//1672 1458//1640 1491//1673
f 1491//1673 1457//1639 1456//1638
f 1491//1673 1456//1638 1492//1674
f 1456//1638 1455//1637 1493//1675
f 1492//1674 1456//1638 1493//1675
f 1493//1675 1455//1637 1454//1636
f 1493//1675 1454//1636 1494//1676
f 1454//1636 1453//1635 1495//1677
f 1494//1676 1454//1636 1495//1677
f 1453//1635 1452//1634 1496//1678
f 1495//1677 1453//1635 1496//1678
f 1452//1634 1451//1633 1497//1679
f 1496//1678 1452//1634 1497//1679
f 1451//1633 1450//1632 1498//1680
f 1497//1679 1451//1633 1498//1680
f 1450//1632 1449//1631 1499//1681
f 1498//1680 1450//1632 1499//1681
f 1499//1681 1449//1631 1448//1630
f 1499//1681 1448//1630 1500//1682
f 1448//1630 1447//1629 1501//1683
f 1500//1682 1448//1630 1501//1683
f 1501//1683 1447//1629 1446//1628
f 1501//1683 1446//1628 1502//1684
f 1502//1684 1446//1628 1444//1627
f 1502//1684 1444//1627 1503//1685
f 1444//1627 1445//1626 1474//1656
f 1503//1685 1444//1627 1474//1656
f 1504//1686 1503//1685 1474//1656
f 1504//1686 1474//1656 1505//1687
f 1506//1688 1502//1684 1503//1685
f 1506//1688 1503//1685 1504//1686
f 1501//1683 1502//1684 1506//1688
f 1507//1689 1501//1683 1506//1688
f 1508//1690 1500//1682 1501//1683
f 1508//1690 1501//1683 1507//1689
f 1499//1681 1500//1682 1508//1690
f 1509//1691 1499//1681 1508//1690
f 1510//1692 1498//1680 1499//1681
f 1510//1692 1499//1681 1509//1691
f 1497//1679 1498//1680 1510//1692
f 1511//1693 1497//1679 1510//1692
f 1512//1694 1496//1678 1497//1679
f 1512//1694 1497//1679 1511//1693
f 1495//1677 1496//1678 1512//1694
f 1513//1695 1495//1677 1512//1694
f 1494//1676 1495//1677 1513//1695
f 1514//1696 1494//1676 1513//1695
f 1515//1697 1493//1675 1494//1676
f 1515//1697 1494//1676 1514//1696
f 1516//1698 1492//1674 1493//1675
f 1516//1698 1493//1675 1515//1697
f 1517//1699 1491//1673 1492//1674
f 1517//1699 1492//1674 1516//1698
f 1518//1700 1490//1672 1491//1673
f 1518//1700 1491//1673 1517//1699
f 1519//1701 1489//1671 1490//1672
f 1519//1701 1490//1672 1518//1700
f 1488//1670 1489//1671 1519//1701
f 1520//1702 1488//1670 1519//1701
f 1487//1669 1488//1670 1520//1702
f 1521//1703 1487//1669 1520//1702
f 1486//1668 1487//1669 1521//1703
f 1522//1704 1486//1668 1521//1703
f 1485//1667 1486//1668 1522//1704
f 1523//1705 1485//1667 1522//1704
f 1524//1706 1484//1666 1485//1667
f 1524//1706 1485//1667 1523//1705
f 1483//1665 1484//1666 1524//1706
f 1525//1707 1483//1665 1524//1706
f 1526//1708 1482//1664 1483//1665
f 1526//1708 1483//1665 1525//1707
f 1481//1663 1482//1664 1526//1708
f 1527//1709 1481//1663 1526//1708
f 1528//1710 1480//1662 1481//1663
f 1528//1710 1481//1663 1527//1709
f 1479//1661 1480//1662 1528//1710
f 1529//1711 1479//1661 1528//1710
f 1478//1660 1479//1661 1529//1711
f 1530//1712 1478//1660 1529//1711
f 1477//1659 1478//1660 1530//1712
f 1531//1713 1477//1659 1530//1712
f 1476//1658 1477//1659 1531//1713
f 1532//1714 1476//1658 1531//1713
f 1475//1657 1476//1658 1532//1714
f 1533//1715 1475//1657 1532//1714
f 1474//1656 1475//1657 1533//1715
f 1505//1687 1474//1656 1533//1715
f 1534//1716 1505//1687 1533//1715
f 1534//1716 1533//1715 1535//1717
f 1535//1717 1533//1715 1532//1714
f 1535//1717 1532//1714 1536//1718
f 1532//1714 1531//1713 1537//1719
f 1536//1718 1532//1714 1537//1719
f 1537//1719 1531//1713 1530//1712
f 1537//1719 1530//1712 1538//1720
f 1530//1712 1529//1711 1539//1721
f 1538//1720 1530//1712 1539//1721
f 1529//1711 1528//1710 1540//1722
f 1539//1721 1529//1711 1540//1722
f 1540//1722 1528//1710 1527//1709
f 1540//1722 1527//1709 1541//1723
f 1527//1709 1526//1708 1542//1724
f 1541//1723 1527//1709 1542//1724
f 1526//1708 1525//1707 1543//1725
f 1542//1724 1526//1708 1543//1725
f 1525//1707 1524//1706 1544//1726
f 1543//1725 1525//1707 1544//1726
f 1524//1706 1523//1705 1545//1727
f 1544//1726 1524//1706 1545//1727
f 1523//1705 1522//1704 1546//1728
f 1545//1727 1523//1705 1546//1728
f 1546//1728 1522//1704 1521//1703
f 1546//1728 1521//1703 1547//1729
f 1521//1703 1520//1702 1548//1730
f 1547//1729 1521//1703 1548//1730
f 1520//1702 1519//1701 1549//1731
f 1548//1730 1520//1702 1549//1731
f 1549//1731 1519//1701 1518//1700
f 1549//1731 1518//1700 1550//1732
f 1550//1732 1518//1700 1517//1699
f 1550//1732 1517//1699 1551//1733
f 1517//1699 1516//1698 1552//1734
f 1551//1733 1517//1699 1552//1734
f 1552//1734 1516//1698 1515//1697
f 1552//1734 1515//1697 1553//1735
f 1553//1735 1515//1697 1514//1696
f 1553//1735 1514//1696 1554//1736
f 1554//1736 1514//1696 1513//1695
f 1554//1736 1513//1695 1555//1737
f 1555//1737 1513//1695 1512//1694
f 1555//1737 1512//1694 1556//1738
f 1556//1738 1512//1694 1511//1693
f 1556//1738 1511//1693 1557//1739
f 1557//1739 1511//1693 1510//1692
f 1557//1739 1510//1692 1558//1740
f 1510//1692 1509//1691 1559//1741
f 1558//1740 1510//1692 1559//1741
f 1559//1741 1509//1691 1508//1690
f 1559//1741 1508//1690 1560//1742
f 1508//1690 1507//1689 1561//1743
f 1560//1742 1508//1690 1561//1743
f 1561//1743 1507//1689 1506//1688
f 1561//1743 1506//1688 1562//1744
f 1506//1688 1504//1686 1563//1745
f 1562//1744 1506//1688 1563//1745
f 1504//1686 1505//1687 1534//1716
f 1563//1745 1504//1686 1534//1716
f 1563//1745 1534//1716 1565//1746
f 1564//1747 1563//1745 1565//1746
f 1562//1744 1563//1745 1564//1747
f 1566//1748 1562//1744 1564//1747
f 1567//1749 1561//1743 1562//1744
f 1567//1749 1562//1744 1566//1748
f 1560//1742 1561//1743 1567//1749
f 1568//1750 1560//1742 1567//1749
f 1569//1751 1559//1741 1560//1742
f 1569//1751 1560//1742 1568//1750
f 1558//1740 1559//1741 1569//1751
f 1570//1752 1558//1740 1569//1751
f 1557//1739 1558//1740 1570//1752
f 1571//1753 1557//1739 1570//1752
f 1556//1738 1557//1739 1571//1753
f 1572//1754 1556//1738 1571//1753
f 1573//1755 1555//1737 1556//1738
f 1573//1755 1556//1738 1572//1754
f 1574//1756 1554//1736 1555//1737
f 1574//1756 1555//1737 1573//1755
f 1553//1735 1554//1736 1574//1756
f 1575//1757 1553//1735 1574//1756
f 1576//1758 1552//1734 1553//1735
f 1576//1758 1553//1735 1575//1757
f 1551//1733 1552//1734 1576//1758
f 1577//1759 1551//1733 1576//1758
f 1550//1732 1551//1733 1577//1759
f 1578//1760 1550//1732 1577//1759
f 1579//1761 1549//1731 1550//1732
f 1579//1761 1550//1732 1578//1760
f 1548//1730 1549//1731 1579//1761
f 1580//1762 1548//1730 1579//1761
f 1581//1763 1547//1729 1548//1730
f 1581//1763 1548//1730 1580//1762
f 1582//1764 1546//1728 1547//1729
f 1582//1764 1547//1729 1581//1763
f 1545//1727 1546//1728 1582//1764
f 1583//1765 1545//1727 1582//1764
f 1584//1766 1544//1726 1545//1727
f 1584//1766 1545//1727 1583//1765
f 1543//1725 1544//1726 1584//1766
f 1585//1767 1543//1725 1584//1766
f 1586//1768 1542//1724 1543//1725
f 1586//1768 1543//1725 1585//1767
f 1587//1769 1541//1723 1542//1724
f 1587//1769 1542//1724 1586//1768
f 1588//1770 1540//1722 1541//1723
f 1588//1770 1541//1723 1587//1769
f 1589//1771 1539//1721 1540//1722
f 1589//1771 1540//1722 1588//1770
f 1538//1720 1539//1721 1589//1771
f 1590//1772 1538//1720 1589//1771
f 1591//1773 1537//1719 1538//1720
f 1591//1773 1538//1720 1590//1772
f 1536//1718 1537//1719 1591//1773
f 1592//1774 1536//1718 1591//1773
f 1593//1775 1535//1717 1536//1718
f 1593//1775 1536//1718 1592//1774
f 1565//1746 1534//1716 1535//1717
f 1565//1746 1535//1717 1593//1775
f 1565//1746 1593//1775 1595//1776
f 1594//1777 1565//1746 1595//1776
f 1595//1776 1593//1775 1592//1774
f 1595//1776 1592//1774 1596//1778
f 1592//1774 1591//1773 1597//1779
f 1596//1778 1592//1774 1597//1779
f 1597//1779 1591//1773 1590//1772
f 1597//1779 1590//1772 1598//1780
f 1590//1772 1589//1771 1599//1781
f 1598//1780 1590//1772 1599//1781
f 1589//1771 1588//1770 1600//1782
f 1599//1781 1589//1771 1600//1782
f 1600//1782 1588//1770 1587//1769
f 1600//1782 1587//1769 1601//1783
f 1587//1769 1586//1768 1602//1784
f 1601//1783 1587//1769 1602//1784
f 1602//1784 1586//1768 1585//1767
f 1602//1784 1585//1767 1603//1785
f 1585//1767 1584//1766 1604//1786
f 1603//1785 1585//1767 1604//1786
f 1604//1786 1584//1766 1583//1765
f 1604//1786 1583//1765 1605//1787
f 1583//1765 1582//1764 1606//1788
f 1605//1787 1583//1765 1606//1788
f 1606//1788 1582//1764 1581//1763
f 1606//1788 1581//1763 1607//1789
f 1581//1763 1580//1762 1608//1790
f 1607//1789 1581//1763 1608//1790
f 1608//1790 1580//1762 1579//1761
f 1608//1790 1579//1761 1609//1791
f 1579//1761 1578//1760 1610//1792
f 1609//1791 1579//1761 1610//1792
f 1610//1792 1578//1760 1577//1759
f 1610//1792 1577//1759 1611//1793
f 1577//1759 1576//1758 1612//1794
f 1611//1793 1577//1759 1612//1794
f 1612//1794 1576//1758 1575//1757
f 1612//1794 1575//1757 1613//1795
f 1575//1757 1574//1756 1614//1796
f 1613//1795 1575//1757 1614//1796
f 1614//1796 1574//1756 1573//1755
f 1614//1796 1573//1755 1615//1797
f 1573//1755 1572//1754 1616//1798
f 1615//1797 1573//1755 1616//1798
f 1616//1798 1572//1754 1571//1753
f 1616//1798 1571//1753 1617//1799
f 1571//1753 1570//1752 1618//1800
f 1617//1799 1571//1753 1618//1800
f 1618//1800 1570//1752 1569//1751
f 1618//1800 1569//1751 1619//1801
f 1619//1801 1569//1751 1568//1750
f 1619//1801 1568//1750 1620//1802
f 1620//1802 1568//1750 1567//1749
f 1620//1802 1567//1749 1621//1803
f 1621//1803 1567//1749 1566//1748
f 1621//1803 1566//1748 1622//1804
f 1566//1748 1564//1747 1623//1805
f 1622//1804 1566//1748 1623//1805
f 1623//1805 1564//1747 1565//1746
f 1623//1805 1565//1746 1594//1777
f 1623//1805 1594//1777 1624//1806
f 1622//1804 1623//1805 1624//1806
f 1621//1803 1622//1804 1624//1806
f 1620//1802 1621//1803 1624//1806
f 1619//1801 1620//1802 1624//1806
f 1618//1800 1619//1801 1624//1806
f 1617//1799 1618//1800 1624//1806
f 1616//1798 1617//1799 1624//1806
f 1615//1797 1616//1798 1624//1806
f 1614//1796 1615//1797 1624//1806
f 1613//1795 1614//1796 1624//1806
f 1612//1794 1613//1795 1624//1806
f 1611//1793 1612//1794 1624//1806
f 1610//1792 1611//1793 1624//1806
f 1609//1791 1610//1792 1624//1806
f 1608//1790 1609//1791 1624//1806
f 1607//1789 1608//1790 1624//1806
f 1606//1788 1607//1789 1624//1806
f 1605//1787 1606//1788 1624//1806
f 1604//1786 1605//1787 1624//1806
f 1603//1785 1604//1786 1624//1806
f 1602//1784 1603//1785 1624//1806
f 1601//1783 1602//1784 1624//1806
f 1600//1782 1601//1783 1624//1806
f 1599//1781 1600//1782 1624//1806
f 1598//1780 1599//1781 1624//1806
f 1597//1779 1598//1780 1624//1806
f 1596//1778 1597//1779 1624//1806
f 1595//1776 1596//1778 1624//1806
f 1594//1777 1595//1776 1624//1806
f 1278//1449 1283//1454 796//828
f 796//828 795//824 1278//1449
f 1626//1807 1368//1550 1366//1548
f 1625//1808 1626//1807 1366//1548
f 1268//1437 1273//1443 797//831
f 797//831 794//821 1268//1437
f 1628//1809 1364//1547 1362//1545
f 1627//1810 1628//1809 1362//1545
f 1258//1425 1263//1431 798//834
f 798//834 793//818 1258//1425
f 1630//1811 1360//1543 1358//1540
f 1629//1812 1630//1811 1358//1540
f 1248//1412 1253//1419 799//837
f 799//837 792//815 1248//1412
f 1632//1813 1356//1538 1354//1537
f 1631//1814 1632//1813 1354//1537
f 1238//1401 1243//1406 800//840
f 800//840 791//812 1238//1401
f 1352//1535 1350//1532 1633//1815
f 1633//1815 1634//1816 1352//1535
f 1228//1388 1233//1394 801//843
f 801//843 790//809 1228//1388
f 1348//1530 1346//1528 1635//1817
f 1635//1817 1636//1818 1348//1530
f 789//806 1218//1377 1223//1382
f 802//846 789//806 1223//1382
f 1344//1527 1342//1524 1637//1819
f 1637//1819 1638//1820 1344//1527
f 788//803 1208//1365 1213//1371
f 803//849 788//803 1213//1371
f 1640//1821 1340//1522 1338//1521
f 1639//1822 1640//1821 1338//1521
f 1198//1353 1203//1359 804//852
f 804//852 787//800 1198//1353
f 1642//1823 1336//1519 1334//1517
f 1641//1824 1642//1823 1334//1517
f 786//797 1188//1340 1193//1347
f 805//855 786//797 1193//1347
f 1332//1515 1330//1513 1643//1825
f 1643//1825 1644//1826 1332//1515
f 785//794 1175//1325 1183//1335
f 806//858 785//794 1183//1335
f 1646//1827 1328//1511 1326//1506
f 1645//1828 1646//1827 1326//1506
f 784//791 1318//1496 1172//1324
f 807//861 784//791 1172//1324
f 1322//1502 1325//1507 1382//1565
f 1323//1504 1322//1502 1382//1565
f 1308//1484 1313//1490 808//864
f 808//864 783//788 1308//1484
f 1380//1562 1378//1560 1647//1829
f 1647//1829 1648//1830 1380//1562
f 782//785 1298//1472 1303//1478
f 809//867 782//785 1303//1478
f 1376//1558 1374//1557 1649//1831
f 1649//1831 1650//1832 1376//1558
f 781//782 1288//1460 1293//1466
f 810//870 781//782 1293//1466
f 1372//1554 1370//1553 1651//1833
f 1651//1833 1652//1834 1372//1554
f 1380//1562 1313//1490 1318//1496
f 1380//1562 1318//1496 1382//1565
f 1376//1558 1303//1478 1308//1484
f 1376//1558 1308//1484 1378//1560
f 1372//1554 1293//1466 1298//1472
f 1372//1554 1298//1472 1374//1557
f 1283//1454 1288//1460 1370//1553
f 1368//1550 1283//1454 1370//1553
f 1273//1443 1278//1449 1366//1548
f 1364//1547 1273//1443 1366//1548
f 1263//1431 1268//1437 1362//1545
f 1360//1543 1263//1431 1362//1545
f 1253//1419 1258//1425 1358//1540
f 1356//1538 1253//1419 1358//1540
f 1352//1535 1243//1406 1248//1412
f 1352//1535 1248//1412 1354//1537
f 1233//1394 1238//1401 1350//1532
f 1348//1530 1233//1394 1350//1532
f 1344//1527 1223//1382 1228//1388
f 1344//1527 1228//1388 1346//1528
f 1213//1371 1218//1377 1342//1524
f 1340//1522 1213//1371 1342//1524
f 1336//1519 1203//1359 1208//1365
f 1336//1519 1208//1365 1338//1521
f 1193//1347 1198//1353 1334//1517
f 1332//1515 1193//1347 1334//1517
f 1328//1511 1183//1335 1188//1340
f 1328//1511 1188//1340 1330//1513
f 1172//1324 1175//1325 1326//1506
f 1325//1507 1172//1324 1326//1506
f 810//870 1293//1466 1372//1554
f 1652//1834 810//870 1372//1554
f 1370//1553 1288//1460 781//782
f 781//782 1651//1833 1370//1553
f 809//867 1303//1478 1376//1558
f 1650//1832 809//867 1376//1558
f 1374//1557 1298//1472 782//785
f 782//785 1649//1831 1374//1557
f 808//864 1313//1490 1380//1562
f 1648//1830 808//864 1380//1562
f 1378//1560 1308//1484 783//788
f 783//788 1647//1829 1378//1560
f 807//861 1172//1324 1325//1507
f 1322//1502 807//861 1325//1507
f 1382//1565 1318//1496 784//791
f 784//791 1323//1504 1382//1565
f 806//858 1183//1335 1328//1511
f 1646//1827 806//858 1328//1511
f 1326//1506 1175//1325 785//794
f 785//794 1645//1828 1326//1506
f 805//855 1193//1347 1332//1515
f 1644//1826 805//855 1332//1515
f 1330//1513 1188//1340 786//797
f 786//797 1643//1825 1330//1513
f 804//852 1203//1359 1336//1519
f 1642//1823 804//852 1336//1519
f 1334//1517 1198//1353 787//800
f 787//800 1641//1824 1334//1517
f 803//849 1213//1371 1340//1522
f 1640//1821 803//849 1340//1522
f 1338//1521 1208//1365 788//803
f 788//803 1639//1822 1338//1521
f 802//846 1223//1382 1344//1527
f 1638//1820 802//846 1344//1527
f 1342//1524 1218//1377 789//806
f 789//806 1637//1819 1342//1524
f 801//843 1233//1394 1348//1530
f 1636//1818 801//843 1348//1530
f 1346//1528 1228//1388 790//809
f 790//809 1635//1817 1346//1528
f 800//840 1243//1406 1352//1535
f 1634//1816 800//840 1352//1535
f 1350//1532 1238//1401 791//812
f 791//812 1633//1815 1350//1532
f 799//837 1253//1419 1356//1538
f 1632//1813 799//837 1356//1538
f 1354//1537 1248//1412 792//815
f 792//815 1631//1814 1354//1537
f 798//834 1263//1431 1360//1543
f 1630//1811 798//834 1360//1543
f 1358//1540 1258//1425 793//818
f 793//818 1629//1812 1358//1540
f 797//831 1273//1443 1364//1547
f 1628//1809 797//831 1364//1547
f 1362//1545 1268//1437 794//821
f 794//821 1627//1810 1362//1545
f 796//828 1283//1454 1368//1550
f 1626//1807 796//828 1368//1550
f 1366//1548 1278//1449 795//824
f 795//824 1625//1808 1366//1548
f 40//787 783//788 808//864
f 30//862 40//787 808//864
f 31//863 808//864 1648//1830
f 26//1835 31//863 1648//1830
f 1647//1829 783//788 38//789
f 38//789 23//1836 1647//1829
f 60//784 782//785 809//867
f 50//865 60//784 809//867
f 51//866 809//867 1650//1832
f 46//1837 51//866 1650//1832
f 1649//1831 782//785 58//786
f 58//786 43//1838 1649//1831
f 781//782 810//870 70//868
f 70//868 80//781 781//782
f 71//869 810//870 1652//1834
f 66//1839 71//869 1652//1834
f 1651//1833 781//782 78//783
f 78//783 63//1840 1651//1833
f 795//824 796//828 90//826
f 90//826 100//823 795//824
f 91//827 796//828 1626//1807
f 86//1841 91//827 1626//1807
f 1625//1808 795//824 98//825
f 98//825 83//1842 1625//1808
f 120//820 794//821 797//831
f 110//829 120//820 797//831
f 111//830 797//831 1628//1809
f 106//1843 111//830 1628//1809
f 1627//1810 794//821 118//822
f 118//822 103//1844 1627//1810
f 793//818 798//834 130//832
f 130//832 140//817 793//818
f 131//833 798//834 1630//1811
f 126//1845 131//833 1630//1811
f 1629//1812 793//818 138//819
f 138//819 123//1846 1629//1812
f 160//814 792//815 799//837
f 150//835 160//814 799//837
f 151//836 799//837 1632//1813
f 146//1847 151//836 1632//1813
f 1631//1814 792//815 158//816
f 158//816 143//1848 1631//1814
f 180//811 791//812 800//840
f 170//838 180//811 800//840
f 171//839 800//840 1634//1816
f 166//1849 171//839 1634//1816
f 1633//1815 791//812 178//813
f 178//813 163//1850 1633//1815
f 790//809 801//843 190//841
f 190//841 200//808 790//809
f 191//842 801//843 1636//1818
f 186//1851 191//842 1636//1818
f 1635//1817 790//809 198//810
f 198//810 183//1852 1635//1817
f 789//806 802//846 210//844
f 210//844 220//805 789//806
f 211//845 802//846 1638//1820
f 206//1853 211//845 1638//1820
f 1637//1819 789//806 218//807
f 218//807 203//1854 1637//1819
f 788//803 803//849 230//847
f 230//847 240//802 788//803
f 231//848 803//849 1640//1821
f 226//1855 231//848 1640//1821
f 1639//1822 788//803 238//804
f 238//804 223//1856 1639//1822
f 260//799 787//800 804//852
f 250//850 260//799 804//852
f 251//851 804//852 1642//1823
f 246//1857 251//851 1642//1823
f 1641//1824 787//800 258//801
f 258//801 243//1858 1641//1824
f 786//797 805//855 270//853
f 270//853 280//796 786//797
f 271//854 805//855 1644//1826
f 266//1859 271//854 1644//1826
f 1643//1825 786//797 278//798
f 278//798 263//1860 1643//1825
f 785//794 806//858 290//856
f 290//856 300//793 785//794
f 291//857 806//858 1646//1827
f 286//1861 291//857 1646//1827
f 1645//1828 785//794 298//795
f 298//795 283//1862 1645//1828
f 1626//1807 87//1863 86//1841
f 1625//1808 83//1842 82//1864
f 1626//1807 1625//1808 82//1864
f 82//1864 87//1863 1626//1807
f 1628//1809 107//1865 106//1843
f 1627//1810 103//1844 102//1866
f 107//1865 1628//1809 1627//1810
f 102//1866 107//1865 1627//1810
f 1630//1811 127//1867 126//1845
f 1629//1812 123//1846 122//1868
f 1630//1811 1629//1812 122//1868
f 122//1868 127//1867 1630//1811
f 1632//1813 147//1869 146//1847
f 1631//1814 143//1848 142//1870
f 1632//1813 1631//1814 142//1870
f 142//1870 147//1869 1632//1813
f 1634//1816 167//1871 166//1849
f 1633//1815 163//1850 162//1872
f 1634//1816 1633//1815 162//1872
f 162//1872 167//1871 1634//1816
f 1636//1818 187//1873 186//1851
f 1635//1817 183//1852 182//1874
f 187//1873 1636//1818 1635//1817
f 182//1874 187//1873 1635//1817
f 1638//1820 207//1875 206//1853
f 1637//1819 203//1854 202//1876
f 207//1875 1638//1820 1637//1819
f 202//1876 207//1875 1637//1819
f 1640//1821 227//1877 226//1855
f 1639//1822 223//1856 222//1878
f 1640//1821 1639//1822 222//1878
f 222//1878 227//1877 1640//1821
f 1642//1823 247//1879 246//1857
f 1641//1824 243//1858 242//1880
f 1642//1823 1641//1824 242//1880
f 242//1880 247//1879 1642//1823
f 1644//1826 267//1881 266//1859
f 1643//1825 263//1860 262//1882
f 1644//1826 1643//1825 262//1882
f 262//1882 267//1881 1644//1826
f 1646//1827 287//1883 286//1861
f 1645//1828 283//1862 282//1884
f 1646//1827 1645//1828 282//1884
f 282//1884 287//1883 1646//1827
f 1322//1502 7//1885 6//1503
f 1323//1504 3//1505 2//1886
f 7//1885 1322//1502 1323//1504
f 2//1886 7//1885 1323//1504
f 1648//1830 27//1887 26//1835
f 1647//1829 23//1836 22//1888
f 27//1887 1648//1830 1647//1829
f 22//1888 27//1887 1647//1829
f 1650//1832 47//1889 46//1837
f 1649//1831 43//1838 42//1890
f 47//1889 1650//1832 1649//1831
f 42//1890 47//1889 1649//1831
f 1652//1834 67//1891 66//1839
f 1651//1833 63//1840 62//1892
f 1652//1834 1651//1833 62//1892
f 62//1892 67//1891 1652//1834
