# Seahawk tail rotor, origin at hub
mtllib Seahawk.mtl
v 0.067962 1.781977 2.280819
v 0.082666 1.801546 2.248943
v 0.154986 1.856180 2.149982
v 0.335803 2.663137 0.971317
v 0.293802 2.743803 0.872646
v 0.288868 2.767836 0.840816
v 0.440838 2.733244 0.840450
v 0.219929 1.747377 2.280445
v 0.180893 1.577242 2.157978
v 0.401801 2.563108 0.717983
v -0.061367 0.544462 -0.735111
v -0.475632 -1.261053 -2.034763
v -0.696541 -2.246927 -0.594776
v -0.282273 -0.441408 0.704891
v -0.636202 -1.224501 -2.034374
v -0.857110 -2.210363 -0.594387
v 0.742752 3.974730 2.190075
v 0.806466 4.595057 2.171192
v 0.461109 2.747225 1.306477
v 0.585559 3.609190 3.611195
v 0.615055 3.404844 3.022472
v 0.333412 2.177336 2.138882
v -1.046194 -3.479490 -3.641117
v -0.928387 -3.308687 -3.052761
v -0.646741 -2.081179 -2.169140
v -0.685102 -1.437620 -2.187794
v -1.267102 -4.465357 -2.201122
v -0.906010 -2.423494 -0.747799
v -0.774440 -2.651068 -1.336765
v -1.056086 -3.878576 -2.220364
v 2.677047 11.472265 10.457478
v 1.589609 6.732176 7.519138
v 1.878664 7.757322 6.135372
v 2.906449 12.240004 9.187565
v 0.994606 3.641882 3.635250
v 1.198012 4.549646 2.309330
v 2.167720 8.782457 4.751606
v -1.516665 -6.748785 -7.519314
v -0.697033 -3.709639 -3.635960
v -0.900440 -4.617399 -2.310032
v -1.870146 -8.850210 -4.752323
v -1.693406 -7.799494 -6.135815
v -2.602166 -11.489321 -10.457645
v -2.721779 -12.282038 -9.188000
v 1.693409 7.799498 6.135815
v 1.516666 6.748777 7.519321
v 2.602168 11.489317 10.457668
v 2.721779 12.282030 9.188015
v 1.870147 8.850206 4.752346
v 0.900440 4.617395 2.310062
v 0.697033 3.709631 3.635967
v -1.589605 -6.732180 -7.519131
v -1.878660 -7.757315 -6.135365
v -2.167719 -8.782465 -4.751591
v -1.198012 -4.549654 -2.309315
v -0.994607 -3.641893 -3.635220
v -2.677043 -11.472269 -10.457462
v -2.906448 -12.240000 -9.187550
v -1.176638 -4.456499 -2.242260
v -0.892634 -4.521162 -2.242954
v -0.898914 -4.549185 -2.202030
v -0.678006 -3.563311 -3.642017
v -0.689231 -3.613401 -3.568874
v -0.973233 -3.548738 -3.568165
v -0.435752 -2.530558 -0.748959
v 0.027414 -0.511919 0.704128
v 0.490583 1.506739 2.157215
v 0.953746 3.525366 3.610287
v 0.879429 4.525816 2.244152
v 1.163431 4.461145 2.243443
v 1.174654 4.511229 2.170292
v 0.960026 3.553392 3.569355
v 0.676020 3.618040 3.570049
v 0.711489 2.492601 0.717220
v 0.248321 0.473951 -0.735874
v -0.214845 -1.544691 -2.188938
v 0.496862 1.534761 2.116276
v 0.033693 -0.483896 0.663197
v -0.429471 -2.502535 -0.789890
v 0.700268 2.442518 0.790379
v -0.226067 -1.594774 -2.115795
v 0.237100 0.423861 -0.662716
v -3.924040 -16.697083 -12.199085
v -3.665266 -15.785845 -13.153698
v -3.663272 -15.946089 -13.318630
v -3.896323 -16.980553 -12.316113
v -3.172071 -13.205790 -8.031788
v -4.094755 -17.257317 -11.008205
v -4.011204 -17.498453 -11.085972
v -3.045093 -13.288706 -7.971317
v -2.018932 -8.816336 -4.751957
v 1.553138 6.740492 7.519238
v 2.630420 11.439711 10.524395
v 3.748076 16.737131 12.199520
v 3.591336 15.802671 13.153896
v 3.663277 15.946081 13.318645
v 3.896322 16.980539 12.316128
v 2.895023 13.268858 8.032482
v 3.831137 17.317324 11.008862
v 4.011207 17.498453 11.085987
v 3.045099 13.288721 7.971340
v 2.018933 8.816332 4.751972
v -1.553135 -6.740480 -7.519215
v -2.630423 -11.439741 -10.524364
v 3.172073 13.205797 8.031796
v 4.094755 17.257303 11.008228
v 3.924040 16.697069 12.199093
v 3.665271 15.785841 13.153706
v -2.895022 -13.268866 -8.032475
v -3.831135 -17.317337 -11.008854
v -3.748075 -16.737146 -12.199528
v -3.591335 -15.802679 -13.153873
v -0.828475 -2.149736 1.753407
v -0.811538 -2.120935 1.775723
v -0.732276 -2.037630 1.844913
v -0.468686 -0.888811 2.671871
v -0.503751 -0.779493 2.741329
v -0.506444 -0.746210 2.763706
v -0.354478 -0.780809 2.763332
v -0.676509 -2.184336 1.753033
v -0.649730 -2.064833 1.578487
v -0.327698 -0.661306 2.588787
v -0.009975 0.756636 0.517696
v 0.274204 2.024870 -1.334736
v -0.047830 0.621336 -2.345043
v -0.332006 -0.646894 -0.492611
v 0.113634 2.061426 -1.334347
v -0.208397 0.657896 -2.344639
v -0.635941 -2.100920 4.040844
v -0.703917 -2.065912 4.660007
v -0.442739 -1.238695 2.781429
v -1.025949 -3.469439 3.649700
v -0.822097 -2.912249 3.456814
v -0.628894 -2.050024 2.197414
v 0.566968 3.605810 -3.624340
v 0.510424 3.015089 -3.431797
v 0.317224 2.152872 -2.172413
v 0.147176 2.211119 -1.552982
v 0.244937 2.202291 -4.634632
v -0.174856 0.807589 -2.563297
v 0.131067 1.341539 -2.756435
v 0.324269 2.203764 -4.015820
v -2.256464 -10.211470 11.780178
v -1.616532 -7.343615 6.916981
v -1.250736 -6.007868 7.980556
v -1.917820 -8.986300 12.579548
v -0.649453 -3.580774 3.771420
v -0.352929 -2.288427 4.701687
v -0.884930 -4.672106 9.044155
v 1.689476 7.327002 -6.917149
v 0.947029 3.513037 -3.772144
v 0.650506 2.220690 -4.702419
v 1.182503 4.604345 -9.044872
v 1.435991 5.965685 -7.981030
v 2.331349 10.194422 -11.780346
v 2.102488 8.944250 -12.579983
v -1.435990 -5.965693 7.981014
v -1.689476 -7.327005 6.917149
v -2.331342 -10.194426 11.780361
v -2.102487 -8.944246 12.579983
v -1.182503 -4.604361 9.044888
v -0.650502 -2.220686 4.702419
v -0.947023 -3.513029 3.772144
v 1.616538 7.343615 -6.916943
v 1.250737 6.007860 -7.980556
v 0.884932 4.672106 -9.044140
v 0.352935 2.288439 -4.701664
v 0.649457 3.580786 -3.771412
v 2.256469 10.211473 -11.780163
v 1.917820 8.986292 -12.579533
v 0.338274 2.223013 -4.606113
v 0.622277 2.158354 -4.606823
v 0.613127 2.118467 -4.635532
v 0.935157 3.521997 -3.625248
v 0.918801 3.450708 -3.676548
v 0.634796 3.515356 -3.675846
v 0.295405 0.700529 -2.564457
v -0.022320 -0.717405 -0.493382
v -0.340042 -2.135347 1.577724
v -0.657763 -3.553270 3.648785
v -0.636090 -2.156366 4.608479
v -0.352087 -2.221029 4.607784
v -0.335730 -2.149736 4.659100
v -0.648609 -3.513376 3.677517
v -0.932612 -3.448717 3.678211
v -0.018010 -0.731813 2.588024
v 0.299713 0.686125 0.516933
v 0.617435 2.104055 -1.554157
v -0.330888 -2.095446 1.606441
v -0.013165 -0.677515 -0.464657
v 0.304556 0.740416 -2.535740
v -0.034368 -0.803102 2.536709
v 0.601079 2.032770 -1.605473
v 0.283356 0.614836 0.465611
v 2.580000 11.924120 -17.151295
v 2.845120 12.842676 -16.205479
v 2.918315 12.995081 -16.361378
v 2.693283 12.018152 -17.421741
v 1.612743 7.870520 -13.580090
v 2.270463 10.773352 -17.735325
v 2.418958 10.818968 -17.952236
v 1.737639 7.779699 -13.633083
v 1.033717 4.638220 -9.044506
v -1.653003 -7.335310 6.917065
v -2.308838 -10.268076 11.738178
v -2.755963 -11.884077 17.151737
v -2.919049 -12.825857 16.205662
v -2.918314 -12.995085 16.361385
v -2.693281 -12.018156 17.421757
v -1.889791 -7.807455 13.580776
v -2.534081 -10.713335 17.735989
v -2.418957 -10.818979 17.952236
v -1.737642 -7.779726 13.633114
v -1.033715 -4.638231 9.044521
v 1.653006 7.335314 -6.917057
v 2.308841 10.268091 -11.738171
v -1.612741 -7.870531 13.580097
v -2.270461 -10.773359 17.735348
v -2.579998 -11.924135 17.151302
v -2.845118 -12.842688 16.205479
v 1.889791 7.807447 -13.580761
v 2.534083 10.713331 -17.735989
v 2.755964 11.884058 -17.151722
v 2.919051 12.825842 -16.205654
v 2.430421 -0.118536 -0.110172
v 2.404558 -0.230284 -0.281162
v -2.296588 0.840040 -0.269588
v -2.270727 0.951780 -0.098598
v 2.366243 -0.397341 -0.395206
v -2.334905 0.672976 -0.383656
v 2.321305 -0.594286 -0.435017
v -2.379840 0.476030 -0.423435
v 2.276593 -0.791121 -0.394489
v -2.424555 0.279200 -0.382908
v 2.238905 -0.957895 -0.279789
v -2.462240 0.112425 -0.268208
v 2.213984 -1.069204 -0.108387
v -2.487162 0.001108 -0.096806
v 2.205624 -1.108118 0.093616
v -2.495523 -0.037802 0.105190
v 2.215095 -1.068697 0.295467
v -2.486053 0.001619 0.307041
v 2.240956 -0.956957 0.466457
v -2.460190 0.113359 0.478031
v 2.279274 -0.789900 0.580524
v -2.421876 0.280420 0.592098
v 2.324207 -0.592958 0.620304
v -2.376941 0.477354 0.631886
v 2.368924 -0.396112 0.579777
v -2.332223 0.674204 0.591358
v 2.406611 -0.229342 0.465084
v -2.294537 0.840971 0.476650
v 2.431530 -0.118029 0.293674
v -2.269616 0.952288 0.305256
v 2.439894 -0.079111 0.091671
v -2.261253 0.991209 0.103252
v 2.322756 -0.593622 0.092648
v -2.378390 0.476698 0.104221
v 1.020073 1.437941 0.670406
v 0.856842 1.657927 0.416843
v 1.014383 2.344549 0.911098
v 1.177611 2.124552 1.164669
v 0.580258 1.843050 0.247814
v 0.737799 2.529680 0.742069
v 0.232431 1.965139 0.189075
v 0.389973 2.651762 0.683323
v -0.133688 2.005594 0.249569
v 0.023857 2.692217 0.743832
v -0.462355 1.958273 0.420094
v -0.304815 2.644888 0.914326
v -0.703542 1.830359 0.674656
v -0.546002 2.516966 1.168903
v -0.820526 1.641336 0.974522
v -0.662983 2.327959 1.468784
v -0.795493 1.419992 1.274059
v -0.637954 2.106611 1.768314
v -0.632265 1.200003 1.527637
v -0.474725 1.886621 2.021893
v -0.355683 1.014875 1.696659
v -0.198140 1.701502 2.190907
v -0.007855 0.892786 1.755390
v 0.149688 1.579412 2.249638
v 0.358261 0.852327 1.694897
v 0.515805 1.538958 2.189144
v 0.686934 0.899660 1.524380
v 0.844473 1.586271 2.018642
v 0.928120 1.027575 1.269817
v 1.085660 1.714193 1.764065
v 1.045098 1.216581 0.969936
v 1.202643 1.903215 1.464184
v 0.112289 1.428957 0.972233
v 0.269831 2.115587 1.466488
v 0.511615 -0.805696 1.626904
v 0.366225 -0.512026 1.805653
v 0.258157 -0.994314 2.510120
v 0.403543 -1.288008 2.331356
v 0.101565 -0.277662 1.925518
v -0.006504 -0.759951 2.629978
v -0.242073 -0.138277 1.968212
v -0.350142 -0.620565 2.672680
v -0.612380 -0.115114 1.927273
v -0.720449 -0.597403 2.631733
v -0.952971 -0.211679 1.808895
v -1.061040 -0.693972 2.513371
v -1.211998 -0.413279 1.631145
v -1.320070 -0.895582 2.335598
v -1.350030 -0.689230 1.421047
v -1.458097 -1.171518 2.125515
v -1.346047 -0.997511 1.210606
v -1.454115 -1.479795 1.915058
v -1.200657 -1.291185 1.031834
v -1.308728 -1.773478 1.736309
v -0.935997 -1.525549 0.911983
v -1.044069 -2.007845 1.616451
v -0.592357 -1.664934 0.869289
v -0.700426 -2.147223 1.573742
v -0.222055 -1.688093 0.910236
v -0.330123 -2.170382 1.614681
v 0.118538 -1.591528 1.028591
v 0.010470 -2.073824 1.733067
v 0.377568 -1.389925 1.206371
v 0.269500 -1.872213 1.910809
v 0.515596 -1.113985 1.416454
v 0.407528 -1.596266 2.120922
v -0.417218 -0.901609 1.418758
v -0.525284 -1.383894 2.123211
v -1.274724 1.049776 -0.233952
v -0.290938 2.769285 -0.482265
v -0.205831 2.737261 -0.480320
v -1.023043 0.993055 -0.233105
v -0.203759 2.745821 -0.430088
v -0.288868 2.777842 -0.432041
v -1.015009 1.027998 -0.016781
v -1.266739 1.085279 -0.014568
v -1.023421 1.025446 0.175014
v -1.033220 1.007853 0.218838
v -0.201684 2.754393 -0.379848
v -1.259581 1.086412 -0.133167
v -1.048052 0.923719 -0.421734
v -0.207905 2.728697 -0.530552
v -1.057380 0.901564 -0.446476
v -0.805527 0.980341 -0.018650
v -0.131393 2.718596 -0.428440
v -0.129316 2.727171 -0.378208
v -0.818421 0.961119 0.213528
v -0.811355 0.977167 0.174480
v -0.802039 0.982248 -0.134312
v -0.813604 0.945848 -0.232418
v -0.133462 2.710047 -0.478657
v -0.842777 0.856352 -0.443287
v -0.135540 2.701468 -0.528896
v -0.835984 0.875444 -0.422245
v -1.529524 1.147871 -0.132511
v -1.530359 1.140867 0.176266
v -0.623454 0.941584 -0.134747
v -0.648919 0.832853 -0.422703
v -1.384117 0.558710 0.744167
v -0.761171 0.670126 2.637760
v -0.673843 0.648027 2.625225
v -1.132889 0.500017 0.744122
v -0.684971 0.599054 2.634029
v -0.772303 0.621141 2.646572
v -1.181260 0.289164 0.779964
v -1.433346 0.344893 0.780544
v -1.231732 0.103983 0.775623
v -1.247117 0.062544 0.756306
v -0.696103 0.550062 2.642834
v -1.400167 0.459013 0.783230
v -0.662709 0.697020 2.616421
v -1.098076 0.710966 0.647327
v -1.099508 0.685884 0.670963
v -0.971486 0.242777 0.779469
v -0.610712 0.580267 2.623371
v -0.621846 0.531271 2.632183
v -1.031708 0.018412 0.757885
v -1.019667 0.055700 0.775112
v -0.923825 0.451170 0.744068
v -0.599583 0.629248 2.614559
v -0.942624 0.354841 0.782101
v -0.887439 0.637609 0.670444
v -0.885092 0.658651 0.650349
v -0.588454 0.678221 2.605740
v -0.764036 0.314188 0.781658
v -0.700376 0.595018 0.669979
v -0.832602 0.013109 0.774639
v -1.670107 0.520475 0.783901
v -1.738669 0.219400 0.776875
v -1.606443 0.801306 0.672215
v -0.651305 0.812864 0.456623
v -1.557373 1.019148 0.458843
v -0.624290 0.934576 0.174023
v -1.554986 1.039141 -0.420475
v -0.696811 0.624907 -0.646015
v -1.602880 0.831198 -0.643787
v -1.154809 0.484293 -0.750347
v -1.158967 0.440325 -0.769680
v -1.665899 0.555746 -0.768436
v -0.759832 0.349459 -0.770664
v -0.946898 0.392046 -0.770206
v -0.941533 0.430834 -0.752995
v -1.193658 0.251532 -0.774067
v -1.445027 0.310415 -0.773411
v -1.464531 0.193205 -0.776127
v -1.734466 0.254663 -0.775455
v -1.493037 0.096346 -0.737026
v -1.241165 0.040480 -0.738209
v -1.291194 -0.141588 -0.665043
v -1.798127 -0.026167 -0.663807
v -1.086030 -0.209887 -0.645435
v -1.079127 -0.189867 -0.665562
v -0.892058 -0.232450 -0.666027
v -0.941130 -0.450304 -0.452648
v -1.847198 -0.244013 -0.450413
v -1.300655 -0.164843 -0.641346
v -1.368699 -0.460981 -0.212894
v -1.367277 -0.481131 -0.169071
v -1.874212 -0.365717 -0.167835
v -0.968143 -0.572004 -0.170055
v -1.155210 -0.529413 -0.169598
v -1.154813 -0.511835 -0.208652
v -1.359903 -0.487288 0.022663
v -1.611626 -0.429937 0.021664
v -1.605114 -0.434191 0.140285
v -1.875049 -0.372736 0.140942
v -1.602425 -0.394716 0.241062
v -1.351002 -0.452536 0.238995
v -1.342649 -0.379412 0.427654
v -1.849583 -0.263998 0.428890
v -1.128343 -0.407579 0.448177
v -1.130582 -0.427698 0.427135
v -0.943516 -0.470285 0.426670
v -0.895627 -0.262362 0.649975
v -1.801696 -0.056078 0.652195
v -1.341351 -0.355440 0.452435
v -0.796218 0.181273 0.001972
v -0.828396 0.048372 -0.777706
v -0.968981 -0.579023 0.138714
v -1.702289 0.387556 0.004208
v -1.150429 -0.535006 0.023495
v -1.147567 -0.538363 0.139172
v -1.141779 -0.500654 0.237263
v -1.295392 -2.402792 0.381725
v -1.372406 -2.396017 0.383778
v -1.293319 -2.394228 0.431973
v -1.370330 -2.387445 0.434002
v -1.291246 -2.385679 0.482197
v -1.368258 -2.378878 0.484219
v -1.289173 -2.377108 0.532444
v -1.366186 -2.370333 0.534458
v -1.460902 -2.379477 0.436382
v -1.458829 -2.370920 0.486614
v -0.984479 0.202528 -0.774616
v -1.006987 0.089033 -0.777264
v -1.031568 -0.005999 -0.739208
v -0.802867 -0.206911 -2.628635
v -0.877988 -0.191698 -2.638927
v -0.813997 -0.255896 -2.619823
v -0.889122 -0.240686 -2.630116
v -0.825128 -0.304888 -2.611012
v -0.900251 -0.289667 -2.621304
v -0.836258 -0.353857 -2.602222
v -0.911379 -0.338640 -2.612514
v -0.977465 -0.222776 -2.642216
v -0.988596 -0.271761 -2.633427
v -0.124119 0.791121 0.087513
v -0.213574 0.391893 0.670643
v -0.083168 0.960249 1.079769
v 0.006291 1.359495 0.496639
v -0.265504 1.421377 0.497311
v -0.354964 1.022135 1.080448
v -0.313272 1.222445 0.788876
v -0.498132 0.456678 0.671337
v -0.456445 0.656981 0.379772
v -0.408677 0.855902 0.088215
v 0.314667 1.486212 0.025120
v 0.246617 1.189882 -0.212994
v -0.301384 1.268366 -0.230320
v -0.240136 1.534624 0.025181
v -0.145879 -0.521013 -1.419743
v -0.072731 -0.201944 -1.214870
v 0.472594 -0.292356 -1.180111
v 0.398224 -0.617178 -1.350071
v -0.359849 -1.475924 -0.024990
v -0.291803 -1.179609 0.213116
v -0.819674 -1.013124 0.233105
v -0.880924 -1.279394 -0.022396
v 0.100697 0.531305 1.419888
v 0.027548 0.212225 1.215023
v 0.558097 0.057695 1.177586
v 0.632469 0.382517 1.347561
v -0.377144 -1.561678 0.880611
v -0.231530 -0.927317 1.362057
v -0.766919 -0.793467 1.346767
v -0.885012 -1.408941 0.887989
v 0.256199 -1.258074 0.230465
v 0.209220 -1.468035 0.563610
v -0.336513 -1.379534 0.540462
v -0.517777 0.302641 1.180241
v -0.570331 0.068403 1.495907
v -0.024594 -0.020090 1.519032
v 0.331962 1.571974 -0.880474
v 0.186351 0.937605 -1.361912
v -0.354139 1.048700 -1.343990
v -0.192000 1.654158 -0.885319
v 0.774490 1.023413 -0.232983
v 0.821473 1.233370 -0.566105
v 0.291332 1.389830 -0.540348
v -0.603282 -0.047411 -1.177456
v -0.550728 0.186838 -1.493114
v -0.020589 0.030375 -1.518909
v -0.343118 0.963995 1.555538
v -0.271173 1.388739 0.909199
v -0.588841 0.134073 0.001469
v -0.443407 0.627459 1.350224
v 0.883664 1.599096 0.282215
v 0.804705 1.143797 0.906544
v 0.543658 -0.123770 -0.001316
v 0.835738 1.289671 0.022518
v 0.176648 0.862883 1.606510
v 0.281993 1.332632 0.955639
v -0.221828 -0.852587 -1.606365
v -0.327179 -1.322355 -0.955509
v -0.849886 -1.133501 -0.906399
v -0.733896 -0.718786 -1.552868
v -0.148169 1.834013 0.284756
v 0.379918 1.770041 0.281475
v 0.297937 -0.953703 -1.555408
v -0.677652 -0.372229 -1.347424
v -0.928847 -1.588820 -0.282055
v -0.425099 -1.759745 -0.281353
v 0.194951 -1.524340 -0.025059
v 0.102983 -1.823744 -0.284611
v 0.688714 0.729078 1.553005
v 0.146820 -1.643858 0.885448
v 0.308954 -1.038420 1.344112
v -0.080820 -0.270197 1.810268
v 0.431012 -0.405256 1.777035
v -0.600821 -0.170336 1.779583
v -0.866655 -1.223085 0.566265
v 0.505545 -0.176546 1.493252
v 0.385693 -0.828745 1.028347
v 0.525147 -0.058111 -1.495777
v 0.555638 0.180616 -1.779438
v 0.721736 0.803755 -1.346638
v 0.701621 0.581186 -1.031017
v 0.839833 1.419237 -0.887852
v 0.035639 0.280489 -1.810123
v -0.476196 0.415529 -1.776920
v -0.254405 1.478319 -0.563465
v -0.405491 0.888151 -0.484425
v -0.428678 0.784670 -0.333256
v -0.506116 0.503260 -0.537800
v -0.559084 0.216291 -0.742397
v -0.535901 0.319777 -0.893566
v -0.767524 -0.766588 -1.077648
v -0.649870 -0.195307 -0.668491
v -0.697639 -0.394236 -0.376896
v -0.815287 -0.965517 -0.786076
v -0.739330 -0.594545 -0.085361
v -0.856974 -1.165804 -0.494518
v -0.747737 -0.625608 0.487301
v -0.724542 -0.522108 0.336132
v -0.671571 -0.235140 0.540722
v -0.594133 0.046267 0.745258
v -0.617325 -0.057230 0.896435
v 0.439473 -0.588732 0.677814
v 0.225988 -1.378454 -0.909046
v 0.647840 0.341173 -0.680454
v -0.454773 -0.659330 -0.086048
v -0.365313 -0.260088 -0.669186
v -0.495724 -0.828466 -1.078312
v -0.585179 -1.227686 -0.495182
v -0.799547 -0.857912 0.826550
v -0.353213 1.120363 -0.823696
v -0.669137 -0.289537 1.235683
v -0.483622 0.551992 -1.232822
v -0.752712 -0.636263 1.123844
v -0.789128 -0.827532 0.987309
v -0.806678 -0.923014 0.919247
v -0.702101 -0.448240 1.260326
v -0.676265 -0.354639 1.328373
v -0.396423 -0.418348 1.327686
v -0.526836 -0.986719 0.918560
v -0.306968 -0.019114 0.744564
v -0.437378 -0.587481 0.335423
v -0.408339 0.900602 -1.120968
v -0.357729 1.088621 -0.984470
v -0.331894 1.182219 -0.916424
v -0.444757 0.709333 -1.257488
v -0.462305 0.613855 -1.325535
v -0.182464 0.550138 -1.326237
v -0.052054 1.118513 -0.917095
v -0.271922 0.150911 -0.743114
v -0.141513 0.719282 -0.333981
v -0.589162 0.360590 2.053272
v -0.842907 0.413359 2.062283
v -0.852949 0.443785 2.234058
v -0.597039 0.387220 2.233143
v -0.303744 0.433889 2.028988
v -0.350146 0.313150 2.059040
v -0.339917 0.335966 2.231289
v -0.296588 0.464384 2.207592
v -0.529409 0.623556 2.005978
v -0.292839 0.565351 2.013668
v -0.280164 0.598925 2.183987
v -0.534137 0.664038 2.183376
v -0.836946 0.448957 2.416622
v -0.828768 0.471754 2.404850
v -0.873378 0.416151 2.239620
v -0.852344 0.379072 2.245075
v -0.836869 0.350061 2.072834
v -0.326466 0.236208 2.063633
v -0.320516 0.256289 2.244045
v 0.311300 0.531031 2.164494
v 0.299028 0.490839 1.987980
v -0.238810 0.621973 1.994259
v -0.228241 0.662374 2.171032
v -0.851686 0.388075 2.059429
v -0.299923 0.431330 2.019588
v -0.777981 0.712435 2.001095
v -0.780427 0.688326 2.012821
v -0.789316 0.723829 2.183704
v -0.795793 0.757593 2.178211
v -0.514666 0.684446 2.363186
v -0.278701 0.623747 2.356243
v -0.289000 0.494787 2.386189
v -0.284403 0.495428 2.395603
v 0.294547 -0.387899 1.128826
v 0.181791 -0.331270 1.253643
v 0.213322 -0.145708 1.210300
v 0.330716 -0.197290 1.071835
v 0.321460 -0.085989 1.964474
v 0.211373 0.105070 2.057362
v 0.253355 0.296618 2.013363
v 0.361744 0.105768 1.920727
v 0.409118 0.299784 1.895092
v 0.478851 0.331396 2.065182
v 0.543340 0.324678 2.203152
v 0.318487 0.550303 2.343235
v 0.275161 0.358812 2.386776
v 0.503025 0.131971 2.245007
v 0.455684 -0.061083 2.272511
v 0.230829 0.164537 2.412624
v 0.219028 0.124952 2.237514
v 0.386586 -0.074671 2.138210
v 0.287267 -0.311007 1.547253
v 0.397510 -0.273119 1.853062
v 0.435109 -0.079927 1.812649
v 0.323059 -0.116350 1.512264
v 0.374928 0.074759 1.477871
v 0.485176 0.112658 1.783695
v 0.613011 0.117216 1.908108
v 0.530015 0.051176 1.481503
v 0.625286 0.019049 1.484402
v 0.734026 0.101229 2.034580
v 0.695700 -0.092047 2.074467
v 0.586597 -0.174978 1.519146
v 0.537638 -0.366716 1.553768
v 0.646372 -0.284540 2.103947
v 0.520735 -0.288858 1.981113
v 0.437749 -0.354883 1.554531
v -0.574424 0.421461 2.410465
v -0.336010 0.371534 2.401600
v -0.766286 0.746729 2.355412
v -0.822731 0.408457 2.415401
v -0.311724 0.297094 2.420826
v -0.747627 0.742804 2.002201
v -0.760806 0.781916 2.172634
v -0.733490 0.801191 2.344791
v -0.224069 0.682852 2.351444
v -0.763238 0.773325 2.358280
v 0.265862 0.038698 1.187099
v 0.382205 -0.002127 1.059452
v 0.503001 -0.054396 0.969051
v 0.460526 -0.243696 0.977757
v 0.418937 -0.424372 1.035587
v -0.188044 2.146994 -0.219212
v -0.438852 2.212706 -0.213711
v -0.417328 2.383940 -0.241116
v -0.161852 2.325480 -0.243397
v 0.061931 2.065825 -0.354656
v 0.050837 2.099119 -0.226604
v 0.093403 2.266088 -0.251118
v 0.101290 2.240038 -0.385998
v -0.199179 2.101015 -0.488873
v 0.040163 2.055021 -0.485218
v 0.082273 2.220118 -0.520786
v -0.173573 2.277075 -0.527264
v -0.363147 2.558851 -0.249729
v -0.362944 2.546762 -0.273785
v -0.429483 2.392359 -0.209599
v -0.400174 2.391344 -0.178188
v -0.416944 2.218573 -0.153378
v 0.091199 2.094740 -0.156933
v 0.132090 2.270464 -0.177837
v 0.655164 2.071154 -0.587299
v 0.613526 1.899611 -0.545376
v 0.074872 2.027304 -0.552509
v 0.114908 2.199492 -0.594273
v -0.442295 2.210539 -0.187099
v 0.064058 2.055708 -0.353008
v -0.456021 2.153841 -0.519726
v -0.450493 2.164633 -0.495678
v -0.429183 2.334978 -0.528286
v -0.443934 2.332678 -0.559727
v -0.120028 2.449339 -0.551517
v 0.116071 2.389082 -0.545292
v 0.141078 2.414137 -0.417301
v 0.147372 2.422361 -0.418964
v 0.612865 1.019087 0.311947
v 0.520687 1.167772 0.282070
v 0.500536 1.127882 0.094166
v 0.593019 0.965136 0.118099
v 0.755927 1.843443 0.011715
v 0.629850 1.967031 -0.149807
v 0.618181 1.924562 -0.345867
v 0.742654 1.801607 -0.184200
v 0.739601 1.776014 -0.383900
v 0.836335 1.928568 -0.430347
v 0.929419 2.049032 -0.438274
v 0.697041 2.244951 -0.607700
v 0.707320 2.287256 -0.411366
v 0.942460 2.088995 -0.241428
v 0.945746 2.116465 -0.042667
v 0.713364 2.312372 -0.212086
v 0.672351 2.142134 -0.170872
v 0.853527 1.999540 -0.013950
v 0.681021 1.432627 0.238651
v 0.844713 1.709257 0.177013
v 0.829295 1.671286 -0.019695
v 0.664764 1.400434 0.040936
v 0.664695 1.365187 -0.156933
v 0.828392 1.641829 -0.218601
v 0.976249 1.736036 -0.251728
v 0.818100 1.334379 -0.168758
v 0.916346 1.315233 -0.158825
v 1.122583 1.832735 -0.263287
v 1.137207 1.870337 -0.066341
v 0.929658 1.347849 0.038952
v 0.932679 1.382666 0.236790
v 1.138912 1.900171 0.132313
v 0.993436 1.807028 0.164722
v 0.835289 1.405359 0.247662
v -0.108899 2.495310 -0.281834
v 0.126745 2.433168 -0.286678
v -0.374585 2.498686 -0.555759
v -0.341041 2.552626 -0.213444
v 0.170346 2.443056 -0.219578
v -0.433569 2.149920 -0.556126
v -0.417220 2.320936 -0.591282
v -0.357660 2.483980 -0.616199
v 0.154020 2.375624 -0.615154
v -0.376875 2.502153 -0.582348
v 0.505030 1.103094 -0.097340
v 0.596539 0.951651 -0.083637
v 0.702963 0.835020 -0.059811
v 0.705924 0.843287 0.134205
v 0.718624 0.899687 0.319592
v 0.802353 0.506540 -1.630116
v 0.543325 0.304930 -1.807865
v 0.651393 0.787226 -2.512341
v 0.910424 0.988836 -2.334568
v 0.202733 0.208372 -1.926243
v 0.310804 0.690672 -2.630703
v -0.167571 0.231535 -1.967190
v -0.059502 0.713831 -2.671642
v -0.511213 0.370913 -1.924488
v -0.403141 0.853216 -2.628933
v -0.775873 0.605276 -1.804638
v -0.667804 1.087568 -2.509083
v -0.921261 0.898954 -1.625866
v -0.813191 1.381254 -2.330326
v -0.925245 1.207239 -1.415417
v -0.817174 1.689528 -2.119884
v -0.787212 1.483183 -1.205326
v -0.679147 1.965467 -1.909779
v -0.528187 1.684782 -1.027576
v -0.420118 2.167082 -1.732029
v -0.187594 1.781355 -0.909214
v -0.079525 2.263643 -1.613667
v 0.182712 1.758192 -0.868259
v 0.290780 2.240480 -1.572720
v 0.526348 1.618807 -0.910969
v 0.634418 2.101103 -1.615421
v 0.791011 1.384443 -1.030827
v 0.899080 1.866735 -1.735279
v 0.936399 1.090761 -1.209576
v 1.044466 1.573053 -1.914028
v 0.940381 0.782484 -1.420010
v 1.048452 1.264780 -2.124485
v 0.007569 0.994864 -1.417728
v 0.115638 1.477148 -2.122196
v -1.097922 -1.854223 0.222393
v -1.352475 -1.804869 0.218166
v -1.407074 -1.968588 0.245640
v -1.151460 -2.026468 0.246662
v -0.836814 -1.889414 0.356602
v -0.861822 -1.914476 0.228626
v -0.895623 -2.083452 0.253124
v -0.876602 -2.063524 0.387913
v -1.086790 -1.808245 0.492062
v -0.851147 -1.870386 0.487240
v -0.884491 -2.037477 0.522793
v -1.139747 -1.978090 0.530521
v -1.433915 -2.149721 0.254192
v -1.428383 -2.138922 0.278225
v -1.421824 -1.970877 0.214184
v -1.395112 -1.982626 0.182644
v -1.335552 -1.819578 0.157711
v -0.823873 -1.927942 0.158764
v -0.862986 -2.104063 0.179661
v -0.303270 -2.151270 0.586460
v -0.266738 -1.978559 0.544559
v -0.807544 -1.860506 0.554363
v -0.845804 -2.033098 0.596088
v -1.354770 -1.801413 0.191555
v -0.830520 -1.881205 0.354946
v -1.341038 -1.744703 0.524189
v -1.340838 -1.756792 0.500118
v -1.395221 -1.919622 0.532810
v -1.407376 -1.911200 0.564327
v -1.165937 -2.156569 0.554714
v -0.927055 -2.204451 0.547329
v -0.915962 -2.237738 0.419254
v -0.913835 -2.247850 0.420887
v 0.109829 -1.183626 -0.313694
v -0.037487 -1.277777 -0.283230
v -0.037507 -1.233305 -0.095280
v 0.116205 -1.126596 -0.119808
v -0.116669 -1.988985 -0.013256
v -0.283064 -2.045992 0.148960
v -0.274282 -2.002867 0.345043
v -0.109607 -1.945738 0.182652
v -0.100344 -1.921556 0.382336
v -0.078965 -2.100996 0.428516
v -0.047170 -2.249899 0.436123
v -0.340663 -2.326082 0.606838
v -0.350632 -2.368471 0.410534
v -0.053640 -2.291365 0.239262
v -0.063496 -2.317331 0.040524
v -0.356990 -2.393518 0.211262
v -0.320459 -2.222261 0.170063
v -0.096147 -2.171972 0.012089
v -0.007412 -1.585985 -0.240299
v 0.020681 -1.906282 -0.179096
v 0.024142 -1.865587 0.017635
v -0.007205 -1.550146 -0.042538
v 0.008918 -1.518560 0.155323
v 0.037010 -1.838858 0.216503
v 0.129660 -1.987841 0.249035
v 0.160591 -1.557211 0.166378
v 0.257396 -1.582468 0.155949
v 0.219767 -2.138361 0.260021
v 0.215750 -2.178373 0.063046
v 0.254351 -1.617418 -0.041843
v 0.241078 -1.649889 -0.239651
v 0.203443 -2.205793 -0.135586
v 0.112474 -2.058813 -0.167408
v 0.143410 -1.628191 -0.250057
v -1.177066 -2.202532 0.285023
v -0.937729 -2.248533 0.288685
v -1.416747 -2.090864 0.560207
v -1.411461 -2.153643 0.217793
v -0.903019 -2.276247 0.221401
v -1.318929 -1.750925 0.560467
v -1.378067 -1.912214 0.595745
v -1.394840 -2.084993 0.620548
v -0.886692 -2.208818 0.617001
v -1.420188 -2.093027 0.586826
v -0.021826 -1.213106 0.096172
v 0.126155 -1.116194 0.081890
v 0.272467 -1.057104 0.057430
v 0.270652 -1.065619 -0.136578
v 0.256816 -1.121767 -0.321949
v 0.293896 -1.737104 -0.673618
v 0.052708 -1.865015 -0.419056
v -0.104832 -2.551634 -0.913296
v 0.136357 -2.423716 -1.167881
v -0.275959 -1.912340 -0.248547
v -0.433501 -2.598955 -0.742786
v -0.642080 -1.871881 -0.188053
v -0.799618 -2.558496 -0.682293
v -0.989904 -1.749788 -0.246784
v -1.147445 -2.436419 -0.741032
v -1.266488 -1.564672 -0.415806
v -1.424028 -2.251291 -0.910046
v -1.429719 -1.344683 -0.669384
v -1.587258 -2.031298 -1.163631
v -1.454748 -1.123327 -0.968914
v -1.612294 -1.809965 -1.463154
v -1.337766 -0.934313 -1.268772
v -1.495307 -1.620928 -1.763035
v -1.096582 -0.806402 -1.523350
v -1.254121 -1.493017 -2.017590
v -0.767911 -0.759073 -1.693867
v -0.925453 -1.445696 -2.188114
v -0.401791 -0.799532 -1.754368
v -0.559334 -1.486158 -2.248623
v -0.053967 -0.921614 -1.695637
v -0.211508 -1.608240 -2.189884
v 0.222617 -1.106745 -1.526608
v 0.065076 -1.793367 -2.020863
v 0.385849 -1.326731 -1.273029
v 0.228308 -2.013346 -1.767284
v 0.410878 -1.548082 -0.973499
v 0.253335 -2.234713 -1.467754
v -0.521934 -1.335707 -0.971203
v -0.679477 -2.022337 -1.465458
v -0.696806 -0.067820 -2.050098
v -0.948427 -0.005533 -2.057850
v -0.971453 -0.028429 -2.229565
v -0.716277 -0.088228 -2.229870
v -0.471138 -0.257479 -2.027050
v -0.460838 -0.128515 -2.057034
v -0.462299 -0.153322 -2.229259
v -0.478727 -0.287878 -2.205662
v -0.756556 -0.330778 -2.002773
v -0.518148 -0.380724 -2.011646
v -0.522055 -0.416292 -2.181980
v -0.779177 -0.365042 -2.180119
v -0.960116 -0.039820 -2.412174
v -0.962564 -0.063936 -2.400417
v -0.977930 0.005335 -2.235020
v -0.942943 0.029661 -2.240627
v -0.915628 0.048933 -2.068485
v -0.406207 -0.069407 -2.061802
v -0.410383 -0.089891 -2.242237
v 0.040593 -0.611147 -2.165348
v 0.047757 -0.569796 -1.988819
v -0.493863 -0.455164 -1.992435
v -0.502655 -0.495977 -2.169216
v -0.945377 0.021063 -2.054981
v -0.466544 -0.256838 -2.017651
v -1.019082 -0.303305 -1.996632
v -1.010905 -0.280500 -2.008396
v -1.035084 -0.308466 -2.179188
v -1.055513 -0.336107 -2.173634
v -0.771300 -0.391676 -2.359959
v -0.532285 -0.439116 -2.354214
v -0.485882 -0.318373 -2.384281
v -0.482061 -0.320936 -2.393681
v 0.428150 0.223364 -1.130581
v 0.301409 0.221266 -1.254803
v 0.249704 0.040281 -1.211430
v 0.378503 0.035818 -1.073551
v 0.317797 -0.059557 -1.966030
v 0.135414 -0.184038 -2.058178
v 0.090545 -0.374926 -2.014194
v 0.271303 -0.249903 -1.922291
v 0.230138 -0.445330 -1.896671
v 0.278516 -0.503828 -2.067028
v 0.338908 -0.525557 -2.205296
v 0.037891 -0.631449 -2.344090
v 0.081528 -0.440035 -2.387638
v 0.385794 -0.334341 -2.247166
v 0.426565 -0.139791 -2.274662
v 0.125547 -0.245680 -2.413456
v 0.132865 -0.205080 -2.238369
v 0.370791 -0.097769 -2.140049
v 0.386339 0.157637 -1.548878
v 0.467878 0.076078 -1.855175
v 0.418328 -0.114389 -1.814716
v 0.334500 -0.033358 -1.513866
v 0.298686 -0.228136 -1.479496
v 0.380226 -0.309690 -1.785816
v 0.492903 -0.369013 -1.910793
v 0.448677 -0.274004 -1.483898
v 0.548452 -0.286283 -1.487270
v 0.608323 -0.406847 -2.037853
v 0.657258 -0.215986 -2.077770
v 0.597412 -0.094587 -1.522045
v 0.636114 0.099478 -1.556644
v 0.695980 -0.021090 -2.107227
v 0.585174 0.037069 -1.983814
v 0.540946 0.132048 -1.556919
v -0.711543 -0.128695 -2.407261
v -0.474976 -0.186907 -2.399586
v -1.025046 -0.338900 -2.350979
v -0.929767 -0.009466 -2.411060
v -0.420952 -0.130301 -2.419010
v -1.004873 -0.343813 -1.997852
v -1.034479 -0.373182 -2.168186
v -1.019010 -0.402208 -2.340427
v -0.508603 -0.516050 -2.349636
v -1.033825 -0.364199 -2.353825
v 0.217342 -0.148714 -1.188267
v 0.340490 -0.162409 -1.061207
v 0.472429 -0.167685 -0.971416
v 0.516049 0.021360 -0.980137
v 0.556501 0.202284 -1.037945
vt 0.968867063522 2.460102319717 0.000000000000
vt 0.970878362656 2.467872858047 0.000000000000
vt 0.982588648796 2.491986274719 0.000000000000
vt 0.982588648796 2.779600381851 0.000000000000
vt 0.970878362656 2.803713560104 0.000000000000
vt 0.968867063522 2.811484098434 0.000000000000
vt 1.000000000000 2.811484098434 0.000000000000
vt 1.000000000000 2.460102319717 0.000000000000
vt 1.957405209541 0.539897561073 0.000000000000
vt 2.000000000000 0.539897561073 0.000000000000
vt 2.000000000000 0.188515856862 0.000000000000
vt 1.957405209541 0.188515856862 0.000000000000
vt 1.452023983002 0.188515856862 0.000000000000
vt 1.000000000000 0.188515856862 0.000000000000
vt 1.000000000000 0.539897561073 0.000000000000
vt 1.452023983002 0.539897561073 0.000000000000
vt 0.967104673386 0.188515871763 0.000000000000
vt 0.967104673386 0.539897561073 0.000000000000
vt -0.771070718765 0.000000000000 0.000000000000
vt -0.776205897331 0.000000000000 0.000000000000
vt -1.000000000000 0.000000000000 0.000000000000
vt -0.776206076145 0.000000000000 0.000000000000
vt -0.750000178814 0.000000000000 0.000000000000
vt -0.750000000000 0.000000000000 0.000000000000
vt -0.776205956936 1.000000000000 0.000000000000
vt -0.771070778370 1.000000119209 0.000000000000
vt -1.000000000000 1.000000000000 0.000000000000
vt -0.749999761581 1.000000000000 0.000000000000
vt -0.776205956936 0.999999940395 0.000000000000
vt -0.750000000000 1.000000000000 0.000000000000
vt 0.000000000000 0.000000000000 0.000000000000
vt -0.250000000000 0.000000000000 0.000000000000
vt 0.000000000000 1.000000000000 0.000000000000
vt -0.250000000000 1.000000000000 0.000000000000
vt 1.899999976158 1.000000000000 0.000000000000
vt 1.799999952316 1.000000000000 0.000000000000
vt 1.799999952316 0.500000000000 0.000000000000
vt 1.897855162621 0.502618134022 0.000000000000
vt 1.599999904633 1.000000000000 0.000000000000
vt 1.599999904633 0.000000000000 0.000000000000
vt 1.799999952316 0.000000000000 0.000000000000
vt 1.199999809265 0.000000000000 0.000000000000
vt 1.399999856949 0.000000000000 0.000000000000
vt 1.399999856949 1.000000000000 0.000000000000
vt 1.199999809265 1.000000000000 0.000000000000
vt 1.199999809265 0.500000000000 0.000000000000
vt 1.099999904633 0.000000000000 0.000000000000
vt 1.102144837379 0.497381895781 0.000000000000
vt -0.800000011921 0.500000000000 0.000000000000
vt -0.800000011921 1.000000000000 0.000000000000
vt -0.899999976158 1.000000000000 0.000000000000
vt -0.897855103016 0.502618134022 0.000000000000
vt -0.800000011921 0.000000000000 0.000000000000
vt -0.600000023842 0.000000000000 0.000000000000
vt -0.600000023842 1.000000000000 0.000000000000
vt -0.200000032783 0.000000000000 0.000000000000
vt -0.200000032783 0.500000000000 0.000000000000
vt -0.200000032783 1.000000000000 0.000000000000
vt -0.400000035763 1.000000000000 0.000000000000
vt -0.400000035763 0.000000000000 0.000000000000
vt -0.100000016391 0.000000000000 0.000000000000
vt -0.102144889534 0.497381836176 0.000000000000
vt 0.228644385934 0.971576929092 0.000000000000
vt 1.000000000000 0.971576929092 0.000000000000
vt 1.000000000000 1.000000000000 0.000000000000
vt 1.000000000000 0.000000000000 0.000000000000
vt 1.000000000000 0.050793483853 0.000000000000
vt 0.228644385934 0.050793483853 0.000000000000
vt 1.000000000000 1.250000000000 0.000000000000
vt 0.000000000000 1.250000000000 0.000000000000
vt 0.341447412968 1.276394486427 0.000000000000
vt 0.000000000000 1.276394486427 0.000000000000
vt 1.000000000000 1.500000000000 0.000000000000
vt 0.341447412968 1.500000000000 0.000000000000
vt 0.341447412968 1.750000000000 0.000000000000
vt 1.000000000000 1.750000000000 0.000000000000
vt 0.323153585196 1.771070718765 0.000000000000
vt 1.000000000000 2.000000000000 0.000000000000
vt 0.000000000000 2.000000000000 0.000000000000
vt 0.000000066962 1.771070718765 0.000000000000
vt 0.228644385934 2.949206590652 0.000000000000
vt 1.000000000000 2.949206590652 0.000000000000
vt 1.000000000000 3.000000000000 0.000000000000
vt 0.000000000000 3.000000000000 0.000000000000
vt 1.000000000000 2.028423070908 0.000000000000
vt 0.228644385934 2.028423070908 0.000000000000
vt 0.341447412968 3.250000000000 0.000000000000
vt 0.323153585196 3.228929281235 0.000000000000
vt 0.000000066962 3.228929281235 0.000000000000
vt 1.000000000000 3.250000000000 0.000000000000
vt 0.341447412968 3.500000000000 0.000000000000
vt 1.000000000000 3.500000000000 0.000000000000
vt 0.341447383165 3.723605394363 0.000000000000
vt 1.000000000000 3.750000000000 0.000000000000
vt 0.000000000000 3.750000000000 0.000000000000
vt 0.000000000000 3.723605632782 0.000000000000
vt 1.000000000000 4.000000000000 0.000000000000
vt 0.000000000000 4.000000000000 0.000000000000
vt 1.750000000000 0.971576929092 0.000000000000
vt 2.000000000000 0.971576929092 0.000000000000
vt 2.000000000000 1.000000000000 0.000000000000
vt 1.750000000000 1.000000000000 0.000000000000
vt 1.500000000000 0.971576869488 0.000000000000
vt 1.500000000000 1.000000000000 0.000000000000
vt 1.250000000000 0.971576869488 0.000000000000
vt 1.500000000000 0.971576929092 0.000000000000
vt 1.250000000000 1.000000000000 0.000000000000
vt 1.250000000000 0.971576929092 0.000000000000
vt -0.276394486427 1.000000000000 0.000000000000
vt -0.276394486427 0.000000000000 0.000000000000
vt -0.750000059605 -0.000000519027 0.000000000000
vt -0.750000000000 0.999998927116 0.000000000000
vt 2.000000000000 0.050793480128 0.000000000000
vt 1.750000000000 0.050793480128 0.000000000000
vt 1.750000000000 0.000000000000 0.000000000000
vt 2.000000000000 0.000000000000 0.000000000000
vt 1.250000000000 0.050793480128 0.000000000000
vt 1.000000000000 0.050793480128 0.000000000000
vt 1.250000000000 0.000000000000 0.000000000000
vt 1.500000000000 0.050793480128 0.000000000000
vt 1.500000000000 0.000000000000 0.000000000000
vt 0.019892755896 0.500809669495 0.000000000000
vt 0.500000000000 0.000000000000 0.000000000000
vt 0.500000000000 0.518811106682 0.000000000000
vt 0.000000000000 1.100000023842 0.000000000000
vt 0.500000000000 0.980940580368 0.000000000000
vt 0.500000000000 1.100000023842 0.000000000000
vt 0.000000000000 1.200000047684 0.000000000000
vt 0.500000000000 1.200000047684 0.000000000000
vt 1.000000000000 1.200000047684 0.000000000000
vt 1.000000000000 1.400000095367 0.000000000000
vt 0.000000000000 1.400000095367 0.000000000000
vt 0.954400777817 1.451137185097 0.000000000000
vt 0.954400837421 1.402255654335 0.000000000000
vt 0.000000000000 1.402255654335 0.000000000000
vt 1.000000000000 1.600000143051 0.000000000000
vt 0.000000000000 1.600000143051 0.000000000000
vt 0.000000000000 1.597782611847 0.000000000000
vt 0.954400837421 1.597782492638 0.000000000000
vt 0.954400777817 1.548900842667 0.000000000000
vt 0.954400837421 1.500019073486 0.000000000000
vt 1.000000000000 1.800000190735 0.000000000000
vt 0.500000000000 1.800000190735 0.000000000000
vt 0.000000000000 1.800000190735 0.000000000000
vt 0.000000000000 1.900000214577 0.000000000000
vt 0.500000000000 1.899999976158 0.000000000000
vt 0.000000000000 2.500000238419 0.000000000000
vt 0.000000000000 2.000000238419 0.000000000000
vt 0.500000000000 2.020940780640 0.000000000000
vt 0.500000000000 2.518811225891 0.000000000000
vt 0.000000000000 3.100000381470 0.000000000000
vt 0.000000000000 3.000000238419 0.000000000000
vt 0.500000000000 2.980940818787 0.000000000000
vt 0.500000000000 3.100000381470 0.000000000000
vt 0.000000000000 3.200000286102 0.000000000000
vt 0.500000000000 3.200000286102 0.000000000000
vt 1.000000000000 3.200000286102 0.000000000000
vt 1.000000000000 3.400000333786 0.000000000000
vt 0.000000000000 3.400000333786 0.000000000000
vt 0.954400777817 3.451099395752 0.000000000000
vt 0.954400837421 3.402217864990 0.000000000000
vt 0.000000000000 3.402217864990 0.000000000000
vt 1.000000000000 3.600000381470 0.000000000000
vt 0.000000000000 3.600000381470 0.000000000000
vt 0.000000000000 3.597744941711 0.000000000000
vt 0.954400837421 3.597744703293 0.000000000000
vt 0.954400777817 3.548863172531 0.000000000000
vt 0.954400837421 3.499981403351 0.000000000000
vt 1.000000000000 3.800000429153 0.000000000000
vt 0.500000000000 3.800000429153 0.000000000000
vt 0.000000000000 3.800000429153 0.000000000000
vt 0.000000000000 3.900000572205 0.000000000000
vt 0.500000000000 3.900000095367 0.000000000000
vt -0.597782433033 1.000000000000 0.000000000000
vt -0.597782433033 0.000000000000 0.000000000000
vt -0.402255564928 0.000000000000 0.000000000000
vt -0.402255564928 1.000000000000 0.000000000000
vt 1.899999976158 0.000000000000 0.000000000000
vt 2.000000000000 0.500000000000 0.000000000000
vt 1.099999904633 1.000000000000 0.000000000000
vt 0.980107247829 0.500809669495 0.000000000000
vt -1.000000000000 0.500000000000 0.000000000000
vt -0.899999976158 0.000000000000 0.000000000000
vt -0.100000016391 1.000000000000 0.000000000000
vt 1.000000000000 1.100000023842 0.000000000000
vt 1.000000000000 1.900000214577 0.000000000000
vt 1.000000000000 2.000000238419 0.000000000000
vt 1.000000000000 2.500000238419 0.000000000000
vt 1.000000000000 3.000000238419 0.000000000000
vt 1.000000000000 3.100000381470 0.000000000000
vt 1.000000000000 3.900000572205 0.000000000000
vt 1.000000000000 4.000000476837 0.000000000000
vt 0.500000000000 4.000000476837 0.000000000000
vt 0.000000000000 4.000000476837 0.000000000000
vt 0.000000000000 0.159154936671 0.000000000000
vt 0.062500000000 0.159154936671 0.000000000000
vt 0.062500000000 0.477464795113 0.000000000000
vt 0.000000000000 0.477464795113 0.000000000000
vt 0.125000000000 0.159154936671 0.000000000000
vt 0.125000000000 0.477464795113 0.000000000000
vt 0.187500000000 0.159154936671 0.000000000000
vt 0.187500000000 0.477464795113 0.000000000000
vt 0.250000000000 0.159154936671 0.000000000000
vt 0.250000000000 0.477464795113 0.000000000000
vt 0.312500000000 0.159154936671 0.000000000000
vt 0.312500000000 0.477464795113 0.000000000000
vt 0.375000000000 0.159154936671 0.000000000000
vt 0.375000000000 0.477464795113 0.000000000000
vt 0.437500000000 0.159154936671 0.000000000000
vt 0.437500000000 0.477464795113 0.000000000000
vt 0.500000000000 0.159154936671 0.000000000000
vt 0.500000000000 0.477464795113 0.000000000000
vt 0.562500000000 0.159154936671 0.000000000000
vt 0.562500000000 0.477464795113 0.000000000000
vt 0.625000000000 0.159154936671 0.000000000000
vt 0.625000000000 0.477464795113 0.000000000000
vt 0.687500000000 0.159154936671 0.000000000000
vt 0.687500000000 0.477464795113 0.000000000000
vt 0.750000000000 0.159154936671 0.000000000000
vt 0.750000000000 0.477464795113 0.000000000000
vt 0.812500000000 0.159154936671 0.000000000000
vt 0.812500000000 0.477464795113 0.000000000000
vt 0.875000000000 0.159154936671 0.000000000000
vt 0.875000000000 0.477464795113 0.000000000000
vt 0.937500000000 0.159154936671 0.000000000000
vt 0.937500000000 0.477464795113 0.000000000000
vt 1.000000000000 0.159154936671 0.000000000000
vt 1.000000000000 0.477464795113 0.000000000000
vt 0.500000000000 0.636619746685 0.000000000000
vt -0.666666686535 0.169526576996 0.000000000000
vt -0.666666626930 1.000000000000 0.000000000000
vt -0.666666626930 0.184625431895 0.000000000000
vt -0.333333283663 1.000000000000 0.000000000000
vt -0.333333283663 0.183743983507 0.000000000000
vt -0.333333313465 0.168641567230 0.000000000000
vt -0.046960156411 0.167652785778 0.000000000000
vt 1.137395620346 0.156210422516 0.000000000000
vt -0.333328008652 0.183744311333 0.000000000000
vt -0.333352535963 0.168641552329 0.000000000000
vt -0.666664838791 0.169536754489 0.000000000000
vt -0.530499756336 0.178710341454 0.000000000000
vt -0.966343700886 0.167652681470 0.000000000000
vt -0.666662037373 0.184625178576 0.000000000000
vt -2.133220195770 0.159458637238 0.000000000000
vt 1.333315730095 0.196315914392 0.000000000000
vt 1.333333253860 1.000000000000 0.000000000000
vt -0.118615120649 0.170172214508 0.000000000000
vt 1.041875839233 0.180265799165 0.000000000000
vt 1.479036450386 0.205924361944 0.000000000000
vt 1.666654944420 0.197181895375 0.000000000000
vt 1.666666626930 1.000000000000 0.000000000000
vt 0.249601885676 0.196327686310 0.000000000000
vt 1.999999761581 0.173375651240 0.000000000000
vt 1.666654944420 0.197181880474 0.000000000000
vt 1.971371293068 0.180265337229 0.000000000000
vt 0.000005659915 2.840536117554 0.000000000000
vt 1.000001788139 2.826624155045 0.000000000000
vt 0.000000000000 1.666666746140 0.000000000000
vt 1.000000000000 1.666666746140 0.000000000000
vt 0.000000000000 1.333333373070 0.000000000000
vt 1.000000000000 1.333333373070 0.000000000000
vt 1.000000238419 0.170175895095 0.000000000000
vt 0.000000389887 0.156216114759 0.000000000000
vt 0.288817495108 0.296599984169 0.000000000000
vt 0.288490861654 0.385033160448 0.000000000000
vt 0.312500000000 0.382632404566 0.000000000000
vt 0.250000000000 0.299373030663 0.000000000000
vt 0.375000000000 0.224872156978 0.000000000000
vt 0.333795964718 0.222908064723 0.000000000000
vt 0.312500000000 0.221892997622 0.000000000000
vt -0.666666626930 0.169534996152 0.000000000000
vt -0.666666626930 0.184625178576 0.000000000000
vt -0.333333283663 0.183741852641 0.000000000000
vt -0.333333283663 0.168639928102 0.000000000000
vt -0.046979207546 0.167653858662 0.000000000000
vt -0.000000064141 0.156214386225 0.000000000000
vt -0.333337515593 0.183741614223 0.000000000000
vt -0.530520260334 0.178708851337 0.000000000000
vt -0.333336949348 0.168639674783 0.000000000000
vt -0.666664481163 0.169534280896 0.000000000000
vt -0.666668355465 0.184625327587 0.000000000000
vt -2.133012533188 0.159461498260 0.000000000000
vt -0.966365098953 0.167653724551 0.000000000000
vt 1.333334684372 0.196311399341 0.000000000000
vt 1.000001788139 0.170175388455 0.000000000000
vt 1.041890263557 0.180266767740 0.000000000000
vt 1.666640996933 0.197180733085 0.000000000000
vt 1.333333611488 0.196311384439 0.000000000000
vt 1.479058623314 0.205923125148 0.000000000000
vt 1.971387863159 0.180266648531 0.000000000000
vt 1.999996304512 0.173379406333 0.000000000000
vt 1.666640877724 0.197180733085 0.000000000000
vt -1.801058530807 2.840528726578 0.000000000000
vt 1.000000715256 2.826619386673 0.000000000000
vt 0.999992489815 0.170175865293 0.000000000000
vt -1.808032512665 0.156211137772 0.000000000000
vt 0.125000000000 0.224872037768 0.000000000000
vt 0.083793029189 0.222907960415 0.000000000000
vt 0.062500000000 0.221893116832 0.000000000000
vt 0.039086695760 0.223008990288 0.000000000000
vt 0.000000000000 0.224871948361 0.000000000000
vt 0.038815245032 0.296600401402 0.000000000000
vt 0.038487143815 0.385033696890 0.000000000000
vt 0.062500000000 0.382632702589 0.000000000000
vt 0.000000000000 0.299372732639 0.000000000000
vt 0.084371931851 0.384820222855 0.000000000000
vt 0.084055632353 0.296448200941 0.000000000000
vt 0.125000000000 0.299372941256 0.000000000000
vt 0.131930261850 0.300782740116 0.000000000000
vt 0.130890205503 0.225671574473 0.000000000000
vt 0.241369307041 0.226043671370 0.000000000000
vt 0.240312218666 0.301343858242 0.000000000000
vt 0.250000000000 0.224872156978 0.000000000000
vt 0.289090424776 0.223008662462 0.000000000000
vt 0.334374278784 0.384820014238 0.000000000000
vt 0.334057986736 0.296448200941 0.000000000000
vt 0.375000000000 0.299373060465 0.000000000000
vt 0.312500000000 0.382632374763 0.000000000000
vt 0.380893021822 0.225672096014 0.000000000000
vt 0.375000000000 0.299373030663 0.000000000000
vt 0.381935536861 0.300783753395 0.000000000000
vt 0.490312427282 0.301344722509 0.000000000000
vt 0.500000000000 0.299374192953 0.000000000000
vt 0.500000000000 0.224872782826 0.000000000000
vt 0.491371005774 0.226044073701 0.000000000000
vt 0.538817584515 0.296601116657 0.000000000000
vt 0.538491845131 0.385035216808 0.000000000000
vt 0.562500000000 0.382634371519 0.000000000000
vt 0.584374964237 0.384821891785 0.000000000000
vt 0.584059298038 0.296449452639 0.000000000000
vt 0.625000000000 0.299374103546 0.000000000000
vt 0.630894720554 0.225672721863 0.000000000000
vt 0.625000000000 0.224872663617 0.000000000000
vt 0.631936788559 0.300785332918 0.000000000000
vt 0.740308165550 0.301345735788 0.000000000000
vt 0.750000000000 0.299374073744 0.000000000000
vt 0.750000000000 0.224872767925 0.000000000000
vt 0.741364836693 0.226044923067 0.000000000000
vt 0.750000000000 0.299374103546 0.000000000000
vt 0.788814067841 0.296601116657 0.000000000000
vt 0.788487732410 0.385034829378 0.000000000000
vt 0.812500000000 0.382633745670 0.000000000000
vt 0.834371924400 0.384821057320 0.000000000000
vt 0.834055662155 0.296448916197 0.000000000000
vt 0.875000000000 0.299373984337 0.000000000000
vt 0.880889415741 0.225672304630 0.000000000000
vt 0.875000000000 0.224872782826 0.000000000000
vt 0.881931960583 0.300783962011 0.000000000000
vt 0.990309000015 0.301344305277 0.000000000000
vt 1.000000000000 0.299372732639 0.000000000000
vt 1.000000000000 0.224871948361 0.000000000000
vt 0.991367578506 0.226043879986 0.000000000000
vt 0.789087295532 0.223009496927 0.000000000000
vt 0.812500000000 0.221893623471 0.000000000000
vt 0.833793580532 0.222908571362 0.000000000000
vt 0.875000000000 0.224872767925 0.000000000000
vt 1.000004053116 0.170164316893 0.000000000000
vt -1.808059215546 0.156204462051 0.000000000000
vt 0.000003206992 2.840536355972 0.000000000000
vt 0.999994039536 2.826624393463 0.000000000000
vt 1.999998331070 0.173375278711 0.000000000000
vt 1.666662812233 0.197176769376 0.000000000000
vt 1.971387982368 0.180259868503 0.000000000000
vt 1.666662812233 0.197176784277 0.000000000000
vt 1.333337664604 0.196306407452 0.000000000000
vt 1.479056239128 0.205918908119 0.000000000000
vt 1.041895985603 0.180259957910 0.000000000000
vt 1.333355903625 0.196306422353 0.000000000000
vt 1.000001549721 0.170163810253 0.000000000000
vt -0.666669845581 0.184620022774 0.000000000000
vt -2.133208513260 0.159458160400 0.000000000000
vt -0.966360449791 0.167647138238 0.000000000000
vt -0.530517935753 0.178704738617 0.000000000000
vt -0.333345919847 0.168634831905 0.000000000000
vt -0.666666328907 0.169531524181 0.000000000000
vt -0.000003095901 0.156204804778 0.000000000000
vt -0.333315998316 0.183737307787 0.000000000000
vt -0.046980310231 0.167646899819 0.000000000000
vt -0.333333283663 0.183736264706 0.000000000000
vt -0.333333313465 0.168634414673 0.000000000000
vt -0.666666626930 0.169531643391 0.000000000000
vt -0.666666626930 0.184619829059 0.000000000000
vt 0.539091408253 0.223009705544 0.000000000000
vt 0.500000000000 0.224872767925 0.000000000000
vt 0.562500000000 0.221893936396 0.000000000000
vt 0.583797574043 0.222909107804 0.000000000000
vt 0.999988496304 0.170174971223 0.000000000000
vt 0.000004641833 0.156209260225 0.000000000000
vt 0.000000518309 2.840542793274 0.000000000000
vt 1.000002861023 2.826629877090 0.000000000000
vt 3.114429712296 0.173374176025 0.000000000000
vt 1.666678428650 0.197173267603 0.000000000000
vt 1.971364974976 0.180261269212 0.000000000000
vt 1.666678428650 0.197173282504 0.000000000000
vt 1.333334803581 0.196306481957 0.000000000000
vt 1.479033708572 0.205915331841 0.000000000000
vt 1.041871190071 0.180260404944 0.000000000000
vt 1.333341121674 0.196306496859 0.000000000000
vt 1.000002980232 0.170174166560 0.000000000000
vt -0.666671931744 0.184617772698 0.000000000000
vt -0.999996244907 0.159456089139 0.000000000000
vt -0.966335654259 0.167646408081 0.000000000000
vt -0.530496895313 0.178702071309 0.000000000000
vt -0.333342373371 0.168634578586 0.000000000000
vt -0.666664779186 0.169527947903 0.000000000000
vt 1.137649893761 0.156206607819 0.000000000000
vt -0.333324015141 0.183736816049 0.000000000000
vt -0.046955939382 0.167645797133 0.000000000000
vt -0.333333313465 0.183736249804 0.000000000000
vt -0.333333283663 0.168643236160 0.000000000000
vt -0.666666507721 0.169523477554 0.000000000000
vt -0.666666626930 0.184617429972 0.000000000000
vt 0.621978223324 2.000000000000 0.000000000000
vt 0.621978223324 1.000000000000 0.000000000000
vt 0.617750167847 1.500000000000 0.000000000000
vt 0.621978282928 1.000000000000 0.000000000000
vt 0.604231297970 0.000000000000 0.000000000000
vt 0.600003182888 3.500000000000 0.000000000000
vt 0.604231297970 4.000000000000 0.000000000000
vt 0.604231297970 3.000000000000 0.000000000000
vt 0.621978282928 2.000000000000 0.000000000000
vt 0.500000000000 0.121991470456 0.000000000000
vt 0.500000000000 0.243982940912 0.000000000000
vt 0.000000000000 0.243982940912 0.000000000000
vt 0.000000000000 0.121991470456 0.000000000000
vt 0.500000000000 0.878008544445 0.000000000000
vt 0.500000000000 0.756017088890 0.000000000000
vt 1.000000000000 0.756017029285 0.000000000000
vt 1.000000000000 0.878008484840 0.000000000000
vt 0.500000000000 2.121991157532 0.000000000000
vt 0.500000000000 2.243982791901 0.000000000000
vt 0.000000000000 2.243982791901 0.000000000000
vt 0.000000000000 2.121991395950 0.000000000000
vt 0.500000000000 2.878008604050 0.000000000000
vt 0.500000000000 2.756017208099 0.000000000000
vt 1.000000000000 2.756016969681 0.000000000000
vt 1.000000000000 2.878008365631 0.000000000000
vt 0.500000000000 1.018900394440 0.000000000000
vt 0.500000000000 1.500000000000 0.000000000000
vt 0.000000000000 1.500000000000 0.000000000000
vt 1.000000000000 0.756017506123 0.000000000000
vt 1.000000000000 0.878008723259 0.000000000000
vt 0.500000000000 0.878008723259 0.000000000000
vt 0.500000000000 0.756017565727 0.000000000000
vt 0.000000000000 2.243982315063 0.000000000000
vt 0.000000000000 2.121991157532 0.000000000000
vt 0.500000000000 2.243982315063 0.000000000000
vt 0.500000000000 3.018900394440 0.000000000000
vt 0.500000000000 3.500000000000 0.000000000000
vt 0.000000000000 3.500000000000 0.000000000000
vt 1.000000000000 2.756017208099 0.000000000000
vt 1.000000000000 2.878008604050 0.000000000000
vt 0.000000000000 0.243982851505 0.000000000000
vt 0.000000000000 0.121991433203 0.000000000000
vt 0.500000000000 0.121991418302 0.000000000000
vt 0.500000000000 0.243982851505 0.000000000000
vt -0.500000000000 0.000000000000 0.000000000000
vt -0.500000000000 0.066269800067 0.000000000000
vt -0.720044732094 0.066268272698 0.000000000000
vt -0.720044732094 0.291612237692 0.000000000000
vt -0.500000000000 0.291613787413 0.000000000000
vt -0.500000000000 0.500000000000 0.000000000000
vt -1.000000000000 0.121991477907 0.000000000000
vt 1.500000000000 0.500000000000 0.000000000000
vt 1.000000000000 0.121991477907 0.000000000000
vt 1.000000000000 0.121991470456 0.000000000000
vt 1.000000000000 0.243982940912 0.000000000000
vt 0.000000000000 0.878008544445 0.000000000000
vt 0.000000000000 0.756017088890 0.000000000000
vt 0.500000000000 1.981099605560 0.000000000000
vt 1.000000000000 2.121991395950 0.000000000000
vt 1.000000000000 2.243982791901 0.000000000000
vt 0.000000000000 2.878008604050 0.000000000000
vt 0.000000000000 2.756017208099 0.000000000000
vt 0.000000000000 0.878008782864 0.000000000000
vt 0.000000000000 0.756017565727 0.000000000000
vt 2.000000000000 0.878008723259 0.000000000000
vt 1.500000000000 0.878008723259 0.000000000000
vt 1.000000000000 0.878008782864 0.000000000000
vt 1.000000000000 2.121991157532 0.000000000000
vt 1.000000000000 2.243982315063 0.000000000000
vt 1.000000000000 0.121991418302 0.000000000000
vt 1.500000000000 0.121991418302 0.000000000000
vt 2.000000000000 0.121991433203 0.000000000000
vt 0.500000000000 4.000000000000 0.000000000000
vt 1.000000000000 0.121991433203 0.000000000000
vt 1.000000000000 0.243982851505 0.000000000000
vt 0.000000000000 0.121991477907 0.000000000000
vt -0.279954910278 0.291612267494 0.000000000000
vt -0.279954910278 0.066268272698 0.000000000000
vt 0.000000000000 0.243982955813 0.000000000000
vt 0.000000219197 0.389408528805 0.000000000000
vt -0.111290447414 0.389409244061 0.000000000000
vt -0.102973356843 0.500000655651 0.000000000000
vt -0.111290551722 0.610592186451 0.000000000000
vt 0.000000219197 0.610591471195 0.000000000000
vt 0.000000000000 0.756017029285 0.000000000000
vt 0.000000000000 0.878008484840 0.000000000000
vt -0.102973453701 0.500000655651 0.000000000000
vt -0.279954910278 0.933731853962 0.000000000000
vt -0.279954910278 0.708390772343 0.000000000000
vt -0.500000000000 0.708389937878 0.000000000000
vt -0.500000000000 1.000000000000 0.000000000000
vt -0.500000000000 0.933731079102 0.000000000000
vt -1.000000000000 0.878008484840 0.000000000000
vt -0.500000000000 0.708389878273 0.000000000000
vt -0.720044732094 0.708390772343 0.000000000000
vt -0.720044732094 0.933731853962 0.000000000000
vt -1.000000000000 0.756017029285 0.000000000000
vt -1.000000238419 0.610591471195 0.000000000000
vt -0.888710200787 0.610592126846 0.000000000000
vt -0.897027313709 0.500000655651 0.000000000000
vt -0.888710319996 0.389409244061 0.000000000000
vt -1.000000238419 0.389408558607 0.000000000000
vt -1.000000000000 0.243982955813 0.000000000000
vt -0.897027373314 0.500000655651 0.000000000000
vt 2.000000000000 0.121991477907 0.000000000000
vt 2.000000000000 0.243982955813 0.000000000000
vt 2.000000000000 0.878008484840 0.000000000000
vt 2.000000000000 0.756017029285 0.000000000000
vt 1.000000000000 0.500000000000 0.000000000000
vt 1.000000000000 0.243982955813 0.000000000000
vt 0.604231715202 0.000000000000 0.000000000000
vt 0.604231715202 4.000000000000 0.000000000000
vt 0.604231715202 3.000000000000 0.000000000000
vt 1.500000000000 0.756017565727 0.000000000000
vt 2.000000000000 0.756017506123 0.000000000000
vt -0.279954403639 0.878008365631 0.000000000000
vt -0.284015417099 0.756017625332 0.000000000000
vt 0.000000000000 0.756017506123 0.000000000000
vt 0.000000000000 0.878008723259 0.000000000000
vt -0.720045626163 0.121991589665 0.000000000000
vt -0.715984582901 0.243982732296 0.000000000000
vt -1.000000000000 0.243982836604 0.000000000000
vt -1.000000000000 0.121991418302 0.000000000000
vt 1.500000000000 0.243982851505 0.000000000000
vt 1.000000000000 0.243982836604 0.000000000000
vt 1.000000000000 0.756017565727 0.000000000000
vt -0.715984582901 0.756017684937 0.000000000000
vt -0.720045566559 0.878008365631 0.000000000000
vt -1.000000000000 0.878008782864 0.000000000000
vt -1.000000000000 0.756017565727 0.000000000000
vt -0.284015417099 0.243982747197 0.000000000000
vt -0.279954403639 0.121991589665 0.000000000000
vt 2.000000000000 0.243982851505 0.000000000000
vt -0.500000000000 0.913836538792 0.000000000000
vt -0.346888005733 0.915365755558 0.000000000000
vt -0.273686081171 0.915365636349 0.000000000000
vt -0.279954433441 0.878008306026 0.000000000000
vt -0.346887946129 0.915365815163 0.000000000000
vt -0.653111994267 0.915365755558 0.000000000000
vt -0.726313889027 0.915365636349 0.000000000000
vt -0.653112053871 0.915365815163 0.000000000000
vt -0.720045506954 0.878008365631 0.000000000000
vt 0.610793709755 2.000000000000 0.000000000000
vt 0.610793709755 1.000000000000 0.000000000000
vt 0.605028808117 1.166333436966 0.000000000000
vt 0.595156133175 1.500000000000 0.000000000000
vt 0.605028808117 1.833666563034 0.000000000000
vt 0.600920975208 2.158994436264 0.000000000000
vt 0.600601315498 2.740778207779 0.000000000000
vt 0.600601315498 3.000000000000 0.000000000000
vt 0.610793650150 2.000000000000 0.000000000000
vt 0.583591520786 3.500000000000 0.000000000000
vt 0.600601732731 4.000000000000 0.000000000000
vt 0.600920975208 0.841005563736 0.000000000000
vt 0.610793650150 1.000000000000 0.000000000000
vt 0.600601732731 0.000000000000 0.000000000000
vt 0.600601315498 0.259221851826 0.000000000000
vt -0.500000000000 0.086164250970 0.000000000000
vt -0.653111994267 0.084635138512 0.000000000000
vt -0.726313769817 0.084635213017 0.000000000000
vt -0.720045566559 0.121991597116 0.000000000000
vt -0.653111934662 0.084635160863 0.000000000000
vt -0.346888005733 0.084635131061 0.000000000000
vt -0.273686230183 0.084635220468 0.000000000000
vt -0.346888095140 0.084635160863 0.000000000000
vt -0.279954403639 0.121991597116 0.000000000000
vt 0.605028390884 1.166333436966 0.000000000000
vt 0.605028390884 1.833666682243 0.000000000000
vt 0.600921452045 2.158990859985 0.000000000000
vt 0.600601315498 2.740776538849 0.000000000000
vt 0.600601732731 3.000000000000 0.000000000000
vt 0.600601315498 4.000000000000 0.000000000000
vt 0.600921392441 0.841009140015 0.000000000000
vt 0.600601315498 0.000000000000 0.000000000000
vt 0.600601315498 0.259223610163 0.000000000000
vt -0.240087121725 0.210164234042 0.000000000000
vt -0.480174243450 0.210164234042 0.000000000000
vt -0.480174243450 0.500000000000 0.000000000000
vt -0.240087121725 0.500000000000 0.000000000000
vt 0.500000000000 0.210164248943 0.000000000000
vt 0.000000000000 0.210164248943 0.000000000000
vt 0.000000000000 0.500000000000 0.000000000000
vt 0.500002682209 0.500001370907 0.000000000000
vt 1.240087151527 0.210164248943 0.000000000000
vt 1.000000000000 0.210164248943 0.000000000000
vt 1.240087270737 0.500000000000 0.000000000000
vt 0.079575538635 2.000000000000 0.000000000000
vt 0.159151077271 2.000000000000 0.000000000000
vt 0.159151077271 2.500000000000 0.000000000000
vt 0.079574912786 2.500003337860 0.000000000000
vt -0.500000000000 0.499999970198 0.000000000000
vt 1.024999976158 0.502155303955 0.000000000000
vt 1.500000000000 0.499999970198 0.000000000000
vt 0.079575538635 3.000000000000 0.000000000000
vt 0.159151077271 3.000000000000 0.000000000000
vt 0.159151077271 3.240087032318 0.000000000000
vt 0.500000059605 3.484126329422 0.000000000000
vt 0.920424461365 3.000000000000 0.000000000000
vt 0.840848922729 3.000000000000 0.000000000000
vt 0.840848922729 2.500000000000 0.000000000000
vt 0.920424401760 2.500000000000 0.000000000000
vt 0.840848922729 1.759912848473 0.000000000000
vt 0.840848922729 1.519825696945 0.000000000000
vt 0.500000000000 1.519825696945 0.000000000000
vt 0.500000894070 1.515872955322 0.000000000000
vt 0.024999786168 0.505429685116 0.000000000000
vt 0.044444419444 0.046857643872 0.000000000000
vt 0.499999940395 0.024999748915 0.000000000000
vt 0.499995708466 0.499994963408 0.000000000000
vt 0.024999884889 0.027155054733 0.000000000000
vt 0.499997675419 0.000000000000 0.000000000000
vt 0.974999904633 0.027155283839 0.000000000000
vt 1.000000000000 0.543105661869 0.000000000000
vt 0.975000083447 0.977155268192 0.000000000000
vt 0.500000119209 1.025793671608 0.000000000000
vt 0.500001788139 1.000000000000 0.000000000000
vt 0.025000089779 0.977155029774 0.000000000000
vt -0.025000000373 0.502155065536 0.000000000000
vt 0.000000000000 0.543101072311 0.000000000000
vt 0.025000153109 0.030429949984 0.000000000000
vt 0.025000009686 0.026896249503 0.000000000000
vt 0.500000059605 0.000000000000 0.000000000000
vt 0.500003039837 0.000000000000 0.000000000000
vt 0.975000143051 0.030429786071 0.000000000000
vt 0.975000023842 0.026896268129 0.000000000000
vt 1.000000000000 0.507585048676 0.000000000000
vt 1.000000000000 0.608595728874 0.000000000000
vt 0.974999904633 0.980429768562 0.000000000000
vt 0.975000023842 0.976896345615 0.000000000000
vt 0.500000000000 1.000000000000 0.000000000000
vt 0.499998599291 1.000000000000 0.000000000000
vt 0.024999929592 0.980429947376 0.000000000000
vt 0.025000005960 0.976896286011 0.000000000000
vt 0.000000000000 0.507584989071 0.000000000000
vt 0.000000000000 0.608599007130 0.000000000000
vt -0.480174273252 0.789835810661 0.000000000000
vt -0.240087136626 0.789835810661 0.000000000000
vt 0.000000000000 0.789835751057 0.000000000000
vt 0.000000000000 0.210164234042 0.000000000000
vt 0.500000000000 0.789835751057 0.000000000000
vt 1.000000000000 0.789835751057 0.000000000000
vt 1.000000000000 0.210164263844 0.000000000000
vt 1.000000000000 0.789835810661 0.000000000000
vt 1.240087151527 0.789835810661 0.000000000000
vt 1.480174303055 0.789835810661 0.000000000000
vt 1.480174303055 0.500000000000 0.000000000000
vt 1.480174303055 0.210164234042 0.000000000000
vt 0.000000000000 2.500000000000 0.000000000000
vt 0.159151077271 3.480174303055 0.000000000000
vt 0.500000000000 3.480174541473 0.000000000000
vt 0.840848922729 3.480174541473 0.000000000000
vt 0.840848922729 3.240087270737 0.000000000000
vt 0.840848922729 2.000000000000 0.000000000000
vt 0.920424461365 2.000000000000 0.000000000000
vt 1.000000000000 2.500000000000 0.000000000000
vt 0.159151077271 1.519825816154 0.000000000000
vt 0.159151077271 1.759912967682 0.000000000000
vt 0.955555558205 0.046857573092 0.000000000000
vt 0.974999785423 0.505429506302 0.000000000000
vt 0.955555438995 0.957968711853 0.000000000000
vt 0.499999701977 0.974999725819 0.000000000000
vt 0.044444318861 0.957968771458 0.000000000000
vn -0.183078780770 -0.797870099545 -0.574356555939
vn -0.183524489403 -0.797677218914 -0.574482321739
vn 0.183154821396 0.797863185406 0.574341952801
vn 0.183092355728 0.797877490520 0.574341952801
vn 0.182724207640 0.797962605953 0.574340999126
vn -0.183110103011 -0.797874927521 -0.574339866638
vn -0.818899035454 -0.407234519720 -0.404430925846
vn -0.818907141685 -0.407223194838 -0.404425829649
vn -0.975049674511 0.221973747015 0.002422143705
vn -0.975045979023 0.221990153193 0.002401208971
vn -0.975046038628 0.221989870071 0.002401643898
vn -0.975045979023 0.221990153193 0.002401396632
vn -0.975055515766 0.221947580576 0.002463717014
vn 0.914524257183 -0.352552622557 0.198373436928
vn 0.183066889644 0.797882735729 0.574342787266
vn 0.183052808046 0.797885179520 0.574343979359
vn 0.183053687215 0.797885000706 0.574343919754
vn 0.183067783713 0.797882616520 0.574342668056
vn -0.967297792435 0.106341011822 0.230274796486
vn -0.956689298153 0.040363866836 0.288298934698
vn -0.989257872105 0.129644125700 0.067536622286
vn -0.993529677391 0.103471152484 0.046824265271
vn -0.939580261707 0.115048527718 0.322417140007
vn -0.951112747192 0.215977832675 0.220766842365
vn -0.872930586338 0.414205193520 -0.257732719183
vn -0.904436707497 0.386962115765 -0.179595351219
vn -0.967129886150 0.221287801862 -0.125265732408
vn -0.962417066097 0.249427452683 -0.107421256602
vn -0.859843492508 0.470891833305 -0.197307154536
vn -0.906121969223 0.416756093502 -0.072507523000
vn -0.963953137398 0.226487487555 0.139634177089
vn -0.970773577690 0.218888774514 0.098418921232
vn -0.998561263084 0.019906146452 0.049790740013
vn -0.996633529663 0.081635683775 0.007557410747
vn -0.936719238758 0.348025441170 -0.037885647267
vn -0.975135624409 0.177576899529 -0.132578045130
vn -0.959626555443 0.193662419915 -0.203989759088
vn -0.950729250908 0.308341622353 -0.032237362117
vn 0.917886018753 -0.339834809303 0.204932883382
vn 0.781860530376 -0.446210473776 0.435419619083
vn 0.884853720665 0.265085488558 0.383097320795
vn 0.970402181149 -0.240033999085 0.026517581195
vn 0.977336227894 -0.211632817984 0.005040998105
vn 0.975642919540 -0.219226390123 0.007789907511
vn 0.970771610737 -0.238589167595 0.026031265035
vn 0.976582705975 -0.213278055191 -0.028260430321
vn 0.972591757774 -0.232310712337 -0.009843472391
vn 0.974339783192 -0.224729433656 -0.012592497282
vn 0.978245437145 -0.205146878958 -0.030831554905
vn 0.030665919185 -0.797343134880 -0.602746725082
vn 0.973558962345 -0.090770527720 -0.209627434611
vn 0.736205816269 0.226668953896 -0.637669324875
vn 0.978535592556 -0.203684151173 -0.031317204237
vn 0.104559764266 0.784986019135 0.610626041889
vn -0.736335873604 -0.226570248604 0.637554228306
vn -0.973562657833 0.090787380934 0.209602907300
vn -0.978535592556 0.203683927655 0.031317718327
vn -0.976582765579 0.213277995586 0.028260413557
vn -0.978245437145 0.205146834254 0.030831469223
vn -0.974339842796 0.224729374051 0.012592406012
vn -0.972591340542 0.232312425971 0.009844928049
vn -0.972780823708 0.230536609888 -0.023459348828
vn -0.547675132751 -0.613462209702 -0.568960547447
vn -0.970771610737 0.238588929176 -0.026031117886
vn -0.975641846657 0.219231501222 -0.007785701193
vn -0.977336108685 0.211633309722 -0.005040676333
vn -0.568543195724 0.523703336716 -0.634423732758
vn -0.917870163918 0.339854955673 -0.204970404506
vn -0.970402061939 0.240034490824 -0.026518281549
vn -0.183070480824 -0.797881305218 -0.574343740940
vn -0.183056116104 -0.797855734825 -0.574383735657
vn -0.183057740331 -0.797858655453 -0.574379265308
vn -0.183071479201 -0.797882020473 -0.574342370033
vn -0.183064758778 -0.797883093357 -0.574343025684
vn -0.183111503720 -0.797867476940 -0.574349820614
vn -0.183863237500 -0.797614753246 -0.574460685253
vn 0.183094054461 0.797875761986 0.574343919754
vn -0.125592723489 -0.560446441174 0.818612456322
vn -0.125594034791 -0.560445964336 0.818612575531
vn -0.125581353903 -0.560451805592 0.818610548973
vn -0.125589087605 -0.560449481010 0.818610846996
vn -0.125586330891 -0.560449063778 0.818611621857
vn -0.125614032149 -0.560433387756 0.818618059158
vn -0.125590294600 -0.560446500778 0.818612754345
vn -0.125591501594 -0.560446083546 0.818612873554
vn -0.125581666827 -0.560448706150 0.818612575531
vn -0.125580772758 -0.560448765755 0.818612694740
vn -0.125584647059 -0.560447931290 0.818612635136
vn -0.125579729676 -0.560444176197 0.818615972996
vn -0.125583559275 -0.560447096825 0.818613350391
vn -0.125585302711 -0.560449123383 0.818611741066
vn -0.125585287809 -0.560449182987 0.818611741066
vn -0.125586152077 -0.560448944569 0.818611741066
vn 0.183011621237 0.797926545143 0.574299573898
vn 0.183106034994 0.797850906849 0.574374675751
vn 0.183100640774 0.797870278358 0.574349343777
vn 0.183009937406 0.797934055328 0.574289679527
vn 0.183053776622 0.797883689404 0.574345648289
vn 0.183103874326 0.797877013683 0.574339091778
vn 0.183854460716 0.797784388065 0.574227869511
vn -0.183053180575 -0.797881960869 -0.574348270893
vn 0.125598564744 0.560453534126 -0.818606734276
vn -0.125569552183 -0.560426831245 0.818629443645
vn 0.125633731484 0.560447692871 -0.818605303764
vn 0.125606447458 0.560440361500 -0.818614482880
vn 0.125604286790 0.560441076756 -0.818614304066
vn 0.125580593944 0.560449004173 -0.818612515926
vn 0.125571325421 0.560451447964 -0.818612337112
vn 0.125581383705 0.560451388359 -0.818610787392
vn 0.125580623746 0.560451686382 -0.818610727787
vn 0.125571712852 0.560451269150 -0.818612337112
vn 0.125598087907 0.560449242592 -0.818609654903
vn 0.125602066517 0.560446679592 -0.818610846996
vn 0.125607058406 0.560450494289 -0.818607449532
vn 0.125608295202 0.560455918312 -0.818603515625
vn 0.125591501594 0.560446381569 -0.818612635136
vn 0.125589400530 0.560446500778 -0.818612873554
vn 0.975046515465 -0.221987500787 -0.002405259293
vn 0.975042581558 -0.222004950047 -0.002380349208
vn 0.975042641163 -0.222004726529 -0.002380662598
vn 0.975046575069 -0.221987381577 -0.002405415755
vn 0.975046575069 -0.221987411380 -0.002405364998
vn 0.975046575069 -0.221987456083 -0.002405289095
vn 0.975044667721 -0.221995860338 -0.002393341390
vn 0.975044667721 -0.221995860338 -0.002393343486
vn 0.975046575069 -0.221987366676 -0.002405527979
vn 0.975046575069 -0.221987262368 -0.002405682812
vn -0.975045681000 0.221991434693 0.002402133774
vn -0.975045681000 0.221991434693 0.002402138198
vn 0.975046396255 -0.221988096833 -0.002405505860
vn 0.975047528744 -0.221983119845 -0.002412167378
vn 0.975047469139 -0.221983283758 -0.002411938971
vn 0.975046396255 -0.221988201141 -0.002405355684
vn 0.975045323372 -0.221992924809 -0.002398169367
vn 0.975044310093 -0.221997439861 -0.002391335089
vn 0.975044369698 -0.221997320652 -0.002391484566
vn 0.975045382977 -0.221992641687 -0.002398550045
vn 0.975049734116 -0.221973389387 -0.002425350249
vn 0.975049734116 -0.221973270178 -0.002425502287
vn -0.989028036594 0.094319015741 -0.113698497415
vn -0.909734129906 0.323185026646 -0.260643959045
vn -0.962848246098 0.174943909049 -0.205713033676
vn -0.986192107201 -0.029125504196 -0.163024261594
vn -0.585299432278 -0.385986864567 0.713048875332
vn -0.528908193111 -0.420930653811 0.736935198307
vn -0.127515420318 -0.568821907043 0.812515556812
vn -0.126792475581 -0.565764248371 0.814760386944
vn -0.117664791644 -0.525944530964 0.842340409756
vn -0.194572702050 -0.849361598492 -0.490638703108
vn -0.117663934827 -0.525944232941 0.842340707779
vn -0.116359479725 -0.520079433918 0.846154808998
vn -0.116357810795 -0.520078241825 0.846155703068
vn -0.125933438540 -0.560368478298 0.818613469601
vn 0.125592008233 0.560446500778 -0.818612515926
vn -0.125561639667 -0.560456395149 0.818610370159
vn -0.149604633451 -0.664945483208 0.731755375862
vn -0.149597272277 -0.664941012859 0.731761038303
vn -0.124752320349 -0.560610115528 0.818628907204
vn 0.125373452902 0.560496270657 -0.818611919880
vn -0.983103752136 0.151216119528 0.103153273463
vn 0.948952972889 -0.296095132828 0.108700871468
vn -0.170930773020 -0.758081793785 0.629360437393
vn -0.170963481069 -0.758073687553 0.629361331463
vn -0.171002358198 -0.758064091206 0.629362344742
vn -0.121455654502 -0.502749443054 0.855857253075
vn -0.926785528660 -0.023640083149 0.374846160412
vn -0.931839525700 0.343002676964 0.118424095213
vn -0.958744466305 0.102208606899 0.265259146690
vn -0.942708373070 0.258900582790 0.210407808423
vn -0.875616252422 0.452995598316 0.167604267597
vn -0.363858699799 0.602080047131 -0.710708439350
vn -0.298014521599 0.609194338322 -0.734894335270
vn 0.127565890551 0.568812429905 -0.812514245510
vn 0.126797810197 0.565762996674 -0.814760446548
vn 0.117624148726 0.525859355927 -0.842399299145
vn -0.020088309422 -0.077364154160 -0.996800482273
vn 0.117671184242 0.525940477848 -0.842342078686
vn 0.116324961185 0.520086705685 -0.846155047417
vn 0.116313152015 0.520087718964 -0.846156060696
vn 0.124867379665 0.560611784458 -0.818610131741
vn -0.125575795770 -0.560448527336 0.818613588810
vn 0.124864310026 0.560541272163 -0.818658947945
vn 0.149546831846 0.664958298206 -0.731755554676
vn 0.149556651711 0.664955079556 -0.731756567955
vn 0.127044230700 0.560067236423 -0.818647921085
vn -0.125778049231 -0.560405671597 0.818611919880
vn -0.982831954956 0.165452957153 0.081649444997
vn 0.230737596750 -0.602860629559 0.763753414154
vn 0.170988082886 0.758067488670 -0.629362046719
vn 0.171025380492 0.758059799671 -0.629361271858
vn 0.171064615250 0.758051633835 -0.629360377789
vn 0.104242905974 0.506666481495 -0.855816900730
vn -0.826921284199 0.422938138247 -0.370573192835
vn -0.975044965744 0.221994593740 0.002404499333
vn -0.975045979023 0.221989974380 0.002400653670
vn -0.975045561790 0.221991777420 0.002402517479
vn -0.975043356419 0.222001448274 0.002410595538
vn 0.970821321011 -0.238571733236 0.024277662858
vn 0.990148782730 -0.004222861025 0.139955341816
vn 0.989028275013 -0.094322033226 0.113694712520
vn 0.909751832485 -0.323166310787 0.260605305433
vn 0.978290736675 -0.205186888576 -0.029076635838
vn 0.893720507622 -0.424683511257 -0.144594088197
vn 0.931836068630 -0.343009531498 -0.118430890143
vn 0.958754897118 -0.102238133550 -0.265209794044
vn -0.893723070621 0.424678504467 0.144593507051
vn -0.978290796280 0.205186784267 0.029077040032
vn -0.990148842335 0.004219254944 -0.139954656363
vn -0.970821499825 0.238571226597 -0.024276860058
vn 0.942712247372 -0.258895337582 -0.210396602750
vn 0.875607967377 -0.453008800745 -0.167611628771
vn 0.760615825653 -0.605478703976 -0.234220296144
vn -0.948851227760 -0.216279700398 -0.230009362102
vn 0.297982573509 -0.609194755554 0.734906852245
vn 0.363866984844 -0.602080047131 0.710704207420
vn -0.104012243450 -0.506719708443 0.855813443661
vn 0.826966226101 -0.422907650471 0.370507717133
vn 0.962850630283 -0.174947828054 0.205698564649
vn 0.986192643642 0.029119588435 0.163021698594
vn 0.948855996132 0.216264203191 0.230004489422
vn -0.760626673698 0.605466425419 0.234216555953
vn 0.529014706612 0.420876979828 -0.736889481544
vn 0.585300803185 0.385985106230 -0.713048756123
vn 0.121306374669 0.502781391144 -0.855859637260
vn 0.926765441895 0.023674549535 -0.374893814325
vn 0.125543788075 0.560477137566 -0.818598926067
vn 0.125131413341 0.560735464096 -0.818485140800
vn -0.125598460436 -0.560441017151 0.818615257740
vn -0.125664904714 -0.560426175594 0.818615198135
vn -0.125088393688 -0.560560226440 0.818611681461
vn 0.125687956810 0.560424268246 -0.818612992764
vn 0.125577688217 0.560449302197 -0.818612754345
vn 0.125596821308 0.560443580151 -0.818613767624
vn -0.975052416325 0.221961796284 0.002380328486
vn -0.975045979023 0.221990019083 0.002400698839
vn -0.975045025349 0.221994325519 0.002395798219
vn -0.975045442581 0.221992537379 0.002398517681
vn -0.975045979023 0.221990108490 0.002400823170
vn -0.975045800209 0.221990838647 0.002401800128
vn -0.975058853626 0.221933782101 0.002360911574
vn 0.861838877201 -0.470331132412 -0.189795464277
vn -0.125558987260 -0.560451567173 0.818614125252
vn -0.125605657697 -0.560444593430 0.818611741066
vn -0.125602722168 -0.560445010662 0.818611860275
vn -0.125556036830 -0.560451924801 0.818614304066
vn -0.994054555893 -0.007388497703 -0.108631499112
vn -0.982862353325 -0.069551371038 -0.170716747642
vn -0.983403384686 0.157068207860 -0.090814650059
vn -0.977214336395 0.176906153560 -0.117287434638
vn -0.990221321583 -0.102923221886 -0.094173438847
vn -0.999991714954 0.003644943237 0.001786522451
vn -0.860743165016 0.462628096342 0.212359115481
vn -0.902379691601 0.392062485218 0.178879544139
vn -0.938728451729 0.344640254974 0.003452507313
vn -0.944274663925 0.327605068684 0.031942524016
vn -0.874000549316 0.403657227755 0.270525068045
vn -0.934407591820 0.289491266012 0.207550555468
vn -0.996248245239 0.086047992110 0.009228890762
vn -0.991860508919 0.127328395844 0.000309315568
vn -0.964780449867 0.170979768038 -0.199911445379
vn -0.966683804989 0.214774280787 -0.139263659716
vn -0.956548631191 0.259072721004 0.133775815368
vn -0.935345649719 0.351357132196 -0.040947422385
vn -0.908022046089 0.418352305889 -0.021846167743
vn -0.962640285492 0.254681289196 0.091983899474
vn 0.899411261082 -0.417346417904 -0.129927888513
vn 0.741123914719 -0.617414236069 -0.263694614172
vn 0.733511269093 -0.534831583500 0.419423818588
vn 0.968005895615 -0.250044941902 -0.021024523303
vn 0.973336696625 -0.229234397411 0.008205434307
vn 0.972735524178 -0.231916755438 0.000425660197
vn 0.968156933784 -0.249580621719 -0.019533568993
vn 0.980443120003 -0.196697294712 0.006435327232
vn 0.976591169834 -0.214709728956 -0.013009122573
vn 0.977247059345 -0.212039619684 -0.005229111761
vn 0.980860173702 -0.194154918194 0.014733288437
vn 0.983337640762 -0.181782215834 -0.001510454924
vn 0.992033720016 -0.013279354200 0.125270858407
vn 0.794596433640 0.471289664507 0.382756501436
vn 0.980932056904 -0.193672820926 0.016224099323
vn -0.980805575848 0.194379448891 -0.015395489521
vn -0.794534802437 -0.471366465092 -0.382789969444
vn -0.992035508156 0.013308456168 -0.125253632665
vn -0.980932235718 0.193671762943 -0.016224632040
vn -0.980454444885 0.196642786264 -0.006366627291
vn -0.982466816902 0.040839679539 0.181909367442
vn -0.980990171432 0.193556189537 -0.013934935443
vn -0.977246642113 0.212041571736 0.005225697532
vn -0.976590871811 0.214711502194 0.013005605899
vn -0.968920290470 0.247117817402 0.011236604303
vn -0.968510508537 0.248014673591 0.021819269285
vn -0.968156874180 0.249580830336 0.019533447921
vn -0.972735762596 0.231915682554 -0.000425681443
vn -0.973335921764 0.229237258434 -0.008210604079
vn -0.510338068008 0.768469810486 0.386017054319
vn -0.899412870407 0.417343676090 0.129925683141
vn -0.968005895615 0.250045001507 0.021024053916
vn 0.125640928745 0.560497760773 -0.818569898605
vn 0.125552013516 0.560425639153 -0.818632960320
vn 0.125559031963 0.560440778732 -0.818621456623
vn 0.125655546784 0.560472130775 -0.818585157394
vn 0.125577658415 0.560442984104 -0.818617105484
vn 0.125619605184 0.560426414013 -0.818621993065
vn -0.040082655847 -0.168097212911 -0.984955191612
vn 0.041116993874 0.167816266418 0.984960436821
vn -0.183064803481 -0.797883987427 -0.574341773987
vn -0.183064684272 -0.797883987427 -0.574341773987
vn -0.183061331511 -0.797881603241 -0.574346125126
vn -0.183072865009 -0.797879159451 -0.574345827103
vn -0.183069452643 -0.797879517078 -0.574346542358
vn -0.183110490441 -0.797878265381 -0.574335217476
vn -0.183095976710 -0.797877907753 -0.574340343475
vn -0.183098569512 -0.797877430916 -0.574340164661
vn -0.183084577322 -0.797877490520 -0.574344515800
vn -0.183082684875 -0.797879397869 -0.574342370033
vn -0.183077082038 -0.797879874706 -0.574343562126
vn -0.183088421822 -0.797878682613 -0.574341595173
vn -0.183088466525 -0.797878742218 -0.574341475964
vn -0.183069437742 -0.797883391380 -0.574341118336
vn -0.125547498465 -0.560487568378 0.818591237068
vn -0.125599369407 -0.560451626778 0.818607866764
vn -0.125597789884 -0.560463249683 0.818600118160
vn -0.125546976924 -0.560492098331 0.818588197231
vn -0.125566005707 -0.560452342033 0.818612456322
vn -0.125713616610 -0.560439765453 0.818598449230
vn -0.128042161465 -0.560251533985 0.818366348743
vn 0.125591471791 0.560444176197 -0.818614184856
vn 0.183062836528 0.797887563705 0.574337482452
vn -0.183103874326 -0.797859847546 -0.574362814426
vn 0.183050915599 0.797897696495 0.574327170849
vn 0.183073803782 0.797882676125 0.574340760708
vn 0.183073550463 0.797882676125 0.574340760708
vn 0.183069825172 0.797882676125 0.574341952801
vn 0.183083996177 0.797880232334 0.574340939522
vn 0.183084666729 0.797880113125 0.574340820313
vn 0.183078870177 0.797876834869 0.574347198009
vn 0.183088600636 0.797878265381 0.574342072010
vn 0.183080554008 0.797876954079 0.574346482754
vn 0.183049649000 0.797871112823 0.574364483356
vn 0.183051735163 0.797891676426 0.574335157871
vn 0.183046519756 0.797893524170 0.574334323406
vn 0.975047647953 -0.221982747316 -0.002395558637
vn 0.975042164326 -0.222006767988 -0.002413405338
vn 0.975042223930 -0.222006469965 -0.002413177863
vn 0.975047647953 -0.221982747316 -0.002395558404
vn 0.975042223930 -0.222006455064 -0.002413533162
vn 0.975042223930 -0.222006380558 -0.002413482638
vn 0.975050151348 -0.221971794963 -0.002388068940
vn 0.975050210953 -0.221971496940 -0.002387846820
vn 0.975053012371 -0.221959188581 -0.002379169688
vn 0.975053012371 -0.221959039569 -0.002379053971
vn -0.975046575069 0.221987247467 0.002405458596
vn -0.975046634674 0.221987172961 0.002405602019
vn 0.975044429302 -0.221996843815 -0.002406988991
vn 0.975044369698 -0.221997007728 -0.002406742657
vn 0.975044310093 -0.221997156739 -0.002406857209
vn 0.975044429302 -0.221996828914 -0.002406986430
vn 0.975045859814 -0.221990600228 -0.002401762642
vn 0.975047349930 -0.221984133124 -0.002396748634
vn 0.975047290325 -0.221984282136 -0.002396862954
vn 0.975045859814 -0.221990600228 -0.002401760546
vn 0.975047349930 -0.221984043717 -0.002396490192
vn 0.975047349930 -0.221984118223 -0.002396546770
vn -0.934967696667 0.331896007061 -0.125221237540
vn -0.875605881214 0.469022035599 0.115467056632
vn -0.906695187092 0.419806718826 -0.040818173438
vn -0.894782900810 0.373264700174 -0.245024636388
vn -0.633831620216 -0.585771977901 -0.505102574825
vn -0.578088402748 -0.623121678829 -0.526814103127
vn -0.181768998504 -0.791924774647 -0.582936704159
vn -0.182214125991 -0.794127166271 -0.579793095589
vn -0.188275024295 -0.821034431458 -0.538938820362
vn -0.196591451764 -0.868331670761 0.455359041691
vn -0.188266545534 -0.821036338806 -0.538938820362
vn -0.189135089517 -0.824750065804 -0.532930850983
vn -0.189102739096 -0.824753403664 -0.532937109470
vn -0.182753384113 -0.797955274582 -0.574341893196
vn 0.183085918427 0.797878623009 0.574342489243
vn -0.181314423680 -0.798159241676 -0.574514567852
vn -0.183046579361 -0.797889113426 -0.574340462685
vn -0.183054700494 -0.797887146473 -0.574340641499
vn -0.183661192656 -0.797734916210 -0.574358463287
vn 0.183062717319 0.797885179520 0.574340760708
vn -0.975578308105 0.219650611281 0.000680547033
vn -0.608355343342 0.695246815681 0.382799893618
vn -0.141501575708 -0.613257050514 -0.777105569839
vn -0.141502246261 -0.613256871700 -0.777105510235
vn -0.141411215067 -0.613274812698 -0.777107954025
vn -0.141432106495 -0.613270580769 -0.777107536793
vn -0.141457602382 -0.613265395164 -0.777106940746
vn -0.199783936143 -0.832254528999 -0.517144858837
vn -0.960154294968 -0.163574695587 -0.226598665118
vn -0.985898733139 0.105428218842 0.129955619574
vn -0.992875874043 -0.043631520122 -0.110876865685
vn -0.998865127563 0.014042062685 0.045510672033
vn -0.967020869255 0.050615105778 0.249617338181
vn -0.315410971642 0.801886200905 0.507439196110
vn -0.248842582107 0.811408400536 0.528860926628
vn 0.181724607944 0.791935443878 0.582936048508
vn 0.182215824723 0.794126152992 0.579793989658
vn 0.188234090805 0.821042954922 0.538940072060
vn 0.211944177747 0.927638828754 0.307515770197
vn 0.188257232308 0.821038007736 0.538939595222
vn 0.189069658518 0.824763357639 0.532933413982
vn 0.189068511128 0.824764549732 0.532932043076
vn 0.182614207268 0.797987043858 0.574342072010
vn -0.183070883155 -0.797882378101 -0.574342072010
vn 0.182955011725 0.797917008400 0.574330925941
vn 0.164053738117 0.713137209415 0.681558310986
vn 0.164059102535 0.713135659695 0.681558668613
vn -0.975464403629 0.220154181123 0.001138996449
vn -0.746210217476 -0.490471214056 -0.450120300055
vn 0.141794145107 0.613184094429 0.777109742165
vn 0.141876161098 0.613163352013 0.777111172676
vn 0.141951113939 0.613144397736 0.777112424374
vn 0.182861849666 0.836109042168 0.517187714577
vn -0.793606460094 0.562898278236 0.230942308903
vn -0.975044965744 0.221994698048 0.002395028481
vn -0.975044965744 0.221994668245 0.002395064337
vn -0.975044429302 0.221996888518 0.002392617287
vn -0.975046217442 0.221988886595 0.002402683022
vn 0.968594014645 -0.247881308198 -0.019505541772
vn 0.910853564739 -0.353294104338 0.213375300169
vn 0.934965729713 -0.331899762154 0.125226244330
vn 0.875593543053 -0.469041228294 -0.115482494235
vn 0.980518400669 -0.195876121521 0.014704747126
vn 0.973013460636 -0.075608916581 -0.218009382486
vn 0.985898852348 -0.105431020260 -0.129952952266
vn 0.992875993252 0.043633755296 0.110875651240
vn -0.973014533520 0.075616829097 0.218001678586
vn -0.980518341064 0.195876598358 -0.014704227448
vn -0.980743229389 0.194689482450 -0.015445468016
vn -0.910857975483 0.353290557861 -0.213362321258
vn -0.968594133854 0.247880950570 0.019504804164
vn 0.998865127563 -0.014039514586 -0.045511774719
vn 0.967022061348 -0.050616625696 -0.249612048268
vn 0.905273616314 0.031954843551 -0.423625439405
vn -0.804201006889 0.421144574881 -0.419402033091
vn 0.248814225197 -0.811412930489 -0.528867363930
vn 0.315431594849 -0.801881730556 -0.507433354855
vn -0.182462990284 -0.836196064949 -0.517188072205
vn 0.793602108955 -0.562902808189 -0.230946168303
vn 0.906693279743 -0.419810831547 0.040818922222
vn 0.894779384136 -0.373266428709 0.245034724474
vn 0.804184615612 -0.421151727438 0.419426113367
vn -0.905278146267 -0.031942505389 0.423616677523
vn 0.578018128872 0.623170077801 0.526834011078
vn 0.633816361427 0.585783839226 0.505108058453
vn 0.200084611773 0.832181751728 0.517145752907
vn 0.960137605667 0.163630485535 0.226629242301
vn 0.204036876559 0.900345027447 -0.384379595518
vn 0.155022740364 0.688557386398 -0.708418369293
vn 0.155027657747 0.688586950302 -0.708388626575
vn 0.204036876559 0.900345206261 -0.384379208088
vn 0.082407765090 0.371950566769 -0.924587309361
vn 0.082405649126 0.371938884258 -0.924592256546
vn -0.002739517950 -0.001212298987 -0.999995529652
vn -0.002752223983 -0.001281978446 -0.999995410442
vn -0.087488755584 -0.374286204576 -0.923176884651
vn -0.087489061058 -0.374288022518 -0.923176109791
vn -0.158914595842 -0.690365970135 -0.705790996552
vn -0.158911898732 -0.690349161625 -0.705808043480
vn -0.206140771508 -0.901312291622 -0.380975365639
vn -0.206140547991 -0.901310324669 -0.380980104208
vn -0.221986070275 -0.975048124790 0.001837531570
vn -0.221985414624 -0.975048184395 0.001851739013
vn -0.204038262367 -0.900353848934 0.384358286858
vn -0.204038068652 -0.900353252888 0.384359776974
vn -0.155028477311 -0.688591778278 0.708383738995
vn -0.155026540160 -0.688585281372 0.708390414715
vn -0.082405708730 -0.371949613094 0.924587905407
vn -0.082405932248 -0.371950387955 0.924587547779
vn 0.002750495449 0.001262741280 0.999995410442
vn 0.002745242789 0.001243548933 0.999995470047
vn 0.087484277785 0.374272555113 0.923182845116
vn 0.087487459183 0.374283999205 0.923177897930
vn 0.158913731575 0.690363109112 0.705794036388
vn 0.158914148808 0.690364599228 0.705792486668
vn 0.206140443683 0.901306748390 0.380988538265
vn 0.206138715148 0.901301801205 0.381001204252
vn 0.221986487508 0.975047945976 -0.001840227167
vn 0.221986383200 0.975048065186 -0.001837563235
vn 0.975045800209 -0.221990913153 -0.002401623875
vn 0.975045800209 -0.221990972757 -0.002400649246
vn 0.975045919418 -0.221990317106 -0.002401923295
vn 0.975045800209 -0.221990734339 -0.002401084639
vn 0.975046098232 -0.221989527345 -0.002401342848
vn 0.975045919418 -0.221990376711 -0.002400209429
vn 0.975045621395 -0.221991628408 -0.002400526777
vn 0.975046038628 -0.221989646554 -0.002403396182
vn 0.975046217442 -0.221989065409 -0.002402060898
vn 0.975046157837 -0.221989169717 -0.002399558667
vn 0.975045204163 -0.221993580461 -0.002404204803
vn 0.975046157837 -0.221989259124 -0.002404964296
vn 0.975046515465 -0.221987739205 -0.002401313512
vn 0.975045323372 -0.221992969513 -0.002402095124
vn 0.975045979023 -0.221989914775 -0.002404110972
vn 0.975046098232 -0.221989482641 -0.002403431572
vn 0.975045919418 -0.221990257502 -0.002400205703
vn -0.975045919418 0.221990421414 0.002402978251
vn -0.975046336651 0.221988514066 0.002401261358
vn -0.975046098232 0.221989557147 0.002401373582
vn -0.975046217442 0.221989035606 0.002400245750
vn -0.975045621395 0.221991539001 0.002401338890
vn -0.975046515465 0.221987515688 0.002403022023
vn -0.975046634674 0.221986934543 0.002401248552
vn -0.975046217442 0.221988961101 0.002401113510
vn -0.975046515465 0.221987619996 0.002400088590
vn -0.975046157837 0.221989169717 0.002399558900
vn -0.975046277046 0.221988663077 0.002401277889
vn -0.975046157837 0.221989199519 0.002400276251
vn -0.975045681000 0.221991389990 0.002401372418
vn -0.975045800209 0.221990719438 0.002401488833
vn -0.975045621395 0.221991553903 0.002400456695
vn -0.975045681000 0.221991464496 0.002402309328
vn -0.975045919418 0.221990257502 0.002403947758
vn 0.948884248734 0.009385569952 -0.315484642982
vn 0.778258800507 0.239329308271 -0.580546915531
vn 0.778265595436 0.239328190684 -0.580538272858
vn 0.948886156082 0.009383528493 -0.315478891134
vn 0.489166468382 0.432830512524 -0.757214546204
vn 0.489168614149 0.432829350233 -0.757213890553
vn 0.125587046146 0.560450553894 -0.818610489368
vn 0.125581860542 0.560449481010 -0.818612039089
vn -0.257115960121 0.602739274502 -0.755378603935
vn -0.257106363773 0.602742910385 -0.755378961563
vn -0.600669741631 0.553260684013 -0.577146828175
vn -0.600659251213 0.553266584873 -0.577152073383
vn -0.852765262127 0.419568896294 -0.311051964760
vn -0.852769315243 0.419563055038 -0.311048656702
vn -0.975045442581 0.221992552280 0.002398547716
vn -0.975046098232 0.221989363432 0.002403015038
vn -0.948885142803 -0.009382515214 0.315482050180
vn -0.948884844780 -0.009381934069 0.315482825041
vn -0.778264343739 -0.239324957132 0.580541253090
vn -0.778257548809 -0.239336535335 0.580545663834
vn -0.489153981209 -0.432830452919 0.757222712040
vn -0.489147394896 -0.432837694883 0.757222831249
vn -0.125574976206 -0.560445785522 0.818615615368
vn -0.125576362014 -0.560444951057 0.818615972996
vn 0.257106721401 -0.602740705013 0.755380570889
vn 0.257093131542 -0.602735042572 0.755389750004
vn 0.600663900375 -0.553274273872 0.577139854431
vn 0.600656211376 -0.553273558617 0.577148556709
vn 0.852767884731 -0.419565141201 0.311049848795
vn 0.852771818638 -0.419564604759 0.311039835215
vn 0.975046336651 -0.221988320351 -0.002399172867
vn 0.975046634674 -0.221987068653 -0.002406886546
vn -0.183062553406 -0.797877192497 -0.574351906776
vn -0.183078840375 -0.797868072987 -0.574359416962
vn -0.183070391417 -0.797882676125 -0.574341773987
vn -0.183058127761 -0.797888159752 -0.574338078499
vn -0.183064103127 -0.797882616520 -0.574343919754
vn -0.183078944683 -0.797885179520 -0.574335694313
vn -0.183083534241 -0.797879099846 -0.574342548847
vn -0.183063372970 -0.797872960567 -0.574357509613
vn -0.183066412807 -0.797886252403 -0.574338078499
vn -0.183073505759 -0.797890007496 -0.574330687523
vn -0.183074757457 -0.797883033752 -0.574339985847
vn -0.183079227805 -0.797881960869 -0.574339985847
vn -0.183076962829 -0.797880589962 -0.574342608452
vn -0.183064341545 -0.797882676125 -0.574343681335
vn -0.183057010174 -0.797881364822 -0.574347913265
vn -0.183066755533 -0.797892510891 -0.574329376221
vn -0.183077782393 -0.797891378403 -0.574327409267
vn 0.183075547218 0.797880470753 0.574343264103
vn 0.183075189590 0.797873079777 0.574353635311
vn 0.183067426085 0.797883629799 0.574341416359
vn 0.183055043221 0.797885417938 0.574342846870
vn 0.183066442609 0.797886669636 0.574337542057
vn 0.183063969016 0.797880530357 0.574346840382
vn 0.183046251535 0.797883510590 0.574348330498
vn 0.183065846562 0.797894775867 0.574326455593
vn 0.183073088527 0.797894418240 0.574324667454
vn 0.183073401451 0.797880887985 0.574343323708
vn 0.183071121573 0.797879815102 0.574345529079
vn 0.183068618178 0.797883033752 0.574341893196
vn 0.183065637946 0.797883093357 0.574342668056
vn 0.183073997498 0.797884404659 0.574338257313
vn 0.183072626591 0.797880053520 0.574344754219
vn 0.183063089848 0.797880053520 0.574347794056
vn 0.183069199324 0.797888875008 0.574333548546
vn 0.970881998539 0.100247584283 0.217574045062
vn 0.818912029266 0.407221287489 0.404417991638
vn 0.818914413452 0.407215684652 0.404418796301
vn 0.970884323120 0.100234381855 0.217569887638
vn 0.542275071144 0.652195811272 0.529696464539
vn 0.542274892330 0.652195930481 0.529696524143
vn 0.183066934347 0.797888219357 0.574335157871
vn 0.183069363236 0.797887682915 0.574335157871
vn -0.204003855586 0.822103321552 0.531534254551
vn -0.204001605511 0.822102904320 0.531535685062
vn -0.560014247894 0.721159636974 0.407814651728
vn -0.560016930103 0.721159934998 0.407810360193
vn -0.830761790276 0.510433733463 0.222018763423
vn -0.830768287182 0.510427474976 0.222008645535
vn -0.975046157837 0.221989154816 0.002399542835
vn -0.975044906139 0.221994623542 0.002407365944
vn -0.970883011818 -0.100245140493 -0.217570483685
vn -0.970882892609 -0.100244827569 -0.217571392655
vn -0.818911075592 -0.407221674919 -0.404419362545
vn -0.818915128708 -0.407217592001 -0.404415547848
vn -0.542270243168 -0.652196168900 -0.529700934887
vn -0.542275011539 -0.652194917202 -0.529697597027
vn -0.183066546917 -0.797884583473 -0.574340343475
vn -0.183071032166 -0.797884643078 -0.574338793755
vn 0.204008534551 -0.822099924088 -0.531537711620
vn 0.204014584422 -0.822097897530 -0.531538426876
vn 0.560002148151 -0.721166193485 -0.407819747925
vn 0.560008883476 -0.721162259579 -0.407817512751
vn 0.830770313740 -0.510424852371 -0.222007021308
vn 0.830768227577 -0.510427832603 -0.222008228302
vn 0.975044846535 -0.221995040774 -0.002400465310
vn 0.975048005581 -0.221981108189 -0.002395586576
vn 0.125566616654 0.560449779034 -0.818614125252
vn 0.125578626990 0.560438632965 -0.818619906902
vn 0.125584051013 0.560448050499 -0.818612635136
vn 0.125582545996 0.560449182987 -0.818612098694
vn 0.125589102507 0.560436248779 -0.818619966507
vn 0.125584721565 0.560443401337 -0.818615734577
vn 0.125592842698 0.560440123081 -0.818616747856
vn 0.125583350658 0.560436129570 -0.818620920181
vn 0.125584825873 0.560439288616 -0.818618476391
vn 0.125580623746 0.560460269451 -0.818604826927
vn 0.125585898757 0.560466229916 -0.818599939346
vn 0.125602677464 0.560449242592 -0.818608999252
vn 0.125589713454 0.560449540615 -0.818610727787
vn 0.125566214323 0.560453653336 -0.818611562252
vn 0.125588193536 0.560465991497 -0.818599760532
vn 0.125593751669 0.560454607010 -0.818606674671
vn 0.125575318933 0.560437738895 -0.818621039391
vn -0.125591412187 -0.560446083546 0.818612873554
vn -0.125582531095 -0.560452520847 0.818609833717
vn -0.125584468246 -0.560450732708 0.818610787392
vn -0.125588357449 -0.560456216335 0.818606436253
vn -0.125592038035 -0.560449004173 0.818610727787
vn -0.125575914979 -0.560451567173 0.818611502647
vn -0.125584319234 -0.560457050800 0.818606495857
vn -0.125587016344 -0.560452044010 0.818609476089
vn -0.125580579042 -0.560452461243 0.818610191345
vn -0.125587671995 -0.560445368290 0.818613946438
vn -0.125580236316 -0.560442626476 0.818616986275
vn -0.125576853752 -0.560452640057 0.818610608578
vn -0.125573381782 -0.560450077057 0.818612873554
vn -0.125597417355 -0.560456633568 0.818604767323
vn -0.125590860844 -0.560439169407 0.818617701530
vn -0.125571206212 -0.560445606709 0.818616330624
vn -0.125591903925 -0.560463249683 0.818601012230
vn -0.025641134009 -0.128496885300 -0.991378366947
vn -0.025665596128 -0.128481596708 -0.991379737854
vn -0.025663467124 -0.128482908010 -0.991379618645
vn -0.025640241802 -0.128497436643 -0.991378307343
vn 0.350325256586 0.920808792114 -0.171415597200
vn 0.350323081017 0.920813024044 -0.171397536993
vn 0.350395500660 0.920797646046 -0.171332240105
vn 0.350392758846 0.920799612999 -0.171326771379
vn 0.056007001549 0.208478525281 0.976422011852
vn 0.055967759341 0.208494573832 0.976420819759
vn 0.055970739573 0.208493351936 0.976420879364
vn 0.056008059531 0.208478093147 0.976422011852
vn -0.906857252121 0.420051574707 -0.034155067056
vn -0.906856060028 0.420055359602 -0.034140568227
vn -0.906862556934 0.420035600662 -0.034211579710
vn -0.906862378120 0.420036017895 -0.034210409969
vn -0.906859338284 0.420044898987 -0.034180749208
vn -0.869958102703 0.490807116032 -0.047763284296
vn -0.869944572449 0.490834116936 -0.047731477767
vn -0.869944751263 0.490833580494 -0.047733955085
vn -0.869959115982 0.490805178881 -0.047763638198
vn 0.869874477386 -0.490952551365 0.047790635377
vn -0.906858384609 0.420044779778 -0.034207452089
vn -0.906858682632 0.420047283173 -0.034168541431
vn -0.906858742237 0.420047342777 -0.034166853875
vn -0.906858742237 0.420047312975 -0.034167207778
vn -0.906858265400 0.420043408871 -0.034228816628
vn 0.933868587017 -0.356920450926 0.022298308089
vn 0.933868885040 -0.356919765472 0.022295013070
vn 0.933869123459 -0.356918990612 0.022298293188
vn 0.933860242367 -0.356941819191 0.022302320227
vn -0.933893263340 0.356855034828 -0.022311298177
vn 0.933869421482 -0.356917798519 0.022306533530
vn 0.933869421482 -0.356918036938 0.022301068529
vn 0.933868646622 -0.356919497252 0.022311426699
vn 0.933865487576 -0.356929004192 0.022290360183
vn 0.933868408203 -0.356918573380 0.022333998233
vn -0.933878004551 0.356897294521 -0.022273613140
vn 0.004713609815 -0.048149429262 -0.998829007149
vn 0.004712165333 -0.048148684204 -0.998829066753
vn 0.004712266847 -0.048148740083 -0.998829066753
vn 0.004713651724 -0.048149451613 -0.998829007149
vn 0.350256562233 0.920825541019 -0.171466186643
vn 0.350287467241 0.920794129372 -0.171571359038
vn 0.350399613380 0.920783221722 -0.171401038766
vn 0.350312143564 0.920813262463 -0.171418651938
vn 0.350302875042 0.920778989792 -0.171621710062
vn 0.350292563438 0.920779943466 -0.171637281775
vn 0.085868805647 0.286235243082 0.954303920269
vn 0.086012624204 0.286186367273 0.954305589199
vn 0.086002960801 0.286189615726 0.954305469990
vn 0.085865490139 0.286236345768 0.954303860664
vn 0.221992582083 0.974783420563 0.022727560252
vn -0.222004517913 -0.974780499935 -0.022733975202
vn 0.218249544501 0.960494756699 -0.172675669193
vn 0.218257695436 0.960482537746 -0.172733262181
vn 0.217196688056 0.951618790627 0.217364385724
vn 0.217703089118 0.953832864761 0.206901684403
vn 0.185150712729 0.819504499435 -0.542338907719
vn -0.986833631992 -0.074031986296 0.143800288439
vn 0.218228772283 0.960488736629 -0.172735363245
vn 0.218271732330 0.960478007793 -0.172740861773
vn 0.186068296432 0.823109984398 -0.536533713341
vn 0.225518390536 0.965392351151 -0.130992323160
vn 0.225491479039 0.965399980545 -0.130982518196
vn 0.225493818521 0.965399324894 -0.130983367562
vn 0.225519359112 0.965392053127 -0.130992665887
vn 0.174361407757 0.135709822178 0.975285053253
vn 0.174414694309 0.135770365596 0.975267112255
vn 0.174345508218 0.135749876499 0.975282311440
vn 0.174336940050 0.135740548372 0.975285172462
vn -0.210303187370 -0.953551471233 0.215666517615
vn -0.210239723325 -0.953567981720 0.215655535460
vn -0.210244536400 -0.953566730022 0.215656355023
vn -0.210304886103 -0.953551054001 0.215666800737
vn -0.944409668446 0.252464830875 0.210598915815
vn -0.944409906864 0.252463340759 0.210599496961
vn -0.944412052631 0.252452552319 0.210602715611
vn -0.944411873817 0.252453356981 0.210602447391
vn -0.944409132004 0.252467781305 0.210597768426
vn -0.921420335770 0.261111259460 0.287759304047
vn -0.921416223049 0.261129826307 0.287755757570
vn -0.921416640282 0.261128038168 0.287756055593
vn -0.921416878700 0.261126786470 0.287756294012
vn -0.921424567699 0.261092513800 0.287762820721
vn -0.944407343864 0.252480626106 0.210590317845
vn -0.944407880306 0.252471685410 0.210598438978
vn -0.944407701492 0.252472460270 0.210598319769
vn -0.944431900978 0.252450764179 0.210516065359
vn 0.944339394569 -0.252563774586 -0.210795298219
vn 0.959238171577 -0.243701905012 -0.143078371882
vn 0.959238588810 -0.243700981140 -0.143077358603
vn 0.959234833717 -0.243717283010 -0.143074408174
vn 0.959237873554 -0.243705064058 -0.143075034022
vn -0.959237098694 0.243704214692 0.143081694841
vn 0.959239006042 -0.243697866797 -0.143079474568
vn 0.959238708019 -0.243699371815 -0.143079176545
vn -0.959241449833 0.243695855141 0.143066629767
vn 0.959244251251 -0.243677064776 -0.143079996109
vn 0.959247112274 -0.243665218353 -0.143080860376
vn 0.959234476089 -0.243716776371 -0.143077850342
vn 0.238891646266 0.969958424568 -0.045949351043
vn 0.238926798105 0.969949364662 -0.045958656818
vn 0.238924324512 0.969950020313 -0.045958001167
vn 0.238890618086 0.969958722591 -0.045949079096
vn 0.174404099584 0.135869041085 0.975255250931
vn 0.174471557140 0.135859787464 0.975244462490
vn 0.174546867609 0.135656386614 0.975259304047
vn 0.174339652061 0.135752692819 0.975282967091
vn 0.174318313599 0.135692834854 0.975295126438
vn 0.174265384674 0.135835796595 0.975284695625
vn -0.193683162332 -0.934674501419 0.298111319542
vn -0.193797230721 -0.934646904469 0.298123836517
vn -0.193789556623 -0.934648752213 0.298123031855
vn -0.193680524826 -0.934675157070 0.298111021519
vn 0.122409194708 0.528080344200 0.840325534344
vn 0.953695774078 -0.251350879669 -0.165187805891
vn 0.040715318173 0.167848333716 0.984971642494
vn 0.040634810925 0.167902112007 0.984965801239
vn 0.121096856892 0.522670269012 0.843890607357
vn -0.002713602036 -0.022689431906 0.999738872051
vn -0.047416571528 -0.219054490328 0.974559783936
vn -0.045962471515 -0.212439626455 0.976092636585
vn -0.002696308075 -0.022697502747 0.999738752842
vn 0.002692436567 0.022690031677 -0.999738931656
vn 0.040685344487 0.167911574244 0.984962105751
vn 0.040665604174 0.167906731367 0.984963774681
vn -0.045962445438 -0.212470695376 0.976085901260
vn -0.043675713241 -0.202444031835 0.978319406509
vn 0.082459338009 0.352076351643 0.932331860065
vn 0.082429759204 0.352147698402 0.932307541370
vn 0.119084298611 0.513886094093 0.849552810192
vn 0.121076099575 0.522692978382 0.843879461288
vn 0.155034542084 0.673132896423 0.723087966442
vn -0.155108526349 -0.673257589340 -0.722956061363
vn 0.183076471090 0.797870874405 0.574356257915
vn 0.183060169220 0.797877073288 0.574352860451
vn 0.204056918621 0.891889274120 0.403601646423
vn -0.204016849399 -0.891875326633 -0.403652757406
vn 0.217208653688 0.951619327068 0.217350199819
vn 0.216882318258 0.950181305408 0.223869323730
vn -0.972395598888 -0.230973452330 -0.033136870712
vn 0.206133008003 0.909280896187 -0.361548602581
vn 0.206124082208 0.909279525280 -0.361557275057
vn 0.187311962247 0.828449726105 -0.527811706066
vn 0.186087757349 0.823113560677 -0.536521434784
vn 0.158866286278 0.705264329910 -0.690915167332
vn 0.125573620200 0.560442984104 -0.818617761135
vn 0.125591173768 0.560435235500 -0.818620324135
vn -0.158804744482 -0.705010533333 0.691188275814
vn 0.087463200092 0.394008368254 -0.914935827255
vn 0.043686531484 0.202422827482 -0.978323340416
vn 0.045979719609 0.212437987328 -0.976092219353
vn 0.045963328332 0.212470039725 -0.976086020470
vn 0.047525081784 0.219082653522 -0.974548161030
vn -0.087378405035 -0.393936783075 0.914974749088
vn 0.002705567982 0.022741328925 -0.999737739563
vn -0.002686318010 -0.022783689201 0.999736785889
vn -0.040627662092 -0.167807474732 -0.984982252121
vn -0.040653321892 -0.167865797877 -0.984971225262
vn 0.082485571504 0.352120488882 0.932312846184
vn -0.082391463220 -0.351996541023 -0.932367980480
vn -0.119087323546 -0.513999998569 -0.849483430386
vn -0.121073663235 -0.522683322430 -0.843885779381
vn -0.155059874058 -0.673232555389 -0.722989797592
vn -0.122346565127 -0.528257012367 -0.840223670006
vn -0.121083259583 -0.522701203823 -0.843873322010
vn -0.183069795370 -0.797884225845 -0.574339807034
vn -0.183069631457 -0.797890186310 -0.574331581593
vn 0.155135601759 0.673494637012 0.722729444504
vn -0.204051241279 -0.891900837421 -0.403578907251
vn -0.217662826180 -0.953813612461 -0.207032471895
vn -0.217193782330 -0.951618909836 -0.217366769910
vn -0.217196330428 -0.951622188091 -0.217350080609
vn -0.216875314713 -0.950175940990 -0.223898932338
vn 0.204076692462 0.891945123672 0.403468161821
vn -0.221993416548 -0.974782288074 -0.022768998519
vn 0.221993669868 0.974782228470 0.022769350559
vn -0.218244135380 -0.960489392281 0.172712430358
vn -0.218251839280 -0.960484802723 0.172728210688
vn 0.206117302179 0.909249663353 -0.361635982990
vn -0.206085518003 -0.909292638302 0.361546158791
vn -0.187335297465 -0.828487873077 0.527743458748
vn -0.186083614826 -0.823118984699 0.536514639854
vn -0.158881694078 -0.705298602581 0.690876603127
vn -0.185245841742 -0.819540262222 0.542252302170
vn -0.186099335551 -0.823117792606 0.536510944366
vn -0.125593021512 -0.560456871986 0.818605244160
vn -0.125590100884 -0.560469031334 0.818597376347
vn 0.158890232444 0.705473601818 -0.690695881844
vn -0.087461069226 -0.394041210413 0.914921939373
vn 0.087497919798 0.394308656454 -0.914803147316
vn 0.975045561790 -0.221991896629 -0.002401312813
vn 0.975045502186 -0.221992194653 -0.002400880447
vn 0.975045919418 -0.221990227699 -0.002401459264
vn 0.975046217442 -0.221988826990 -0.002402731217
vn 0.975046455860 -0.221987873316 -0.002402636921
vn 0.975046157837 -0.221989154816 -0.002399482066
vn 0.975045979023 -0.221990078688 -0.002400632016
vn 0.975045979023 -0.221989989281 -0.002402663929
vn 0.975045979023 -0.221990123391 -0.002402223879
vn 0.975046098232 -0.221989482641 -0.002402444137
vn 0.975046098232 -0.221989423037 -0.002401883248
vn 0.975045740604 -0.221991032362 -0.002401464852
vn 0.975045740604 -0.221991017461 -0.002401699079
vn 0.975045859814 -0.221990659833 -0.002402460435
vn 0.975045919418 -0.221990227699 -0.002400664147
vn 0.975045859814 -0.221990495920 -0.002399547026
vn 0.975045740604 -0.221991196275 -0.002400622237
vn -0.975046157837 0.221989318728 0.002402155660
vn -0.975046098232 0.221989467740 0.002401707927
vn -0.975045859814 0.221990451217 0.002401516540
vn -0.975045800209 0.221990928054 0.002401304431
vn -0.975045800209 0.221990823746 0.002401710721
vn -0.975045919418 0.221990391612 0.002402420621
vn -0.975045979023 0.221990033984 0.002400591969
vn -0.975045919418 0.221990227699 0.002399497433
vn -0.975045740604 0.221991196275 0.002400666242
vn -0.975045442581 0.221992358565 0.002401150297
vn -0.975045561790 0.221991807222 0.002401537262
vn -0.975046217442 0.221988916397 0.002402829472
vn -0.975046098232 0.221989542246 0.002400593832
vn -0.975045740604 0.221991196275 0.002400027122
vn -0.975045859814 0.221990674734 0.002403140534
vn -0.975045919418 0.221990257502 0.002402747283
vn -0.975045979023 0.221990063787 0.002402184531
vn -0.222004905343 -0.974779725075 -0.022766282782
vn -0.218272909522 -0.960479736328 0.172729969025
vn -0.218239471316 -0.960477113724 0.172786697745
vn -0.206132173538 -0.909257650375 0.361607670784
vn -0.051027581096 -0.294188261032 -0.954384326935
vn -0.051287226379 -0.294156908989 -0.954380035400
vn -0.051269777119 -0.294159024954 -0.954380333424
vn -0.051021598279 -0.294188946486 -0.954384446144
vn -0.081921905279 -0.981888055801 0.170834898949
vn -0.081823930144 -0.981923997402 0.170675426722
vn -0.081937417388 -0.981912255287 0.170688644052
vn -0.081975787878 -0.981882095337 0.170843273401
vn -0.082120239735 -0.981884777546 0.170758903027
vn -0.082006931305 -0.981886863708 0.170801207423
vn -0.082108914852 -0.981898546219 0.170684754848
vn -0.081988930702 -0.981942534447 0.170489624143
vn 0.029806273058 0.040296193212 0.998743116856
vn 0.029667817056 0.040292788297 0.998747348785
vn 0.029677577317 0.040293026716 0.998747050762
vn 0.029810313135 0.040296297520 0.998742997646
vn 0.996225953102 -0.082467570901 -0.027073180303
vn 0.996222972870 -0.082508161664 -0.027058668435
vn 0.996223390102 -0.082506805658 -0.027046158910
vn 0.996223628521 -0.082502484322 -0.027052719146
vn -0.996216058731 0.082607179880 0.027010882273
vn 0.996223688126 -0.082504987717 -0.027039701119
vn 0.996223211288 -0.082505494356 -0.027056293562
vn -0.996219217777 0.082559868693 0.027038218454
vn 0.996225118637 -0.082496523857 -0.027016347274
vn 0.996223747730 -0.082503795624 -0.027042519301
vn 0.996226429939 -0.082489103079 -0.026991186664
vn -0.999148309231 0.013896403834 0.038851622492
vn -0.999149858952 0.013890994713 0.038814164698
vn -0.999149739742 0.013891382143 0.038816668093
vn -0.999148309231 0.013892633840 0.038853876293
vn 0.999148368835 -0.013907162473 -0.038847435266
vn -0.996451258659 -0.065899133682 0.052366085351
vn -0.996452271938 -0.065904155374 0.052339907736
vn -0.996452987194 -0.065906569362 0.052324235439
vn -0.996452867985 -0.065906241536 0.052325930446
vn -0.996450185776 -0.065894082189 0.052392829210
vn -0.999148070812 0.013879043981 0.038864742965
vn -0.999144792557 0.013919247314 0.038934502751
vn -0.999145030975 0.013917548582 0.038929428905
vn -0.999147891998 0.013893825933 0.038864433765
vn 0.999146997929 -0.013941792771 -0.038869883865
vn -0.044221363962 -0.211138322949 -0.976455330849
vn -0.044248763472 -0.211136668921 -0.976454496384
vn -0.044246681035 -0.211136803031 -0.976454555988
vn -0.044220630080 -0.211138367653 -0.976455390453
vn -0.081898212433 -0.981911420822 0.170711919665
vn -0.081952482462 -0.981922209263 0.170624002814
vn 0.037108615041 0.125869110227 0.991352558136
vn 0.037251688540 0.125885069370 0.991345167160
vn 0.037239249796 0.125883683562 0.991345822811
vn 0.037103425711 0.125868529081 0.991352856159
vn 0.002711201319 0.022754194215 -0.999737441540
vn -0.040642164648 -0.167871966958 -0.984970688820
vn -0.040635921061 -0.167845219374 -0.984975457191
vn -0.082439184189 -0.352066785097 -0.932337224483
vn 0.228584527969 0.926727294922 -0.298203766346
vn 0.228526353836 0.926739692688 -0.298209786415
vn 0.228530257940 0.926738917828 -0.298209398985
vn 0.228585869074 0.926726996899 -0.298203647137
vn 0.093812882900 -0.196897059679 -0.975925564766
vn 0.093811661005 -0.196898281574 -0.975925445557
vn 0.093812316656 -0.196899980307 -0.975925028324
vn 0.093849316239 -0.196863502264 -0.975928843021
vn 0.093852713704 -0.196698874235 -0.975961685181
vn 0.093888752162 -0.196787923574 -0.975940287113
vn 0.093890637159 -0.196497783065 -0.975998520851
vn 0.093879565597 -0.196508511901 -0.975997447968
vn -0.204369857907 -0.977819085121 0.045855563134
vn -0.204420089722 -0.977809190750 0.045842725784
vn -0.204416528344 -0.977809906006 0.045843627304
vn -0.204368397593 -0.977819442749 0.045855935663
vn 0.970851600170 -0.195680305362 0.138406559825
vn 0.970839381218 -0.195796683431 0.138327404857
vn 0.970846354961 -0.195762187243 0.138327792287
vn 0.970852077007 -0.195725888014 0.138339027762
vn -0.970865190029 0.195809364319 -0.138128072023
vn 0.970854818821 -0.195722773671 0.138323783875
vn 0.970850884914 -0.195734322071 0.138334870338
vn -0.970862627029 0.195772036910 -0.138199537992
vn 0.970862984657 -0.195689752698 0.138313367963
vn 0.970858752728 -0.195707231760 0.138318404555
vn 0.970868051052 -0.195669010282 0.138306885958
vn -0.961597323418 0.181474283338 -0.205907106400
vn -0.961579442024 0.181559145451 -0.205915451050
vn -0.961580634117 0.181553617120 -0.205914556980
vn -0.961590409279 0.181442558765 -0.205967053771
vn 0.961617171764 -0.181557044387 0.205741226673
vn -0.944979429245 0.163806870580 -0.283162653446
vn -0.944973826408 0.163829609752 -0.283168286085
vn -0.944953143597 0.163922637701 -0.283183604479
vn -0.944953501225 0.163921386003 -0.283183246851
vn -0.944985508919 0.163782462478 -0.283156722784
vn -0.961598992348 0.181481257081 -0.205892756581
vn -0.961590647697 0.181503519416 -0.205912411213
vn -0.961591064930 0.181501910090 -0.205911874771
vn -0.961596786976 0.181481271982 -0.205903306603
vn 0.961589217186 -0.181483343244 0.205936580896
vn 0.222177907825 0.950847029686 -0.215700894594
vn 0.222294375300 0.950824201107 -0.215681597590
vn 0.222285538912 0.950825929642 -0.215683087707
vn 0.222174778581 0.950847625732 -0.215701431036
vn 0.093875363469 -0.196609556675 -0.975977480412
vn 0.093825533986 -0.196446001530 -0.976015210152
vn -0.214094936848 -0.967995643616 0.130949646235
vn -0.214168563485 -0.967982769012 0.130923882127
vn -0.214162155986 -0.967983901501 0.130926117301
vn -0.214092254639 -0.967996060848 0.130950585008
vn -0.975046217442 0.221989020705 0.002402605023
vn -0.975046157837 0.221989125013 0.002402584767
vn -0.975046217442 0.221988901496 0.002402625280
vn -0.183066830039 -0.797874033451 -0.574354946613
vn -0.183083102107 -0.797869443893 -0.574356138706
vn -0.183095708489 -0.797869324684 -0.574352264404
vn -0.183079376817 -0.797873973846 -0.574351012707
vn -0.179443299770 -0.798696041107 -0.574356019497
vn 0.125556543469 0.560462713242 -0.818606853485
vn 0.125544354320 0.560461640358 -0.818609416485
vn 0.125582084060 0.560464918613 -0.818601369858
vn 0.125593841076 0.560465872288 -0.818598926067
vn 0.183040425181 0.797893106937 0.574336826801
vn 0.183054789901 0.797903597355 0.574317693710
vn 0.183042660356 0.797900915146 0.574325323105
vn 0.183045566082 0.797882974148 0.574349284172
vn 0.183059960604 0.797871589661 0.574360489845
vn -0.125574916601 -0.560447216034 0.818614602089
vn -0.125572368503 -0.560448825359 0.818613946438
vn -0.125580474734 -0.560443878174 0.818616032600
vn -0.125583142042 -0.560442268848 0.818616747856
vn 0.143010213971 0.636387765408 -0.757996559143
vn 0.135022640228 0.601623833179 -0.787285089493
vn 0.080030605197 0.654856026173 -0.751504302025
vn 0.062851846218 0.668271481991 -0.741257667542
vn 0.106918916106 0.479044377804 -0.871254742146
vn 0.115782849491 0.517747581005 -0.847662568092
vn 0.169186145067 0.457350343466 -0.873044490814
vn 0.185599371791 0.440556734800 -0.878329455853
vn -0.143020272255 -0.636399328709 0.757984936237
vn -0.135038480163 -0.601615786552 0.787288427353
vn -0.207812368870 -0.625758290291 0.751824855804
vn -0.229134693742 -0.630405247211 0.741678178310
vn -0.106908671558 -0.479040116072 0.871258318424
vn -0.115777917206 -0.517726004124 0.847676396370
vn -0.041375197470 -0.486455678940 0.872725069523
vn -0.019296161830 -0.478426426649 0.877915620804
vn -0.129717066884 -0.578469991684 0.805323541164
vn -0.125580266118 -0.560452222824 0.818610370159
vn -0.159333989024 -0.552413165569 0.818200707436
vn -0.159751340747 -0.570083022118 0.805906236172
vn -0.108978554606 -0.836966753006 -0.536293148994
vn -0.119198955595 -0.848527073860 -0.515551626682
vn -0.192342966795 -0.839312851429 -0.508486092091
vn -0.189418748021 -0.826247155666 -0.530505597591
vn 0.098006740212 0.787932515144 0.607912003994
vn 0.102002359927 0.771764159203 0.627674818039
vn 0.172680601478 0.751570224762 0.636650383472
vn 0.176215097308 0.767314553261 0.616584718227
vn 0.129721492529 0.578464031219 -0.805327117443
vn 0.125584587455 0.560449659824 -0.818611443043
vn 0.091697797179 0.567809641361 -0.818036556244
vn 0.099029496312 0.583900332451 -0.805762767792
vn 0.266580581665 0.801067054272 0.535935103893
vn 0.262277245522 0.815939068794 0.515222430229
vn 0.192338764668 0.839303791523 0.508502662182
vn 0.189424723387 0.826224863529 0.530538141727
vn -0.255611628294 -0.752049207687 -0.607523441315
vn -0.245097786188 -0.739178419113 -0.627329587936
vn -0.172682031989 -0.751555800438 -0.636666953564
vn -0.176221787930 -0.767343759537 -0.616546392441
vn -0.969482004642 0.242852613330 0.033572595567
vn -0.971521914005 0.236596107483 0.012942234986
vn -0.968973219395 0.246354088187 0.020011672750
vn -0.966063201427 0.252388089895 0.054973941296
vn 0.966999709606 -0.253644466400 -0.023999573663
vn -0.973325669765 0.229299709201 0.007667017635
vn -0.974760174751 0.223230242729 0.003293653717
vn -0.962778270245 0.270194947720 0.007254493888
vn 0.980719089508 -0.195171907544 0.009893463925
vn 0.978243768215 -0.207298636436 0.008147543296
vn 0.975046038628 -0.221989780664 -0.002401363803
vn 0.979087114334 -0.198638662696 0.043944440782
vn 0.183500662446 0.799822509289 0.571499288082
vn 0.183070510626 0.797884404659 0.574339389801
vn 0.060800403357 0.819247007370 0.570208489895
vn 0.106225751340 0.825503945351 0.554309725761
vn -0.183502316475 -0.799820303917 -0.571501970291
vn -0.183071136475 -0.797879338264 -0.574346184731
vn -0.302533864975 -0.764207184315 -0.569614470005
vn -0.264170378447 -0.789559543133 -0.553904056549
vn 0.072840698063 0.640466392040 -0.764524102211
vn 0.143249779940 0.637410640717 -0.757091283798
vn 0.229155898094 0.630415678024 -0.741662740707
vn 0.208024129272 0.609710872173 -0.764838933945
vn 0.207807153463 0.625765919685 -0.751819968224
vn 0.176749289036 0.473738551140 -0.862746477127
vn 0.106657251716 0.477896749973 -0.871916830540
vn 0.019305825233 0.478426843882 -0.877915143967
vn 0.041714861989 0.504478752613 -0.862415909767
vn 0.041391558945 0.486457347870 -0.872723340988
vn -0.207933068275 -0.609674096107 0.764893054962
vn -0.143248945475 -0.637405395508 0.757095873356
vn -0.062872193754 -0.668270528316 0.741256833076
vn -0.072902590036 -0.640410006046 0.764565467834
vn -0.080042049289 -0.654864370823 0.751495838165
vn -0.041696280241 -0.504466891289 0.862423717976
vn -0.106648378074 -0.477879881859 0.871927142143
vn -0.185593470931 -0.440562456846 0.878327846527
vn -0.176764667034 -0.473676592112 0.862777352333
vn -0.169187709689 -0.457365214825 0.873036444187
vn -0.099011085927 -0.583908915520 0.805758774281
vn -0.091676324606 -0.567816257477 0.818034350872
vn -0.121380090714 -0.542143523693 0.831472992897
vn -0.091233432293 -0.550025224686 0.830149829388
vn -0.151973143220 -0.536197006702 0.830299317837
vn -0.130199894309 -0.859270453453 -0.494673907757
vn -0.195088341832 -0.851615548134 -0.486509412527
vn -0.262298047543 -0.815948247910 -0.515197336674
vn -0.256920754910 -0.830408453941 -0.494381994009
vn -0.266604989767 -0.801085233688 -0.535895884037
vn 0.976042985916 -0.213137432933 0.043731417507
vn 0.970181047916 -0.232907310128 0.067104227841
vn 0.963482737541 -0.261740267277 0.056506548077
vn 0.969644963741 -0.242870837450 0.028325796127
vn 0.963688433170 -0.266982764006 0.004971208982
vn 0.959078967571 -0.281292408705 0.032280333340
vn 0.106821611524 0.755045294762 0.646912455559
vn 0.169090002775 0.735588371754 0.655986607075
vn 0.245092675090 0.739184558392 0.627324342728
vn 0.233602046967 0.726178765297 0.646602332592
vn 0.255600005388 0.752051532269 0.607525467873
vn 0.971896529198 -0.230352118611 -0.048529885709
vn 0.975061237812 -0.209967538714 -0.071896530688
vn 0.981554508209 -0.181088641286 -0.061299119145
vn 0.979072570801 -0.200796589255 -0.033128216863
vn 0.984250366688 -0.176509946585 -0.009770357050
vn 0.986161828041 -0.161587670445 -0.037071768194
vn 0.159743934870 0.570082306862 -0.805908262730
vn 0.159325212240 0.552411079407 -0.818203866482
vn 0.121390618384 0.542138695717 -0.831474602222
vn 0.151983544230 0.536181092262 -0.830307722092
vn 0.091252177954 0.550021708012 -0.830150127411
vn 0.256911396980 0.830412328243 0.494380265474
vn 0.195082351565 0.851612210274 0.486517697573
vn 0.119204871356 0.848523199558 0.515556633472
vn 0.130207374692 0.859259247780 0.494691371918
vn 0.108995795250 0.836958348751 0.536302745342
vn -0.233556091785 -0.726236224174 -0.646554350853
vn -0.169083103538 -0.735569596291 -0.656009435654
vn -0.101990535855 -0.771752655506 -0.627690851688
vn -0.106837093830 -0.755035042763 -0.646921932697
vn -0.098004229367 -0.787940740585 -0.607901751995
vn -0.966184914112 0.257566809654 0.012082213536
vn -0.969505429268 0.240595594049 0.046614132822
vn 0.967268526554 -0.252445101738 -0.025751125067
vn -0.959815084934 0.280270874500 0.014255324379
vn -0.969173431396 0.246371045709 0.002019386506
vn -0.967966318130 0.250080943108 0.022374557331
vn 0.967999398708 -0.249930068851 -0.022629279643
vn -0.975047171116 0.221984907985 0.002396987053
vn -0.978467881680 0.205572634935 -0.018449706957
vn -0.980853497982 0.193888306618 -0.018268611282
vn -0.973440706730 0.225739672780 -0.038140136749
vn -0.977648437023 0.207898959517 -0.031329672784
vn -0.978885054588 0.201015144587 -0.037105571479
vn 0.977107226849 -0.212195545435 0.015310226940
vn -0.978245854378 0.207289010286 -0.008144467138
vn -0.980258285999 0.191262051463 -0.050125405192
vn -0.980006396770 0.198385432363 -0.015185758471
vn -0.978241562843 0.207309424877 -0.008136561140
vn -0.982082784176 0.188434332609 0.002442093333
vn 0.979305624962 -0.202384427190 0.000985058723
vn 0.979303538799 -0.202394455671 0.000984864542
vn -0.987109541893 0.159831762314 -0.008280516602
vn -0.979737639427 0.199837997556 0.013376222923
vn -0.980883479118 0.193777725101 -0.017823917791
vn 0.980881571770 -0.193784639239 0.017858710140
vn -0.975046157837 0.221989095211 0.002403749852
vn -0.970925986767 0.238247781992 0.023253671825
vn -0.968019187450 0.249812722206 0.023076079786
vn -0.975033223629 0.217865705490 0.042949810624
vn 0.979293763638 -0.201532959938 0.019188066944
vn 0.985203921795 -0.171337753534 0.004080433398
vn 0.956372261047 -0.267068058252 0.118434973061
vn 0.974579274654 -0.224041953683 0.000597737031
vn 0.968362510204 -0.244738623500 -0.048754423857
vn 0.945380628109 -0.314970076084 0.083959691226
vn 0.968492865562 -0.248607218266 -0.014698748477
vn 0.971519052982 -0.236607328057 -0.012949304655
vn 0.969917654991 -0.242248386145 -0.023987440392
vn 0.962244212627 -0.272042810917 -0.008875225671
vn 0.977161586285 -0.173159420490 -0.123170696199
vn 0.975499331951 -0.219935715199 -0.005400760565
vn 0.988150894642 -0.125266671181 -0.088691197336
vn 0.264191031456 0.789546072483 0.553913474083
vn 0.302513033152 0.764216780663 0.569612622261
vn 0.182631686330 0.795937836170 0.577172994614
vn 0.258606314659 0.764623343945 0.590316832066
vn 0.100649066269 0.800588548183 0.590701103210
vn -0.106256708503 -0.825507581234 -0.554298400879
vn -0.060785606503 -0.819244861603 -0.570213079453
vn -0.182640478015 -0.795933306217 -0.577176392078
vn -0.100661970675 -0.800571858883 -0.590721428394
vn -0.258617877960 -0.764616131783 -0.590321123600
vn -0.975045919418 0.221990227699 0.002400785917
vn -0.975045979023 0.221990123391 0.002400804311
vn -0.975045919418 0.221990227699 0.002400785685
vn -0.975045919418 0.221990317106 0.002400767524
vn 0.183041870594 0.797898173332 0.574329316616
vn 0.183057501912 0.797894656658 0.574329316616
vn 0.183057442307 0.797894656658 0.574329257011
vn 0.183041810989 0.797898232937 0.574329316616
vn 0.180236294866 0.798533439636 0.574333786964
vn -0.125590085983 -0.560442328453 0.818615674973
vn -0.125588789582 -0.560443043709 0.818615376949
vn -0.125592797995 -0.560440659523 0.818616330624
vn -0.125594064593 -0.560439944267 0.818616688251
vn -0.183064386249 -0.797878921032 -0.574348866940
vn -0.183061018586 -0.797892153263 -0.574331641197
vn -0.183068811893 -0.797886013985 -0.574337661266
vn -0.183051943779 -0.797872304916 -0.574362099171
vn -0.183030903339 -0.797867596149 -0.574375391006
vn 0.125622257590 0.560452461243 -0.818603754044
vn 0.125632286072 0.560453474522 -0.818601548672
vn 0.125600636005 0.560450315475 -0.818608582020
vn 0.125590220094 0.560449242592 -0.818610906601
vn -0.984516918659 0.175082057714 0.008524854667
vn -0.980953395367 0.193468227983 -0.017332328483
vn -0.981059849262 0.192940384150 -0.017190665007
vn -0.984450697899 0.175496920943 0.007590179332
vn -0.963303923607 0.268386960030 -0.003737769555
vn -0.963421821594 0.267974883318 -0.002794330940
vn -0.971409618855 0.232204377651 0.049441292882
vn -0.971353650093 0.232641041279 0.048477899283
vn -0.976411342621 0.211254552007 -0.044635124505
vn -0.976544439793 0.210839152336 -0.043678559363
vn -0.981722593307 0.179282397032 0.063862994313
vn -0.986885666847 0.155135020614 0.044607598335
vn -0.986986219883 0.156335458159 0.037648640573
vn -0.981722652912 0.179281949997 0.063862822950
vn -0.987014770508 0.156913250685 0.034351423383
vn -0.975436270237 0.205035150051 0.080527186394
vn -0.974418282509 0.211111634970 0.077077515423
vn -0.973917424679 0.213998109102 0.075430124998
vn 0.125584945083 0.560437560081 -0.818619728088
vn 0.125572204590 0.560440838337 -0.818619370461
vn 0.125572219491 0.560440838337 -0.818619370461
vn 0.125577479601 0.560439705849 -0.818619370461
vn 0.125801488757 0.560388743877 -0.818619906902
vn 0.125284254551 0.560509562492 -0.818616449833
vn 0.133104041219 0.558491945267 -0.818761289120
vn -0.183071672916 -0.797861278057 -0.574371159077
vn -0.196188479662 -0.794830083847 -0.574243187904
vn -0.183061271906 -0.797891736031 -0.574332058430
vn -0.183067530394 -0.797887146473 -0.574336528778
vn -0.183082774282 -0.797863900661 -0.574363887310
vn -0.183050081134 -0.797832906246 -0.574417352676
vn -0.125595077872 -0.560444295406 0.818613529205
vn -0.125571727753 -0.560441315174 0.818619132042
vn -0.125582754612 -0.560445845127 0.818614363670
vn -0.125606968999 -0.560439348221 0.818615138531
vn -0.125615969300 -0.560429275036 0.818620622158
vn 0.183066248894 0.797871351242 0.574358880520
vn 0.183055117726 0.797855257988 0.574384748936
vn 0.183073595166 0.797872781754 0.574354529381
vn 0.183067679405 0.797884404659 0.574340283871
vn 0.183062940836 0.797886967659 0.574338197708
vn 0.168332248926 0.801141679287 0.574313819408
vn -0.975045859814 0.221990644932 0.002403798513
vn -0.975045979023 0.221990138292 0.002400820144
vn -0.975045740604 0.221991166472 0.002406777348
vn -0.962865591049 0.263441562653 -0.059062916785
vn -0.956977725029 0.287419080734 -0.039797652513
vn -0.957554280758 0.286374449730 -0.032854620367
vn -0.962865293026 0.263441860676 -0.059065636247
vn -0.957813739777 0.285866260529 -0.029552737251
vn -0.968424499035 0.237525254488 -0.075734511018
vn -0.970121741295 0.231600224972 -0.072284564376
vn -0.970910727978 0.228785589337 -0.070635788143
vn -0.125607535243 -0.560448467731 0.818608760834
vn -0.125554934144 -0.560466647148 0.818604409695
vn -0.125605925918 -0.560435831547 0.818617701530
vn -0.125629067421 -0.560424387455 0.818621933460
vn -0.125933811069 -0.560355067253 0.818622589111
vn -0.126877158880 -0.560145676136 0.818620204926
vn -0.132027789950 -0.559103310108 0.818518340588
vn 0.183065801859 0.797860980034 0.574373424053
vn 0.063057668507 0.819003283978 0.570313453674
vn 0.183085024357 0.797888576984 0.574329018593
vn 0.183092355728 0.797883570194 0.574333548546
vn 0.183069586754 0.797866642475 0.574364364147
vn 0.183089151978 0.797815978527 0.574428498745
vn 0.125551834702 0.560460507870 -0.818609058857
vn 0.125557675958 0.560452044010 -0.818614006042
vn 0.125553518534 0.560456573963 -0.818611502647
vn 0.125551775098 0.560463607311 -0.818606972694
vn 0.125554487109 0.560464680195 -0.818605780602
vn -0.183031335473 -0.797899127007 -0.574331343174
vn -0.183030501008 -0.797912895679 -0.574312567711
vn -0.183038964868 -0.797890901566 -0.574340403080
vn -0.183092668653 -0.797886848450 -0.574328958988
vn -0.183086693287 -0.797894001007 -0.574320852757
vn -0.095854088664 -0.814464628696 -0.572240650654
vn -0.975045621395 0.221991598606 0.002400534926
vn -0.975045681000 0.221991345286 0.002399057616
vn -0.975045561790 0.221991851926 0.002402012469
vn 0.200019448996 0.969691216946 -0.140325143933
vn 0.195531964302 0.967566132545 -0.159946799278
vn 0.201745867729 0.964099943638 -0.172655135393
vn 0.202200070024 0.964011788368 -0.172616213560
vn -0.974222958088 0.224786490202 0.018988221884
vn -0.932771027088 0.360388040543 0.007662587799
vn -0.942881107330 0.332653760910 -0.017792221159
vn -0.975046634674 0.221987009048 0.002403028309
vn -0.236157223582 -0.949873328209 0.204866722226
vn -0.240103632212 -0.948874115944 0.204909831285
vn -0.242970272899 -0.954530775547 0.172732055187
vn -0.234253481030 -0.956704497337 0.172747328877
vn -0.912696301937 0.402840077877 0.068595156074
vn -0.926760017872 0.368923753500 0.070789091289
vn -0.822090148926 0.565910041332 -0.062558352947
vn -0.808679461479 0.584506809711 -0.066250346601
vn -0.213965952396 -0.961449801922 0.172721594572
vn -0.212986111641 -0.966439604759 0.143636032939
vn -0.227502286434 -0.966593265533 0.118068605661
vn -0.226122528315 -0.958620786667 0.172958672047
vn 0.476421594620 0.858221888542 -0.190991356969
vn 0.599968492985 0.770020067692 -0.217041239142
vn 0.221179232001 0.948397934437 -0.227202668786
vn 0.223155081272 0.959399044514 -0.172496765852
vn -0.004818513989 0.174612253904 -0.984625518322
vn -0.011148313060 0.116064161062 -0.993179142475
vn 0.044133339077 0.274550616741 0.960559308529
vn -0.971357524395 0.196968510747 -0.132920682430
vn -0.997435808182 0.032180193812 -0.063923276961
vn -0.995436906815 0.068832978606 -0.066086739302
vn -0.985754907131 -0.154270082712 0.066992551088
vn -0.981699049473 -0.176848798990 0.070650279522
vn -0.083568483591 -0.265590995550 -0.960457026958
vn -0.084927581251 -0.218922063708 -0.972039282322
vn -0.855591356754 0.102547787130 -0.507392704487
vn -0.960361719131 0.243067622185 0.136467993259
vn -0.692472457886 -0.073412597179 -0.717699408531
vn -0.747999548912 -0.027778208256 -0.663117647171
vn -0.743598520756 0.049040213227 -0.666825532913
vn -0.672709763050 0.019847253338 -0.739640235901
vn -0.765645742416 0.014476327226 -0.643099486828
vn -0.668783843517 -0.024106709287 -0.743066012859
vn -0.625479876995 0.020762320608 -0.779964029789
vn -0.710999846458 0.035577438772 -0.702291548252
vn 0.639670491219 0.653055608273 -0.405388623476
vn 0.652784764767 0.681534886360 -0.330729901791
vn 0.608981072903 0.044269304723 0.791948437691
vn 0.290057539940 0.149292126298 0.945292770863
vn 0.313832819462 0.103689268231 0.943799495697
vn 0.601770818233 0.006685564760 0.798640847206
vn -0.592216849327 -0.714453220367 0.372606605291
vn -0.395894587040 -0.889599919319 0.227770298719
vn -0.472072511911 -0.856152057648 0.210121661425
vn -0.642609000206 -0.684172570705 0.344907999039
vn -0.921706438065 0.229724869132 0.312543779612
vn -0.921831429005 0.242625728250 0.302257508039
vn -0.916335523129 0.262929081917 0.301989197731
vn -0.914364755154 0.262872099876 0.307953357697
vn 0.150310263038 0.972669064999 -0.176979243755
vn 0.296903014183 0.893157303333 -0.337814480066
vn 0.453137874603 0.826586484909 -0.333797365427
vn 0.239715486765 0.950049877167 -0.199854046106
vn 0.959021389484 -0.222723037004 -0.175135165453
vn 0.962089657784 -0.223138272762 -0.156820550561
vn 0.957519173622 -0.244785442948 -0.152436971664
vn 0.953783154488 -0.247472986579 -0.170454859734
vn -0.122431166470 -0.980892121792 0.151198953390
vn -0.369092017412 -0.835589289665 0.406892567873
vn -0.391060233116 -0.858746290207 0.331099152565
vn -0.196261093020 -0.966836094856 0.163430497050
vn 0.194572985172 0.963225007057 -0.185307487845
vn 0.197370588779 0.958714425564 -0.204723119736
vn 0.193300247192 0.959518015385 -0.204841703176
vn 0.193377733231 0.965825736523 -0.172585010529
vn 0.196014732122 0.970528662205 -0.140186682343
vn -0.935227751732 0.350251436234 -0.051700677723
vn -0.975594937801 0.219119548798 -0.014183396474
vn -0.996875405312 0.078936129808 -0.002902174601
vn -0.993864059448 0.108282379806 0.022562449798
vn -0.994424700737 0.089071124792 0.056442767382
vn -0.242782726884 -0.959871888161 0.140365242958
vn -0.238820865750 -0.960854589939 0.140438646078
vn -0.241831436753 -0.957028388977 0.160044312477
vn -0.234698772430 -0.956594347954 0.172753334045
vn -0.240773960948 -0.952704370022 0.185424208641
vn -0.934416115284 0.337319582701 -0.114376626909
vn -0.920690715313 0.369850695133 -0.124655589461
vn -0.920318603516 -0.390538841486 -0.022203285247
vn -0.928961336613 -0.369568169117 -0.021216880530
vn -0.880633950233 -0.459703624249 0.114701464772
vn -0.871114969254 -0.476883888245 0.117219641805
vn -0.919121205807 -0.329104065895 0.216579556465
vn -0.910147130489 -0.348669409752 0.223744913936
vn -0.621547937393 -0.775328695774 0.111997626722
vn -0.222265884280 -0.948204159737 0.226950824261
vn -0.210593372583 -0.956551134586 0.201643809676
vn 0.223321557045 0.953673660755 -0.201578751206
vn 0.222527295351 0.959505379200 -0.172716289759
vn 0.225710242987 0.963536024094 -0.143711879849
vn 0.226316466928 0.966915547848 -0.117708064616
vn 0.427764892578 0.896687448025 -0.113880373538
vn 0.022819383070 0.233167544007 0.972168803215
vn -0.814146697521 0.276628792286 0.510530650616
vn -0.003736821935 0.116052754223 0.993236005306
vn -0.002733516507 0.068243019283 0.997664988041
vn -0.133446291089 -0.422467887402 -0.896500349045
vn -0.151602625847 -0.471715062857 -0.868620455265
vn -0.013281299733 -0.003531876253 -0.999905586243
vn -0.005635585636 0.041977815330 -0.999102652073
vn -0.036205768585 -0.116710722446 -0.992505788803
vn -0.047529604286 -0.166137397289 -0.984956502914
vn -0.040833137929 -0.120011262596 -0.991932451725
vn -0.051808342338 -0.165786013007 -0.984799921513
vn -0.062675222754 -0.210369944572 -0.975610733032
vn -0.059352260083 -0.215403631330 -0.974719762802
vn -0.098036937416 -0.364700734615 -0.925949335098
vn -0.085930913687 -0.323287427425 -0.942391157150
vn -0.987795174122 0.100384801626 0.119094707072
vn -0.989459931850 0.065107576549 0.129344478250
vn -0.660483956337 0.750387728214 0.026060143486
vn -0.677368104458 0.735214591026 0.025137027726
vn -0.595278143883 0.795805454254 -0.111074760556
vn -0.579237103462 0.807186901569 -0.113726109266
vn -0.687250077724 0.694631934166 -0.212541386485
vn -0.670677125454 0.708437263966 -0.219792544842
vn -0.058286778629 -0.101942658424 -0.993081212044
vn -0.036694511771 -0.058894116431 -0.997589588165
vn 0.066938355565 0.438545346260 0.896212697029
vn 0.071774818003 0.490985602140 0.868205904961
vn -0.005776763428 0.007711249404 0.999953567982
vn -0.018593836576 -0.036639541388 0.999155580997
vn 0.035691648722 0.117954321206 0.992377400398
vn 0.047287534922 0.166583910584 0.984892725945
vn 0.326235741377 0.051172543317 0.943902313709
vn 0.058213993907 0.214516818523 0.974983930588
vn 0.073762655258 0.369598209858 0.926259279251
vn 0.066855177283 0.327199846506 0.942587196827
vn -0.075314000249 -0.156259164214 0.984840512276
vn -0.055638287216 -0.100761018693 0.993353724480
vn -0.715070426464 0.117000892758 -0.689191579819
vn -0.649847149849 0.114205136895 -0.751435875893
vn -0.571281611919 0.090651817620 -0.815732538700
vn -0.592664241791 -0.010170975700 -0.805385410786
vn -0.616321146488 -0.107822634280 -0.780078530312
vn -0.604770421982 0.038272980601 -0.795479655266
vn -0.645939588547 0.055771190673 -0.761348485947
vn -0.742359757423 0.093237981200 -0.663482189178
vn -0.785161018372 0.048736829311 -0.617370903492
vn -0.800764560699 0.030713658780 -0.598191142082
vn 0.656141102314 0.703082740307 -0.274141401052
vn 0.472203075886 0.809245884418 -0.349492996931
vn 0.594436168671 -0.030924705788 0.803547978401
vn 0.632472395897 -0.043642032892 0.773352444172
vn 0.648184359074 -0.021354001015 0.761183977127
vn 0.674357831478 0.018615288660 0.738169968128
vn -0.698909282684 -0.639180421829 0.320895940065
vn -0.475714027882 -0.802959382534 0.359099447727
vn -0.913257300854 0.281671702862 0.294316411018
vn -0.906903743744 0.295947939157 0.299900531769
vn -0.905787646770 0.296191692352 0.303016722202
vn -0.914158701897 0.263183712959 0.308298975229
vn -0.920821368694 0.230029508471 0.314919799566
vn 0.313821554184 0.925519227982 -0.211967080832
vn 0.261604279280 0.944913744926 -0.196726277471
vn 0.225478008389 0.955189466476 -0.191762119532
vn 0.148140504956 0.973135650158 -0.176242306828
vn 0.952275693417 -0.266759306192 -0.148358851671
vn 0.947873413563 -0.271916955709 -0.166123792529
vn 0.943025290966 -0.276367306709 -0.185268342495
vn 0.949460744858 -0.249888524413 -0.189947307110
vn 0.955092012882 -0.223264932632 -0.194812372327
vn -0.288278996944 -0.939854979515 0.183215186000
vn -0.287301510572 -0.942941129208 0.168284758925
vn -0.210919603705 -0.965361773968 0.153588593006
vn -0.174294069409 -0.973470926285 0.148242801428
vn -0.052875496447 -0.131927683949 -0.989848077297
vn -0.061001025140 -0.150255098939 -0.986763536930
vn -0.057121828198 -0.164111822844 -0.984786450863
vn -0.056641243398 -0.164202138782 -0.984799146652
vn -0.971231818199 0.238135516644 -0.000522156071
vn -0.963978827000 0.224905639887 -0.141993999481
vn -0.973119854927 0.200859650970 -0.112663470209
vn -0.975045442581 0.221992105246 0.002417889656
vn 0.028372872621 0.203639611602 0.978634715080
vn 0.024372853339 0.204617038369 0.978538632393
vn 0.015813156962 0.173481687903 0.984710097313
vn 0.024624615908 0.171520143747 0.984872817993
vn -0.940814316273 0.282176703215 -0.187735617161
vn -0.946276545525 0.285650789738 -0.151539787650
vn -0.919170737267 0.142891392112 -0.367024660110
vn -0.911318898201 0.137273371220 -0.388141542673
vn 0.044943366200 0.166907876730 0.984947621822
vn 0.040601667017 0.138167068362 0.989576339722
vn 0.021174300462 0.116248734295 0.992994368076
vn 0.032790578902 0.169899553061 0.984915673733
vn 0.223143056035 -0.246039301157 -0.943224132061
vn 0.354163259268 -0.302254587412 -0.884991824627
vn -0.047206837684 -0.222371235490 -0.973818540573
vn -0.035704396665 -0.168808519840 -0.985001981258
vn -0.259062677622 -0.950872004032 -0.169495984912
vn -0.254145860672 -0.960780203342 -0.110956698656
vn 0.192802906036 0.941153407097 -0.277591824532
vn -0.995786488056 0.088046476245 0.025632815436
vn -0.969373524189 0.152720496058 0.192331403494
vn -0.975971639156 0.151988327503 0.156137347221
vn -0.888685464859 0.268720179796 0.371520578861
vn -0.879076421261 0.270337313414 0.392609626055
vn -0.232316926122 -0.932173073292 0.277636706829
vn -0.246282488108 -0.940935432911 0.232347667217
vn -0.947464048862 -0.306509733200 0.091452889144
vn -0.936109364033 0.351065993309 -0.021258549765
vn -0.799927115440 -0.555557250977 0.226876094937
vn -0.850684881210 -0.488220810890 0.194873362780
vn -0.864140152931 -0.488974988461 0.119017854333
vn -0.806351065636 -0.576614558697 0.131581127644
vn -0.872345566750 -0.462782412767 0.157624930143
vn -0.793754696846 -0.582962751389 0.173516288400
vn -0.770472049713 -0.626065433025 0.120061770082
vn -0.838002741337 -0.531202077866 0.124802552164
vn 0.376123428345 -0.500246345997 -0.779926061630
vn 0.398777425289 -0.428808450699 -0.810616970062
vn 0.743232011795 0.644440889359 -0.179727420211
vn 0.450716078281 0.867491066456 -0.210509240627
vn 0.482967853546 0.858701229095 -0.171388924122
vn 0.746081888676 0.650639653206 -0.141526430845
vn -0.324919313192 0.454979956150 0.829108357430
vn -0.131700515747 0.263097941875 0.955737650394
vn -0.215318575501 0.263792216778 0.940240144730
vn -0.385508507490 0.440283983946 0.810884177685
vn -0.857905983925 0.513522505760 -0.017086280510
vn -0.863114774227 0.504136860371 -0.029645413160
vn -0.862389445305 0.503704309464 -0.050660450011
vn -0.859190225601 0.509103178978 -0.051048897207
vn -0.108893834054 -0.156889334321 -0.981594562531
vn 0.012449264526 -0.349056094885 -0.937019109726
vn 0.176550045609 -0.381901174784 -0.907183289528
vn -0.023989634588 -0.199453070760 -0.979613661766
vn 0.922030448914 -0.387112557888 0.001904124627
vn 0.929060518742 -0.369924098253 0.001637268462
vn 0.930416166782 -0.365734279156 0.023752199486
vn 0.923495471478 -0.382643282413 0.027205847204
vn 0.131418213248 0.125371098518 0.983367323875
vn -0.078531108797 0.434794187546 0.897099137306
vn -0.111079543829 0.364397168159 0.924595057964
vn 0.060819767416 0.153799101710 0.986228585243
vn -0.066551029682 -0.174888312817 -0.982336521149
vn -0.067147217691 -0.194749638438 -0.978551924229
vn -0.071258910000 -0.194013714790 -0.978407263756
vn -0.065449059010 -0.162174418569 -0.984589159489
vn -0.056867357343 -0.130801603198 -0.989776253700
vn -0.977142989635 0.166994929314 -0.131545439363
vn -0.978583633900 0.205780997872 0.005305863917
vn -0.965659022331 0.214433267713 0.146700203419
vn -0.963623106480 0.240081652999 0.117435894907
vn -0.952507793903 0.272315055132 0.136284321547
vn 0.010020686314 0.141529008746 0.989883363247
vn 0.014074036852 0.140731811523 0.989947736263
vn 0.014708053321 0.160704120994 0.986892998219
vn 0.024194668978 0.171619296074 0.984866201878
vn 0.020352855325 0.185497000813 0.982434034348
vn -0.987300217152 0.105030313134 -0.119192875922
vn -0.983625590801 0.093667216599 -0.153971269727
vn -0.794365525246 0.156128421426 0.587032616138
vn -0.806968450546 0.159977182746 0.568514764309
vn -0.711343109608 0.277721196413 0.645648419857
vn -0.697952866554 0.277318984270 0.660269618034
vn -0.754275739193 0.391746193171 0.526880323887
vn -0.739867389202 0.395856291056 0.543961405754
vn -0.396701753139 0.203976184130 0.894998013973
vn 0.046035435051 0.222242265940 0.973904073238
vn 0.053419217467 0.194546014071 0.979437708855
vn -0.040647204965 -0.197461396456 -0.979467630386
vn -0.036362342536 -0.168860360980 -0.984969019890
vn -0.027851246297 -0.141049802303 -0.989610671997
vn -0.022291097790 -0.115583695471 -0.993047595024
vn 0.185403048992 -0.158491894603 -0.969796895981
vn 0.184223935008 0.955033242702 -0.232320785522
vn -0.722286164761 0.686159431934 -0.086532838643
vn 0.189173400402 0.975505590439 -0.112259872258
vn 0.201607599854 0.977242887020 -0.065959125757
vn -0.231342270970 -0.866600751877 0.442135512829
vn -0.231694594026 -0.837880134583 0.494241267443
vn -0.231472790241 -0.972820341587 0.006395367440
vn -0.233986645937 -0.971429586411 -0.039683986455
vn -0.226874381304 -0.966269731522 0.121863909066
vn -0.225167691708 -0.958916187286 0.172566607594
vn -0.230408936739 -0.964894056320 0.126060456038
vn -0.229269996285 -0.957836449146 0.173160523176
vn -0.227830529213 -0.948737978935 0.219064980745
vn -0.223377406597 -0.948828995228 0.223217263818
vn -0.216766417027 -0.900307655334 0.377436518669
vn -0.217932999134 -0.916903674603 0.334354341030
vn -0.934905648232 0.332576811314 0.123871281743
vn -0.926513016224 0.341190785170 0.158626794815
vn -0.786532998085 0.203853294253 -0.582932054996
vn -0.799483716488 0.205819144845 -0.564326405525
vn -0.764560341835 0.058330811560 -0.641907334328
vn -0.752374053001 0.052902169526 -0.656608462334
vn -0.852078139782 -0.026008225977 -0.522768080235
vn -0.840945780277 -0.035940192640 -0.539924502373
vn -0.251209676266 -0.961374819279 0.112481400371
vn -0.241065725684 -0.968273520470 0.065830320120
vn 0.164610743523 0.881872057915 -0.441819906235
vn 0.151614785194 0.856194794178 -0.493906170130
vn 0.212446525693 0.977152884007 -0.006214514840
vn 0.209791570902 0.976931214333 0.039910521358
vn 0.226078942418 0.966310083866 -0.123016260564
vn 0.224810585380 0.958933770657 -0.172934070230
vn 0.506236016750 0.853588819504 -0.122927539051
vn 0.222537592053 0.949307680130 -0.222018003464
vn 0.192613840103 0.905919969082 -0.377105861902
vn 0.198935598135 0.921298325062 -0.334116697311
vn 0.178903177381 0.969115734100 0.169730395079
vn 0.187349691987 0.975985586643 0.111140139401
vn -0.856818914413 -0.513529241085 0.046357546002
vn -0.807861506939 -0.588362932205 0.034477543086
vn -0.742136895657 -0.669064521790 0.039816472679
vn -0.738142728806 -0.659345507622 0.142858996987
vn -0.733766794205 -0.634357988834 0.243261665106
vn -0.758028328419 -0.644766509533 0.098331771791
vn -0.793522834778 -0.601766705513 0.090544514358
vn -0.871913194656 -0.483786493540 0.075617231429
vn -0.892757892609 -0.431785345078 0.128626063466
vn -0.899420738220 -0.410630285740 0.149749845266
vn 0.409689813852 -0.373251944780 -0.832368433475
vn 0.195074558258 -0.402141302824 -0.894554793835
vn 0.748414516449 0.655146241188 -0.103243298829
vn 0.780747234821 0.616897225380 -0.099355205894
vn 0.788128852844 0.602764248848 -0.124611675739
vn 0.799216866493 0.576665222645 -0.169438898563
vn -0.454098701477 0.431198000908 0.779655456543
vn -0.197742521763 0.412575989962 0.889201283455
vn -0.865253865719 0.496477991343 -0.069608278573
vn -0.861103713512 0.501279234886 -0.084967203438
vn -0.859399020672 0.504119277000 -0.085422724485
vn -0.858980774879 0.509421586990 -0.051396567374
vn -0.856602907181 0.515675544739 -0.017610758543
vn 0.049175579101 -0.228340476751 -0.972338616848
vn -0.001361671835 -0.201365634799 -0.979515194893
vn -0.036827262491 -0.188286691904 -0.981423377991
vn -0.110744647682 -0.155726805329 -0.981572628021
vn 0.931135773659 -0.361716628075 0.046337984502
vn 0.924178540707 -0.378355085850 0.052358299494
vn 0.916340947151 -0.396211087704 0.057757962495
vn 0.915634334087 -0.400851726532 0.030521616340
vn 0.914092004299 -0.405493229628 0.003317406401
vn -0.028193496168 0.194123476744 0.980571866035
vn -0.029655221850 0.179168179631 0.983371376991
vn 0.044454205781 0.147407144308 0.988076388836
vn 0.079815462232 0.133964225650 0.987766683102
vn 0.830768942833 -0.510427713394 -0.222005635500
vn 0.560011804104 -0.721160829067 -0.407816052437
vn 0.560002267361 -0.721166908741 -0.407818228006
vn 0.830771565437 -0.510424017906 -0.222004413605
vn 0.204006567597 -0.822097182274 -0.531542658806
vn 0.203995749354 -0.822100698948 -0.531541287899
vn -0.183068886399 -0.797879099846 -0.574347257614
vn -0.183076962829 -0.797879755497 -0.574343740940
vn -0.542256116867 -0.652195513248 -0.529716312885
vn -0.542262434959 -0.652193307877 -0.529712498188
vn -0.818912208080 -0.407213240862 -0.404425680637
vn -0.818906903267 -0.407217353582 -0.404432326555
vn -0.970884621143 -0.100235633552 -0.217567920685
vn -0.970883905888 -0.100236944854 -0.217570409179
vn -0.975045621395 0.221991568804 0.002401496051
vn -0.975046455860 0.221987992525 0.002397657838
vn -0.830765902996 0.510430097580 0.222011446953
vn -0.830770611763 0.510426223278 0.222002744675
vn -0.560007810593 0.721159398556 0.407824039459
vn -0.560004889965 0.721161246300 0.407824575901
vn -0.204010307789 0.822100162506 0.531536579132
vn -0.203999102116 0.822098195553 0.531543910503
vn 0.183066323400 0.797885537148 0.574339091778
vn 0.183060035110 0.797888278961 0.574337363243
vn 0.542280852795 0.652185440063 0.529703319073
vn 0.542273938656 0.652192354202 0.529701888561
vn 0.818912446499 0.407215744257 0.404422610998
vn 0.818913102150 0.407213598490 0.404423475266
vn 0.970883131027 0.100244276226 0.217570409179
vn 0.970882952213 0.100243635476 0.217571511865
vn 0.975046694279 -0.221986755729 -0.002399761230
vn 0.975045025349 -0.221994414926 -0.002403269056
vn -0.125596463680 -0.560441911221 0.818614959717
vn -0.125586181879 -0.560447812080 0.818612515926
vn -0.125583365560 -0.560445725918 0.818614363670
vn -0.125594168901 -0.560451865196 0.818608462811
vn -0.125579401851 -0.560445904732 0.818614840508
vn -0.125589922071 -0.560444772243 0.818614006042
vn -0.125578299165 -0.560457646847 0.818606972694
vn -0.125571563840 -0.560460925102 0.818605720997
vn -0.125571504235 -0.560444414616 0.818617105484
vn -0.125572040677 -0.560438692570 0.818620920181
vn -0.125573694706 -0.560441315174 0.818618893623
vn -0.125589340925 -0.560442626476 0.818615555763
vn -0.125591695309 -0.560447514057 0.818611800671
vn -0.125572338700 -0.560453891754 0.818610429764
vn -0.125578969717 -0.560441970825 0.818617582321
vn -0.125591233373 -0.560424745083 0.818627476692
vn -0.125596761703 -0.560444653034 0.818612992764
vn 0.125585287809 0.560439288616 -0.818618476391
vn 0.125593438745 0.560449302197 -0.818610370159
vn 0.125579506159 0.560449182987 -0.818612575531
vn 0.125577270985 0.560447573662 -0.818614065647
vn 0.125567540526 0.560444474220 -0.818617641926
vn 0.125570222735 0.560445189476 -0.818616688251
vn 0.125570490956 0.560442507267 -0.818618535995
vn 0.125574111938 0.560438275337 -0.818620860577
vn 0.125578969717 0.560460567474 -0.818604886532
vn 0.125564485788 0.560458838940 -0.818608283997
vn 0.125563129783 0.560444355011 -0.818618357182
vn 0.125580236316 0.560453355312 -0.818609595299
vn 0.125587657094 0.560451328754 -0.818609893322
vn 0.125587210059 0.560454785824 -0.818607568741
vn 0.125591456890 0.560443341732 -0.818614721298
vn 0.125597223639 0.560456216335 -0.818605065346
vn 0.125583320856 0.560457408428 -0.818606317043
vn 0.014109520242 0.140799105167 0.989937663078
vn 0.014762297273 0.160710558295 0.986891150475
vn 0.024197580293 0.171577498317 0.984873414040
vn 0.024639457464 0.171487227082 0.984878182411
vn -0.978583812714 0.205780088902 0.005311886314
vn -0.965657889843 0.214433968067 0.146706819534
vn -0.963622927666 0.240081176162 0.117438666523
vn -0.975045561790 0.221991658211 0.002416041680
vn -0.067160949111 -0.194811269641 -0.978538691998
vn -0.071175053716 -0.193982392550 -0.978419601917
vn -0.065424665809 -0.162225559354 -0.984582364559
vn -0.056674242020 -0.164239272475 -0.984791100025
vn -0.969328820705 0.152725085616 0.192552685738
vn -0.975929617882 0.151996120811 0.156392306089
vn -0.888726830482 0.268704086542 0.371433317661
vn -0.879111111164 0.270385921001 0.392498552799
vn -0.036358177662 -0.168873205781 -0.984966933727
vn -0.027855122462 -0.141115650535 -0.989601135254
vn -0.035879902542 -0.112926915288 -0.992955267429
vn -0.048585712910 -0.166306957603 -0.984876334667
vn 0.312086373568 0.124146670103 0.941907465458
vn 0.454302936792 0.118123747408 0.882981121540
vn 0.058238476515 0.219692051411 0.973829388618
vn 0.045505952090 0.166545391083 0.984983146191
vn 0.178979292512 0.969207763672 0.169123083353
vn 0.187408849597 0.976034343243 0.110610827804
vn -0.232304066420 -0.932182788849 0.277614980936
vn -0.935897648335 0.351627439260 -0.021301027387
vn -0.940845131874 0.282186269760 -0.187566652894
vn -0.946304082870 0.285663098097 -0.151344418526
vn -0.919164896011 0.142860561609 -0.367051452398
vn -0.911298334599 0.137262597680 -0.388193607330
vn 0.192792892456 0.941165387630 -0.277558267117
vn 0.184270709753 0.955041229725 -0.232250720263
vn -0.722641408443 0.685657382011 -0.087540514767
vn -0.995783865452 0.087864711881 0.026349818334
vn -0.481633543968 0.847329258919 -0.223746061325
vn -0.556363821030 0.808597505093 -0.191387712955
vn -0.567846894264 0.814992308617 -0.115487657487
vn -0.477866947651 0.868996560574 -0.128406003118
vn -0.586756706238 0.794977068901 -0.154038980603
vn -0.463946998119 0.869319736958 -0.170400530100
vn -0.424086570740 0.898015141487 -0.117129452527
vn -0.526046991348 0.841738939285 -0.121449731290
vn 0.559250593185 0.287337124348 0.777609229088
vn 0.548898458481 0.213070422411 0.808276832104
vn 0.391838490963 -0.902855694294 0.176958218217
vn 0.031755402684 -0.977315843105 0.209392741323
vn 0.064432561398 -0.983320891857 0.170083582401
vn 0.391534268856 -0.909646570683 0.138722866774
vn -0.493740737438 -0.268648594618 -0.827071905136
vn -0.237088412046 -0.179126575589 -0.954831242561
vn -0.312705904245 -0.143644228578 -0.938925623894
vn -0.541922450066 -0.229145929217 -0.808586537838
vn -0.995565950871 -0.091540724039 0.021649075672
vn -0.996139705181 -0.080827340484 0.034243185073
vn -0.995199799538 -0.080787569284 0.055232666433
vn -0.994651615620 -0.087043851614 0.055600658059
vn -0.025596760213 0.187524154782 0.981926441193
vn 0.166749939322 0.308214962482 0.936588466167
vn 0.328712522984 0.266879767179 0.905937790871
vn 0.069438755512 0.189129725099 0.979493856430
vn 0.998717844486 -0.050186425447 -0.006628951058
vn 0.997615337372 -0.068723440170 -0.006377785467
vn 0.996920168400 -0.073063850403 -0.028492098674
vn 0.997985422611 -0.054822206497 -0.031930822879
vn 0.059756029397 -0.168866693974 -0.983825802803
vn -0.263216078281 -0.356972277164 -0.896263420582
vn -0.262214273214 -0.279397964478 -0.923677682877
vn -0.016278147697 -0.163930833340 -0.986337482929
vn 0.020338464528 0.185375571251 0.982457220554
vn 0.028358584270 0.203504741192 0.978663146496
vn 0.024346966296 0.204572156072 0.978548645973
vn 0.015821028501 0.173453316092 0.984714984894
vn 0.009990435094 0.141525045037 0.989884257317
vn -0.952514767647 0.272299349308 0.136266648769
vn -0.971234500408 0.238124415278 -0.000518505462
vn -0.963993370533 0.224878817797 -0.141937389970
vn -0.973121464252 0.200855091214 -0.112658023834
vn -0.977142512798 0.167005240917 -0.131535738707
vn -0.056824907660 -0.130954980850 -0.989758431911
vn -0.052880320698 -0.131951749325 -0.989844620228
vn -0.060987990350 -0.150219693780 -0.986769735813
vn -0.057138673961 -0.164154082537 -0.984778463840
vn -0.066575117409 -0.175012633204 -0.982312738895
vn -0.934921741486 0.332563370466 0.123786047101
vn -0.926530241966 0.341183155775 0.158542603254
vn -0.786456942558 0.203758150339 -0.583067774773
vn -0.799408137798 0.205726742744 -0.564467132092
vn -0.764474868774 0.058241486549 -0.642017126083
vn -0.752274394035 0.052851021290 -0.656726777554
vn -0.852054655552 -0.026003457606 -0.522806406021
vn -0.840916454792 -0.035939462483 -0.539970159531
vn -0.450091540813 -0.011398358271 -0.892909646034
vn -0.059254519641 -0.219238981605 -0.973870217800
vn -0.040648002177 -0.197431206703 -0.979473650455
vn 0.053397953510 0.194649249315 0.979418337345
vn 0.044927008450 0.166928142309 0.984944939613
vn 0.040575351566 0.138125494123 0.989583253860
vn 0.034625429660 0.112890094519 0.993003964424
vn 0.240295797586 0.061535980552 0.968747258186
vn -0.246262758970 -0.940927743912 0.232399716973
vn -0.947684526443 -0.305898785591 0.091213323176
vn -0.251219749451 -0.961376249790 0.112446799874
vn -0.241045236588 -0.968271851540 0.065930537879
vn 0.164634704590 0.881959736347 -0.441635936499
vn 0.151652187109 0.856322050095 -0.493674159050
vn 0.212459519506 0.977149188519 -0.006352169439
vn 0.209806323051 0.976935267448 0.039734136313
vn 0.213226184249 0.969380438328 -0.121804006398
vn 0.211342379451 0.962063670158 -0.172533586621
vn 0.209396779537 0.969672441483 -0.126048997045
vn 0.207153528929 0.962870836258 -0.173110038042
vn 0.204291969538 0.954104542732 -0.218973338604
vn 0.208344787359 0.952245891094 -0.223204076290
vn 0.192637473345 0.905959308147 -0.376999348402
vn 0.198952525854 0.921323239803 -0.334037899971
vn -0.987308144569 0.105051055551 -0.119108341634
vn -0.983635485172 0.093685284257 -0.153897002339
vn -0.794398188591 0.156112343073 0.586992681026
vn -0.806986808777 0.159957230091 0.568494439125
vn -0.711449801922 0.277737051249 0.645524024963
vn -0.698074996471 0.277348697186 0.660127997398
vn -0.754272639751 0.391793459654 0.526849627495
vn -0.739879190922 0.395900905132 0.543912887573
vn 0.189213246107 0.975506186485 -0.112186729908
vn 0.201523825526 0.977279841900 -0.065667741001
vn -0.231249451637 -0.866346061230 0.442682892084
vn -0.231590464711 -0.837516129017 0.494906544685
vn -0.231454521418 -0.972825050354 0.006336052902
vn -0.233968973160 -0.971430778503 -0.039757464081
vn -0.213946804404 -0.969068169594 0.123018436134
vn -0.211664870381 -0.961928844452 0.172889366746
vn 0.087405025959 -0.988735020161 0.121504873037
vn -0.209314227104 -0.952326476574 0.221950232983
vn -0.216753184795 -0.900346636772 0.377351284027
vn -0.217917740345 -0.916934788227 0.334278970957
vn -0.259042471647 -0.950882554054 -0.169467717409
vn -0.254123479128 -0.960789501667 -0.110926814377
vn -0.550245046616 0.833899676800 -0.042914368212
vn -0.473689496517 0.880135893822 -0.031289849430
vn -0.379544079304 0.924432396889 -0.037026561797
vn -0.380603253841 0.914062917233 -0.140106990933
vn -0.387944877148 0.889739632607 -0.240545466542
vn -0.404678612947 0.909459114075 -0.095494844019
vn -0.455242753029 0.886059641838 -0.087477967143
vn -0.576845109463 0.813671588898 -0.072028867900
vn -0.618433475494 0.775846242905 -0.124910689890
vn -0.633701384068 0.759676337242 -0.145994231105
vn 0.534798383713 0.158181771636 0.830041706562
vn 0.354062497616 0.277151584625 0.893211483955
vn 0.391510128975 -0.914677739143 0.100421272218
vn 0.437191009521 -0.894194066525 0.096337623894
vn 0.450082540512 -0.884675502777 0.121552214026
vn 0.471577823162 -0.866000235081 0.166306778789
vn -0.599657356739 -0.191250801086 -0.777067661285
vn -0.361209511757 -0.285398691893 -0.887736022472
vn -0.994565546513 -0.073061496019 0.074171788990
vn -0.992831826210 -0.079195804894 0.089515283704
vn -0.992522120476 -0.082470066845 0.089991800487
vn -0.994599997997 -0.087408050895 0.055951688439
vn -0.995322167873 -0.094038620591 0.022146033123
vn 0.147888034582 0.183500722051 0.971831560135
vn 0.090577319264 0.181039556861 0.979295849800
vn 0.052933946252 0.184626847506 0.981382131577
vn -0.027910266072 0.187327846885 0.981900870800
vn 0.995723962784 -0.076973661780 -0.051075872034
vn 0.996627271175 -0.058955129236 -0.057082407176
vn 0.997265517712 -0.039456214756 -0.062487408519
vn 0.998765885830 -0.034999579191 -0.035237539560
vn 0.999512255192 -0.030179172754 -0.008023030125
vn -0.114079877734 -0.161742612720 -0.980216860771
vn -0.109004110098 -0.147567704320 -0.983026862144
vn -0.028312569484 -0.151043087244 -0.988121628761
vn 0.009446647018 -0.154245331883 -0.987987399101
vn 0.852765202522 -0.419568121433 0.311053067446
vn 0.600653290749 -0.553264319897 0.577160477638
vn 0.600659489632 -0.553266406059 0.577151954174
vn 0.852772593498 -0.419564634562 0.311037629843
vn 0.257108628750 -0.602732360363 0.755386590958
vn 0.257104516029 -0.602731168270 0.755388915539
vn -0.125580742955 -0.560443758965 0.818616092205
vn -0.125585153699 -0.560440838337 0.818617403507
vn -0.489148616791 -0.432835072279 0.757223427296
vn -0.489148229361 -0.432835727930 0.757223367691
vn -0.778261244297 -0.239322200418 0.580546557903
vn -0.778259515762 -0.239324048162 0.580548107624
vn -0.948883295059 -0.009380801581 0.315487712622
vn -0.948883652687 -0.009379385971 0.315486699343
vn -0.975044488907 0.221996620297 0.002396100201
vn -0.975047528744 0.221983224154 0.002407230204
vn -0.852762699127 0.419571518898 -0.311055272818
vn -0.852762639523 0.419571936131 -0.311055064201
vn -0.600669026375 0.553262472153 -0.577145814896
vn -0.600657880306 0.553270101547 -0.577150106430
vn -0.257128357887 0.602735936642 -0.755376994610
vn -0.257130771875 0.602733969688 -0.755377769470
vn 0.125571429729 0.560450315475 -0.818613052368
vn 0.125572100282 0.560449957848 -0.818613171577
vn 0.489153742790 0.432833969593 -0.757220804691
vn 0.489152222872 0.432834118605 -0.757221698761
vn 0.778268635273 0.239324688911 -0.580535590649
vn 0.778259634972 0.239328250289 -0.580546200275
vn 0.948884069920 0.009383170865 -0.315485239029
vn 0.948884069920 0.009383453988 -0.315485179424
vn 0.975045859814 -0.221990510821 -0.002402253682
vn 0.975045800209 -0.221990942955 -0.002398254350
vn 0.183063328266 0.797879457474 0.574348509312
vn 0.183065176010 0.797883152962 0.574342846870
vn 0.183069467545 0.797882258892 0.574342668056
vn 0.183067202568 0.797880589962 0.574345767498
vn 0.183076471090 0.797878444195 0.574345648289
vn 0.183068722486 0.797884643078 0.574339568615
vn 0.183059632778 0.797885894775 0.574340760708
vn 0.183067306876 0.797878742218 0.574348211288
vn 0.183066904545 0.797876477242 0.574351489544
vn 0.183070972562 0.797878444195 0.574347496033
vn 0.183076187968 0.797882616520 0.574339985847
vn 0.183076605201 0.797882854939 0.574339568615
vn 0.183075428009 0.797883093357 0.574339628220
vn 0.183071523905 0.797884821892 0.574338495731
vn 0.183067783713 0.797886967659 0.574336707592
vn 0.183068186045 0.797885060310 0.574339270592
vn 0.183069944382 0.797885060310 0.574338555336
vn -0.183072313666 -0.797896206379 -0.574322402477
vn -0.183065354824 -0.797889351845 -0.574334144592
vn -0.183072075248 -0.797884345055 -0.574338853359
vn -0.183069765568 -0.797889769077 -0.574332237244
vn -0.183062762022 -0.797892093658 -0.574331104755
vn -0.183067098260 -0.797887265682 -0.574336469173
vn -0.183082520962 -0.797879278660 -0.574342608452
vn -0.183077916503 -0.797891199589 -0.574327528477
vn -0.183069080114 -0.797888517380 -0.574334084988
vn -0.183062061667 -0.797869920731 -0.574362158775
vn -0.183078810573 -0.797873020172 -0.574352562428
vn -0.183097064495 -0.797879278660 -0.574338078499
vn -0.183075562119 -0.797883570194 -0.574338853359
vn -0.183062627912 -0.797884941101 -0.574341118336
vn -0.183066204190 -0.797884404659 -0.574340701103
vn -0.183067724109 -0.797876715660 -0.574350953102
vn -0.183076307178 -0.797884881496 -0.574336886406
vn -0.238814264536 -0.960857331753 0.140431195498
vn -0.241828143597 -0.957033157349 0.160020768642
vn -0.234693825245 -0.956596851349 0.172746241093
vn -0.234247639775 -0.956712186337 0.172713011503
vn -0.975588619709 0.219147667289 -0.014183759689
vn -0.996874451637 0.078948885202 -0.002908044960
vn -0.993863463402 0.108289159834 0.022557891905
vn -0.975043535233 0.222000703216 0.002400469966
vn 0.197372868657 0.958702683449 -0.204775556922
vn 0.193382993340 0.959511280060 -0.204795151949
vn 0.193385303020 0.965818166733 -0.172619044781
vn 0.202202215791 0.963998615742 -0.172687366605
vn -0.997437238693 0.032129097730 -0.063926354051
vn -0.995439887047 0.068786084652 -0.066088967025
vn -0.985748112202 -0.154345065355 0.066919676960
vn -0.981682062149 -0.176908299327 0.070736549795
vn 0.222530648112 0.959498882294 -0.172748148441
vn 0.225706323981 0.963542521000 -0.143674731255
vn 0.212811276317 0.969936966896 -0.118040345609
vn 0.210343956947 0.962208747864 -0.172943994403
vn 0.058821231127 -0.980080604553 0.189689293504
vn 0.208516344428 -0.954086661339 0.215033590794
vn -0.210120022297 -0.950909495354 0.227201744914
vn -0.213359072804 -0.961625874043 0.172492340207
vn -0.075249172747 -0.156343027949 0.984832167625
vn -0.055545460433 -0.100770264864 0.993357956409
vn -0.083784513175 -0.266004532576 -0.960323750973
vn -0.960275590420 0.243089541793 0.137033939362
vn -0.912731587887 0.402755111456 0.068624205887
vn -0.926791310310 0.368840038776 0.070815458894
vn -0.822168648243 0.565800428391 -0.062517888844
vn -0.808758139610 0.584398448467 -0.066247567534
vn 0.044125184417 0.274938374758 0.960448741913
vn 0.022913018242 0.233261078596 0.972144126892
vn -0.814356684685 0.276561111212 0.510232448578
vn -0.971336245537 0.196943670511 -0.133112907410
vn -0.589103102684 0.365167975426 0.720839679241
vn -0.659143686295 0.348088055849 0.666606485844
vn -0.688445568085 0.276975572109 0.670318663120
vn -0.611533403397 0.272537231445 0.742799043655
vn -0.693449318409 0.317675977945 0.646691501141
vn -0.588880777359 0.310364633799 0.746252775192
vn -0.569107890129 0.251202732325 0.782951712608
vn -0.653052628040 0.274939954281 0.705641746521
vn 0.295763462782 -0.866041958332 0.403107017279
vn 0.294906437397 -0.897305428982 0.328440308571
vn 0.526092827320 -0.302685469389 -0.794737577438
vn 0.192425191402 -0.259166866541 -0.946469783783
vn 0.233599796891 -0.228276595473 -0.945156574249
vn 0.535833239555 -0.265682309866 -0.801433444023
vn -0.226291760802 0.900801062584 -0.370606958866
vn 0.027169540524 0.973543584347 -0.226880103350
vn -0.055895477533 0.976355373859 -0.208820059896
vn -0.284704744816 0.895294427872 -0.342623740435
vn -0.931760191917 0.192273318768 -0.307983666658
vn -0.937428414822 0.180643886328 -0.297650367022
vn -0.941250681877 0.159992396832 -0.297404617071
vn -0.939472675323 0.159193322062 -0.303395062685
vn -0.284708201885 -0.942069113255 0.177333354950
vn -0.117598630488 -0.934011220932 0.337332904339
vn 0.052186012268 -0.941637396812 0.332559138536
vn -0.194252103567 -0.960397839546 0.199754700065
vn 0.961727142334 -0.214575767517 0.170405581594
vn 0.964587688446 -0.215505570173 0.152078479528
vn 0.969818413258 -0.194008201361 0.147692397237
vn 0.967699050903 -0.189986616373 0.165721714497
vn 0.313536882401 0.937384486198 -0.151673823595
vn 0.027143284678 0.913440227509 -0.406066656113
vn 0.017704218626 0.943752646446 -0.330177903175
vn 0.240842804313 0.956685602665 -0.163545787334
vn -0.240722209215 -0.952710270882 0.185461238027
vn -0.236151590943 -0.949882388115 0.204831227660
vn -0.240140497684 -0.948856830597 0.204947054386
vn -0.242966651917 -0.954535424709 0.172711491585
vn -0.242793053389 -0.959878265858 0.140303716063
vn -0.994424939156 0.089066341519 0.056446585804
vn -0.974223792553 0.224783465266 0.018984694034
vn -0.932774484158 0.360379308462 0.007648030296
vn -0.942877233028 0.332664966583 -0.017790099606
vn -0.935223639011 0.350264787674 -0.051684796810
vn 0.196004107594 0.970521271229 -0.140252798796
vn 0.200025439262 0.969684123993 -0.140365421772
vn 0.195571243763 0.967553079128 -0.159977599978
vn 0.201753199100 0.964093267918 -0.172684058547
vn 0.194514036179 0.963243424892 -0.185273662210
vn -0.987792968750 0.100444570184 0.119062632322
vn -0.989461123943 0.065135844052 0.129320934415
vn -0.660458445549 0.750409185886 0.026091407984
vn -0.677331924438 0.735246956348 0.025167992339
vn -0.595386445522 0.795724809170 -0.111071795225
vn -0.579384028912 0.807097136974 -0.113614484668
vn -0.687054097652 0.694801151752 -0.212621673942
vn -0.670538783073 0.708552241325 -0.219844430685
vn -0.225166097283 0.968104839325 -0.109878100455
vn 0.209058195353 0.951204717159 -0.226945251226
vn 0.223321333528 0.953653931618 -0.201672181487
vn -0.210573300719 -0.956584036350 0.201508700848
vn -0.213954806328 -0.961454629898 0.172708541155
vn -0.212962403893 -0.966429114342 0.143741577864
vn -0.214019298553 -0.969714224339 0.117686092854
vn -0.002063378692 -0.993609011173 0.112857833505
vn -0.084940820932 -0.219177499413 -0.971980571747
vn -0.855855524540 0.102840416133 -0.506887674332
vn -0.058311916888 -0.101892679930 -0.993084907532
vn -0.036678824574 -0.059213720262 -0.997571229935
vn 0.066849187016 0.438477516174 0.896252572536
vn 0.071674674749 0.490835309029 0.868299126625
vn -0.005763950758 0.007715646178 0.999953627586
vn -0.018577475101 -0.036623679101 0.999156415462
vn 0.022552892566 0.119716949761 0.992551863194
vn 0.033720895648 0.169264271855 0.984993636608
vn 0.019804084674 0.124835647643 0.991979777813
vn 0.029682500288 0.170787423849 0.984860718250
vn 0.039103824645 0.215617910028 0.975694537163
vn 0.044341161847 0.218875333667 0.974744796753
vn 0.073788821697 0.369914293289 0.926131010056
vn 0.066866420209 0.327422410250 0.942509114742
vn -0.934472858906 0.337174594402 -0.114340096712
vn -0.920751988888 0.369709014893 -0.124623432755
vn -0.920335054398 -0.390503436327 -0.022145837545
vn -0.928983092308 -0.369516670704 -0.021160446107
vn -0.880583882332 -0.459798812866 0.114703834057
vn -0.871042013168 -0.477003812790 0.117274366319
vn -0.919212579727 -0.328921914101 0.216468468308
vn -0.910219311714 -0.348540604115 0.223652020097
vn -0.003703190014 0.115959033370 0.993247091770
vn -0.002942590043 0.067863374949 0.997690260410
vn -0.133642837405 -0.423271656036 -0.896091878414
vn -0.151853799820 -0.472659289837 -0.868063151836
vn -0.013249458745 -0.003407830838 -0.999906420708
vn -0.005592227913 0.042159095407 -0.999095261097
vn -0.023571541533 -0.120812162757 -0.992395460606
vn -0.034130230546 -0.169567346573 -0.984927415848
vn 0.267495036125 -0.186173841357 -0.945402383804
vn -0.044960688800 -0.217408955097 -0.975044548512
vn -0.097981065512 -0.364421755075 -0.926065027714
vn -0.085895597935 -0.323073923588 -0.942467570305
vn -0.004807949066 0.174096271396 -0.984716892242
vn -0.011136081070 0.115545146167 -0.993239820004
vn -0.692031621933 0.203363060951 0.692629516125
vn -0.631731450558 0.177566260099 0.754576444626
vn -0.550409436226 0.164760380983 0.818476319313
vn -0.526061713696 0.264868676662 0.808148264885
vn -0.505328476429 0.363104909658 0.782814085484
vn -0.557955384254 0.226475879550 0.798369884491
vn -0.602838337421 0.228545069695 0.764429867268
vn -0.706448972225 0.236534625292 0.667069077492
vn -0.726014316082 0.295293599367 0.621051430702
vn -0.732333302498 0.318385481834 0.601929068565
vn 0.288349181414 -0.918122351170 0.271856665611
vn 0.077010527253 -0.934279024601 0.348126471043
vn 0.545466065407 -0.228590548038 -0.806357920170
vn 0.585409939289 -0.233639657497 -0.776342451572
vn 0.589983701706 -0.260546892881 -0.764221549034
vn 0.596395671368 -0.307942479849 -0.741271555424
vn -0.354835093021 0.879085183144 -0.318278580904
vn -0.083028316498 0.930117428303 -0.357753872871
vn -0.946550250053 0.141794964671 -0.289718449116
vn -0.947031497955 0.126127108932 -0.295335859060
vn -0.946137607098 0.125440433621 -0.298476606607
vn -0.939421832561 0.158830195665 -0.303742617369
vn -0.931104004383 0.191618636250 -0.310366988182
vn -0.116820260882 -0.970374524593 0.211485654116
vn -0.172347038984 -0.965234994888 0.196514010429
vn -0.209371611476 -0.958853185177 0.191739693284
vn -0.286937266588 -0.941526293755 0.176621869206
vn 0.974585056305 -0.171925410628 0.143615975976
vn 0.972934126854 -0.165385186672 0.161390542984
vn 0.970576167107 -0.159325256944 0.180547326803
vn 0.964939475060 -0.185965299606 0.185225844383
vn 0.958516716957 -0.212393537164 0.190091043711
vn 0.146137624979 0.972214460373 -0.182873651385
vn 0.148471742868 0.974548637867 -0.167961731553
vn 0.227102816105 0.961678206921 -0.153620690107
vn 0.263672351837 0.953123211861 -0.148434922099
usemtl PropellerGray
f 1/1/1 2/2/2 3/3/3
f 1/1/1 3/3/3 4/4/4
f 1/1/1 4/4/4 5/5/5
f 1/1/1 5/5/5 6/6/6
f 1/1/1 6/6/6 7/7/7
f 1/1/1 7/7/7 8/8/8
f 9/9/9 8/10/8 7/11/7
f 9/9/9 7/11/7 10/12/10
f 9/9/9 10/12/10 11/13/11
f 9/9/9 11/13/11 12/14/12
f 9/9/9 12/14/12 13/15/13
f 9/9/9 13/15/13 14/16/14
f 13/15/15 12/14/16 15/17/17
f 15/17/17 16/18/18 13/15/15
f 6/19/19 5/20/20 17/21/21
f 17/21/21 18/21/22 6/19/19
f 5/22/20 4/23/23 19/24/24
f 19/24/24 17/21/21 5/22/20
f 2/25/25 1/26/26 20/27/27
f 20/27/27 21/27/28 2/25/25
f 3/28/29 2/29/25 21/27/28
f 21/27/28 22/30/30 3/28/29
f 23/31/31 24/31/32 25/32/33
f 25/32/33 26/32/34 23/31/31
f 27/33/35 28/34/36 29/34/37
f 29/34/37 30/33/38 27/33/35
f 31/35/39 32/36/40 33/37/41
f 33/37/41 34/38/42 31/35/39
f 32/36/40 35/39/43 36/40/44
f 32/36/40 36/40/44 37/41/45
f 32/36/40 37/41/45 33/37/41
f 38/42/46 39/43/47 40/44/48
f 38/42/46 40/44/48 41/45/49
f 38/42/46 41/45/49 42/46/50
f 43/47/51 38/42/52 42/46/50
f 42/46/50 44/48/53 43/47/51
f 45/49/54 46/50/55 47/51/56
f 47/51/56 48/52/57 45/49/54
f 46/50/58 45/49/54 49/53/59
f 46/50/58 49/53/59 50/54/60
f 46/50/58 50/54/60 51/55/61
f 52/56/62 53/57/63 54/58/64
f 52/56/62 54/58/64 55/59/65
f 52/56/62 55/59/65 56/60/66
f 53/57/63 52/56/67 57/61/68
f 57/61/68 58/62/69 53/57/63
f 59/63/70 60/64/71 61/65/72
f 59/63/70 61/65/72 27/33/73
f 59/63/70 27/33/73 23/31/74
f 59/63/70 23/31/74 62/66/75
f 59/63/70 62/66/75 63/67/76
f 59/63/70 63/67/76 64/68/77
f 27/33/78 61/65/79 65/69/80
f 65/69/80 28/70/81 27/33/78
f 13/71/82 16/72/83 28/70/81
f 13/71/82 28/70/81 65/69/80
f 13/71/82 65/69/80 66/73/84
f 13/71/82 66/73/84 14/74/85
f 9/75/86 14/74/85 66/73/84
f 66/73/84 67/76/87 9/75/86
f 8/77/88 9/75/89 67/76/90
f 8/77/88 67/76/90 68/78/91
f 8/77/88 68/78/91 20/79/92
f 8/77/88 20/79/92 1/80/93
f 69/81/94 70/82/95 71/83/96
f 69/81/94 71/83/96 18/84/97
f 69/81/94 18/84/97 20/79/98
f 69/81/94 20/79/98 68/78/99
f 69/81/94 68/78/99 72/85/100
f 69/81/94 72/85/100 73/86/101
f 10/87/102 7/88/103 6/89/104
f 10/87/102 6/89/104 18/84/105
f 10/87/102 18/84/105 71/83/106
f 10/87/102 71/83/106 74/90/107
f 11/91/108 10/87/109 74/90/110
f 74/90/110 75/92/111 11/91/108
f 12/93/112 11/91/108 75/92/111
f 12/93/112 75/92/111 76/94/113
f 12/93/112 76/94/113 26/95/114
f 12/93/112 26/95/114 15/96/115
f 26/95/114 76/94/113 62/97/116
f 62/97/116 23/98/117 26/95/114
f 77/99/118 72/100/119 68/101/120
f 68/101/120 67/102/121 77/99/118
f 78/103/122 77/99/118 67/102/121
f 67/102/121 66/104/123 78/103/122
f 79/105/124 78/106/122 66/104/123
f 66/104/123 65/107/125 79/105/124
f 60/64/126 79/108/124 65/107/125
f 65/107/125 61/65/127 60/64/126
f 17/21/21 19/24/24 22/30/30
f 22/30/30 21/27/28 17/21/21
f 16/109/128 15/110/129 26/32/34
f 26/32/34 28/34/36 16/109/128
f 25/32/33 24/31/32 30/33/38
f 30/33/38 29/34/37 25/32/33
f 4/111/23 3/112/29 22/30/30
f 22/30/30 19/24/24 4/111/23
f 20/27/27 18/21/22 17/21/21
f 17/21/21 21/27/28 20/27/27
f 23/31/31 27/33/35 30/33/38
f 30/33/38 24/31/32 23/31/31
f 28/34/36 26/32/34 25/32/33
f 25/32/33 29/34/37 28/34/36
f 70/113/130 80/114/131 74/115/132
f 74/115/132 71/116/133 70/113/130
f 81/117/134 63/118/135 62/66/136
f 62/66/136 76/119/137 81/117/134
f 82/120/138 81/117/134 76/119/137
f 76/119/137 75/121/139 82/120/138
f 80/114/131 82/120/138 75/121/139
f 75/121/139 74/115/132 80/114/131
f 83/122/140 84/31/141 85/123/142
f 85/123/142 86/124/143 83/122/140
f 87/125/144 88/33/145 89/126/146
f 89/126/146 90/127/147 87/125/144
f 54/128/148 91/129/149 41/130/150
f 54/128/148 41/130/150 40/131/151
f 54/128/148 40/131/151 55/132/152
f 79/133/153 60/134/154 59/135/155
f 79/133/153 59/135/155 55/132/152
f 79/133/153 55/132/152 40/131/151
f 79/133/153 40/131/151 35/136/156
f 79/133/153 35/136/156 51/137/157
f 79/133/153 51/137/157 73/138/158
f 79/133/153 73/138/158 72/139/159
f 79/133/153 72/139/159 77/140/160
f 79/133/153 77/140/160 78/141/161
f 51/137/157 35/136/156 32/142/162
f 51/137/157 32/142/162 92/143/163
f 51/137/157 92/143/163 46/144/164
f 47/145/56 46/144/55 92/143/165
f 92/143/165 93/146/166 47/145/56
f 94/147/167 95/148/168 96/149/169
f 96/149/169 97/150/170 94/147/167
f 98/151/171 99/152/172 100/153/173
f 100/153/173 101/154/174 98/151/171
f 49/155/175 102/156/176 37/157/177
f 49/155/175 37/157/177 36/158/178
f 49/155/175 36/158/178 50/159/179
f 80/160/180 70/161/181 69/162/182
f 80/160/180 69/162/182 50/159/179
f 80/160/180 50/159/179 36/158/178
f 80/160/180 36/158/178 39/163/183
f 80/160/180 39/163/183 56/164/184
f 80/160/180 56/164/184 64/165/185
f 80/160/180 64/165/185 63/166/186
f 80/160/180 63/166/186 81/167/187
f 80/160/180 81/167/187 82/168/188
f 56/164/184 39/163/183 38/169/189
f 56/164/184 38/169/189 103/170/190
f 56/164/184 103/170/190 52/171/191
f 57/172/68 52/171/67 103/170/192
f 103/170/192 104/173/193 57/172/68
f 39/43/47 36/40/44 35/39/43
f 35/39/43 40/44/48 39/43/47
f 73/174/194 51/55/61 50/54/60
f 50/54/60 69/175/195 73/174/194
f 64/176/196 56/60/66 55/59/65
f 55/59/65 59/177/197 64/176/196
f 33/37/41 37/41/45 105/178/198
f 105/178/198 34/38/42 33/37/41
f 105/178/198 106/116/199 107/179/200
f 107/179/200 34/38/42 105/178/198
f 107/179/200 108/101/201 31/35/39
f 31/35/39 34/38/42 107/179/200
f 42/46/50 41/45/49 109/180/202
f 109/180/202 44/48/53 42/46/50
f 109/180/202 110/65/203 111/181/204
f 111/181/204 44/48/53 109/180/202
f 111/181/204 112/66/205 43/47/51
f 43/47/51 44/48/53 111/181/204
f 47/51/56 95/27/168 94/182/167
f 94/182/167 48/52/57 47/51/56
f 94/182/167 99/21/206 98/183/207
f 98/183/207 48/52/57 94/182/167
f 98/183/207 49/53/59 45/49/54
f 45/49/54 48/52/57 98/183/207
f 57/61/68 84/31/141 83/122/140
f 83/122/140 58/62/69 57/61/68
f 83/122/140 88/33/208 87/184/209
f 87/184/209 58/62/69 83/122/140
f 87/184/209 54/58/64 53/57/63
f 53/57/63 58/62/69 87/184/209
f 85/123/210 112/66/205 111/181/204
f 111/181/204 86/124/211 85/123/210
f 111/181/204 110/65/203 89/126/212
f 89/126/212 86/124/211 111/181/204
f 89/126/213 88/33/208 83/122/140
f 83/122/140 86/124/143 89/126/213
f 89/126/146 110/65/214 109/185/215
f 109/185/215 90/127/147 89/126/146
f 109/185/215 41/130/150 91/129/149
f 91/129/149 90/127/147 109/185/215
f 91/129/149 54/128/148 87/125/144
f 87/125/144 90/127/147 91/129/149
f 92/143/216 32/142/40 31/186/39
f 31/186/39 93/146/217 92/143/216
f 31/186/39 108/187/201 96/149/218
f 96/149/218 93/146/217 31/186/39
f 96/149/169 95/148/168 47/145/56
f 47/145/56 93/146/166 96/149/169
f 96/149/218 108/187/201 107/188/200
f 107/188/200 97/150/219 96/149/218
f 107/188/200 106/189/199 100/153/220
f 100/153/220 97/150/219 107/188/200
f 100/153/221 99/152/206 94/147/167
f 94/147/167 97/150/170 100/153/221
f 100/153/173 106/189/222 105/190/223
f 105/190/223 101/154/174 100/153/173
f 105/190/223 37/157/177 102/156/176
f 102/156/176 101/154/174 105/190/223
f 102/156/176 49/155/175 98/151/171
f 98/151/171 101/154/174 102/156/176
f 103/170/224 38/169/52 43/191/51
f 43/191/51 104/173/225 103/170/224
f 43/191/51 112/192/205 85/193/210
f 85/193/210 104/173/225 43/191/51
f 85/193/142 84/194/141 57/172/68
f 57/172/68 104/173/193 85/193/142
f 113/1/226 114/2/227 115/3/228
f 113/1/226 115/3/228 116/4/229
f 113/1/226 116/4/229 117/5/230
f 113/1/226 117/5/230 118/6/231
f 113/1/226 118/6/231 119/7/232
f 113/1/226 119/7/232 120/8/233
f 121/9/234 120/10/235 119/11/236
f 121/9/234 119/11/236 122/12/237
f 121/9/234 122/12/237 123/13/238
f 121/9/234 123/13/238 124/14/239
f 121/9/234 124/14/239 125/15/240
f 121/9/234 125/15/240 126/16/241
f 125/15/242 124/14/243 127/17/244
f 127/17/244 128/18/245 125/15/242
f 118/19/246 117/20/247 129/21/248
f 129/21/248 130/21/249 118/19/246
f 117/22/247 116/23/250 131/24/251
f 131/24/251 129/21/248 117/22/247
f 114/25/252 113/26/253 132/27/254
f 132/27/254 133/27/255 114/25/252
f 115/28/256 114/29/252 133/27/255
f 133/27/255 134/30/257 115/28/256
f 135/31/258 136/31/259 137/32/260
f 137/32/260 138/32/261 135/31/258
f 139/33/262 140/34/263 141/34/264
f 141/34/264 142/33/265 139/33/262
f 143/35/266 144/36/267 145/37/268
f 145/37/268 146/38/269 143/35/266
f 144/36/267 147/39/270 148/40/271
f 144/36/267 148/40/271 149/41/272
f 144/36/267 149/41/272 145/37/268
f 150/42/273 151/43/274 152/44/275
f 150/42/273 152/44/275 153/45/276
f 150/42/273 153/45/276 154/46/277
f 155/47/278 150/42/279 154/46/277
f 154/46/277 156/48/280 155/47/278
f 157/49/281 158/50/282 159/51/283
f 159/51/283 160/52/284 157/49/281
f 158/50/285 157/49/286 161/53/287
f 158/50/285 161/53/287 162/54/288
f 158/50/285 162/54/288 163/55/289
f 164/56/290 165/57/291 166/58/292
f 164/56/290 166/58/292 167/59/293
f 164/56/290 167/59/293 168/60/294
f 165/57/291 164/56/295 169/61/296
f 169/61/296 170/62/297 165/57/291
f 171/63/298 172/64/299 173/65/300
f 171/63/298 173/65/300 139/33/301
f 171/63/298 139/33/301 135/31/302
f 171/63/298 135/31/302 174/66/303
f 171/63/298 174/66/303 175/67/304
f 171/63/298 175/67/304 176/68/305
f 139/33/306 173/65/307 177/69/308
f 177/69/308 140/70/309 139/33/306
f 125/71/310 128/72/311 140/70/309
f 125/71/310 140/70/309 177/69/308
f 125/71/310 177/69/308 178/73/312
f 125/71/310 178/73/312 126/74/313
f 121/75/314 126/74/313 178/73/312
f 178/73/312 179/76/315 121/75/314
f 120/77/316 121/75/314 179/76/315
f 120/77/316 179/76/315 180/78/317
f 120/77/316 180/78/317 132/79/318
f 120/77/316 132/79/318 113/80/319
f 181/81/320 182/82/321 183/83/322
f 181/81/320 183/83/322 130/84/323
f 181/81/320 130/84/323 132/79/324
f 181/81/320 132/79/324 180/78/325
f 181/81/320 180/78/325 184/85/326
f 181/81/320 184/85/326 185/86/327
f 122/87/328 119/88/329 118/89/330
f 122/87/328 118/89/330 130/84/331
f 122/87/328 130/84/331 183/83/332
f 122/87/328 183/83/332 186/90/333
f 123/91/334 122/87/328 186/90/333
f 186/90/333 187/92/335 123/91/334
f 124/93/336 123/91/334 187/92/335
f 124/93/336 187/92/335 188/94/337
f 124/93/336 188/94/337 138/95/338
f 124/93/336 138/95/338 127/96/339
f 138/95/338 188/94/337 174/97/340
f 174/97/340 135/98/341 138/95/338
f 189/99/342 184/100/343 180/101/344
f 180/101/344 179/102/345 189/99/342
f 190/103/346 189/99/342 179/102/345
f 179/102/345 178/104/347 190/103/346
f 191/105/348 190/106/346 178/104/347
f 178/104/347 177/107/349 191/105/348
f 172/64/350 191/108/348 177/107/349
f 177/107/349 173/65/351 172/64/350
f 129/21/248 131/24/251 134/30/257
f 134/30/257 133/27/255 129/21/248
f 128/109/352 127/110/353 138/32/261
f 138/32/261 140/34/263 128/109/352
f 137/32/260 136/31/259 142/33/265
f 142/33/265 141/34/264 137/32/260
f 116/111/250 115/112/256 134/30/257
f 134/30/257 131/24/251 116/111/250
f 132/27/254 130/21/249 129/21/248
f 129/21/248 133/27/255 132/27/254
f 135/31/258 139/33/262 142/33/265
f 142/33/265 136/31/259 135/31/258
f 140/34/263 138/32/261 137/32/260
f 137/32/260 141/34/264 140/34/263
f 182/113/354 192/114/355 186/115/356
f 186/115/356 183/116/357 182/113/354
f 193/117/358 175/118/359 174/66/360
f 174/66/360 188/119/361 193/117/358
f 194/120/362 193/117/358 188/119/361
f 188/119/361 187/121/363 194/120/362
f 192/114/355 194/120/362 187/121/363
f 187/121/363 186/115/356 192/114/355
f 195/122/364 196/31/365 197/123/366
f 197/123/366 198/124/367 195/122/364
f 199/125/368 200/33/369 201/126/370
f 201/126/370 202/127/371 199/125/368
f 166/128/372 203/129/373 153/130/374
f 166/128/372 153/130/374 152/131/375
f 166/128/372 152/131/375 167/132/376
f 191/133/377 172/134/378 171/135/379
f 191/133/377 171/135/379 167/132/376
f 191/133/377 167/132/376 152/131/375
f 191/133/377 152/131/375 147/136/380
f 191/133/377 147/136/380 163/137/381
f 191/133/377 163/137/381 185/138/382
f 191/133/377 185/138/382 184/139/383
f 191/133/377 184/139/383 189/140/384
f 191/133/377 189/140/384 190/141/385
f 163/137/386 147/136/387 144/142/388
f 163/137/386 144/142/388 204/143/389
f 163/137/386 204/143/389 158/144/390
f 159/145/283 158/144/282 204/143/391
f 204/143/391 205/146/392 159/145/283
f 206/147/393 207/148/394 208/149/395
f 208/149/395 209/150/396 206/147/393
f 210/151/397 211/152/398 212/153/399
f 212/153/399 213/154/400 210/151/397
f 161/155/401 214/156/402 149/157/403
f 161/155/401 149/157/403 148/158/404
f 161/155/401 148/158/404 162/159/405
f 192/160/406 182/161/407 181/162/408
f 192/160/406 181/162/408 162/159/405
f 192/160/406 162/159/405 148/158/404
f 192/160/406 148/158/404 151/163/409
f 192/160/406 151/163/409 168/164/410
f 192/160/406 168/164/410 176/165/305
f 192/160/406 176/165/305 175/166/304
f 192/160/406 175/166/304 193/167/411
f 192/160/406 193/167/411 194/168/412
f 168/164/410 151/163/409 150/169/413
f 168/164/410 150/169/413 215/170/414
f 168/164/410 215/170/414 164/171/415
f 169/172/296 164/171/295 215/170/416
f 215/170/416 216/173/417 169/172/296
f 151/43/274 148/40/271 147/39/270
f 147/39/270 152/44/275 151/43/274
f 185/174/418 163/55/289 162/54/288
f 162/54/288 181/175/419 185/174/418
f 176/176/420 168/60/294 167/59/293
f 167/59/293 171/177/421 176/176/420
f 145/37/268 149/41/272 217/178/422
f 217/178/422 146/38/269 145/37/268
f 217/178/422 218/116/423 219/179/424
f 219/179/424 146/38/269 217/178/422
f 219/179/424 220/101/425 143/35/266
f 143/35/266 146/38/269 219/179/424
f 154/46/277 153/45/276 221/180/426
f 221/180/426 156/48/280 154/46/277
f 221/180/426 222/65/427 223/181/428
f 223/181/428 156/48/280 221/180/426
f 223/181/428 224/66/429 155/47/278
f 155/47/278 156/48/280 223/181/428
f 159/51/283 207/27/394 206/182/393
f 206/182/393 160/52/284 159/51/283
f 206/182/393 211/21/430 210/183/431
f 210/183/431 160/52/284 206/182/393
f 210/183/431 161/53/432 157/49/281
f 157/49/281 160/52/284 210/183/431
f 169/61/296 196/31/365 195/122/364
f 195/122/364 170/62/297 169/61/296
f 195/122/364 200/33/433 199/184/434
f 199/184/434 170/62/297 195/122/364
f 199/184/434 166/58/292 165/57/291
f 165/57/291 170/62/297 199/184/434
f 197/123/435 224/66/429 223/181/428
f 223/181/428 198/124/436 197/123/435
f 223/181/428 222/65/427 201/126/437
f 201/126/437 198/124/436 223/181/428
f 201/126/438 200/33/433 195/122/364
f 195/122/364 198/124/367 201/126/438
f 201/126/370 222/65/439 221/185/440
f 221/185/440 202/127/371 201/126/370
f 221/185/440 153/130/374 203/129/373
f 203/129/373 202/127/371 221/185/440
f 203/129/373 166/128/372 199/125/368
f 199/125/368 202/127/371 203/129/373
f 204/143/441 144/142/267 143/186/266
f 143/186/266 205/146/442 204/143/441
f 143/186/266 220/187/425 208/149/443
f 208/149/443 205/146/442 143/186/266
f 208/149/395 207/148/394 159/145/283
f 159/145/283 205/146/392 208/149/395
f 208/149/443 220/187/425 219/188/424
f 219/188/424 209/150/444 208/149/443
f 219/188/424 218/189/423 212/153/445
f 212/153/445 209/150/444 219/188/424
f 212/153/446 211/152/430 206/147/393
f 206/147/393 209/150/396 212/153/446
f 212/153/399 218/189/447 217/190/448
f 217/190/448 213/154/400 212/153/399
f 217/190/448 149/157/403 214/156/402
f 214/156/402 213/154/400 217/190/448
f 214/156/402 161/155/401 210/151/397
f 210/151/397 213/154/400 214/156/402
f 215/170/449 150/169/279 155/191/278
f 155/191/278 216/173/450 215/170/449
f 155/191/278 224/192/429 197/193/435
f 197/193/435 216/173/450 155/191/278
f 197/193/366 196/194/365 169/172/296
f 169/172/296 216/173/417 197/193/366
usemtl PaintedBlackSteel
f 225/195/451 226/196/452 227/197/453
f 227/197/453 228/198/454 225/195/451
f 226/196/452 229/199/455 230/200/456
f 230/200/456 227/197/453 226/196/452
f 229/199/455 231/201/457 232/202/458
f 232/202/458 230/200/456 229/199/455
f 231/201/457 233/203/459 234/204/460
f 234/204/460 232/202/458 231/201/457
f 233/203/459 235/205/461 236/206/462
f 236/206/462 234/204/460 233/203/459
f 235/205/461 237/207/463 238/208/464
f 238/208/464 236/206/462 235/205/461
f 237/207/463 239/209/465 240/210/466
f 240/210/466 238/208/464 237/207/463
f 239/209/465 241/211/467 242/212/468
f 242/212/468 240/210/466 239/209/465
f 241/211/467 243/213/469 244/214/470
f 244/214/470 242/212/468 241/211/467
f 243/213/469 245/215/471 246/216/472
f 246/216/472 244/214/470 243/213/469
f 245/215/471 247/217/473 248/218/474
f 248/218/474 246/216/472 245/215/471
f 247/217/473 249/219/475 250/220/476
f 250/220/476 248/218/474 247/217/473
f 249/219/475 251/221/477 252/222/478
f 252/222/478 250/220/476 249/219/475
f 251/221/477 253/223/479 254/224/480
f 254/224/480 252/222/478 251/221/477
f 253/223/479 255/225/481 256/226/482
f 256/226/482 254/224/480 253/223/479
f 255/225/481 225/227/451 228/228/454
f 228/228/454 256/226/482 255/225/481
f 226/196/483 225/195/484 257/123/485
f 229/199/486 226/196/483 257/123/485
f 231/201/487 229/199/486 257/123/485
f 233/203/488 231/201/487 257/123/485
f 235/205/489 233/203/488 257/123/485
f 237/207/490 235/205/489 257/123/485
f 239/209/491 237/207/490 257/123/485
f 241/211/492 239/209/491 257/123/485
f 243/213/493 241/211/492 257/123/485
f 245/215/494 243/213/493 257/123/485
f 247/217/495 245/215/494 257/123/485
f 249/219/496 247/217/495 257/123/485
f 251/221/497 249/219/496 257/123/485
f 253/223/498 251/221/497 257/123/485
f 255/225/499 253/223/498 257/123/485
f 225/227/484 255/225/499 257/123/485
f 228/198/500 227/197/501 258/229/502
f 227/197/501 230/200/503 258/229/502
f 230/200/503 232/202/504 258/229/502
f 232/202/504 234/204/505 258/229/502
f 234/204/505 236/206/506 258/229/502
f 236/206/506 238/208/507 258/229/502
f 238/208/507 240/210/508 258/229/502
f 240/210/508 242/212/509 258/229/502
f 242/212/509 244/214/510 258/229/502
f 244/214/510 246/216/511 258/229/502
f 246/216/511 248/218/512 258/229/502
f 248/218/512 250/220/513 258/229/502
f 250/220/513 252/222/514 258/229/502
f 252/222/514 254/224/515 258/229/502
f 254/224/515 256/226/516 258/229/502
f 256/226/516 228/228/500 258/229/502
f 259/195/517 260/196/518 261/197/519
f 261/197/519 262/198/520 259/195/517
f 260/196/518 263/199/521 264/200/522
f 264/200/522 261/197/519 260/196/518
f 263/199/521 265/201/523 266/202/524
f 266/202/524 264/200/522 263/199/521
f 265/201/523 267/203/525 268/204/526
f 268/204/526 266/202/524 265/201/523
f 267/203/525 269/205/527 270/206/528
f 270/206/528 268/204/526 267/203/525
f 269/205/527 271/207/529 272/208/530
f 272/208/530 270/206/528 269/205/527
f 271/207/529 273/209/531 274/210/532
f 274/210/532 272/208/530 271/207/529
f 273/209/531 275/211/533 276/212/534
f 276/212/534 274/210/532 273/209/531
f 275/211/533 277/213/535 278/214/536
f 278/214/536 276/212/534 275/211/533
f 277/213/535 279/215/537 280/216/538
f 280/216/538 278/214/536 277/213/535
f 279/215/537 281/217/539 282/218/540
f 282/218/540 280/216/538 279/215/537
f 281/217/539 283/219/541 284/220/542
f 284/220/542 282/218/540 281/217/539
f 283/219/541 285/221/543 286/222/544
f 286/222/544 284/220/542 283/219/541
f 285/221/543 287/223/545 288/224/546
f 288/224/546 286/222/544 285/221/543
f 287/223/545 289/225/547 290/226/548
f 290/226/548 288/224/546 287/223/545
f 289/225/547 259/227/517 262/228/520
f 262/228/520 290/226/548 289/225/547
f 260/196/549 259/195/550 291/123/551
f 263/199/552 260/196/549 291/123/551
f 265/201/553 263/199/552 291/123/551
f 267/203/554 265/201/553 291/123/551
f 269/205/555 267/203/554 291/123/551
f 271/207/556 269/205/555 291/123/551
f 273/209/557 271/207/556 291/123/551
f 275/211/558 273/209/557 291/123/551
f 277/213/559 275/211/558 291/123/551
f 279/215/560 277/213/559 291/123/551
f 281/217/561 279/215/560 291/123/551
f 283/219/562 281/217/561 291/123/551
f 285/221/563 283/219/562 291/123/551
f 287/223/564 285/221/563 291/123/551
f 289/225/565 287/223/564 291/123/551
f 259/227/550 289/225/565 291/123/551
f 262/198/566 261/197/567 292/229/568
f 261/197/567 264/200/569 292/229/568
f 264/200/569 266/202/570 292/229/568
f 266/202/570 268/204/571 292/229/568
f 268/204/571 270/206/572 292/229/568
f 270/206/572 272/208/573 292/229/568
f 272/208/573 274/210/574 292/229/568
f 274/210/574 276/212/575 292/229/568
f 276/212/575 278/214/576 292/229/568
f 278/214/576 280/216/577 292/229/568
f 280/216/577 282/218/578 292/229/568
f 282/218/578 284/220/579 292/229/568
f 284/220/579 286/222/580 292/229/568
f 286/222/580 288/224/581 292/229/568
f 288/224/581 290/226/582 292/229/568
f 290/226/582 262/228/566 292/229/568
f 293/195/583 294/196/584 295/197/585
f 295/197/585 296/198/586 293/195/583
f 294/196/584 297/199/587 298/200/588
f 298/200/588 295/197/585 294/196/584
f 297/199/587 299/201/589 300/202/590
f 300/202/590 298/200/588 297/199/587
f 299/201/589 301/203/591 302/204/592
f 302/204/592 300/202/590 299/201/589
f 301/203/591 303/205/593 304/206/594
f 304/206/594 302/204/592 301/203/591
f 303/205/593 305/207/595 306/208/596
f 306/208/596 304/206/594 303/205/593
f 305/207/595 307/209/597 308/210/598
f 308/210/598 306/208/596 305/207/595
f 307/209/597 309/211/599 310/212/600
f 310/212/600 308/210/598 307/209/597
f 309/211/599 311/213/601 312/214/602
f 312/214/602 310/212/600 309/211/599
f 311/213/601 313/215/603 314/216/604
f 314/216/604 312/214/602 311/213/601
f 313/215/603 315/217/605 316/218/606
f 316/218/606 314/216/604 313/215/603
f 315/217/605 317/219/607 318/220/608
f 318/220/608 316/218/606 315/217/605
f 317/219/607 319/221/609 320/222/610
f 320/222/610 318/220/608 317/219/607
f 319/221/609 321/223/611 322/224/612
f 322/224/612 320/222/610 319/221/609
f 321/223/611 323/225/613 324/226/614
f 324/226/614 322/224/612 321/223/611
f 323/225/613 293/227/583 296/228/586
f 296/228/586 324/226/614 323/225/613
f 294/196/615 293/195/616 325/123/617
f 297/199/618 294/196/615 325/123/617
f 299/201/619 297/199/618 325/123/617
f 301/203/620 299/201/619 325/123/617
f 303/205/621 301/203/620 325/123/617
f 305/207/622 303/205/621 325/123/617
f 307/209/623 305/207/622 325/123/617
f 309/211/624 307/209/623 325/123/617
f 311/213/625 309/211/624 325/123/617
f 313/215/626 311/213/625 325/123/617
f 315/217/627 313/215/626 325/123/617
f 317/219/628 315/217/627 325/123/617
f 319/221/629 317/219/628 325/123/617
f 321/223/630 319/221/629 325/123/617
f 323/225/631 321/223/630 325/123/617
f 293/227/616 323/225/631 325/123/617
f 296/198/632 295/197/633 326/229/634
f 295/197/633 298/200/635 326/229/634
f 298/200/635 300/202/636 326/229/634
f 300/202/636 302/204/637 326/229/634
f 302/204/637 304/206/638 326/229/634
f 304/206/638 306/208/639 326/229/634
f 306/208/639 308/210/640 326/229/634
f 308/210/640 310/212/641 326/229/634
f 310/212/641 312/214/642 326/229/634
f 312/214/642 314/216/643 326/229/634
f 314/216/643 316/218/644 326/229/634
f 316/218/644 318/220/645 326/229/634
f 318/220/645 320/222/646 326/229/634
f 320/222/646 322/224/647 326/229/634
f 322/224/647 324/226/648 326/229/634
f 324/226/648 296/228/632 326/229/634
f 327/230/649 328/231/650 329/231/651
f 329/231/651 330/232/652 327/230/649
f 331/233/653 329/231/654 328/231/655
f 328/231/655 332/233/656 331/233/653
f 333/234/657 331/233/658 332/233/659
f 332/233/659 334/235/660 333/234/657
f 335/236/661 336/237/662 337/33/663
f 335/236/661 337/33/663 331/233/664
f 335/236/661 331/233/664 333/238/665
f 334/239/666 332/233/667 328/231/668
f 334/239/666 328/231/668 327/240/669
f 334/239/666 327/240/669 338/241/670
f 339/242/671 330/243/672 329/231/673
f 339/242/671 329/231/673 340/27/674
f 339/242/671 340/27/674 341/244/675
f 342/245/676 343/246/677 344/65/678
f 342/245/676 344/65/678 345/247/679
f 342/245/676 345/247/679 346/248/680
f 347/249/681 348/250/682 349/251/683
f 347/249/681 349/251/683 343/246/677
f 347/249/681 343/246/677 342/252/676
f 350/253/684 351/101/685 349/251/683
f 350/253/684 349/251/683 348/254/682
f 350/253/684 348/254/682 352/255/686
f 341/256/687 340/79/688 351/78/689
f 351/78/689 350/257/690 341/256/687
f 329/258/654 349/259/691 351/78/692
f 351/78/692 340/79/693 329/258/654
f 331/260/653 343/261/694 349/259/691
f 349/259/691 329/258/654 331/260/653
f 337/33/695 344/65/696 343/261/694
f 343/261/694 331/260/653 337/33/695
f 345/262/697 344/65/698 337/33/699
f 337/33/699 336/263/700 345/262/697
f 333/264/701 334/265/702 338/266/703
f 333/264/701 338/266/703 353/206/704
f 333/264/701 353/206/704 354/204/705
f 333/264/701 354/204/705 335/267/706
f 352/268/707 348/269/708 347/270/709
f 352/268/707 347/270/709 355/205/710
f 352/268/707 355/205/710 356/207/711
f 357/271/712 358/231/713 359/231/714
f 359/231/714 360/272/715 357/271/712
f 361/233/716 359/231/717 358/231/718
f 358/231/718 362/233/719 361/233/716
f 363/273/720 361/233/721 362/233/722
f 362/233/722 364/274/723 363/273/720
f 365/275/724 366/276/725 367/33/726
f 365/275/724 367/33/726 361/233/727
f 365/275/724 361/233/727 363/277/728
f 368/278/729 364/279/730 362/233/731
f 368/278/729 362/233/731 358/231/732
f 368/278/729 358/231/732 357/280/733
f 360/281/734 359/231/735 369/27/736
f 360/281/734 369/27/736 370/282/737
f 360/281/734 370/282/737 371/283/738
f 372/284/739 373/246/740 374/65/741
f 372/284/739 374/65/741 375/285/742
f 372/284/739 375/285/742 376/286/743
f 377/287/744 378/251/745 373/246/740
f 377/287/744 373/246/740 372/288/739
f 377/287/744 372/288/739 379/289/746
f 380/290/747 381/291/748 382/101/749
f 380/290/747 382/101/749 378/251/745
f 380/290/747 378/251/745 377/292/744
f 370/293/750 369/79/751 382/78/752
f 382/78/752 381/294/753 370/293/750
f 359/258/717 378/259/754 382/78/755
f 382/78/755 369/79/756 359/258/717
f 361/260/716 373/261/757 378/259/754
f 378/259/754 359/258/717 361/260/716
f 367/33/758 374/65/759 373/261/757
f 373/261/757 361/260/716 367/33/758
f 375/295/760 374/65/761 367/33/762
f 367/33/762 366/296/763 375/295/760
f 380/297/764 377/298/765 379/299/766
f 380/297/764 379/299/766 383/196/767
f 380/297/764 383/196/767 384/199/768
f 372/300/769 376/301/770 385/195/771
f 372/300/769 385/195/771 383/196/767
f 372/300/769 383/196/767 379/299/766
f 363/302/772 364/303/773 368/304/774
f 363/302/772 368/304/774 386/197/775
f 363/302/772 386/197/775 387/198/776
f 363/302/772 387/198/776 365/305/777
f 357/306/778 360/307/779 371/308/780
f 357/306/778 371/308/780 388/200/781
f 357/306/778 388/200/781 386/197/775
f 357/306/778 386/197/775 368/304/774
f 370/309/782 381/310/783 380/297/764
f 370/309/782 380/297/764 384/199/768
f 370/309/782 384/199/768 389/201/784
f 370/309/782 389/201/784 390/202/785
f 370/309/782 390/202/785 388/200/781
f 370/309/782 388/200/781 371/308/780
f 345/311/786 336/312/787 335/267/706
f 345/311/786 335/267/706 354/204/705
f 345/311/786 354/204/705 390/202/785
f 345/311/786 390/202/785 389/201/784
f 345/311/786 389/201/784 391/203/788
f 345/311/786 391/203/788 346/313/789
f 347/270/709 342/314/790 346/313/789
f 347/270/709 346/313/789 391/203/788
f 347/270/709 391/203/788 355/205/710
f 327/315/791 330/316/792 339/317/793
f 327/315/791 339/317/793 392/208/794
f 327/315/791 392/208/794 353/206/704
f 327/315/791 353/206/704 338/318/703
f 350/319/795 352/268/707 356/207/711
f 350/319/795 356/207/711 393/209/796
f 350/319/795 393/209/796 394/210/797
f 350/319/795 394/210/797 392/208/794
f 350/319/795 392/208/794 339/320/793
f 350/319/795 339/320/793 341/321/798
f 395/322/799 396/323/800 397/212/801
f 395/322/799 397/212/801 394/210/797
f 395/322/799 394/210/797 393/209/796
f 395/322/799 393/209/796 398/211/802
f 395/322/799 398/211/802 399/324/803
f 395/322/799 399/324/803 400/325/804
f 396/323/800 401/326/805 402/327/806
f 396/323/800 402/327/806 403/328/807
f 396/323/800 403/328/807 404/214/808
f 396/323/800 404/214/808 397/212/801
f 403/328/807 405/329/809 406/330/810
f 403/328/807 406/330/810 407/331/811
f 403/328/807 407/331/811 408/216/812
f 403/328/807 408/216/812 404/214/808
f 409/332/813 410/333/814 411/215/815
f 409/332/813 411/215/815 412/217/816
f 409/332/813 412/217/816 413/218/817
f 409/332/813 413/218/817 408/216/812
f 409/332/813 408/216/812 407/331/811
f 409/332/813 407/331/811 414/334/818
f 415/335/819 416/336/820 417/220/821
f 415/335/819 417/220/821 413/218/817
f 415/335/819 413/218/817 412/217/816
f 415/335/819 412/217/816 418/219/822
f 415/335/819 418/219/822 419/337/823
f 415/335/819 419/337/823 420/338/824
f 416/339/820 421/340/825 422/341/826
f 416/339/820 422/341/826 423/342/827
f 416/339/820 423/342/827 424/222/828
f 416/339/820 424/222/828 417/220/821
f 423/342/827 425/343/829 426/344/830
f 423/342/827 426/344/830 427/345/831
f 423/342/827 427/345/831 428/224/832
f 423/342/827 428/224/832 424/222/828
f 429/346/833 430/347/834 431/223/835
f 429/346/833 431/223/835 432/225/836
f 429/346/833 432/225/836 433/226/837
f 429/346/833 433/226/837 428/224/832
f 429/346/833 428/224/832 427/345/831
f 429/346/833 427/345/831 434/348/838
f 366/349/839 365/350/777 387/228/776
f 366/349/839 387/228/776 433/226/837
f 366/349/839 433/226/837 432/225/836
f 366/349/839 432/225/836 385/227/771
f 366/349/839 385/227/771 376/351/770
f 366/349/839 376/351/770 375/352/840
f 383/196/841 385/195/842 435/123/843
f 384/199/844 383/196/841 435/123/843
f 389/201/845 384/199/844 435/123/843
f 391/203/846 389/201/845 435/123/843
f 355/205/847 391/203/846 435/123/843
f 356/207/848 355/205/847 435/123/843
f 393/209/849 356/207/848 435/123/843
f 398/211/850 393/209/849 435/123/843
f 436/213/851 398/211/850 435/123/843
f 411/215/852 436/213/851 435/123/843
f 412/217/853 411/215/852 435/123/843
f 418/219/854 412/217/853 435/123/843
f 437/221/855 418/219/854 435/123/843
f 431/223/856 437/221/855 435/123/843
f 432/225/857 431/223/856 435/123/843
f 385/227/842 432/225/857 435/123/843
f 387/198/858 386/197/859 438/229/860
f 386/197/859 388/200/861 438/229/860
f 388/200/861 390/202/862 438/229/860
f 390/202/862 354/204/863 438/229/860
f 354/204/863 353/206/864 438/229/860
f 353/206/864 392/208/865 438/229/860
f 392/208/865 394/210/866 438/229/860
f 394/210/866 397/212/867 438/229/860
f 397/212/867 404/214/868 438/229/860
f 404/214/868 408/216/869 438/229/860
f 408/216/869 413/218/870 438/229/860
f 413/218/870 417/220/871 438/229/860
f 417/220/871 424/222/872 438/229/860
f 424/222/872 428/224/873 438/229/860
f 428/224/873 433/226/874 438/229/860
f 433/226/874 387/228/858 438/229/860
f 439/353/875 419/337/823 418/219/822
f 439/353/875 418/219/822 437/221/876
f 439/353/875 437/221/876 440/354/877
f 441/355/878 440/354/877 437/221/876
f 441/355/878 437/221/876 431/223/835
f 441/355/878 431/223/835 430/356/834
f 420/357/879 442/65/880 443/33/881
f 443/33/881 415/358/882 420/357/879
f 443/33/883 442/65/884 444/261/885
f 444/261/885 445/260/886 443/33/883
f 445/260/886 444/261/885 446/259/887
f 446/259/887 447/258/888 445/260/886
f 447/258/888 446/259/887 448/78/889
f 448/78/889 449/79/890 447/258/888
f 434/359/891 449/79/892 448/78/893
f 448/78/893 429/360/894 434/359/891
f 429/361/895 448/101/896 446/251/897
f 429/361/895 446/251/897 441/362/898
f 429/361/895 441/362/898 430/363/899
f 441/364/898 446/251/897 444/246/900
f 441/364/898 444/246/900 439/365/901
f 441/364/898 439/365/901 440/366/902
f 419/367/903 439/368/901 444/246/900
f 419/367/903 444/246/900 442/65/904
f 419/367/903 442/65/904 420/369/905
f 426/370/906 447/231/907 449/27/908
f 426/370/906 449/27/908 434/371/909
f 426/370/906 434/371/909 427/372/910
f 423/373/911 422/374/912 450/233/913
f 423/373/911 450/233/913 451/231/914
f 423/373/911 451/231/914 425/375/915
f 415/376/916 443/33/917 445/233/918
f 415/376/916 445/233/918 421/377/919
f 415/376/916 421/377/919 416/378/920
f 421/379/921 445/233/922 450/233/923
f 450/233/923 422/380/924 421/379/921
f 445/233/886 447/231/888 451/231/925
f 451/231/925 450/233/926 445/233/886
f 425/381/927 451/231/928 447/231/929
f 447/231/929 426/382/930 425/381/927
f 452/383/931 399/384/803 398/211/802
f 452/383/931 398/211/802 436/213/932
f 452/383/931 436/213/932 453/385/933
f 454/386/934 453/385/933 436/213/932
f 454/386/934 436/213/932 411/215/815
f 454/386/934 411/215/815 410/333/814
f 400/387/935 455/65/936 456/33/937
f 456/33/937 395/388/938 400/387/935
f 456/33/939 455/65/940 457/261/941
f 457/261/941 458/260/942 456/33/939
f 458/260/942 457/261/941 459/259/943
f 459/259/943 460/258/944 458/260/942
f 460/258/944 459/259/943 461/78/945
f 461/78/945 462/79/946 460/258/944
f 414/389/947 462/79/948 461/78/949
f 461/78/949 409/390/950 414/389/947
f 409/391/951 461/101/952 459/251/953
f 409/391/951 459/251/953 454/392/954
f 409/391/951 454/392/954 410/393/955
f 454/394/954 459/251/953 457/246/956
f 454/394/954 457/246/956 452/395/957
f 454/394/954 452/395/957 453/396/958
f 399/397/959 452/398/957 457/246/956
f 399/397/959 457/246/956 455/65/960
f 399/397/959 455/65/960 400/399/961
f 406/400/962 460/231/963 462/27/964
f 406/400/962 462/27/964 414/401/965
f 406/400/962 414/401/965 407/402/966
f 403/403/967 402/404/968 463/233/969
f 403/403/967 463/233/969 464/231/970
f 403/403/967 464/231/970 405/405/971
f 395/406/972 456/33/973 458/233/974
f 395/406/972 458/233/974 401/407/975
f 395/406/972 401/407/975 396/408/976
f 401/409/977 458/233/978 463/233/979
f 463/233/979 402/410/980 401/409/977
f 458/233/942 460/231/944 464/231/981
f 464/231/981 463/233/982 458/233/942
f 405/411/983 464/231/984 460/231/985
f 460/231/985 406/412/986 405/411/983
f 465/116/987 466/66/988 467/65/987
f 467/65/987 468/101/989 465/116/987
f 469/413/990 468/78/991 467/65/992
f 469/413/990 467/65/992 470/414/993
f 469/413/990 470/414/993 471/415/994
f 470/416/995 467/65/996 466/66/997
f 466/66/997 472/417/998 470/416/995
f 473/418/999 472/419/1000 466/97/1001
f 473/418/999 466/97/1001 465/83/1002
f 473/418/999 465/83/1002 474/420/1003
f 474/420/1004 465/83/1005 468/78/1006
f 468/78/1006 469/421/1007 474/420/1004
f 475/422/1008 476/423/1009 477/424/1010
f 477/424/1010 478/425/1011 475/422/1008
f 479/426/1012 480/427/1013 481/428/1014
f 481/428/1014 482/429/1015 479/426/1012
f 483/430/1016 484/431/1017 485/432/1018
f 485/432/1018 486/433/1019 483/430/1016
f 487/434/1020 488/435/1021 489/436/1022
f 489/436/1022 490/437/1023 487/434/1020
f 491/438/1024 492/439/1025 493/440/1026
f 493/440/1026 494/33/1027 491/438/1024
f 495/441/1028 496/442/1029 497/443/1030
f 497/443/1030 484/444/1031 495/441/1028
f 498/445/1032 499/446/1033 500/430/1034
f 500/430/1034 488/447/1035 498/445/1032
f 501/448/1036 502/449/1037 503/450/1038
f 503/450/1038 504/84/1039 501/448/1036
f 505/451/1040 506/452/1041 507/434/1042
f 507/434/1042 476/435/1043 505/451/1040
f 508/453/1044 509/454/1045 510/455/1046
f 510/455/1046 480/456/1047 508/453/1044
f 511/21/1048 512/457/1049 471/458/1050
f 511/21/1048 471/458/1050 470/459/1051
f 511/21/1048 470/459/1051 472/460/1052
f 511/21/1048 472/460/1052 473/461/1053
f 511/21/1048 473/461/1053 513/462/1054
f 511/21/1048 513/462/1054 514/463/1055
f 515/66/1056 516/121/1057 517/464/1058
f 517/464/1058 518/465/1059 515/66/1056
f 519/448/1060 520/449/1061 512/450/1062
f 512/450/1062 511/84/1063 519/448/1060
f 521/438/1064 522/439/1065 523/440/1066
f 523/440/1066 524/33/1067 521/438/1064
f 478/425/1011 525/31/1068 526/123/1069
f 526/123/1069 475/422/1008 478/425/1011
f 518/466/1070 475/422/1008 526/123/1069
f 526/123/1069 515/66/1071 518/466/1070
f 475/422/1008 518/466/1070 505/467/1072
f 505/467/1072 476/423/1009 475/422/1008
f 482/429/1015 527/65/1073 521/438/1074
f 521/438/1074 479/426/1012 482/429/1015
f 528/468/1075 479/426/1012 521/438/1074
f 521/438/1074 524/33/1076 528/468/1075
f 479/426/1012 528/468/1075 508/469/1077
f 508/469/1077 480/427/1013 479/426/1012
f 486/433/1019 529/79/1078 530/470/1079
f 530/470/1079 483/430/1016 486/433/1019
f 531/471/1080 483/430/1016 530/470/1079
f 530/470/1079 532/78/1081 531/471/1080
f 483/430/1016 531/471/1080 495/472/1082
f 495/472/1082 484/431/1017 483/430/1016
f 490/437/1023 533/83/1083 519/448/1084
f 519/448/1084 487/434/1020 490/437/1023
f 514/473/1085 487/434/1020 519/448/1084
f 519/448/1084 511/84/1086 514/473/1085
f 487/434/1020 514/473/1085 498/474/1087
f 498/474/1087 488/435/1021 487/434/1020
f 491/438/1024 534/65/1088 535/73/1089
f 535/73/1089 492/439/1025 491/438/1024
f 536/470/1090 492/439/1025 535/73/1089
f 535/73/1089 537/78/1091 536/470/1090
f 536/470/1090 538/79/1092 493/440/1026
f 493/440/1026 492/439/1025 536/470/1090
f 496/442/1029 534/65/1093 491/438/1094
f 491/438/1094 497/443/1030 496/442/1029
f 539/475/1095 497/443/1030 491/438/1094
f 491/438/1094 494/33/1096 539/475/1095
f 485/476/1097 484/444/1031 497/443/1030
f 497/443/1030 539/475/1095 485/476/1097
f 540/477/1098 537/101/1099 535/104/1100
f 535/104/1100 541/478/1101 540/477/1098
f 496/479/1102 541/478/1101 535/104/1100
f 535/104/1100 534/65/1103 496/479/1102
f 499/446/1033 538/79/1104 536/470/1105
f 536/470/1105 500/430/1034 499/446/1033
f 540/480/1106 500/430/1034 536/470/1105
f 536/470/1105 537/78/1107 540/480/1106
f 489/481/1108 488/447/1035 500/430/1034
f 500/430/1034 540/480/1106 489/481/1108
f 542/482/1109 543/66/1110 544/121/1111
f 544/121/1111 545/483/1112 542/482/1109
f 506/484/1113 545/483/1112 544/121/1111
f 544/121/1111 546/116/1114 506/484/1113
f 501/448/1036 546/83/1115 544/92/1116
f 544/92/1116 502/449/1037 501/448/1036
f 547/485/1117 502/449/1037 544/92/1116
f 544/92/1116 543/97/1118 547/485/1117
f 547/485/1117 548/98/1119 503/450/1038
f 503/450/1038 502/449/1037 547/485/1117
f 506/452/1041 546/83/1120 501/448/1121
f 501/448/1121 507/434/1042 506/452/1041
f 549/473/1122 507/434/1042 501/448/1121
f 501/448/1121 504/84/1123 549/473/1122
f 477/474/1124 476/435/1043 507/434/1042
f 507/434/1042 549/473/1122 477/474/1124
f 509/454/1045 548/31/1125 547/123/1126
f 547/123/1126 510/455/1046 509/454/1045
f 542/486/1127 510/455/1046 547/123/1126
f 547/123/1126 543/66/1128 542/486/1127
f 481/487/1129 480/456/1047 510/455/1046
f 510/455/1046 542/486/1127 481/487/1129
f 525/31/1130 478/488/1131 513/462/1054
f 525/31/1130 513/462/1054 473/461/1053
f 525/31/1130 473/461/1053 474/489/1132
f 525/31/1130 474/489/1132 469/490/1133
f 525/31/1130 469/490/1133 471/458/1050
f 525/31/1130 471/458/1050 512/457/1049
f 477/491/1134 550/492/1135 551/493/1136
f 477/491/1134 551/493/1136 552/494/1137
f 477/491/1134 552/494/1137 513/462/1054
f 477/491/1134 513/462/1054 478/488/1131
f 553/495/1138 554/496/1139 508/497/1140
f 553/495/1138 508/497/1140 528/498/1141
f 553/495/1138 528/498/1141 513/462/1054
f 553/495/1138 513/462/1054 552/499/1137
f 555/500/1142 556/501/1143 557/502/1144
f 555/500/1142 557/502/1144 513/462/1054
f 555/500/1142 513/462/1054 528/498/1141
f 555/500/1142 528/498/1141 524/33/1145
f 555/500/1142 524/33/1145 523/503/1146
f 555/500/1142 523/503/1146 558/504/1147
f 486/505/1148 513/462/1054 557/506/1144
f 486/505/1148 557/506/1144 559/507/1149
f 486/505/1148 559/507/1149 560/508/1150
f 486/505/1148 560/508/1150 558/504/1147
f 486/505/1148 558/504/1147 523/503/1146
f 486/505/1148 523/503/1146 529/27/1151
f 485/509/1152 561/510/1153 562/511/1154
f 485/509/1152 562/511/1154 563/512/1155
f 485/509/1152 563/512/1155 513/462/1054
f 485/509/1152 513/462/1054 486/505/1148
f 564/513/1156 565/514/1157 498/515/1158
f 564/513/1156 498/515/1158 514/463/1055
f 564/513/1156 514/463/1055 513/462/1054
f 564/513/1156 513/462/1054 563/516/1155
f 533/116/1159 490/517/1160 517/464/1058
f 517/464/1058 516/121/1057 533/116/1159
f 490/517/1160 489/518/1161 566/179/1162
f 566/179/1162 517/464/1058 490/517/1160
f 531/519/1163 517/464/1058 566/179/1162
f 566/179/1162 495/520/1164 531/519/1163
f 532/101/1165 567/104/1166 517/464/1058
f 517/464/1058 531/519/1163 532/101/1165
f 527/65/1167 482/429/1168 517/464/1058
f 517/464/1058 567/104/1166 527/65/1167
f 482/429/1168 481/428/1169 568/521/1170
f 568/521/1170 517/464/1058 482/429/1168
f 518/465/1059 517/464/1058 568/521/1170
f 568/521/1170 505/522/1171 518/465/1059
f 519/448/1060 533/83/1172 516/92/1173
f 516/92/1173 520/449/1061 519/448/1060
f 526/485/1174 520/449/1061 516/92/1173
f 516/92/1173 515/97/1175 526/485/1174
f 526/485/1174 525/98/1176 512/450/1062
f 512/450/1062 520/449/1061 526/485/1174
f 521/438/1064 527/65/1177 567/73/1178
f 567/73/1178 522/439/1065 521/438/1064
f 530/470/1179 522/439/1065 567/73/1178
f 567/73/1178 532/78/1180 530/470/1179
f 530/470/1179 529/79/1181 523/440/1066
f 523/440/1066 522/439/1065 530/470/1179
f 569/116/1182 570/66/1183 571/65/1184
f 571/65/1184 572/101/1185 569/116/1182
f 560/413/1186 572/78/1187 571/65/1188
f 560/413/1186 571/65/1188 555/414/1189
f 560/413/1186 555/414/1189 558/415/1190
f 555/416/1191 571/65/1192 570/66/1193
f 570/66/1193 556/523/1194 555/416/1191
f 557/418/1195 556/524/1196 570/97/1197
f 557/418/1195 570/97/1197 569/83/1198
f 557/418/1195 569/83/1198 559/525/1199
f 559/525/1200 569/83/1201 572/78/1202
f 572/78/1202 560/421/1203 559/525/1200
f 566/526/1162 489/527/1161 540/477/1098
f 540/477/1098 541/478/1101 566/526/1162
f 573/528/1204 561/529/1205 485/530/1206
f 485/530/1206 539/531/1207 573/528/1204
f 574/532/1208 550/533/1135 477/534/1134
f 477/534/1134 549/535/1209 574/532/1208
f 568/536/1170 481/537/1169 542/482/1109
f 542/482/1109 545/483/1112 568/536/1170
f 496/479/1102 495/538/1164 566/526/1162
f 566/526/1162 541/478/1101 496/479/1102
f 565/539/1157 575/540/1210 499/541/1211
f 499/541/1211 498/542/1158 565/539/1157
f 554/543/1139 576/544/1212 509/454/1213
f 509/454/1213 508/453/1140 554/543/1139
f 506/484/1113 505/545/1171 568/536/1170
f 568/536/1170 545/483/1112 506/484/1113
f 577/546/1214 578/547/1215 494/33/1216
f 494/33/1216 493/503/1217 577/546/1214
f 579/548/1218 573/549/1204 539/531/1207
f 579/548/1218 539/531/1207 494/33/1216
f 579/548/1218 494/33/1216 578/550/1215
f 580/551/1219 577/546/1214 493/503/1217
f 493/503/1217 538/27/1220 580/551/1219
f 581/552/1221 580/553/1219 538/27/1220
f 581/552/1221 538/27/1220 499/541/1211
f 581/552/1221 499/541/1211 575/554/1210
f 581/555/1222 582/78/1223 583/65/1224
f 581/555/1222 583/65/1224 579/556/1225
f 581/555/1222 579/556/1225 578/557/1226
f 581/555/1222 578/557/1226 577/558/1227
f 581/555/1222 577/558/1227 580/559/1228
f 575/560/1229 565/561/1230 564/562/1231
f 575/560/1229 564/562/1231 584/83/1232
f 575/560/1229 584/83/1232 582/78/1233
f 575/560/1229 582/78/1233 581/563/1234
f 563/564/1235 562/565/1236 585/97/1237
f 563/564/1235 585/97/1237 584/83/1238
f 563/564/1235 584/83/1238 564/562/1239
f 573/566/1240 579/567/1241 583/65/1242
f 573/566/1240 583/65/1242 585/66/1243
f 573/566/1240 585/66/1243 562/568/1244
f 573/566/1240 562/568/1244 561/569/1245
f 584/116/1246 585/66/1247 583/65/1246
f 583/65/1246 582/101/1248 584/116/1246
f 586/570/1249 587/571/1250 504/21/1251
f 504/21/1251 503/457/1252 586/570/1249
f 588/572/1253 574/573/1208 549/535/1209
f 588/572/1253 549/535/1209 504/21/1251
f 588/572/1253 504/21/1251 587/574/1250
f 589/575/1254 586/570/1249 503/457/1252
f 503/457/1252 548/31/1255 589/575/1254
f 590/576/1256 589/577/1254 548/31/1255
f 590/576/1256 548/31/1255 509/454/1213
f 590/576/1256 509/454/1213 576/578/1212
f 590/555/1257 591/78/1258 592/65/1259
f 590/555/1257 592/65/1259 588/556/1260
f 590/555/1257 588/556/1260 587/579/1261
f 590/555/1257 587/579/1261 586/558/1262
f 590/555/1257 586/558/1262 589/580/1263
f 576/581/1264 554/582/1265 553/583/1266
f 576/581/1264 553/583/1266 593/83/1267
f 576/581/1264 593/83/1267 591/78/1268
f 576/581/1264 591/78/1268 590/563/1269
f 552/564/1270 551/584/1271 594/97/1272
f 552/564/1270 594/97/1272 593/83/1273
f 552/564/1270 593/83/1273 553/583/1274
f 574/585/1275 588/567/1276 592/65/1277
f 574/585/1275 592/65/1277 594/66/1278
f 574/585/1275 594/66/1278 551/586/1279
f 574/585/1275 551/586/1279 550/587/1280
f 593/116/1281 594/66/1282 592/65/1281
f 592/65/1281 591/101/1283 593/116/1281
f 595/588/1284 596/589/1285 597/590/1286
f 597/590/1286 598/591/1287 595/588/1284
f 599/592/1288 600/593/1289 601/594/1290
f 601/594/1290 602/595/1291 599/592/1288
f 603/596/1292 604/597/1293 605/521/1294
f 605/521/1294 606/598/1295 603/596/1292
f 607/599/1296 608/600/1297 597/601/1298
f 597/601/1298 609/602/1299 607/599/1296
f 610/182/1300 611/21/1301 612/457/1302
f 612/457/1302 613/603/1303 610/182/1300
f 614/604/1304 615/66/1305 616/121/1306
f 616/121/1306 617/605/1307 614/604/1304
f 618/606/1308 596/607/1309 595/608/1310
f 595/608/1310 619/609/1311 618/606/1308
f 620/610/1312 621/611/1313 622/612/1314
f 622/612/1314 623/613/1315 620/610/1312
f 624/614/1316 625/615/1317 626/616/1318
f 626/616/1318 627/617/1319 624/614/1316
f 628/618/1320 629/619/1321 630/620/1322
f 630/620/1322 631/621/1323 628/618/1320
f 632/622/1324 633/31/1325 634/123/1326
f 634/123/1326 635/623/1327 632/622/1324
f 636/624/1328 615/66/1305 614/604/1304
f 614/604/1304 637/625/1329 636/624/1328
f 638/626/1330 639/65/1331 640/627/1332
f 640/627/1332 641/628/1333 638/626/1330
f 642/629/1334 643/33/1335 644/630/1336
f 644/630/1336 645/631/1337 642/629/1334
f 646/632/1338 647/633/1339 648/634/1340
f 648/634/1340 649/635/1341 646/632/1338
f 650/636/1342 651/637/1343 652/638/1344
f 652/638/1344 653/639/1345 650/636/1342
f 654/640/1346 655/641/1347 656/642/1348
f 656/642/1348 657/643/1349 654/640/1346
f 658/644/1350 659/645/1351 660/646/1352
f 660/646/1352 661/647/1353 658/644/1350
f 597/590/1286 608/648/1354 662/649/1355
f 662/649/1355 598/591/1287 597/590/1286
f 662/649/1355 663/650/1356 601/594/1357
f 601/594/1357 598/591/1287 662/649/1355
f 601/594/1357 600/651/1358 595/588/1284
f 595/588/1284 598/591/1287 601/594/1357
f 601/594/1290 663/650/1359 626/652/1360
f 626/652/1360 602/595/1291 601/594/1290
f 626/652/1360 625/653/1361 605/521/1362
f 605/521/1362 602/595/1291 626/652/1360
f 605/521/1362 604/654/1363 599/592/1288
f 599/592/1288 602/595/1291 605/521/1362
f 605/521/1294 625/655/1364 624/656/1365
f 624/656/1365 606/598/1295 605/521/1294
f 624/656/1365 664/657/1366 622/658/1367
f 622/658/1367 606/598/1295 624/656/1365
f 622/658/1367 621/659/1368 603/596/1292
f 603/596/1292 606/598/1295 622/658/1367
f 597/601/1298 596/607/1369 618/606/1370
f 618/606/1370 609/602/1299 597/601/1298
f 618/606/1371 611/84/1372 610/660/1373
f 610/660/1373 609/602/1374 618/606/1371
f 610/660/1373 665/79/1375 607/599/1376
f 607/599/1376 609/602/1374 610/660/1373
f 612/457/1302 633/31/1377 644/630/1336
f 644/630/1336 613/603/1303 612/457/1302
f 644/630/1336 643/33/1335 666/503/1378
f 666/503/1378 613/603/1303 644/630/1336
f 666/503/1378 665/27/1379 610/182/1300
f 610/182/1300 613/603/1303 666/503/1378
f 616/121/1306 667/116/1380 668/179/1381
f 668/179/1381 617/605/1307 616/121/1306
f 668/179/1381 669/101/1382 670/104/1383
f 670/104/1383 617/605/1307 668/179/1381
f 670/104/1383 639/65/1384 614/604/1304
f 614/604/1304 617/605/1307 670/104/1383
f 595/608/1310 600/661/1385 599/662/1386
f 599/662/1386 619/609/1311 595/608/1310
f 599/662/1386 604/663/1387 603/664/1388
f 603/664/1388 619/609/1311 599/662/1386
f 603/664/1388 621/611/1389 620/610/1390
f 620/610/1390 619/609/1311 603/664/1388
f 620/610/1391 667/83/1392 616/92/1393
f 616/92/1393 619/609/1394 620/610/1391
f 616/92/1393 615/97/1395 634/485/1396
f 634/485/1396 619/609/1394 616/92/1393
f 634/485/1396 633/98/1397 612/450/1398
f 612/450/1398 619/609/1394 634/485/1396
f 612/450/1398 611/84/1399 618/606/1400
f 618/606/1400 619/609/1394 612/450/1398
f 622/612/1314 664/665/1401 671/666/1402
f 671/666/1402 623/613/1315 622/612/1314
f 671/666/1403 669/78/1404 668/667/1405
f 668/667/1405 623/613/1406 671/666/1403
f 668/667/1405 667/83/1407 620/610/1408
f 620/610/1408 623/613/1406 668/667/1405
f 626/616/1318 663/668/1409 662/669/1410
f 662/669/1410 627/617/1319 626/616/1318
f 662/669/1410 608/600/1411 607/599/1412
f 607/599/1412 627/617/1319 662/669/1410
f 607/599/1413 665/79/1414 666/440/1415
f 666/440/1415 627/617/1416 607/599/1413
f 666/440/1415 643/33/1417 640/627/1332
f 640/627/1332 627/617/1416 666/440/1415
f 640/627/1332 639/65/1331 670/73/1418
f 670/73/1418 627/617/1416 640/627/1332
f 670/73/1418 669/78/1419 671/666/1420
f 671/666/1420 627/617/1416 670/73/1418
f 671/666/1421 664/665/1422 624/614/1316
f 624/614/1316 627/617/1319 671/666/1421
f 630/620/1322 672/670/1423 673/671/1424
f 673/671/1424 631/621/1323 630/620/1322
f 673/671/1424 674/672/1425 675/673/1426
f 675/673/1426 631/621/1323 673/671/1424
f 675/673/1426 676/674/1427 628/618/1320
f 628/618/1320 631/621/1323 675/673/1426
f 634/123/1326 615/66/1428 636/624/1429
f 636/624/1429 635/623/1327 634/123/1326
f 636/624/1429 651/637/1430 648/634/1431
f 648/634/1431 635/623/1327 636/624/1429
f 648/634/1431 647/633/1432 632/622/1324
f 632/622/1324 635/623/1327 648/634/1431
f 614/604/1304 639/65/1384 638/626/1433
f 638/626/1433 637/625/1329 614/604/1304
f 638/626/1433 655/641/1434 652/638/1344
f 652/638/1344 637/625/1329 638/626/1433
f 652/638/1344 651/637/1343 636/624/1328
f 636/624/1328 637/625/1329 652/638/1344
f 640/627/1332 643/33/1417 642/629/1435
f 642/629/1435 641/628/1333 640/627/1332
f 642/629/1435 659/645/1436 656/642/1437
f 656/642/1437 641/628/1333 642/629/1435
f 656/642/1437 655/641/1438 638/626/1330
f 638/626/1330 641/628/1333 656/642/1437
f 644/630/1336 633/31/1377 632/622/1439
f 632/622/1439 645/631/1337 644/630/1336
f 632/622/1439 647/633/1440 660/646/1352
f 660/646/1352 645/631/1337 632/622/1439
f 660/646/1352 659/645/1351 642/629/1334
f 642/629/1334 645/631/1337 660/646/1352
f 648/634/1340 651/637/1441 650/636/1442
f 650/636/1442 649/635/1341 648/634/1340
f 650/636/1442 672/670/1443 630/620/1444
f 630/620/1444 649/635/1341 650/636/1442
f 630/620/1444 629/619/1445 646/632/1338
f 646/632/1338 649/635/1341 630/620/1444
f 652/638/1344 655/641/1434 654/640/1446
f 654/640/1446 653/639/1345 652/638/1344
f 654/640/1446 674/672/1447 673/671/1448
f 673/671/1448 653/639/1345 654/640/1446
f 673/671/1448 672/670/1449 650/636/1342
f 650/636/1342 653/639/1345 673/671/1448
f 656/642/1348 659/645/1450 658/644/1451
f 658/644/1451 657/643/1349 656/642/1348
f 658/644/1451 676/674/1452 675/673/1453
f 675/673/1453 657/643/1349 658/644/1451
f 675/673/1453 674/672/1454 654/640/1346
f 654/640/1346 657/643/1349 675/673/1453
f 660/646/1352 647/633/1440 646/632/1455
f 646/632/1455 661/647/1353 660/646/1352
f 646/632/1455 629/619/1456 628/618/1457
f 628/618/1457 661/647/1353 646/632/1455
f 628/618/1457 676/674/1458 658/644/1350
f 658/644/1350 661/647/1353 628/618/1457
f 677/588/1459 678/589/1460 679/590/1461
f 679/590/1461 680/591/1462 677/588/1459
f 681/592/1463 682/593/1464 683/594/1465
f 683/594/1465 684/595/1466 681/592/1463
f 685/596/1467 686/597/1468 687/521/1469
f 687/521/1469 688/598/1470 685/596/1467
f 689/599/1471 690/600/1472 679/601/1473
f 679/601/1473 691/602/1474 689/599/1471
f 692/182/1475 693/21/1476 694/457/1477
f 694/457/1477 695/603/1478 692/182/1475
f 696/604/1479 697/66/1480 698/121/1481
f 698/121/1481 699/605/1482 696/604/1479
f 700/606/1483 678/607/1484 677/608/1485
f 677/608/1485 701/609/1486 700/606/1483
f 702/610/1487 703/611/1488 704/612/1489
f 704/612/1489 705/613/1490 702/610/1487
f 706/614/1491 707/615/1492 708/616/1493
f 708/616/1493 709/617/1494 706/614/1491
f 710/618/1495 711/619/1496 712/620/1497
f 712/620/1497 713/621/1498 710/618/1495
f 714/622/1499 715/31/1500 716/123/1501
f 716/123/1501 717/623/1502 714/622/1499
f 718/624/1503 697/66/1480 696/604/1479
f 696/604/1479 719/625/1504 718/624/1503
f 720/626/1505 721/65/1506 722/627/1507
f 722/627/1507 723/628/1508 720/626/1505
f 724/629/1509 725/33/1510 726/630/1511
f 726/630/1511 727/631/1512 724/629/1509
f 728/632/1513 729/633/1514 730/634/1515
f 730/634/1515 731/635/1516 728/632/1513
f 732/636/1517 733/637/1518 734/638/1519
f 734/638/1519 735/639/1520 732/636/1517
f 736/640/1521 737/641/1522 738/642/1523
f 738/642/1523 739/643/1524 736/640/1521
f 740/644/1525 741/645/1526 742/646/1527
f 742/646/1527 743/647/1528 740/644/1525
f 679/590/1461 690/648/1529 744/649/1530
f 744/649/1530 680/591/1462 679/590/1461
f 744/649/1530 745/650/1531 683/594/1532
f 683/594/1532 680/591/1462 744/649/1530
f 683/594/1532 682/651/1533 677/588/1459
f 677/588/1459 680/591/1462 683/594/1532
f 683/594/1465 745/650/1534 708/652/1535
f 708/652/1535 684/595/1466 683/594/1465
f 708/652/1535 707/653/1536 687/521/1537
f 687/521/1537 684/595/1466 708/652/1535
f 687/521/1537 686/654/1538 681/592/1463
f 681/592/1463 684/595/1466 687/521/1537
f 687/521/1469 707/655/1539 706/656/1540
f 706/656/1540 688/598/1470 687/521/1469
f 706/656/1540 746/657/1541 704/658/1542
f 704/658/1542 688/598/1470 706/656/1540
f 704/658/1542 703/659/1543 685/596/1467
f 685/596/1467 688/598/1470 704/658/1542
f 679/601/1473 678/607/1544 700/606/1545
f 700/606/1545 691/602/1474 679/601/1473
f 700/606/1546 693/84/1547 692/660/1548
f 692/660/1548 691/602/1549 700/606/1546
f 692/660/1548 747/79/1550 689/599/1551
f 689/599/1551 691/602/1549 692/660/1548
f 694/457/1477 715/31/1552 726/630/1511
f 726/630/1511 695/603/1478 694/457/1477
f 726/630/1511 725/33/1510 748/503/1553
f 748/503/1553 695/603/1478 726/630/1511
f 748/503/1553 747/27/1554 692/182/1475
f 692/182/1475 695/603/1478 748/503/1553
f 698/121/1481 749/116/1555 750/179/1556
f 750/179/1556 699/605/1482 698/121/1481
f 750/179/1556 751/101/1557 752/104/1558
f 752/104/1558 699/605/1482 750/179/1556
f 752/104/1558 721/65/1559 696/604/1479
f 696/604/1479 699/605/1482 752/104/1558
f 677/608/1485 682/661/1560 681/662/1561
f 681/662/1561 701/609/1486 677/608/1485
f 681/662/1561 686/663/1562 685/664/1563
f 685/664/1563 701/609/1486 681/662/1561
f 685/664/1563 703/611/1564 702/610/1565
f 702/610/1565 701/609/1486 685/664/1563
f 702/610/1566 749/83/1567 698/92/1568
f 698/92/1568 701/609/1569 702/610/1566
f 698/92/1568 697/97/1570 716/485/1571
f 716/485/1571 701/609/1569 698/92/1568
f 716/485/1571 715/98/1572 694/450/1573
f 694/450/1573 701/609/1569 716/485/1571
f 694/450/1573 693/84/1574 700/606/1575
f 700/606/1575 701/609/1569 694/450/1573
f 704/612/1489 746/665/1576 753/666/1577
f 753/666/1577 705/613/1490 704/612/1489
f 753/666/1578 751/78/1579 750/667/1580
f 750/667/1580 705/613/1581 753/666/1578
f 750/667/1580 749/83/1582 702/610/1583
f 702/610/1583 705/613/1581 750/667/1580
f 708/616/1493 745/668/1584 744/669/1585
f 744/669/1585 709/617/1494 708/616/1493
f 744/669/1585 690/600/1586 689/599/1587
f 689/599/1587 709/617/1494 744/669/1585
f 689/599/1588 747/79/1589 748/440/1590
f 748/440/1590 709/617/1591 689/599/1588
f 748/440/1590 725/33/1592 722/627/1507
f 722/627/1507 709/617/1591 748/440/1590
f 722/627/1507 721/65/1506 752/73/1593
f 752/73/1593 709/617/1591 722/627/1507
f 752/73/1593 751/78/1594 753/666/1595
f 753/666/1595 709/617/1591 752/73/1593
f 753/666/1596 746/665/1597 706/614/1491
f 706/614/1491 709/617/1494 753/666/1596
f 712/620/1497 754/670/1598 755/671/1599
f 755/671/1599 713/621/1498 712/620/1497
f 755/671/1599 756/672/1600 757/673/1601
f 757/673/1601 713/621/1498 755/671/1599
f 757/673/1601 758/674/1602 710/618/1495
f 710/618/1495 713/621/1498 757/673/1601
f 716/123/1501 697/66/1603 718/624/1604
f 718/624/1604 717/623/1502 716/123/1501
f 718/624/1604 733/637/1605 730/634/1606
f 730/634/1606 717/623/1502 718/624/1604
f 730/634/1606 729/633/1607 714/622/1499
f 714/622/1499 717/623/1502 730/634/1606
f 696/604/1479 721/65/1559 720/626/1608
f 720/626/1608 719/625/1504 696/604/1479
f 720/626/1608 737/641/1609 734/638/1519
f 734/638/1519 719/625/1504 720/626/1608
f 734/638/1519 733/637/1518 718/624/1503
f 718/624/1503 719/625/1504 734/638/1519
f 722/627/1507 725/33/1592 724/629/1610
f 724/629/1610 723/628/1508 722/627/1507
f 724/629/1610 741/645/1611 738/642/1612
f 738/642/1612 723/628/1508 724/629/1610
f 738/642/1612 737/641/1613 720/626/1505
f 720/626/1505 723/628/1508 738/642/1612
f 726/630/1511 715/31/1552 714/622/1614
f 714/622/1614 727/631/1512 726/630/1511
f 714/622/1614 729/633/1615 742/646/1527
f 742/646/1527 727/631/1512 714/622/1614
f 742/646/1527 741/645/1526 724/629/1509
f 724/629/1509 727/631/1512 742/646/1527
f 730/634/1515 733/637/1616 732/636/1617
f 732/636/1617 731/635/1516 730/634/1515
f 732/636/1617 754/670/1618 712/620/1619
f 712/620/1619 731/635/1516 732/636/1617
f 712/620/1619 711/619/1620 728/632/1513
f 728/632/1513 731/635/1516 712/620/1619
f 734/638/1519 737/641/1609 736/640/1621
f 736/640/1621 735/639/1520 734/638/1519
f 736/640/1621 756/672/1622 755/671/1623
f 755/671/1623 735/639/1520 736/640/1621
f 755/671/1623 754/670/1624 732/636/1517
f 732/636/1517 735/639/1520 755/671/1623
f 738/642/1523 741/645/1625 740/644/1626
f 740/644/1626 739/643/1524 738/642/1523
f 740/644/1626 758/674/1627 757/673/1628
f 757/673/1628 739/643/1524 740/644/1626
f 757/673/1628 756/672/1629 736/640/1521
f 736/640/1521 739/643/1524 757/673/1628
f 742/646/1527 729/633/1615 728/632/1630
f 728/632/1630 743/647/1528 742/646/1527
f 728/632/1630 711/619/1631 710/618/1632
f 710/618/1632 743/647/1528 728/632/1630
f 710/618/1632 758/674/1633 740/644/1525
f 740/644/1525 743/647/1528 710/618/1632
f 759/195/1634 760/196/1635 761/197/1636
f 761/197/1636 762/198/1637 759/195/1634
f 760/196/1635 763/199/1638 764/200/1639
f 764/200/1639 761/197/1636 760/196/1635
f 763/199/1638 765/201/1640 766/202/1641
f 766/202/1641 764/200/1639 763/199/1638
f 765/201/1640 767/203/1642 768/204/1643
f 768/204/1643 766/202/1641 765/201/1640
f 767/203/1642 769/205/1644 770/206/1645
f 770/206/1645 768/204/1643 767/203/1642
f 769/205/1644 771/207/1646 772/208/1647
f 772/208/1647 770/206/1645 769/205/1644
f 771/207/1646 773/209/1648 774/210/1649
f 774/210/1649 772/208/1647 771/207/1646
f 773/209/1648 775/211/1650 776/212/1651
f 776/212/1651 774/210/1649 773/209/1648
f 775/211/1650 777/213/1652 778/214/1653
f 778/214/1653 776/212/1651 775/211/1650
f 777/213/1652 779/215/1654 780/216/1655
f 780/216/1655 778/214/1653 777/213/1652
f 779/215/1654 781/217/1656 782/218/1657
f 782/218/1657 780/216/1655 779/215/1654
f 781/217/1656 783/219/1658 784/220/1659
f 784/220/1659 782/218/1657 781/217/1656
f 783/219/1658 785/221/1660 786/222/1661
f 786/222/1661 784/220/1659 783/219/1658
f 785/221/1660 787/223/1662 788/224/1663
f 788/224/1663 786/222/1661 785/221/1660
f 787/223/1662 789/225/1664 790/226/1665
f 790/226/1665 788/224/1663 787/223/1662
f 789/225/1664 759/227/1634 762/228/1637
f 762/228/1637 790/226/1665 789/225/1664
f 760/196/1666 759/195/1667 791/123/1668
f 763/199/1669 760/196/1666 791/123/1668
f 765/201/1670 763/199/1669 791/123/1668
f 767/203/1671 765/201/1670 791/123/1668
f 769/205/1672 767/203/1671 791/123/1668
f 771/207/1673 769/205/1672 791/123/1668
f 773/209/1674 771/207/1673 791/123/1668
f 775/211/1675 773/209/1674 791/123/1668
f 777/213/1676 775/211/1675 791/123/1668
f 779/215/1677 777/213/1676 791/123/1668
f 781/217/1678 779/215/1677 791/123/1668
f 783/219/1679 781/217/1678 791/123/1668
f 785/221/1680 783/219/1679 791/123/1668
f 787/223/1681 785/221/1680 791/123/1668
f 789/225/1682 787/223/1681 791/123/1668
f 759/227/1667 789/225/1682 791/123/1668
f 762/198/1683 761/197/1684 792/229/1685
f 761/197/1684 764/200/1686 792/229/1685
f 764/200/1686 766/202/1687 792/229/1685
f 766/202/1687 768/204/1688 792/229/1685
f 768/204/1688 770/206/1689 792/229/1685
f 770/206/1689 772/208/1690 792/229/1685
f 772/208/1690 774/210/1691 792/229/1685
f 774/210/1691 776/212/1692 792/229/1685
f 776/212/1692 778/214/1693 792/229/1685
f 778/214/1693 780/216/1694 792/229/1685
f 780/216/1694 782/218/1695 792/229/1685
f 782/218/1695 784/220/1696 792/229/1685
f 784/220/1696 786/222/1697 792/229/1685
f 786/222/1697 788/224/1698 792/229/1685
f 788/224/1698 790/226/1699 792/229/1685
f 790/226/1699 762/228/1683 792/229/1685
f 793/588/1700 794/589/1701 795/590/1702
f 795/590/1702 796/591/1703 793/588/1700
f 797/592/1704 798/593/1705 799/594/1706
f 799/594/1706 800/595/1707 797/592/1704
f 801/596/1708 802/597/1709 803/521/1710
f 803/521/1710 804/598/1711 801/596/1708
f 805/599/1712 806/600/1713 795/601/1714
f 795/601/1714 807/602/1715 805/599/1712
f 808/182/1716 809/21/1717 810/457/1718
f 810/457/1718 811/603/1719 808/182/1716
f 812/604/1720 813/66/1721 814/121/1722
f 814/121/1722 815/605/1723 812/604/1720
f 816/606/1724 794/607/1725 793/608/1726
f 793/608/1726 817/609/1727 816/606/1724
f 818/610/1728 819/611/1729 820/612/1730
f 820/612/1730 821/613/1731 818/610/1728
f 822/614/1732 823/615/1733 824/616/1734
f 824/616/1734 825/617/1735 822/614/1732
f 826/618/1736 827/619/1737 828/620/1738
f 828/620/1738 829/621/1739 826/618/1736
f 830/622/1740 831/31/1741 832/123/1742
f 832/123/1742 833/623/1743 830/622/1740
f 834/624/1744 813/66/1721 812/604/1720
f 812/604/1720 835/625/1745 834/624/1744
f 836/626/1746 837/65/1747 838/627/1748
f 838/627/1748 839/628/1749 836/626/1746
f 840/629/1750 841/33/1751 842/630/1752
f 842/630/1752 843/631/1753 840/629/1750
f 844/632/1754 845/633/1755 846/634/1756
f 846/634/1756 847/635/1757 844/632/1754
f 848/636/1758 849/637/1759 850/638/1760
f 850/638/1760 851/639/1761 848/636/1758
f 852/640/1762 853/641/1763 854/642/1764
f 854/642/1764 855/643/1765 852/640/1762
f 856/644/1766 857/645/1767 858/646/1768
f 858/646/1768 859/647/1769 856/644/1766
f 795/590/1702 806/648/1770 860/649/1771
f 860/649/1771 796/591/1703 795/590/1702
f 860/649/1771 861/650/1772 799/594/1773
f 799/594/1773 796/591/1703 860/649/1771
f 799/594/1773 798/651/1774 793/588/1700
f 793/588/1700 796/591/1703 799/594/1773
f 799/594/1706 861/650/1775 824/652/1776
f 824/652/1776 800/595/1707 799/594/1706
f 824/652/1776 823/653/1777 803/521/1778
f 803/521/1778 800/595/1707 824/652/1776
f 803/521/1778 802/654/1779 797/592/1704
f 797/592/1704 800/595/1707 803/521/1778
f 803/521/1710 823/655/1780 822/656/1781
f 822/656/1781 804/598/1711 803/521/1710
f 822/656/1781 862/657/1782 820/658/1783
f 820/658/1783 804/598/1711 822/656/1781
f 820/658/1783 819/659/1784 801/596/1708
f 801/596/1708 804/598/1711 820/658/1783
f 795/601/1714 794/607/1785 816/606/1786
f 816/606/1786 807/602/1715 795/601/1714
f 816/606/1787 809/84/1788 808/660/1789
f 808/660/1789 807/602/1790 816/606/1787
f 808/660/1789 863/79/1791 805/599/1792
f 805/599/1792 807/602/1790 808/660/1789
f 810/457/1718 831/31/1793 842/630/1752
f 842/630/1752 811/603/1719 810/457/1718
f 842/630/1752 841/33/1751 864/503/1794
f 864/503/1794 811/603/1719 842/630/1752
f 864/503/1794 863/27/1795 808/182/1716
f 808/182/1716 811/603/1719 864/503/1794
f 814/121/1722 865/116/1796 866/179/1797
f 866/179/1797 815/605/1723 814/121/1722
f 866/179/1797 867/101/1798 868/104/1799
f 868/104/1799 815/605/1723 866/179/1797
f 868/104/1799 837/65/1800 812/604/1720
f 812/604/1720 815/605/1723 868/104/1799
f 793/608/1726 798/661/1801 797/662/1802
f 797/662/1802 817/609/1727 793/608/1726
f 797/662/1802 802/663/1803 801/664/1804
f 801/664/1804 817/609/1727 797/662/1802
f 801/664/1804 819/611/1805 818/610/1806
f 818/610/1806 817/609/1727 801/664/1804
f 818/610/1807 865/83/1808 814/92/1809
f 814/92/1809 817/609/1810 818/610/1807
f 814/92/1809 813/97/1811 832/485/1812
f 832/485/1812 817/609/1810 814/92/1809
f 832/485/1812 831/98/1813 810/450/1814
f 810/450/1814 817/609/1810 832/485/1812
f 810/450/1814 809/84/1815 816/606/1816
f 816/606/1816 817/609/1810 810/450/1814
f 820/612/1730 862/665/1817 869/666/1818
f 869/666/1818 821/613/1731 820/612/1730
f 869/666/1819 867/78/1820 866/667/1821
f 866/667/1821 821/613/1822 869/666/1819
f 866/667/1821 865/83/1823 818/610/1824
f 818/610/1824 821/613/1822 866/667/1821
f 824/616/1734 861/668/1825 860/669/1826
f 860/669/1826 825/617/1735 824/616/1734
f 860/669/1826 806/600/1827 805/599/1828
f 805/599/1828 825/617/1735 860/669/1826
f 805/599/1829 863/79/1830 864/440/1831
f 864/440/1831 825/617/1832 805/599/1829
f 864/440/1831 841/33/1833 838/627/1748
f 838/627/1748 825/617/1832 864/440/1831
f 838/627/1748 837/65/1747 868/73/1834
f 868/73/1834 825/617/1832 838/627/1748
f 868/73/1834 867/78/1835 869/666/1836
f 869/666/1836 825/617/1832 868/73/1834
f 869/666/1837 862/665/1838 822/614/1732
f 822/614/1732 825/617/1735 869/666/1837
f 828/620/1738 870/670/1839 871/671/1840
f 871/671/1840 829/621/1739 828/620/1738
f 871/671/1840 872/672/1841 873/673/1842
f 873/673/1842 829/621/1739 871/671/1840
f 873/673/1842 874/674/1843 826/618/1736
f 826/618/1736 829/621/1739 873/673/1842
f 832/123/1742 813/66/1844 834/624/1845
f 834/624/1845 833/623/1743 832/123/1742
f 834/624/1845 849/637/1846 846/634/1847
f 846/634/1847 833/623/1743 834/624/1845
f 846/634/1847 845/633/1848 830/622/1740
f 830/622/1740 833/623/1743 846/634/1847
f 812/604/1720 837/65/1800 836/626/1849
f 836/626/1849 835/625/1745 812/604/1720
f 836/626/1849 853/641/1850 850/638/1760
f 850/638/1760 835/625/1745 836/626/1849
f 850/638/1760 849/637/1759 834/624/1744
f 834/624/1744 835/625/1745 850/638/1760
f 838/627/1748 841/33/1833 840/629/1851
f 840/629/1851 839/628/1749 838/627/1748
f 840/629/1851 857/645/1852 854/642/1853
f 854/642/1853 839/628/1749 840/629/1851
f 854/642/1853 853/641/1854 836/626/1746
f 836/626/1746 839/628/1749 854/642/1853
f 842/630/1752 831/31/1793 830/622/1855
f 830/622/1855 843/631/1753 842/630/1752
f 830/622/1855 845/633/1856 858/646/1768
f 858/646/1768 843/631/1753 830/622/1855
f 858/646/1768 857/645/1767 840/629/1750
f 840/629/1750 843/631/1753 858/646/1768
f 846/634/1756 849/637/1857 848/636/1858
f 848/636/1858 847/635/1757 846/634/1756
f 848/636/1858 870/670/1859 828/620/1860
f 828/620/1860 847/635/1757 848/636/1858
f 828/620/1860 827/619/1861 844/632/1754
f 844/632/1754 847/635/1757 828/620/1860
f 850/638/1760 853/641/1850 852/640/1862
f 852/640/1862 851/639/1761 850/638/1760
f 852/640/1862 872/672/1863 871/671/1864
f 871/671/1864 851/639/1761 852/640/1862
f 871/671/1864 870/670/1865 848/636/1758
f 848/636/1758 851/639/1761 871/671/1864
f 854/642/1764 857/645/1866 856/644/1867
f 856/644/1867 855/643/1765 854/642/1764
f 856/644/1867 874/674/1868 873/673/1869
f 873/673/1869 855/643/1765 856/644/1867
f 873/673/1869 872/672/1870 852/640/1762
f 852/640/1762 855/643/1765 873/673/1869
f 858/646/1768 845/633/1856 844/632/1871
f 844/632/1871 859/647/1769 858/646/1768
f 844/632/1871 827/619/1872 826/618/1873
f 826/618/1873 859/647/1769 844/632/1871
f 826/618/1873 874/674/1874 856/644/1766
f 856/644/1766 859/647/1769 826/618/1873
f 875/195/1875 876/196/1876 877/197/1877
f 877/197/1877 878/198/1878 875/195/1875
f 876/196/1876 879/199/1879 880/200/1880
f 880/200/1880 877/197/1877 876/196/1876
f 879/199/1879 881/201/1881 882/202/1882
f 882/202/1882 880/200/1880 879/199/1879
f 881/201/1881 883/203/1883 884/204/1884
f 884/204/1884 882/202/1882 881/201/1881
f 883/203/1883 885/205/1885 886/206/1886
f 886/206/1886 884/204/1884 883/203/1883
f 885/205/1885 887/207/1887 888/208/1888
f 888/208/1888 886/206/1886 885/205/1885
f 887/207/1887 889/209/1889 890/210/1890
f 890/210/1890 888/208/1888 887/207/1887
f 889/209/1889 891/211/1891 892/212/1892
f 892/212/1892 890/210/1890 889/209/1889
f 891/211/1891 893/213/1893 894/214/1894
f 894/214/1894 892/212/1892 891/211/1891
f 893/213/1893 895/215/1895 896/216/1896
f 896/216/1896 894/214/1894 893/213/1893
f 895/215/1895 897/217/1897 898/218/1898
f 898/218/1898 896/216/1896 895/215/1895
f 897/217/1897 899/219/1899 900/220/1900
f 900/220/1900 898/218/1898 897/217/1897
f 899/219/1899 901/221/1901 902/222/1902
f 902/222/1902 900/220/1900 899/219/1899
f 901/221/1901 903/223/1903 904/224/1904
f 904/224/1904 902/222/1902 901/221/1901
f 903/223/1903 905/225/1905 906/226/1906
f 906/226/1906 904/224/1904 903/223/1903
f 905/225/1905 875/227/1875 878/228/1878
f 878/228/1878 906/226/1906 905/225/1905
f 876/196/1907 875/195/1908 907/123/1909
f 879/199/1910 876/196/1907 907/123/1909
f 881/201/1911 879/199/1910 907/123/1909
f 883/203/1912 881/201/1911 907/123/1909
f 885/205/1913 883/203/1912 907/123/1909
f 887/207/1914 885/205/1913 907/123/1909
f 889/209/1915 887/207/1914 907/123/1909
f 891/211/1916 889/209/1915 907/123/1909
f 893/213/1917 891/211/1916 907/123/1909
f 895/215/1918 893/213/1917 907/123/1909
f 897/217/1919 895/215/1918 907/123/1909
f 899/219/1920 897/217/1919 907/123/1909
f 901/221/1921 899/219/1920 907/123/1909
f 903/223/1922 901/221/1921 907/123/1909
f 905/225/1923 903/223/1922 907/123/1909
f 875/227/1908 905/225/1923 907/123/1909
f 878/198/1924 877/197/1925 908/229/1926
f 877/197/1925 880/200/1927 908/229/1926
f 880/200/1927 882/202/1928 908/229/1926
f 882/202/1928 884/204/1929 908/229/1926
f 884/204/1929 886/206/1930 908/229/1926
f 886/206/1930 888/208/1931 908/229/1926
f 888/208/1931 890/210/1932 908/229/1926
f 890/210/1932 892/212/1933 908/229/1926
f 892/212/1933 894/214/1934 908/229/1926
f 894/214/1934 896/216/1935 908/229/1926
f 896/216/1935 898/218/1936 908/229/1926
f 898/218/1936 900/220/1937 908/229/1926
f 900/220/1937 902/222/1938 908/229/1926
f 902/222/1938 904/224/1939 908/229/1926
f 904/224/1939 906/226/1940 908/229/1926
f 906/226/1940 878/228/1924 908/229/1926
f 909/588/1941 910/589/1942 911/590/1943
f 911/590/1943 912/591/1944 909/588/1941
f 913/592/1945 914/593/1946 915/594/1947
f 915/594/1947 916/595/1948 913/592/1945
f 917/596/1949 918/597/1950 919/521/1951
f 919/521/1951 920/598/1952 917/596/1949
f 921/599/1953 922/600/1954 911/601/1955
f 911/601/1955 923/602/1956 921/599/1953
f 924/182/1957 925/21/1958 926/457/1959
f 926/457/1959 927/603/1960 924/182/1957
f 928/604/1961 929/66/1962 930/121/1963
f 930/121/1963 931/605/1964 928/604/1961
f 932/606/1965 910/607/1966 909/608/1967
f 909/608/1967 933/609/1968 932/606/1965
f 934/610/1969 935/611/1970 936/612/1971
f 936/612/1971 937/613/1972 934/610/1969
f 938/614/1973 939/615/1974 940/616/1975
f 940/616/1975 941/617/1976 938/614/1973
f 942/618/1977 943/619/1978 944/620/1979
f 944/620/1979 945/621/1980 942/618/1977
f 946/622/1981 947/31/1982 948/123/1983
f 948/123/1983 949/623/1984 946/622/1981
f 950/624/1985 929/66/1962 928/604/1961
f 928/604/1961 951/625/1986 950/624/1985
f 952/626/1987 953/65/1988 954/627/1989
f 954/627/1989 955/628/1990 952/626/1987
f 956/629/1991 957/33/1992 958/630/1993
f 958/630/1993 959/631/1994 956/629/1991
f 960/632/1995 961/633/1996 962/634/1997
f 962/634/1997 963/635/1998 960/632/1995
f 964/636/1999 965/637/2000 966/638/2001
f 966/638/2001 967/639/2002 964/636/1999
f 968/640/2003 969/641/2004 970/642/2005
f 970/642/2005 971/643/2006 968/640/2003
f 972/644/2007 973/645/2008 974/646/2009
f 974/646/2009 975/647/2010 972/644/2007
f 911/590/1943 922/648/2011 976/649/2012
f 976/649/2012 912/591/1944 911/590/1943
f 976/649/2012 977/650/2013 915/594/2014
f 915/594/2014 912/591/1944 976/649/2012
f 915/594/2014 914/651/2015 909/588/1941
f 909/588/1941 912/591/1944 915/594/2014
f 915/594/1947 977/650/2016 940/652/2017
f 940/652/2017 916/595/1948 915/594/1947
f 940/652/2017 939/653/2018 919/521/2019
f 919/521/2019 916/595/1948 940/652/2017
f 919/521/2019 918/654/2020 913/592/1945
f 913/592/1945 916/595/1948 919/521/2019
f 919/521/1951 939/655/2021 938/656/2022
f 938/656/2022 920/598/1952 919/521/1951
f 938/656/2022 978/657/2023 936/658/2024
f 936/658/2024 920/598/1952 938/656/2022
f 936/658/2024 935/659/2025 917/596/1949
f 917/596/1949 920/598/1952 936/658/2024
f 911/601/1955 910/607/2026 932/606/2027
f 932/606/2027 923/602/1956 911/601/1955
f 932/606/2028 925/84/2029 924/660/2030
f 924/660/2030 923/602/2031 932/606/2028
f 924/660/2030 979/79/2032 921/599/2033
f 921/599/2033 923/602/2031 924/660/2030
f 926/457/1959 947/31/2034 958/630/1993
f 958/630/1993 927/603/1960 926/457/1959
f 958/630/1993 957/33/1992 980/503/2035
f 980/503/2035 927/603/1960 958/630/1993
f 980/503/2035 979/27/2036 924/182/1957
f 924/182/1957 927/603/1960 980/503/2035
f 930/121/1963 981/116/2037 982/179/2038
f 982/179/2038 931/605/1964 930/121/1963
f 982/179/2038 983/101/2039 984/104/2040
f 984/104/2040 931/605/1964 982/179/2038
f 984/104/2040 953/65/2041 928/604/1961
f 928/604/1961 931/605/1964 984/104/2040
f 909/608/1967 914/661/2042 913/662/2043
f 913/662/2043 933/609/1968 909/608/1967
f 913/662/2043 918/663/2044 917/664/2045
f 917/664/2045 933/609/1968 913/662/2043
f 917/664/2045 935/611/2046 934/610/2047
f 934/610/2047 933/609/1968 917/664/2045
f 934/610/2048 981/83/2049 930/92/2050
f 930/92/2050 933/609/2051 934/610/2048
f 930/92/2050 929/97/2052 948/485/2053
f 948/485/2053 933/609/2051 930/92/2050
f 948/485/2053 947/98/2054 926/450/2055
f 926/450/2055 933/609/2051 948/485/2053
f 926/450/2055 925/84/2056 932/606/2057
f 932/606/2057 933/609/2051 926/450/2055
f 936/612/1971 978/665/2058 985/666/2059
f 985/666/2059 937/613/1972 936/612/1971
f 985/666/2060 983/78/2061 982/667/2062
f 982/667/2062 937/613/2063 985/666/2060
f 982/667/2062 981/83/2064 934/610/2065
f 934/610/2065 937/613/2063 982/667/2062
f 940/616/1975 977/668/2066 976/669/2067
f 976/669/2067 941/617/1976 940/616/1975
f 976/669/2067 922/600/2068 921/599/2069
f 921/599/2069 941/617/1976 976/669/2067
f 921/599/2070 979/79/2071 980/440/2072
f 980/440/2072 941/617/2073 921/599/2070
f 980/440/2072 957/33/2074 954/627/1989
f 954/627/1989 941/617/2073 980/440/2072
f 954/627/1989 953/65/1988 984/73/2075
f 984/73/2075 941/617/2073 954/627/1989
f 984/73/2075 983/78/2076 985/666/2077
f 985/666/2077 941/617/2073 984/73/2075
f 985/666/2078 978/665/2079 938/614/1973
f 938/614/1973 941/617/1976 985/666/2078
f 944/620/1979 986/670/2080 987/671/2081
f 987/671/2081 945/621/1980 944/620/1979
f 987/671/2081 988/672/2082 989/673/2083
f 989/673/2083 945/621/1980 987/671/2081
f 989/673/2083 990/674/2084 942/618/1977
f 942/618/1977 945/621/1980 989/673/2083
f 948/123/1983 929/66/2085 950/624/2086
f 950/624/2086 949/623/1984 948/123/1983
f 950/624/2086 965/637/2087 962/634/2088
f 962/634/2088 949/623/1984 950/624/2086
f 962/634/2088 961/633/2089 946/622/1981
f 946/622/1981 949/623/1984 962/634/2088
f 928/604/1961 953/65/2041 952/626/2090
f 952/626/2090 951/625/1986 928/604/1961
f 952/626/2090 969/641/2091 966/638/2001
f 966/638/2001 951/625/1986 952/626/2090
f 966/638/2001 965/637/2000 950/624/1985
f 950/624/1985 951/625/1986 966/638/2001
f 954/627/1989 957/33/2074 956/629/2092
f 956/629/2092 955/628/1990 954/627/1989
f 956/629/2092 973/645/2093 970/642/2094
f 970/642/2094 955/628/1990 956/629/2092
f 970/642/2094 969/641/2095 952/626/1987
f 952/626/1987 955/628/1990 970/642/2094
f 958/630/1993 947/31/2034 946/622/2096
f 946/622/2096 959/631/1994 958/630/1993
f 946/622/2096 961/633/2097 974/646/2009
f 974/646/2009 959/631/1994 946/622/2096
f 974/646/2009 973/645/2008 956/629/1991
f 956/629/1991 959/631/1994 974/646/2009
f 962/634/1997 965/637/2098 964/636/2099
f 964/636/2099 963/635/1998 962/634/1997
f 964/636/2099 986/670/2100 944/620/2101
f 944/620/2101 963/635/1998 964/636/2099
f 944/620/2101 943/619/2102 960/632/1995
f 960/632/1995 963/635/1998 944/620/2101
f 966/638/2001 969/641/2091 968/640/2103
f 968/640/2103 967/639/2002 966/638/2001
f 968/640/2103 988/672/2104 987/671/2105
f 987/671/2105 967/639/2002 968/640/2103
f 987/671/2105 986/670/2106 964/636/1999
f 964/636/1999 967/639/2002 987/671/2105
f 970/642/2005 973/645/2107 972/644/2108
f 972/644/2108 971/643/2006 970/642/2005
f 972/644/2108 990/674/2109 989/673/2110
f 989/673/2110 971/643/2006 972/644/2108
f 989/673/2110 988/672/2111 968/640/2003
f 968/640/2003 971/643/2006 989/673/2110
f 974/646/2009 961/633/2097 960/632/2112
f 960/632/2112 975/647/2010 974/646/2009
f 960/632/2112 943/619/2113 942/618/2114
f 942/618/2114 975/647/2010 960/632/2112
f 942/618/2114 990/674/2115 972/644/2007
f 972/644/2007 975/647/2010 942/618/2114
